filepath,filename,extension,file_type,size_mb,mtime_utc,sha256,title,headset_type,headset_serial,eeg_sampling_rate_hz,sampling_rate_raw,eeg_electrode_count,eeg_electrode_channels,start_timestamp_unix,stop_timestamp_unix,duration_seconds,duration_minutes,samples_reported,columns,column_count,row_count,marker_count,marker_labels,marker_ports,record_id,export_app,export_time,user,contact_quality_channels,power_band_columns,motion_columns,activity_types,unique_participant_ids,first_session_utc,last_session_utc,inferred_role,confidence,parse_status
D:\Projects\Major-Project\Data\Emotive\BCI data\1\BCI data\imagination\imagination_subjct9_EPOCX_792323_2026.05.01T00.46.31+05.30.json,imagination_subjct9_EPOCX_792323_2026.05.01T00.46.31+05.30.json,.json,EMOTIV_JSON_METADATA,0.003,2026-08-14T15:26:46.016620+00:00,e46b9147cde6e813328af6682cd8969748a2798246574492d3a50da1f66c753e,,EPOCX,,,,,,,,,,,,,,4,Eyes Opened|Eyes Closed|Blink eye while relaxing,Baseline EmotivPRO|KeyStroke,9f6ee018-f6b3-40a9-8a2b-7dd0d977758d,com.emotiv.emotivpro,2026-05-03T16:29:06.343+05:30,bahubali-aiml,,,,,,,,EEG_METADATA,HIGH,OK
D:\Projects\Major-Project\Data\Emotive\BCI data\1\BCI data\imagination\imagination_subjct9_EPOCX_792323_2026.05.01T00.46.31+05.30.md.csv,imagination_subjct9_EPOCX_792323_2026.05.01T00.46.31+05.30.md.csv,.csv,EMOTIV_EEG_CSV,14.546,2026-08-14T15:26:46.482887+00:00,a9c41ccb0b6a6d35b38598bf36e92802ca6310e857431d4641d543f46960593a,imagination_subjct9,EPOCX,E50210EA,128,eeg_128;mot_64,14,EEG.AF3|EEG.F7|EEG.F3|EEG.FC5|EEG.T7|EEG.P7|EEG.O1|EEG.O2|EEG.P8|EEG.T8|EEG.FC6|EEG.F4|EEG.F8|EEG.AF4,1777576591.673957,1777576836.978952,245.305,4.09,31417,Timestamp|OriginalTimestamp|EEG.Counter|EEG.Interpolated|EEG.AF3|EEG.F7|EEG.F3|EEG.FC5|EEG.T7|EEG.P7|EEG.O1|EEG.O2|EEG.P8|EEG.T8|EEG.FC6|EEG.F4|EEG.F8|EEG.AF4|EEG.RawCq|EEG.Battery|EEG.BatteryPercent|MarkerIndex|MarkerType|MarkerValueInt|EEG.MarkerHardware|CQ.AF3|CQ.F7|CQ.F3|CQ.FC5|CQ.T7|CQ.P7|CQ.O1|CQ.O2|CQ.P8|CQ.T8|CQ.FC6|CQ.F4|CQ.F8|CQ.AF4|CQ.Overall|EQ.SampleRateQuality|EQ.OVERALL|EQ.AF3|EQ.F7|EQ.F3|EQ.FC5|EQ.T7|EQ.P7|EQ.O1|EQ.O2|EQ.P8|EQ.T8|EQ.FC6|EQ.F4|EQ.F8|EQ.AF4|MOT.CounterMems|MOT.InterpolatedMems|MOT.Q0|MOT.Q1|MOT.Q2|MOT.Q3|MOT.AccX|MOT.AccY|MOT.AccZ|MOT.MagX|MOT.MagY|MOT.MagZ,68,,,,,,,,,CQ.AF3|CQ.F7|CQ.F3|CQ.FC5|CQ.T7|CQ.P7|CQ.O1|CQ.O2|CQ.P8|CQ.T8|CQ.FC6|CQ.F4|CQ.F8|CQ.AF4|CQ.Overall,0,MOT.CounterMems|MOT.InterpolatedMems|MOT.Q0|MOT.Q1|MOT.Q2|MOT.Q3|MOT.AccX|MOT.AccY|MOT.AccZ|MOT.MagX|MOT.MagY|MOT.MagZ,,,,,EEG_PRIMARY,HIGH,OK
D:\Projects\Major-Project\Data\Emotive\BCI data\1\BCI data\imagination\imagination_subjct9_EPOCX_792323_2026.05.01T00.46.31+05.30_intervalMarker.csv,imagination_subjct9_EPOCX_792323_2026.05.01T00.46.31+05.30_intervalMarker.csv,.csv,EMOTIV_INTERVAL_MARKER_CSV,0.0,2026-08-14T15:26:45.733861+00:00,edc792dfe0bbf27b009e84feec46aa7efece7880cdd6172901432cee0d17bf5d,,,,,,,,,,,,,latency|duration|type|marker_value|key|timestamp|marker_id,,4,,Eyes_Closed|Blink_eye_while_relaxing|Eyes_Opened,,,,,,,,,,,,,EVENT_MARKER,HIGH,OK
D:\Projects\Major-Project\Data\Emotive\BCI data\1\BCI data\imagination\imagination_subject10_EPOCX_793790_2026.05.03T15.13.59+05.30.json,imagination_subject10_EPOCX_793790_2026.05.03T15.13.59+05.30.json,.json,EMOTIV_JSON_METADATA,0.003,2026-08-14T15:26:45.672845+00:00,4e4fa5958632a259b575bf30ba019f2dfe5e43bc8bdf5fc3e4748faad10d9365,,EPOCX,,,,,,,,,,,,,,4,Eyes Opened|Eyes Closed|Blink eye while relaxing,Baseline EmotivPRO|KeyStroke,044e90b6-9766-403d-a533-58aa0e184d27,com.emotiv.emotivpro,2026-05-03T16:29:13.047+05:30,bahubali-aiml,,,,,,,,EEG_METADATA,HIGH,OK
D:\Projects\Major-Project\Data\Emotive\BCI data\1\BCI data\imagination\imagination_subject10_EPOCX_793790_2026.05.03T15.13.59+05.30.md.csv,imagination_subject10_EPOCX_793790_2026.05.03T15.13.59+05.30.md.csv,.csv,EMOTIV_EEG_CSV,13.908,2026-08-14T15:26:46.716905+00:00,fa0df1434c25241773e017a4ce907808239bef1a76396515f6fbd8e032354cc8,imagination_subject10,EPOCX,E50210EA,128,eeg_128;mot_64,14,EEG.AF3|EEG.F7|EEG.F3|EEG.FC5|EEG.T7|EEG.P7|EEG.O1|EEG.O2|EEG.P8|EEG.T8|EEG.FC6|EEG.F4|EEG.F8|EEG.AF4,1777801439.158474,1777801673.656665,234.498,3.91,30033,Timestamp|OriginalTimestamp|EEG.Counter|EEG.Interpolated|EEG.AF3|EEG.F7|EEG.F3|EEG.FC5|EEG.T7|EEG.P7|EEG.O1|EEG.O2|EEG.P8|EEG.T8|EEG.FC6|EEG.F4|EEG.F8|EEG.AF4|EEG.RawCq|EEG.Battery|EEG.BatteryPercent|MarkerIndex|MarkerType|MarkerValueInt|EEG.MarkerHardware|CQ.AF3|CQ.F7|CQ.F3|CQ.FC5|CQ.T7|CQ.P7|CQ.O1|CQ.O2|CQ.P8|CQ.T8|CQ.FC6|CQ.F4|CQ.F8|CQ.AF4|CQ.Overall|EQ.SampleRateQuality|EQ.OVERALL|EQ.AF3|EQ.F7|EQ.F3|EQ.FC5|EQ.T7|EQ.P7|EQ.O1|EQ.O2|EQ.P8|EQ.T8|EQ.FC6|EQ.F4|EQ.F8|EQ.AF4|MOT.CounterMems|MOT.InterpolatedMems|MOT.Q0|MOT.Q1|MOT.Q2|MOT.Q3|MOT.AccX|MOT.AccY|MOT.AccZ|MOT.MagX|MOT.MagY|MOT.MagZ,68,,,,,,,,,CQ.AF3|CQ.F7|CQ.F3|CQ.FC5|CQ.T7|CQ.P7|CQ.O1|CQ.O2|CQ.P8|CQ.T8|CQ.FC6|CQ.F4|CQ.F8|CQ.AF4|CQ.Overall,0,MOT.CounterMems|MOT.InterpolatedMems|MOT.Q0|MOT.Q1|MOT.Q2|MOT.Q3|MOT.AccX|MOT.AccY|MOT.AccZ|MOT.MagX|MOT.MagY|MOT.MagZ,,,,,EEG_PRIMARY,HIGH,OK
D:\Projects\Major-Project\Data\Emotive\BCI data\1\BCI data\imagination\imagination_subject10_EPOCX_793790_2026.05.03T15.13.59+05.30_intervalMarker.csv,imagination_subject10_EPOCX_793790_2026.05.03T15.13.59+05.30_intervalMarker.csv,.csv,EMOTIV_INTERVAL_MARKER_CSV,0.0,2026-08-14T15:26:45.986624+00:00,88d5ce69f98d00ce3cf897c54d4949024c71398b2e336174e379ac08d192686e,,,,,,,,,,,,,latency|duration|type|marker_value|key|timestamp|marker_id,,4,,Eyes_Closed|Blink_eye_while_relaxing|Eyes_Opened,,,,,,,,,,,,,EVENT_MARKER,HIGH,OK
D:\Projects\Major-Project\Data\Emotive\BCI data\1\BCI data\imagination\imagination_subject11_EPOCX_793791_2026.05.03T15.28.45+05.30.json,imagination_subject11_EPOCX_793791_2026.05.03T15.28.45+05.30.json,.json,EMOTIV_JSON_METADATA,0.003,2026-08-14T15:26:45.916069+00:00,c339ae08cf6de71a0a70f1e7abe828f5c290a770aab3ca17eae2d965ca493940,,EPOCX,,,,,,,,,,,,,,4,Eyes Opened|Eyes Closed|Blink eye while relaxing,Baseline EmotivPRO|KeyStroke,641b1a6b-d75d-4921-9e08-5ad1848d91fe,com.emotiv.emotivpro,2026-05-03T16:29:22.128+05:30,bahubali-aiml,,,,,,,,EEG_METADATA,HIGH,OK
D:\Projects\Major-Project\Data\Emotive\BCI data\1\BCI data\imagination\imagination_subject11_EPOCX_793791_2026.05.03T15.28.45+05.30.md.csv,imagination_subject11_EPOCX_793791_2026.05.03T15.28.45+05.30.md.csv,.csv,EMOTIV_EEG_CSV,13.902,2026-08-14T15:26:47.311605+00:00,1e3ba0ea65aac1dafea14df86905842cd9f502854ccb40df85075f15f33f1f95,imagination_subject11,EPOCX,E50210EA,128,eeg_128;mot_64,14,EEG.AF3|EEG.F7|EEG.F3|EEG.FC5|EEG.T7|EEG.P7|EEG.O1|EEG.O2|EEG.P8|EEG.T8|EEG.FC6|EEG.F4|EEG.F8|EEG.AF4,1777802325.804964,1777802560.365899,234.561,3.91,30041,Timestamp|OriginalTimestamp|EEG.Counter|EEG.Interpolated|EEG.AF3|EEG.F7|EEG.F3|EEG.FC5|EEG.T7|EEG.P7|EEG.O1|EEG.O2|EEG.P8|EEG.T8|EEG.FC6|EEG.F4|EEG.F8|EEG.AF4|EEG.RawCq|EEG.Battery|EEG.BatteryPercent|MarkerIndex|MarkerType|MarkerValueInt|EEG.MarkerHardware|CQ.AF3|CQ.F7|CQ.F3|CQ.FC5|CQ.T7|CQ.P7|CQ.O1|CQ.O2|CQ.P8|CQ.T8|CQ.FC6|CQ.F4|CQ.F8|CQ.AF4|CQ.Overall|EQ.SampleRateQuality|EQ.OVERALL|EQ.AF3|EQ.F7|EQ.F3|EQ.FC5|EQ.T7|EQ.P7|EQ.O1|EQ.O2|EQ.P8|EQ.T8|EQ.FC6|EQ.F4|EQ.F8|EQ.AF4|MOT.CounterMems|MOT.InterpolatedMems|MOT.Q0|MOT.Q1|MOT.Q2|MOT.Q3|MOT.AccX|MOT.AccY|MOT.AccZ|MOT.MagX|MOT.MagY|MOT.MagZ,68,,,,,,,,,CQ.AF3|CQ.F7|CQ.F3|CQ.FC5|CQ.T7|CQ.P7|CQ.O1|CQ.O2|CQ.P8|CQ.T8|CQ.FC6|CQ.F4|CQ.F8|CQ.AF4|CQ.Overall,0,MOT.CounterMems|MOT.InterpolatedMems|MOT.Q0|MOT.Q1|MOT.Q2|MOT.Q3|MOT.AccX|MOT.AccY|MOT.AccZ|MOT.MagX|MOT.MagY|MOT.MagZ,,,,,EEG_PRIMARY,HIGH,OK
D:\Projects\Major-Project\Data\Emotive\BCI data\1\BCI data\imagination\imagination_subject11_EPOCX_793791_2026.05.03T15.28.45+05.30_intervalMarker.csv,imagination_subject11_EPOCX_793791_2026.05.03T15.28.45+05.30_intervalMarker.csv,.csv,EMOTIV_INTERVAL_MARKER_CSV,0.0,2026-08-14T15:26:45.643315+00:00,e1c7292cb8856c1cc0ee66274395e0d9c7ed10005c89ef15db3a0c213a41dac3,,,,,,,,,,,,,latency|duration|type|marker_value|key|timestamp|marker_id,,4,,Eyes_Closed|Blink_eye_while_relaxing|Eyes_Opened,,,,,,,,,,,,,EVENT_MARKER,HIGH,OK
D:\Projects\Major-Project\Data\Emotive\BCI data\1\BCI data\imagination\imagination_subject1_EPOCX_792159_2026.04.30T22.31.20+05.30.json,imagination_subject1_EPOCX_792159_2026.04.30T22.31.20+05.30.json,.json,EMOTIV_JSON_METADATA,0.003,2026-08-14T15:26:46.045627+00:00,fb836d521b9fc7b260227b606b091ce0edd4411501375c1f2fdccdf6c3519d0d,,EPOCX,,,,,,,,,,,,,,4,Eyes Opened|Eyes Closed|Blink eye while relaxing,Baseline EmotivPRO|KeyStroke,d906d491-5caa-4787-84d4-d178d83ab5db,com.emotiv.emotivpro,2026-05-03T16:28:08.865+05:30,bahubali-aiml,,,,,,,,EEG_METADATA,HIGH,OK
D:\Projects\Major-Project\Data\Emotive\BCI data\1\BCI data\imagination\imagination_subject1_EPOCX_792159_2026.04.30T22.31.20+05.30.md.csv,imagination_subject1_EPOCX_792159_2026.04.30T22.31.20+05.30.md.csv,.csv,EMOTIV_EEG_CSV,14.309,2026-08-14T15:26:48.042898+00:00,fab8df221d4551c896bb9cbe1977c3a9e44032d648244ffda51018e40228340b,imagination_subject1,EPOCX,E50210EA,128,eeg_128;mot_64,14,EEG.AF3|EEG.F7|EEG.F3|EEG.FC5|EEG.T7|EEG.P7|EEG.O1|EEG.O2|EEG.P8|EEG.T8|EEG.FC6|EEG.F4|EEG.F8|EEG.AF4,1777568480.64416,1777568722.388727,241.745,4.03,30961,Timestamp|OriginalTimestamp|EEG.Counter|EEG.Interpolated|EEG.AF3|EEG.F7|EEG.F3|EEG.FC5|EEG.T7|EEG.P7|EEG.O1|EEG.O2|EEG.P8|EEG.T8|EEG.FC6|EEG.F4|EEG.F8|EEG.AF4|EEG.RawCq|EEG.Battery|EEG.BatteryPercent|MarkerIndex|MarkerType|MarkerValueInt|EEG.MarkerHardware|CQ.AF3|CQ.F7|CQ.F3|CQ.FC5|CQ.T7|CQ.P7|CQ.O1|CQ.O2|CQ.P8|CQ.T8|CQ.FC6|CQ.F4|CQ.F8|CQ.AF4|CQ.Overall|EQ.SampleRateQuality|EQ.OVERALL|EQ.AF3|EQ.F7|EQ.F3|EQ.FC5|EQ.T7|EQ.P7|EQ.O1|EQ.O2|EQ.P8|EQ.T8|EQ.FC6|EQ.F4|EQ.F8|EQ.AF4|MOT.CounterMems|MOT.InterpolatedMems|MOT.Q0|MOT.Q1|MOT.Q2|MOT.Q3|MOT.AccX|MOT.AccY|MOT.AccZ|MOT.MagX|MOT.MagY|MOT.MagZ,68,,,,,,,,,CQ.AF3|CQ.F7|CQ.F3|CQ.FC5|CQ.T7|CQ.P7|CQ.O1|CQ.O2|CQ.P8|CQ.T8|CQ.FC6|CQ.F4|CQ.F8|CQ.AF4|CQ.Overall,0,MOT.CounterMems|MOT.InterpolatedMems|MOT.Q0|MOT.Q1|MOT.Q2|MOT.Q3|MOT.AccX|MOT.AccY|MOT.AccZ|MOT.MagX|MOT.MagY|MOT.MagZ,,,,,EEG_PRIMARY,HIGH,OK
D:\Projects\Major-Project\Data\Emotive\BCI data\1\BCI data\imagination\imagination_subject1_EPOCX_792159_2026.04.30T22.31.20+05.30_intervalMarker.csv,imagination_subject1_EPOCX_792159_2026.04.30T22.31.20+05.30_intervalMarker.csv,.csv,EMOTIV_INTERVAL_MARKER_CSV,0.0,2026-08-14T15:26:48.264286+00:00,77cbcf70fe382b0f5d677ab3f5b7c159c84cb341791769f4244bc8887cce41b5,,,,,,,,,,,,,latency|duration|type|marker_value|key|timestamp|marker_id,,4,,Eyes_Closed|Blink_eye_while_relaxing|Eyes_Opened,,,,,,,,,,,,,EVENT_MARKER,HIGH,OK
D:\Projects\Major-Project\Data\Emotive\BCI data\1\BCI data\imagination\imagination_subject3_EPOCX_792162_2026.04.30T23.21.18+05.30.json,imagination_subject3_EPOCX_792162_2026.04.30T23.21.18+05.30.json,.json,EMOTIV_JSON_METADATA,0.003,2026-08-14T15:26:45.702862+00:00,3c627284a89983d54c2717209150c8bb203f31e0f949e197fad3632c1ba11a93,,EPOCX,,,,,,,,,,,,,,4,Eyes Opened|Eyes Closed|Blink eye while relaxing,Baseline EmotivPRO|KeyStroke,bfd65de4-e697-442d-ac3e-9759d85585e1,com.emotiv.emotivpro,2026-05-03T16:28:25.328+05:30,bahubali-aiml,,,,,,,,EEG_METADATA,HIGH,OK
D:\Projects\Major-Project\Data\Emotive\BCI data\1\BCI data\imagination\imagination_subject3_EPOCX_792162_2026.04.30T23.21.18+05.30.md.csv,imagination_subject3_EPOCX_792162_2026.04.30T23.21.18+05.30.md.csv,.csv,EMOTIV_EEG_CSV,14.615,2026-08-14T15:26:47.134221+00:00,e5ef4bfb8e1ca1962c6390510ae50b79c2fb089cad5d170f21e12ce56a146fd5,imagination_subject3,EPOCX,E50210EA,128,eeg_128;mot_64,14,EEG.AF3|EEG.F7|EEG.F3|EEG.FC5|EEG.T7|EEG.P7|EEG.O1|EEG.O2|EEG.P8|EEG.T8|EEG.FC6|EEG.F4|EEG.F8|EEG.AF4,1777571478.873414,1777571725.583602,246.71,4.11,31597,Timestamp|OriginalTimestamp|EEG.Counter|EEG.Interpolated|EEG.AF3|EEG.F7|EEG.F3|EEG.FC5|EEG.T7|EEG.P7|EEG.O1|EEG.O2|EEG.P8|EEG.T8|EEG.FC6|EEG.F4|EEG.F8|EEG.AF4|EEG.RawCq|EEG.Battery|EEG.BatteryPercent|MarkerIndex|MarkerType|MarkerValueInt|EEG.MarkerHardware|CQ.AF3|CQ.F7|CQ.F3|CQ.FC5|CQ.T7|CQ.P7|CQ.O1|CQ.O2|CQ.P8|CQ.T8|CQ.FC6|CQ.F4|CQ.F8|CQ.AF4|CQ.Overall|EQ.SampleRateQuality|EQ.OVERALL|EQ.AF3|EQ.F7|EQ.F3|EQ.FC5|EQ.T7|EQ.P7|EQ.O1|EQ.O2|EQ.P8|EQ.T8|EQ.FC6|EQ.F4|EQ.F8|EQ.AF4|MOT.CounterMems|MOT.InterpolatedMems|MOT.Q0|MOT.Q1|MOT.Q2|MOT.Q3|MOT.AccX|MOT.AccY|MOT.AccZ|MOT.MagX|MOT.MagY|MOT.MagZ,68,,,,,,,,,CQ.AF3|CQ.F7|CQ.F3|CQ.FC5|CQ.T7|CQ.P7|CQ.O1|CQ.O2|CQ.P8|CQ.T8|CQ.FC6|CQ.F4|CQ.F8|CQ.AF4|CQ.Overall,0,MOT.CounterMems|MOT.InterpolatedMems|MOT.Q0|MOT.Q1|MOT.Q2|MOT.Q3|MOT.AccX|MOT.AccY|MOT.AccZ|MOT.MagX|MOT.MagY|MOT.MagZ,,,,,EEG_PRIMARY,HIGH,OK
D:\Projects\Major-Project\Data\Emotive\BCI data\1\BCI data\imagination\imagination_subject3_EPOCX_792162_2026.04.30T23.21.18+05.30_intervalMarker.csv,imagination_subject3_EPOCX_792162_2026.04.30T23.21.18+05.30_intervalMarker.csv,.csv,EMOTIV_INTERVAL_MARKER_CSV,0.0,2026-08-14T15:26:46.305241+00:00,df4356f513d14bce39c6141e8f2b55e5db241d931e0a506622fca860078dc6c6,,,,,,,,,,,,,latency|duration|type|marker_value|key|timestamp|marker_id,,4,,Eyes_Closed|Blink_eye_while_relaxing|Eyes_Opened,,,,,,,,,,,,,EVENT_MARKER,HIGH,OK
D:\Projects\Major-Project\Data\Emotive\BCI data\1\BCI data\imagination\imagination_subject4_EPOCX_792191_2026.04.30T23.38.10+05.30.json,imagination_subject4_EPOCX_792191_2026.04.30T23.38.10+05.30.json,.json,EMOTIV_JSON_METADATA,0.003,2026-08-14T15:26:45.809405+00:00,7927cadade3e67eaac8e88df78822cc48fe4d569996ab563d4202a557b782928,,EPOCX,,,,,,,,,,,,,,4,Eyes Opened|Eyes Closed|Blink eye while relaxing,Baseline EmotivPRO|KeyStroke,d52ce336-7019-4a90-8591-b9d01f8e2789,com.emotiv.emotivpro,2026-05-03T16:28:35.129+05:30,bahubali-aiml,,,,,,,,EEG_METADATA,HIGH,OK
D:\Projects\Major-Project\Data\Emotive\BCI data\1\BCI data\imagination\imagination_subject4_EPOCX_792191_2026.04.30T23.38.10+05.30.md.csv,imagination_subject4_EPOCX_792191_2026.04.30T23.38.10+05.30.md.csv,.csv,EMOTIV_EEG_CSV,14.605,2026-08-14T15:26:48.232220+00:00,06c4abd49796c8c600c03fcf48b789cc4f9dd1ef6f06c4899ed59c27f5dfab26,imagination_subject4,EPOCX,E50210EA,128,eeg_128;mot_64,14,EEG.AF3|EEG.F7|EEG.F3|EEG.FC5|EEG.T7|EEG.P7|EEG.O1|EEG.O2|EEG.P8|EEG.T8|EEG.FC6|EEG.F4|EEG.F8|EEG.AF4,1777572490.919957,1777572737.786494,246.867,4.11,31617,Timestamp|OriginalTimestamp|EEG.Counter|EEG.Interpolated|EEG.AF3|EEG.F7|EEG.F3|EEG.FC5|EEG.T7|EEG.P7|EEG.O1|EEG.O2|EEG.P8|EEG.T8|EEG.FC6|EEG.F4|EEG.F8|EEG.AF4|EEG.RawCq|EEG.Battery|EEG.BatteryPercent|MarkerIndex|MarkerType|MarkerValueInt|EEG.MarkerHardware|CQ.AF3|CQ.F7|CQ.F3|CQ.FC5|CQ.T7|CQ.P7|CQ.O1|CQ.O2|CQ.P8|CQ.T8|CQ.FC6|CQ.F4|CQ.F8|CQ.AF4|CQ.Overall|EQ.SampleRateQuality|EQ.OVERALL|EQ.AF3|EQ.F7|EQ.F3|EQ.FC5|EQ.T7|EQ.P7|EQ.O1|EQ.O2|EQ.P8|EQ.T8|EQ.FC6|EQ.F4|EQ.F8|EQ.AF4|MOT.CounterMems|MOT.InterpolatedMems|MOT.Q0|MOT.Q1|MOT.Q2|MOT.Q3|MOT.AccX|MOT.AccY|MOT.AccZ|MOT.MagX|MOT.MagY|MOT.MagZ,68,,,,,,,,,CQ.AF3|CQ.F7|CQ.F3|CQ.FC5|CQ.T7|CQ.P7|CQ.O1|CQ.O2|CQ.P8|CQ.T8|CQ.FC6|CQ.F4|CQ.F8|CQ.AF4|CQ.Overall,0,MOT.CounterMems|MOT.InterpolatedMems|MOT.Q0|MOT.Q1|MOT.Q2|MOT.Q3|MOT.AccX|MOT.AccY|MOT.AccZ|MOT.MagX|MOT.MagY|MOT.MagZ,,,,,EEG_PRIMARY,HIGH,OK
D:\Projects\Major-Project\Data\Emotive\BCI data\1\BCI data\imagination\imagination_subject4_EPOCX_792191_2026.04.30T23.38.10+05.30_intervalMarker.csv,imagination_subject4_EPOCX_792191_2026.04.30T23.38.10+05.30_intervalMarker.csv,.csv,EMOTIV_INTERVAL_MARKER_CSV,0.0,2026-08-14T15:26:46.930158+00:00,d9509dc45a53fdd4f055b45dc1c819d3f0c724a36b619e6f2784930a22069cf4,,,,,,,,,,,,,latency|duration|type|marker_value|key|timestamp|marker_id,,4,,Eyes_Closed|Blink_eye_while_relaxing|Eyes_Opened,,,,,,,,,,,,,EVENT_MARKER,HIGH,OK
D:\Projects\Major-Project\Data\Emotive\BCI data\1\BCI data\imagination\imagination_subject7_EPOCX_792230_2026.05.01T00.10.41+05.30.json,imagination_subject7_EPOCX_792230_2026.05.01T00.10.41+05.30.json,.json,EMOTIV_JSON_METADATA,0.003,2026-08-14T15:26:46.957158+00:00,0df53f3bc7cc428636efb570697dcca543d0eb0a3bd87780688e936c661e2357,,EPOCX,,,,,,,,,,,,,,4,Eyes Opened|Eyes Closed|Blink eye while relaxing,Baseline EmotivPRO|KeyStroke,c6f5526f-0bb1-42ae-bd35-eb2b77088bd8,com.emotiv.emotivpro,2026-05-03T16:28:51.597+05:30,bahubali-aiml,,,,,,,,EEG_METADATA,HIGH,OK
D:\Projects\Major-Project\Data\Emotive\BCI data\1\BCI data\imagination\imagination_subject7_EPOCX_792230_2026.05.01T00.10.41+05.30.md.csv,imagination_subject7_EPOCX_792230_2026.05.01T00.10.41+05.30.md.csv,.csv,EMOTIV_EEG_CSV,14.901,2026-08-14T15:26:46.901488+00:00,248b2462fff54f666f7901c90ed6fe976718f526f6571439898101648492dc5a,imagination_subject7,EPOCX,E50210EA,128,eeg_128;mot_64,14,EEG.AF3|EEG.F7|EEG.F3|EEG.FC5|EEG.T7|EEG.P7|EEG.O1|EEG.O2|EEG.P8|EEG.T8|EEG.FC6|EEG.F4|EEG.F8|EEG.AF4,1777574441.554155,1777574692.730983,251.177,4.19,32169,Timestamp|OriginalTimestamp|EEG.Counter|EEG.Interpolated|EEG.AF3|EEG.F7|EEG.F3|EEG.FC5|EEG.T7|EEG.P7|EEG.O1|EEG.O2|EEG.P8|EEG.T8|EEG.FC6|EEG.F4|EEG.F8|EEG.AF4|EEG.RawCq|EEG.Battery|EEG.BatteryPercent|MarkerIndex|MarkerType|MarkerValueInt|EEG.MarkerHardware|CQ.AF3|CQ.F7|CQ.F3|CQ.FC5|CQ.T7|CQ.P7|CQ.O1|CQ.O2|CQ.P8|CQ.T8|CQ.FC6|CQ.F4|CQ.F8|CQ.AF4|CQ.Overall|EQ.SampleRateQuality|EQ.OVERALL|EQ.AF3|EQ.F7|EQ.F3|EQ.FC5|EQ.T7|EQ.P7|EQ.O1|EQ.O2|EQ.P8|EQ.T8|EQ.FC6|EQ.F4|EQ.F8|EQ.AF4|MOT.CounterMems|MOT.InterpolatedMems|MOT.Q0|MOT.Q1|MOT.Q2|MOT.Q3|MOT.AccX|MOT.AccY|MOT.AccZ|MOT.MagX|MOT.MagY|MOT.MagZ,68,,,,,,,,,CQ.AF3|CQ.F7|CQ.F3|CQ.FC5|CQ.T7|CQ.P7|CQ.O1|CQ.O2|CQ.P8|CQ.T8|CQ.FC6|CQ.F4|CQ.F8|CQ.AF4|CQ.Overall,0,MOT.CounterMems|MOT.InterpolatedMems|MOT.Q0|MOT.Q1|MOT.Q2|MOT.Q3|MOT.AccX|MOT.AccY|MOT.AccZ|MOT.MagX|MOT.MagY|MOT.MagZ,,,,,EEG_PRIMARY,HIGH,OK
D:\Projects\Major-Project\Data\Emotive\BCI data\1\BCI data\imagination\imagination_subject7_EPOCX_792230_2026.05.01T00.10.41+05.30_intervalMarker.csv,imagination_subject7_EPOCX_792230_2026.05.01T00.10.41+05.30_intervalMarker.csv,.csv,EMOTIV_INTERVAL_MARKER_CSV,0.0,2026-08-14T15:26:45.874863+00:00,529fa176abd855e6b14a418c49f2bd8d7452f28c1b14f950bf6115956a890e7f,,,,,,,,,,,,,latency|duration|type|marker_value|key|timestamp|marker_id,,4,,Eyes_Closed|Blink_eye_while_relaxing|Eyes_Opened,,,,,,,,,,,,,EVENT_MARKER,HIGH,OK
D:\Projects\Major-Project\Data\Emotive\BCI data\1\BCI data\imagination\imagination_subject8_EPOCX_792257_2026.05.01T00.32.34+05.30.json,imagination_subject8_EPOCX_792257_2026.05.01T00.32.34+05.30.json,.json,EMOTIV_JSON_METADATA,0.003,2026-08-14T15:26:45.951066+00:00,14f0d3ef52038817a458f059d5ceb0843213106c8dc7b145ef04528d4a3b39e8,,EPOCX,,,,,,,,,,,,,,4,Eyes Opened|Eyes Closed|Blink eye while relaxing,Baseline EmotivPRO|KeyStroke,2e30bad2-e698-4638-8026-45f3d9751c3e,com.emotiv.emotivpro,2026-05-03T16:28:59.287+05:30,bahubali-aiml,,,,,,,,EEG_METADATA,HIGH,OK
D:\Projects\Major-Project\Data\Emotive\BCI data\1\BCI data\imagination\imagination_subject8_EPOCX_792257_2026.05.01T00.32.34+05.30.md.csv,imagination_subject8_EPOCX_792257_2026.05.01T00.32.34+05.30.md.csv,.csv,EMOTIV_EEG_CSV,14.034,2026-08-14T15:26:46.275241+00:00,adf204ea9118f0a7e34f1e45747243c5c269c6b61c3477c7fe11b58e0880e96f,imagination_subject8,EPOCX,E50210EA,128,eeg_128;mot_64,14,EEG.AF3|EEG.F7|EEG.F3|EEG.FC5|EEG.T7|EEG.P7|EEG.O1|EEG.O2|EEG.P8|EEG.T8|EEG.FC6|EEG.F4|EEG.F8|EEG.AF4,1777575754.001356,1777575992.497518,238.496,3.97,30545,Timestamp|OriginalTimestamp|EEG.Counter|EEG.Interpolated|EEG.AF3|EEG.F7|EEG.F3|EEG.FC5|EEG.T7|EEG.P7|EEG.O1|EEG.O2|EEG.P8|EEG.T8|EEG.FC6|EEG.F4|EEG.F8|EEG.AF4|EEG.RawCq|EEG.Battery|EEG.BatteryPercent|MarkerIndex|MarkerType|MarkerValueInt|EEG.MarkerHardware|CQ.AF3|CQ.F7|CQ.F3|CQ.FC5|CQ.T7|CQ.P7|CQ.O1|CQ.O2|CQ.P8|CQ.T8|CQ.FC6|CQ.F4|CQ.F8|CQ.AF4|CQ.Overall|EQ.SampleRateQuality|EQ.OVERALL|EQ.AF3|EQ.F7|EQ.F3|EQ.FC5|EQ.T7|EQ.P7|EQ.O1|EQ.O2|EQ.P8|EQ.T8|EQ.FC6|EQ.F4|EQ.F8|EQ.AF4|MOT.CounterMems|MOT.InterpolatedMems|MOT.Q0|MOT.Q1|MOT.Q2|MOT.Q3|MOT.AccX|MOT.AccY|MOT.AccZ|MOT.MagX|MOT.MagY|MOT.MagZ,68,,,,,,,,,CQ.AF3|CQ.F7|CQ.F3|CQ.FC5|CQ.T7|CQ.P7|CQ.O1|CQ.O2|CQ.P8|CQ.T8|CQ.FC6|CQ.F4|CQ.F8|CQ.AF4|CQ.Overall,0,MOT.CounterMems|MOT.InterpolatedMems|MOT.Q0|MOT.Q1|MOT.Q2|MOT.Q3|MOT.AccX|MOT.AccY|MOT.AccZ|MOT.MagX|MOT.MagY|MOT.MagZ,,,,,EEG_PRIMARY,HIGH,OK
D:\Projects\Major-Project\Data\Emotive\BCI data\1\BCI data\imagination\imagination_subject8_EPOCX_792257_2026.05.01T00.32.34+05.30_intervalMarker.csv,imagination_subject8_EPOCX_792257_2026.05.01T00.32.34+05.30_intervalMarker.csv,.csv,EMOTIV_INTERVAL_MARKER_CSV,0.0,2026-08-14T15:26:45.612317+00:00,88e9ffcd3588991d66e597127e1bd6c7a83498767c1f3d964b0f3a58952b538a,,,,,,,,,,,,,latency|duration|type|marker_value|key|timestamp|marker_id,,4,,Eyes_Closed|Blink_eye_while_relaxing|Eyes_Opened,,,,,,,,,,,,,EVENT_MARKER,HIGH,OK
D:\Projects\Major-Project\Data\Emotive\BCI data\1\BCI data\imagination\imagintion_subject6_EPOCX_792227_2026.04.30T23.54.11+05.30.json,imagintion_subject6_EPOCX_792227_2026.04.30T23.54.11+05.30.json,.json,EMOTIV_JSON_METADATA,0.003,2026-08-14T15:26:46.508879+00:00,0f74c7ec78b861c73865b150f323bfc9c35b1675e10fd437609e785fbb663be0,,EPOCX,,,,,,,,,,,,,,4,Eyes Opened|Eyes Closed|Blink eye while relaxing,Baseline EmotivPRO|KeyStroke,cdf85fe6-a3c7-4f5a-9f84-75e6ad347587,com.emotiv.emotivpro,2026-05-03T16:28:43.814+05:30,bahubali-aiml,,,,,,,,EEG_METADATA,HIGH,OK
D:\Projects\Major-Project\Data\Emotive\BCI data\1\BCI data\imagination\imagintion_subject6_EPOCX_792227_2026.04.30T23.54.11+05.30.md.csv,imagintion_subject6_EPOCX_792227_2026.04.30T23.54.11+05.30.md.csv,.csv,EMOTIV_EEG_CSV,14.001,2026-08-14T15:26:47.673346+00:00,58fc9f3966e51ecd140f18da47349770e4c5cbce47bf814626fc0f7e5db837d8,imagintion_subject6,EPOCX,E50210EA,128,eeg_128;mot_64,14,EEG.AF3|EEG.F7|EEG.F3|EEG.FC5|EEG.T7|EEG.P7|EEG.O1|EEG.O2|EEG.P8|EEG.T8|EEG.FC6|EEG.F4|EEG.F8|EEG.AF4,1777573451.15159,1777573687.492674,236.341,3.94,30269,Timestamp|OriginalTimestamp|EEG.Counter|EEG.Interpolated|EEG.AF3|EEG.F7|EEG.F3|EEG.FC5|EEG.T7|EEG.P7|EEG.O1|EEG.O2|EEG.P8|EEG.T8|EEG.FC6|EEG.F4|EEG.F8|EEG.AF4|EEG.RawCq|EEG.Battery|EEG.BatteryPercent|MarkerIndex|MarkerType|MarkerValueInt|EEG.MarkerHardware|CQ.AF3|CQ.F7|CQ.F3|CQ.FC5|CQ.T7|CQ.P7|CQ.O1|CQ.O2|CQ.P8|CQ.T8|CQ.FC6|CQ.F4|CQ.F8|CQ.AF4|CQ.Overall|EQ.SampleRateQuality|EQ.OVERALL|EQ.AF3|EQ.F7|EQ.F3|EQ.FC5|EQ.T7|EQ.P7|EQ.O1|EQ.O2|EQ.P8|EQ.T8|EQ.FC6|EQ.F4|EQ.F8|EQ.AF4|MOT.CounterMems|MOT.InterpolatedMems|MOT.Q0|MOT.Q1|MOT.Q2|MOT.Q3|MOT.AccX|MOT.AccY|MOT.AccZ|MOT.MagX|MOT.MagY|MOT.MagZ,68,,,,,,,,,CQ.AF3|CQ.F7|CQ.F3|CQ.FC5|CQ.T7|CQ.P7|CQ.O1|CQ.O2|CQ.P8|CQ.T8|CQ.FC6|CQ.F4|CQ.F8|CQ.AF4|CQ.Overall,0,MOT.CounterMems|MOT.InterpolatedMems|MOT.Q0|MOT.Q1|MOT.Q2|MOT.Q3|MOT.AccX|MOT.AccY|MOT.AccZ|MOT.MagX|MOT.MagY|MOT.MagZ,,,,,EEG_PRIMARY,HIGH,OK
D:\Projects\Major-Project\Data\Emotive\BCI data\1\BCI data\imagination\imagintion_subject6_EPOCX_792227_2026.04.30T23.54.11+05.30_intervalMarker.csv,imagintion_subject6_EPOCX_792227_2026.04.30T23.54.11+05.30_intervalMarker.csv,.csv,EMOTIV_INTERVAL_MARKER_CSV,0.0,2026-08-14T15:26:46.106168+00:00,e05269f18a2120de0a22020fb8f7e8fe17b52914e75397d14f474943e8f915cd,,,,,,,,,,,,,latency|duration|type|marker_value|key|timestamp|marker_id,,4,,Eyes_Closed|Blink_eye_while_relaxing|Eyes_Opened,,,,,,,,,,,,,EVENT_MARKER,HIGH,OK
D:\Projects\Major-Project\Data\Emotive\BCI data\1\BCI data\imagination\imaginztion_subject13_EPOCX_793809_2026.05.03T15.52.44+05.30.json,imaginztion_subject13_EPOCX_793809_2026.05.03T15.52.44+05.30.json,.json,EMOTIV_JSON_METADATA,0.003,2026-08-14T15:26:46.074169+00:00,27a23ee453070b95b68ca9f0433f02f36b8fe1de6e8fedabc82c88520df7c371,,EPOCX,,,,,,,,,,,,,,4,Eyes Opened|Eyes Closed|Blink eye while relaxing,Baseline EmotivPRO|KeyStroke,b86bfe44-deb8-407f-8d31-211c378ce749,com.emotiv.emotivpro,2026-05-03T16:29:30.242+05:30,bahubali-aiml,,,,,,,,EEG_METADATA,HIGH,OK
D:\Projects\Major-Project\Data\Emotive\BCI data\1\BCI data\imagination\imaginztion_subject13_EPOCX_793809_2026.05.03T15.52.44+05.30.md.csv,imaginztion_subject13_EPOCX_793809_2026.05.03T15.52.44+05.30.md.csv,.csv,EMOTIV_EEG_CSV,13.817,2026-08-14T15:26:47.869931+00:00,b42f7a5e9db3b787b2a63ffcd761cdcf620a1a5026b01a82ecb846b440a18055,imaginztion_subject13,EPOCX,E50210EA,128,eeg_128;mot_64,14,EEG.AF3|EEG.F7|EEG.F3|EEG.FC5|EEG.T7|EEG.P7|EEG.O1|EEG.O2|EEG.P8|EEG.T8|EEG.FC6|EEG.F4|EEG.F8|EEG.AF4,1777803764.496783,1777803997.777075,233.28,3.89,29877,Timestamp|OriginalTimestamp|EEG.Counter|EEG.Interpolated|EEG.AF3|EEG.F7|EEG.F3|EEG.FC5|EEG.T7|EEG.P7|EEG.O1|EEG.O2|EEG.P8|EEG.T8|EEG.FC6|EEG.F4|EEG.F8|EEG.AF4|EEG.RawCq|EEG.Battery|EEG.BatteryPercent|MarkerIndex|MarkerType|MarkerValueInt|EEG.MarkerHardware|CQ.AF3|CQ.F7|CQ.F3|CQ.FC5|CQ.T7|CQ.P7|CQ.O1|CQ.O2|CQ.P8|CQ.T8|CQ.FC6|CQ.F4|CQ.F8|CQ.AF4|CQ.Overall|EQ.SampleRateQuality|EQ.OVERALL|EQ.AF3|EQ.F7|EQ.F3|EQ.FC5|EQ.T7|EQ.P7|EQ.O1|EQ.O2|EQ.P8|EQ.T8|EQ.FC6|EQ.F4|EQ.F8|EQ.AF4|MOT.CounterMems|MOT.InterpolatedMems|MOT.Q0|MOT.Q1|MOT.Q2|MOT.Q3|MOT.AccX|MOT.AccY|MOT.AccZ|MOT.MagX|MOT.MagY|MOT.MagZ,68,,,,,,,,,CQ.AF3|CQ.F7|CQ.F3|CQ.FC5|CQ.T7|CQ.P7|CQ.O1|CQ.O2|CQ.P8|CQ.T8|CQ.FC6|CQ.F4|CQ.F8|CQ.AF4|CQ.Overall,0,MOT.CounterMems|MOT.InterpolatedMems|MOT.Q0|MOT.Q1|MOT.Q2|MOT.Q3|MOT.AccX|MOT.AccY|MOT.AccZ|MOT.MagX|MOT.MagY|MOT.MagZ,,,,,EEG_PRIMARY,HIGH,OK
D:\Projects\Major-Project\Data\Emotive\BCI data\1\BCI data\imagination\imaginztion_subject13_EPOCX_793809_2026.05.03T15.52.44+05.30_intervalMarker.csv,imaginztion_subject13_EPOCX_793809_2026.05.03T15.52.44+05.30_intervalMarker.csv,.csv,EMOTIV_INTERVAL_MARKER_CSV,0.0,2026-08-14T15:26:46.534887+00:00,d5083893af4a8b12ad747caa2d42ad9cc449e69a81e2f7ab4772223b55fda7f3,,,,,,,,,,,,,latency|duration|type|marker_value|key|timestamp|marker_id,,4,,Eyes_Closed|Blink_eye_while_relaxing|Eyes_Opened,,,,,,,,,,,,,EVENT_MARKER,HIGH,OK
D:\Projects\Major-Project\Data\Emotive\BCI data\1\BCI data\imagination\immagination_subject1_EPOCX_792160_2026.04.30T22.51.21+05.30.json,immagination_subject1_EPOCX_792160_2026.04.30T22.51.21+05.30.json,.json,EMOTIV_JSON_METADATA,0.003,2026-08-14T15:26:45.773412+00:00,01e1823e8ad8329865214d1e47d50be33e77e544e86bd06a41c298e91a05e7d0,,EPOCX,,,,,,,,,,,,,,4,Eyes Opened|Eyes Closed|Blink eye while relaxing,Baseline EmotivPRO|KeyStroke,ca343268-017f-426c-8ae0-bcc1113ea274,com.emotiv.emotivpro,2026-05-03T16:28:15.595+05:30,bahubali-aiml,,,,,,,,EEG_METADATA,HIGH,OK
D:\Projects\Major-Project\Data\Emotive\BCI data\1\BCI data\imagination\immagination_subject1_EPOCX_792160_2026.04.30T22.51.21+05.30.md.csv,immagination_subject1_EPOCX_792160_2026.04.30T22.51.21+05.30.md.csv,.csv,EMOTIV_EEG_CSV,14.113,2026-08-14T15:26:47.501705+00:00,22d0cbe28e9dc8b5dd703c4eac6868a7371953eba57abf7a5d9a656d463e6bf7,immagination_subject1,EPOCX,E50210EA,128,eeg_128;mot_64,14,EEG.AF3|EEG.F7|EEG.F3|EEG.FC5|EEG.T7|EEG.P7|EEG.O1|EEG.O2|EEG.P8|EEG.T8|EEG.FC6|EEG.F4|EEG.F8|EEG.AF4,1777569681.184057,1777569918.899564,237.716,3.96,30445,Timestamp|OriginalTimestamp|EEG.Counter|EEG.Interpolated|EEG.AF3|EEG.F7|EEG.F3|EEG.FC5|EEG.T7|EEG.P7|EEG.O1|EEG.O2|EEG.P8|EEG.T8|EEG.FC6|EEG.F4|EEG.F8|EEG.AF4|EEG.RawCq|EEG.Battery|EEG.BatteryPercent|MarkerIndex|MarkerType|MarkerValueInt|EEG.MarkerHardware|CQ.AF3|CQ.F7|CQ.F3|CQ.FC5|CQ.T7|CQ.P7|CQ.O1|CQ.O2|CQ.P8|CQ.T8|CQ.FC6|CQ.F4|CQ.F8|CQ.AF4|CQ.Overall|EQ.SampleRateQuality|EQ.OVERALL|EQ.AF3|EQ.F7|EQ.F3|EQ.FC5|EQ.T7|EQ.P7|EQ.O1|EQ.O2|EQ.P8|EQ.T8|EQ.FC6|EQ.F4|EQ.F8|EQ.AF4|MOT.CounterMems|MOT.InterpolatedMems|MOT.Q0|MOT.Q1|MOT.Q2|MOT.Q3|MOT.AccX|MOT.AccY|MOT.AccZ|MOT.MagX|MOT.MagY|MOT.MagZ,68,,,,,,,,,CQ.AF3|CQ.F7|CQ.F3|CQ.FC5|CQ.T7|CQ.P7|CQ.O1|CQ.O2|CQ.P8|CQ.T8|CQ.FC6|CQ.F4|CQ.F8|CQ.AF4|CQ.Overall,0,MOT.CounterMems|MOT.InterpolatedMems|MOT.Q0|MOT.Q1|MOT.Q2|MOT.Q3|MOT.AccX|MOT.AccY|MOT.AccZ|MOT.MagX|MOT.MagY|MOT.MagZ,,,,,EEG_PRIMARY,HIGH,OK
D:\Projects\Major-Project\Data\Emotive\BCI data\1\BCI data\imagination\immagination_subject1_EPOCX_792160_2026.04.30T22.51.21+05.30_intervalMarker.csv,immagination_subject1_EPOCX_792160_2026.04.30T22.51.21+05.30_intervalMarker.csv,.csv,EMOTIV_INTERVAL_MARKER_CSV,0.0,2026-08-14T15:26:45.841408+00:00,10eed996a3201c32a6abfa489d7793cc998a613d606d40865ef822845088dec3,,,,,,,,,,,,,latency|duration|type|marker_value|key|timestamp|marker_id,,4,,Eyes_Closed|Blink_eye_while_relaxing|Eyes_Opened,,,,,,,,,,,,,EVENT_MARKER,HIGH,OK
D:\Projects\Major-Project\Data\Emotive\BCI data\1\BCI data\New folder\aaditya_EPOCX_791513_2026.04.30T15.40.00+05.30.json,aaditya_EPOCX_791513_2026.04.30T15.40.00+05.30.json,.json,EMOTIV_JSON_METADATA,0.002,2026-08-14T15:26:53.443853+00:00,853622ae84104b077d5e3b0b421710ac45d2bec76ccff71af353f3fc3aedaf72,,EPOCX,,,,,,,,,,,,,,2,Eyes Opened|Eyes Closed,Baseline EmotivPRO,5da52a53-2ca2-4c9a-8353-ab4d11050c8e,com.emotiv.emotivpro,2026-05-15T17:09:13.253+05:30,bahubali-aiml,,,,,,,,EEG_METADATA,HIGH,OK
D:\Projects\Major-Project\Data\Emotive\BCI data\1\BCI data\New folder\aaditya_EPOCX_791513_2026.04.30T15.40.00+05.30_intervalMarker.csv,aaditya_EPOCX_791513_2026.04.30T15.40.00+05.30_intervalMarker.csv,.csv,EMOTIV_INTERVAL_MARKER_CSV,0.0,2026-08-14T15:26:49.735324+00:00,cc37e1c3dd2253e7bed60067d50df8a45df8b4205679646bc012e953b79ca093,,,,,,,,,,,,,latency|duration|type|marker_value|key|timestamp|marker_id,,2,,Eyes_Closed|Eyes_Opened,,,,,,,,,,,,,EVENT_MARKER,HIGH,OK
D:\Projects\Major-Project\Data\Emotive\BCI data\1\BCI data\New folder\Aamir_EPOCX_587822_2026.04.22T15.30.04+05.30.json,Aamir_EPOCX_587822_2026.04.22T15.30.04+05.30.json,.json,EMOTIV_JSON_METADATA,0.001,2026-08-14T15:26:49.331435+00:00,70ee1df6286967714b80191bbdac70b8aaa97e1e2970f4f4efa7b65fd0cbda72,,EPOCX,,,,,,,,,,,,,,0,,,94e9f730-23cc-4164-b435-8dd6d8ab6d8d,com.emotiv.emotivpro,2026-05-15T17:03:59.756+05:30,bahubali-aiml,,,,,,,,EEG_METADATA,HIGH,OK
D:\Projects\Major-Project\Data\Emotive\BCI data\1\BCI data\New folder\Aamir_EPOCX_587822_2026.04.22T15.30.04+05.30.md.bp.csv,Aamir_EPOCX_587822_2026.04.22T15.30.04+05.30.md.bp.csv,.csv,EMOTIV_EEG_CSV,53.867,2026-08-14T15:27:00.400126+00:00,5fd0f9b0b4faadb0c095dfa393e24557b2066ce8a14c271f3535077101f2e966,Aamir,EPOCX,E50210EA,128,eeg_128;mot_64;pow_8,14,EEG.AF3|EEG.F7|EEG.F3|EEG.FC5|EEG.T7|EEG.P7|EEG.O1|EEG.O2|EEG.P8|EEG.T8|EEG.FC6|EEG.F4|EEG.F8|EEG.AF4,1776852004.613687,1776852753.864797,749.251,12.49,95957,Timestamp|OriginalTimestamp|EEG.Counter|EEG.Interpolated|EEG.AF3|EEG.F7|EEG.F3|EEG.FC5|EEG.T7|EEG.P7|EEG.O1|EEG.O2|EEG.P8|EEG.T8|EEG.FC6|EEG.F4|EEG.F8|EEG.AF4|EEG.RawCq|EEG.Battery|EEG.BatteryPercent|MarkerIndex|MarkerType|MarkerValueInt|EEG.MarkerHardware|CQ.AF3|CQ.F7|CQ.F3|CQ.FC5|CQ.T7|CQ.P7|CQ.O1|CQ.O2|CQ.P8|CQ.T8|CQ.FC6|CQ.F4|CQ.F8|CQ.AF4|CQ.Overall|EQ.SampleRateQuality|EQ.OVERALL|EQ.AF3|EQ.F7|EQ.F3|EQ.FC5|EQ.T7|EQ.P7|EQ.O1|EQ.O2|EQ.P8|EQ.T8|EQ.FC6|EQ.F4|EQ.F8|EQ.AF4|MOT.CounterMems|MOT.InterpolatedMems|MOT.Q0|MOT.Q1|MOT.Q2|MOT.Q3|MOT.AccX|MOT.AccY|MOT.AccZ|MOT.MagX|MOT.MagY|MOT.MagZ|POW.AF3.Theta|POW.AF3.Alpha|POW.AF3.BetaL|POW.AF3.BetaH|POW.AF3.Gamma|POW.F7.Theta|POW.F7.Alpha|POW.F7.BetaL|POW.F7.BetaH|POW.F7.Gamma|POW.F3.Theta|POW.F3.Alpha|POW.F3.BetaL|POW.F3.BetaH|POW.F3.Gamma|POW.FC5.Theta|POW.FC5.Alpha|POW.FC5.BetaL|POW.FC5.BetaH|POW.FC5.Gamma|POW.T7.Theta|POW.T7.Alpha|POW.T7.BetaL|POW.T7.BetaH|POW.T7.Gamma|POW.P7.Theta|POW.P7.Alpha|POW.P7.BetaL|POW.P7.BetaH|POW.P7.Gamma|POW.O1.Theta|POW.O1.Alpha|POW.O1.BetaL|POW.O1.BetaH|POW.O1.Gamma|POW.O2.Theta|POW.O2.Alpha|POW.O2.BetaL|POW.O2.BetaH|POW.O2.Gamma|POW.P8.Theta|POW.P8.Alpha|POW.P8.BetaL|POW.P8.BetaH|POW.P8.Gamma|POW.T8.Theta|POW.T8.Alpha|POW.T8.BetaL|POW.T8.BetaH|POW.T8.Gamma|POW.FC6.Theta|POW.FC6.Alpha|POW.FC6.BetaL|POW.FC6.BetaH|POW.FC6.Gamma|POW.F4.Theta|POW.F4.Alpha|POW.F4.BetaL|POW.F4.BetaH|POW.F4.Gamma|POW.F8.Theta|POW.F8.Alpha|POW.F8.BetaL|POW.F8.BetaH|POW.F8.Gamma|POW.AF4.Theta|POW.AF4.Alpha|POW.AF4.BetaL|POW.AF4.BetaH|POW.AF4.Gamma,138,,,,,,,,,CQ.AF3|CQ.F7|CQ.F3|CQ.FC5|CQ.T7|CQ.P7|CQ.O1|CQ.O2|CQ.P8|CQ.T8|CQ.FC6|CQ.F4|CQ.F8|CQ.AF4|CQ.Overall,70,MOT.CounterMems|MOT.InterpolatedMems|MOT.Q0|MOT.Q1|MOT.Q2|MOT.Q3|MOT.AccX|MOT.AccY|MOT.AccZ|MOT.MagX|MOT.MagY|MOT.MagZ,,,,,EEG_PRIMARY,HIGH,OK
D:\Projects\Major-Project\Data\Emotive\BCI data\1\BCI data\New folder\Aamir_EPOCX_587822_2026.04.22T15.30.04+05.30_intervalMarker.csv,Aamir_EPOCX_587822_2026.04.22T15.30.04+05.30_intervalMarker.csv,.csv,EMOTIV_INTERVAL_MARKER_CSV,0.0,2026-08-14T15:26:50.828327+00:00,93df7c37e408b4873c307444e07373379ad7913a4927f731d4d1327094cc91d7,,,,,,,,,,,,,latency|duration|type|marker_value|key|timestamp|marker_id,,0,,,,,,,,,,,,,,,EVENT_MARKER,HIGH,OK
D:\Projects\Major-Project\Data\Emotive\BCI data\1\BCI data\New folder\aishu_EPOCX_587822_2026.04.22T14.06.03+05.30.json,aishu_EPOCX_587822_2026.04.22T14.06.03+05.30.json,.json,EMOTIV_JSON_METADATA,0.004,2026-08-14T15:26:49.618759+00:00,ab77af2c8154b7240461d5abff940ee15305de9a785f777c3fb11d4d1da774da,,EPOCX,,,,,,,,,,,,,,6,Blink eye while relaxing,KeyStroke,3d54d409-e936-4bef-ba04-21adbb45425d,com.emotiv.emotivpro,2026-05-15T17:03:14.226+05:30,bahubali-aiml,,,,,,,,EEG_METADATA,HIGH,OK
D:\Projects\Major-Project\Data\Emotive\BCI data\1\BCI data\New folder\aishu_EPOCX_587822_2026.04.22T14.06.03+05.30.md.bp.csv,aishu_EPOCX_587822_2026.04.22T14.06.03+05.30.md.bp.csv,.csv,EMOTIV_EEG_CSV,42.785,2026-08-14T15:27:02.696871+00:00,685daf8e1fd32ec29a13b14cf08269ff4a154bb28d0d3ee40763522f18cccb47,aishu,EPOCX,E50210EA,128,eeg_128;mot_64;pow_8,14,EEG.AF3|EEG.F7|EEG.F3|EEG.FC5|EEG.T7|EEG.P7|EEG.O1|EEG.O2|EEG.P8|EEG.T8|EEG.FC6|EEG.F4|EEG.F8|EEG.AF4,1776846963.209582,1776847557.012567,593.803,9.9,76049,Timestamp|OriginalTimestamp|EEG.Counter|EEG.Interpolated|EEG.AF3|EEG.F7|EEG.F3|EEG.FC5|EEG.T7|EEG.P7|EEG.O1|EEG.O2|EEG.P8|EEG.T8|EEG.FC6|EEG.F4|EEG.F8|EEG.AF4|EEG.RawCq|EEG.Battery|EEG.BatteryPercent|MarkerIndex|MarkerType|MarkerValueInt|EEG.MarkerHardware|CQ.AF3|CQ.F7|CQ.F3|CQ.FC5|CQ.T7|CQ.P7|CQ.O1|CQ.O2|CQ.P8|CQ.T8|CQ.FC6|CQ.F4|CQ.F8|CQ.AF4|CQ.Overall|EQ.SampleRateQuality|EQ.OVERALL|EQ.AF3|EQ.F7|EQ.F3|EQ.FC5|EQ.T7|EQ.P7|EQ.O1|EQ.O2|EQ.P8|EQ.T8|EQ.FC6|EQ.F4|EQ.F8|EQ.AF4|MOT.CounterMems|MOT.InterpolatedMems|MOT.Q0|MOT.Q1|MOT.Q2|MOT.Q3|MOT.AccX|MOT.AccY|MOT.AccZ|MOT.MagX|MOT.MagY|MOT.MagZ|POW.AF3.Theta|POW.AF3.Alpha|POW.AF3.BetaL|POW.AF3.BetaH|POW.AF3.Gamma|POW.F7.Theta|POW.F7.Alpha|POW.F7.BetaL|POW.F7.BetaH|POW.F7.Gamma|POW.F3.Theta|POW.F3.Alpha|POW.F3.BetaL|POW.F3.BetaH|POW.F3.Gamma|POW.FC5.Theta|POW.FC5.Alpha|POW.FC5.BetaL|POW.FC5.BetaH|POW.FC5.Gamma|POW.T7.Theta|POW.T7.Alpha|POW.T7.BetaL|POW.T7.BetaH|POW.T7.Gamma|POW.P7.Theta|POW.P7.Alpha|POW.P7.BetaL|POW.P7.BetaH|POW.P7.Gamma|POW.O1.Theta|POW.O1.Alpha|POW.O1.BetaL|POW.O1.BetaH|POW.O1.Gamma|POW.O2.Theta|POW.O2.Alpha|POW.O2.BetaL|POW.O2.BetaH|POW.O2.Gamma|POW.P8.Theta|POW.P8.Alpha|POW.P8.BetaL|POW.P8.BetaH|POW.P8.Gamma|POW.T8.Theta|POW.T8.Alpha|POW.T8.BetaL|POW.T8.BetaH|POW.T8.Gamma|POW.FC6.Theta|POW.FC6.Alpha|POW.FC6.BetaL|POW.FC6.BetaH|POW.FC6.Gamma|POW.F4.Theta|POW.F4.Alpha|POW.F4.BetaL|POW.F4.BetaH|POW.F4.Gamma|POW.F8.Theta|POW.F8.Alpha|POW.F8.BetaL|POW.F8.BetaH|POW.F8.Gamma|POW.AF4.Theta|POW.AF4.Alpha|POW.AF4.BetaL|POW.AF4.BetaH|POW.AF4.Gamma,138,,,,,,,,,CQ.AF3|CQ.F7|CQ.F3|CQ.FC5|CQ.T7|CQ.P7|CQ.O1|CQ.O2|CQ.P8|CQ.T8|CQ.FC6|CQ.F4|CQ.F8|CQ.AF4|CQ.Overall,70,MOT.CounterMems|MOT.InterpolatedMems|MOT.Q0|MOT.Q1|MOT.Q2|MOT.Q3|MOT.AccX|MOT.AccY|MOT.AccZ|MOT.MagX|MOT.MagY|MOT.MagZ,,,,,EEG_PRIMARY,HIGH,OK
D:\Projects\Major-Project\Data\Emotive\BCI data\1\BCI data\New folder\aishu_EPOCX_587822_2026.04.22T14.06.03+05.30_intervalMarker.csv,aishu_EPOCX_587822_2026.04.22T14.06.03+05.30_intervalMarker.csv,.csv,EMOTIV_INTERVAL_MARKER_CSV,0.0,2026-08-14T15:27:05.510874+00:00,720622ac0b68a55decaf9b90305988691175a890a9e2affa54288890476849aa,,,,,,,,,,,,,latency|duration|type|marker_value|key|timestamp|marker_id,,6,,Blink_eye_while_relaxing,,,,,,,,,,,,,EVENT_MARKER,HIGH,OK
D:\Projects\Major-Project\Data\Emotive\BCI data\1\BCI data\New folder\akhilesh_EPOCX_781974_2026.04.21T16.11.03+05.30.json,akhilesh_EPOCX_781974_2026.04.21T16.11.03+05.30.json,.json,EMOTIV_JSON_METADATA,0.006,2026-08-14T15:26:52.513891+00:00,3c9521f04590deb9701c9ed1a077909c3088534c98578892c57bccfc63871388,,EPOCX,,,,,,,,,,,,,,9,Eyes Opened|Eyes Closed|Blink eye while relaxing,Baseline EmotivPRO|KeyStroke,00773137-8c2d-41a6-83ba-5b2cc79bd414,com.emotiv.emotivpro,2026-05-15T17:00:28.406+05:30,bahubali-aiml,,,,,,,,EEG_METADATA,HIGH,OK
D:\Projects\Major-Project\Data\Emotive\BCI data\1\BCI data\New folder\akhilesh_EPOCX_781974_2026.04.21T16.11.03+05.30.md.bp.csv,akhilesh_EPOCX_781974_2026.04.21T16.11.03+05.30.md.bp.csv,.csv,EMOTIV_EEG_CSV,50.364,2026-08-14T15:27:04.098380+00:00,87f34ad8ae610ff2b60274e59e6e1a36161d6a6b8af3363f40bc137ca9c683e5,akhilesh,EPOCX,E50210EA,128,eeg_128;mot_32;pow_8,14,EEG.AF3|EEG.F7|EEG.F3|EEG.FC5|EEG.T7|EEG.P7|EEG.O1|EEG.O2|EEG.P8|EEG.T8|EEG.FC6|EEG.F4|EEG.F8|EEG.AF4,1776768063.085141,1776768795.282671,732.198,12.2,93773,Timestamp|OriginalTimestamp|EEG.Counter|EEG.Interpolated|EEG.AF3|EEG.F7|EEG.F3|EEG.FC5|EEG.T7|EEG.P7|EEG.O1|EEG.O2|EEG.P8|EEG.T8|EEG.FC6|EEG.F4|EEG.F8|EEG.AF4|EEG.RawCq|EEG.Battery|EEG.BatteryPercent|MarkerIndex|MarkerType|MarkerValueInt|EEG.MarkerHardware|CQ.AF3|CQ.F7|CQ.F3|CQ.FC5|CQ.T7|CQ.P7|CQ.O1|CQ.O2|CQ.P8|CQ.T8|CQ.FC6|CQ.F4|CQ.F8|CQ.AF4|CQ.Overall|EQ.SampleRateQuality|EQ.OVERALL|EQ.AF3|EQ.F7|EQ.F3|EQ.FC5|EQ.T7|EQ.P7|EQ.O1|EQ.O2|EQ.P8|EQ.T8|EQ.FC6|EQ.F4|EQ.F8|EQ.AF4|MOT.CounterMems|MOT.InterpolatedMems|MOT.Q0|MOT.Q1|MOT.Q2|MOT.Q3|MOT.AccX|MOT.AccY|MOT.AccZ|MOT.MagX|MOT.MagY|MOT.MagZ|POW.AF3.Theta|POW.AF3.Alpha|POW.AF3.BetaL|POW.AF3.BetaH|POW.AF3.Gamma|POW.F7.Theta|POW.F7.Alpha|POW.F7.BetaL|POW.F7.BetaH|POW.F7.Gamma|POW.F3.Theta|POW.F3.Alpha|POW.F3.BetaL|POW.F3.BetaH|POW.F3.Gamma|POW.FC5.Theta|POW.FC5.Alpha|POW.FC5.BetaL|POW.FC5.BetaH|POW.FC5.Gamma|POW.T7.Theta|POW.T7.Alpha|POW.T7.BetaL|POW.T7.BetaH|POW.T7.Gamma|POW.P7.Theta|POW.P7.Alpha|POW.P7.BetaL|POW.P7.BetaH|POW.P7.Gamma|POW.O1.Theta|POW.O1.Alpha|POW.O1.BetaL|POW.O1.BetaH|POW.O1.Gamma|POW.O2.Theta|POW.O2.Alpha|POW.O2.BetaL|POW.O2.BetaH|POW.O2.Gamma|POW.P8.Theta|POW.P8.Alpha|POW.P8.BetaL|POW.P8.BetaH|POW.P8.Gamma|POW.T8.Theta|POW.T8.Alpha|POW.T8.BetaL|POW.T8.BetaH|POW.T8.Gamma|POW.FC6.Theta|POW.FC6.Alpha|POW.FC6.BetaL|POW.FC6.BetaH|POW.FC6.Gamma|POW.F4.Theta|POW.F4.Alpha|POW.F4.BetaL|POW.F4.BetaH|POW.F4.Gamma|POW.F8.Theta|POW.F8.Alpha|POW.F8.BetaL|POW.F8.BetaH|POW.F8.Gamma|POW.AF4.Theta|POW.AF4.Alpha|POW.AF4.BetaL|POW.AF4.BetaH|POW.AF4.Gamma,138,,,,,,,,,CQ.AF3|CQ.F7|CQ.F3|CQ.FC5|CQ.T7|CQ.P7|CQ.O1|CQ.O2|CQ.P8|CQ.T8|CQ.FC6|CQ.F4|CQ.F8|CQ.AF4|CQ.Overall,70,MOT.CounterMems|MOT.InterpolatedMems|MOT.Q0|MOT.Q1|MOT.Q2|MOT.Q3|MOT.AccX|MOT.AccY|MOT.AccZ|MOT.MagX|MOT.MagY|MOT.MagZ,,,,,EEG_PRIMARY,HIGH,OK
D:\Projects\Major-Project\Data\Emotive\BCI data\1\BCI data\New folder\akhilesh_EPOCX_781974_2026.04.21T16.11.03+05.30_intervalMarker.csv,akhilesh_EPOCX_781974_2026.04.21T16.11.03+05.30_intervalMarker.csv,.csv,EMOTIV_INTERVAL_MARKER_CSV,0.001,2026-08-14T15:26:49.792870+00:00,6d72e0947fff224dd1f12ca90bb2f53cc393c289a00973c40a89647632740d45,,,,,,,,,,,,,latency|duration|type|marker_value|key|timestamp|marker_id,,9,,Eyes_Closed|Blink_eye_while_relaxing|Eyes_Opened,,,,,,,,,,,,,EVENT_MARKER,HIGH,OK
D:\Projects\Major-Project\Data\Emotive\BCI data\1\BCI data\New folder\amey_EPOCX_781864_2026.04.21T10.14.03+05.30.json,amey_EPOCX_781864_2026.04.21T10.14.03+05.30.json,.json,EMOTIV_JSON_METADATA,0.012,2026-08-14T15:26:50.797323+00:00,0975fc2cd8158a643eac66e5f39ce399a71c5a7ed9f3208e5304667aed0869cd,,EPOCX,,,,,,,,,,,,,,20,Eyes Opened|Eyes Closed|Blink eye while relaxing,Baseline EmotivPRO|KeyStroke,30301496-0984-4cf7-bb31-4e62962a75f8,com.emotiv.emotivpro,2026-05-15T16:59:26.015+05:30,bahubali-aiml,,,,,,,,EEG_METADATA,HIGH,OK
D:\Projects\Major-Project\Data\Emotive\BCI data\1\BCI data\New folder\amey_EPOCX_781864_2026.04.21T10.14.03+05.30_intervalMarker.csv,amey_EPOCX_781864_2026.04.21T10.14.03+05.30_intervalMarker.csv,.csv,EMOTIV_INTERVAL_MARKER_CSV,0.001,2026-08-14T15:26:49.966654+00:00,979c59aac02da66c3662ef52b50dc0de2c1068d3a9b38ecae7262485bcce358f,,,,,,,,,,,,,latency|duration|type|marker_value|key|timestamp|marker_id,,20,,Eyes_Closed|Blink_eye_while_relaxing|Eyes_Opened,,,,,,,,,,,,,EVENT_MARKER,HIGH,OK
D:\Projects\Major-Project\Data\Emotive\BCI data\1\BCI data\New folder\Brijesh 1_EPOCX_782854_2026.04.22T11.34.26+05.30.json,Brijesh 1_EPOCX_782854_2026.04.22T11.34.26+05.30.json,.json,EMOTIV_JSON_METADATA,0.002,2026-08-14T15:26:49.674773+00:00,eea7e187a177e6aadae8cb9b769656eed1394fc403829743722333b01f603ba8,,EPOCX,,,,,,,,,,,,,,2,Eyes Opened|Eyes Closed,Baseline EmotivPRO,3826d558-5173-4e10-9d17-5c691cf3b495,com.emotiv.emotivpro,2026-05-15T17:02:27.858+05:30,bahubali-aiml,,,,,,,,EEG_METADATA,HIGH,OK
D:\Projects\Major-Project\Data\Emotive\BCI data\1\BCI data\New folder\Brijesh 1_EPOCX_782854_2026.04.22T11.34.26+05.30.md.bp.csv,Brijesh 1_EPOCX_782854_2026.04.22T11.34.26+05.30.md.bp.csv,.csv,EMOTIV_EEG_CSV,4.296,2026-08-14T15:26:51.932755+00:00,97fa7a68e61d70c9027b8501511a39fe17bc458c11d714d29290ae3aae059597,Brijesh 1,EPOCX,E50210EA,128,eeg_128;mot_64;pow_8,14,EEG.AF3|EEG.F7|EEG.F3|EEG.FC5|EEG.T7|EEG.P7|EEG.O1|EEG.O2|EEG.P8|EEG.T8|EEG.FC6|EEG.F4|EEG.F8|EEG.AF4,1776837866.961117,1776837928.4897,61.529,1.03,7881,Timestamp|EEG.Counter|EEG.Interpolated|EEG.AF3|EEG.F7|EEG.F3|EEG.FC5|EEG.T7|EEG.P7|EEG.O1|EEG.O2|EEG.P8|EEG.T8|EEG.FC6|EEG.F4|EEG.F8|EEG.AF4|EEG.RawCq|EEG.Battery|EEG.BatteryPercent|MarkerIndex|MarkerType|MarkerValueInt|EEG.MarkerHardware|CQ.AF3|CQ.F7|CQ.F3|CQ.FC5|CQ.T7|CQ.P7|CQ.O1|CQ.O2|CQ.P8|CQ.T8|CQ.FC6|CQ.F4|CQ.F8|CQ.AF4|CQ.Overall|EQ.SampleRateQuality|EQ.OVERALL|EQ.AF3|EQ.F7|EQ.F3|EQ.FC5|EQ.T7|EQ.P7|EQ.O1|EQ.O2|EQ.P8|EQ.T8|EQ.FC6|EQ.F4|EQ.F8|EQ.AF4|MOT.CounterMems|MOT.InterpolatedMems|MOT.Q0|MOT.Q1|MOT.Q2|MOT.Q3|MOT.AccX|MOT.AccY|MOT.AccZ|MOT.MagX|MOT.MagY|MOT.MagZ|POW.AF3.Theta|POW.AF3.Alpha|POW.AF3.BetaL|POW.AF3.BetaH|POW.AF3.Gamma|POW.F7.Theta|POW.F7.Alpha|POW.F7.BetaL|POW.F7.BetaH|POW.F7.Gamma|POW.F3.Theta|POW.F3.Alpha|POW.F3.BetaL|POW.F3.BetaH|POW.F3.Gamma|POW.FC5.Theta|POW.FC5.Alpha|POW.FC5.BetaL|POW.FC5.BetaH|POW.FC5.Gamma|POW.T7.Theta|POW.T7.Alpha|POW.T7.BetaL|POW.T7.BetaH|POW.T7.Gamma|POW.P7.Theta|POW.P7.Alpha|POW.P7.BetaL|POW.P7.BetaH|POW.P7.Gamma|POW.O1.Theta|POW.O1.Alpha|POW.O1.BetaL|POW.O1.BetaH|POW.O1.Gamma|POW.O2.Theta|POW.O2.Alpha|POW.O2.BetaL|POW.O2.BetaH|POW.O2.Gamma|POW.P8.Theta|POW.P8.Alpha|POW.P8.BetaL|POW.P8.BetaH|POW.P8.Gamma|POW.T8.Theta|POW.T8.Alpha|POW.T8.BetaL|POW.T8.BetaH|POW.T8.Gamma|POW.FC6.Theta|POW.FC6.Alpha|POW.FC6.BetaL|POW.FC6.BetaH|POW.FC6.Gamma|POW.F4.Theta|POW.F4.Alpha|POW.F4.BetaL|POW.F4.BetaH|POW.F4.Gamma|POW.F8.Theta|POW.F8.Alpha|POW.F8.BetaL|POW.F8.BetaH|POW.F8.Gamma|POW.AF4.Theta|POW.AF4.Alpha|POW.AF4.BetaL|POW.AF4.BetaH|POW.AF4.Gamma,137,,,,,,,,,CQ.AF3|CQ.F7|CQ.F3|CQ.FC5|CQ.T7|CQ.P7|CQ.O1|CQ.O2|CQ.P8|CQ.T8|CQ.FC6|CQ.F4|CQ.F8|CQ.AF4|CQ.Overall,70,MOT.CounterMems|MOT.InterpolatedMems|MOT.Q0|MOT.Q1|MOT.Q2|MOT.Q3|MOT.AccX|MOT.AccY|MOT.AccZ|MOT.MagX|MOT.MagY|MOT.MagZ,,,,,EEG_PRIMARY,HIGH,OK
D:\Projects\Major-Project\Data\Emotive\BCI data\1\BCI data\New folder\Brijesh 1_EPOCX_782854_2026.04.22T11.34.26+05.30_intervalMarker.csv,Brijesh 1_EPOCX_782854_2026.04.22T11.34.26+05.30_intervalMarker.csv,.csv,EMOTIV_INTERVAL_MARKER_CSV,0.0,2026-08-14T15:26:49.648779+00:00,d0dafa7ab7a33a698d8b60d7c7369b9c2deff93e5adf09bcaab82190f8569b49,,,,,,,,,,,,,latency|duration|type|marker_value|key|timestamp|marker_id,,2,,Eyes_Closed|Eyes_Opened,,,,,,,,,,,,,EVENT_MARKER,HIGH,OK
D:\Projects\Major-Project\Data\Emotive\BCI data\1\BCI data\New folder\Brijesh 2_EPOCX_782854_2026.04.22T11.37.41+05.30.json,Brijesh 2_EPOCX_782854_2026.04.22T11.37.41+05.30.json,.json,EMOTIV_JSON_METADATA,0.001,2026-08-14T15:26:50.411405+00:00,256f7fdc79fed65c07243e793796a021a241d9b69ae9f4fa35d2028e54e168d3,,EPOCX,,,,,,,,,,,,,,0,,,397da82b-fd7f-46b9-a141-6d2242fa4372,com.emotiv.emotivpro,2026-05-15T17:02:37.252+05:30,bahubali-aiml,,,,,,,,EEG_METADATA,HIGH,OK
D:\Projects\Major-Project\Data\Emotive\BCI data\1\BCI data\New folder\Brijesh 2_EPOCX_782854_2026.04.22T11.37.41+05.30.md.bp.csv,Brijesh 2_EPOCX_782854_2026.04.22T11.37.41+05.30.md.bp.csv,.csv,EMOTIV_EEG_CSV,7.077,2026-08-14T15:26:54.254948+00:00,b3c4ed0f77f189a396e29254cba08b99a151c6bdeeb81a3677a69321381fed4f,Brijesh 2,EPOCX,E50210EA,128,eeg_128;mot_64;pow_8,14,EEG.AF3|EEG.F7|EEG.F3|EEG.FC5|EEG.T7|EEG.P7|EEG.O1|EEG.O2|EEG.P8|EEG.T8|EEG.FC6|EEG.F4|EEG.F8|EEG.AF4,1776838061.262675,1776838162.488489,101.226,1.69,12965,Timestamp|EEG.Counter|EEG.Interpolated|EEG.AF3|EEG.F7|EEG.F3|EEG.FC5|EEG.T7|EEG.P7|EEG.O1|EEG.O2|EEG.P8|EEG.T8|EEG.FC6|EEG.F4|EEG.F8|EEG.AF4|EEG.RawCq|EEG.Battery|EEG.BatteryPercent|MarkerIndex|MarkerType|MarkerValueInt|EEG.MarkerHardware|CQ.AF3|CQ.F7|CQ.F3|CQ.FC5|CQ.T7|CQ.P7|CQ.O1|CQ.O2|CQ.P8|CQ.T8|CQ.FC6|CQ.F4|CQ.F8|CQ.AF4|CQ.Overall|EQ.SampleRateQuality|EQ.OVERALL|EQ.AF3|EQ.F7|EQ.F3|EQ.FC5|EQ.T7|EQ.P7|EQ.O1|EQ.O2|EQ.P8|EQ.T8|EQ.FC6|EQ.F4|EQ.F8|EQ.AF4|MOT.CounterMems|MOT.InterpolatedMems|MOT.Q0|MOT.Q1|MOT.Q2|MOT.Q3|MOT.AccX|MOT.AccY|MOT.AccZ|MOT.MagX|MOT.MagY|MOT.MagZ|POW.AF3.Theta|POW.AF3.Alpha|POW.AF3.BetaL|POW.AF3.BetaH|POW.AF3.Gamma|POW.F7.Theta|POW.F7.Alpha|POW.F7.BetaL|POW.F7.BetaH|POW.F7.Gamma|POW.F3.Theta|POW.F3.Alpha|POW.F3.BetaL|POW.F3.BetaH|POW.F3.Gamma|POW.FC5.Theta|POW.FC5.Alpha|POW.FC5.BetaL|POW.FC5.BetaH|POW.FC5.Gamma|POW.T7.Theta|POW.T7.Alpha|POW.T7.BetaL|POW.T7.BetaH|POW.T7.Gamma|POW.P7.Theta|POW.P7.Alpha|POW.P7.BetaL|POW.P7.BetaH|POW.P7.Gamma|POW.O1.Theta|POW.O1.Alpha|POW.O1.BetaL|POW.O1.BetaH|POW.O1.Gamma|POW.O2.Theta|POW.O2.Alpha|POW.O2.BetaL|POW.O2.BetaH|POW.O2.Gamma|POW.P8.Theta|POW.P8.Alpha|POW.P8.BetaL|POW.P8.BetaH|POW.P8.Gamma|POW.T8.Theta|POW.T8.Alpha|POW.T8.BetaL|POW.T8.BetaH|POW.T8.Gamma|POW.FC6.Theta|POW.FC6.Alpha|POW.FC6.BetaL|POW.FC6.BetaH|POW.FC6.Gamma|POW.F4.Theta|POW.F4.Alpha|POW.F4.BetaL|POW.F4.BetaH|POW.F4.Gamma|POW.F8.Theta|POW.F8.Alpha|POW.F8.BetaL|POW.F8.BetaH|POW.F8.Gamma|POW.AF4.Theta|POW.AF4.Alpha|POW.AF4.BetaL|POW.AF4.BetaH|POW.AF4.Gamma,137,,,,,,,,,CQ.AF3|CQ.F7|CQ.F3|CQ.FC5|CQ.T7|CQ.P7|CQ.O1|CQ.O2|CQ.P8|CQ.T8|CQ.FC6|CQ.F4|CQ.F8|CQ.AF4|CQ.Overall,70,MOT.CounterMems|MOT.InterpolatedMems|MOT.Q0|MOT.Q1|MOT.Q2|MOT.Q3|MOT.AccX|MOT.AccY|MOT.AccZ|MOT.MagX|MOT.MagY|MOT.MagZ,,,,,EEG_PRIMARY,HIGH,OK
D:\Projects\Major-Project\Data\Emotive\BCI data\1\BCI data\New folder\Brijesh 2_EPOCX_782854_2026.04.22T11.37.41+05.30_intervalMarker.csv,Brijesh 2_EPOCX_782854_2026.04.22T11.37.41+05.30_intervalMarker.csv,.csv,EMOTIV_INTERVAL_MARKER_CSV,0.0,2026-08-14T15:26:49.447947+00:00,93df7c37e408b4873c307444e07373379ad7913a4927f731d4d1327094cc91d7,,,,,,,,,,,,,latency|duration|type|marker_value|key|timestamp|marker_id,,0,,,,,,,,,,,,,,,EVENT_MARKER,HIGH,OK
D:\Projects\Major-Project\Data\Emotive\BCI data\1\BCI data\New folder\Brijesh 3_EPOCX_782854_2026.04.22T11.40.11+05.30.json,Brijesh 3_EPOCX_782854_2026.04.22T11.40.11+05.30.json,.json,EMOTIV_JSON_METADATA,0.001,2026-08-14T15:26:49.762352+00:00,14b3a453c1c00ca2fb9736ab5f6fdf5425ee4066f5f1d9e8d69ecb780a862ef9,,EPOCX,,,,,,,,,,,,,,0,,,5317193c-1e38-49e4-a7a6-72ed80d0c244,com.emotiv.emotivpro,2026-05-15T17:02:51.077+05:30,bahubali-aiml,,,,,,,,EEG_METADATA,HIGH,OK
D:\Projects\Major-Project\Data\Emotive\BCI data\1\BCI data\New folder\Brijesh 3_EPOCX_782854_2026.04.22T11.40.11+05.30.md.bp.csv,Brijesh 3_EPOCX_782854_2026.04.22T11.40.11+05.30.md.bp.csv,.csv,EMOTIV_EEG_CSV,6.965,2026-08-14T15:26:54.146392+00:00,c355c4a082344c1a1f758817bc0d50fbc81bc1c080917d5b388a9610d0ca8753,Brijesh 3,EPOCX,E50210EA,128,eeg_128;mot_64;pow_8,14,EEG.AF3|EEG.F7|EEG.F3|EEG.FC5|EEG.T7|EEG.P7|EEG.O1|EEG.O2|EEG.P8|EEG.T8|EEG.FC6|EEG.F4|EEG.F8|EEG.AF4,1776838211.836567,1776838311.532871,99.696,1.66,12769,Timestamp|EEG.Counter|EEG.Interpolated|EEG.AF3|EEG.F7|EEG.F3|EEG.FC5|EEG.T7|EEG.P7|EEG.O1|EEG.O2|EEG.P8|EEG.T8|EEG.FC6|EEG.F4|EEG.F8|EEG.AF4|EEG.RawCq|EEG.Battery|EEG.BatteryPercent|MarkerIndex|MarkerType|MarkerValueInt|EEG.MarkerHardware|CQ.AF3|CQ.F7|CQ.F3|CQ.FC5|CQ.T7|CQ.P7|CQ.O1|CQ.O2|CQ.P8|CQ.T8|CQ.FC6|CQ.F4|CQ.F8|CQ.AF4|CQ.Overall|EQ.SampleRateQuality|EQ.OVERALL|EQ.AF3|EQ.F7|EQ.F3|EQ.FC5|EQ.T7|EQ.P7|EQ.O1|EQ.O2|EQ.P8|EQ.T8|EQ.FC6|EQ.F4|EQ.F8|EQ.AF4|MOT.CounterMems|MOT.InterpolatedMems|MOT.Q0|MOT.Q1|MOT.Q2|MOT.Q3|MOT.AccX|MOT.AccY|MOT.AccZ|MOT.MagX|MOT.MagY|MOT.MagZ|POW.AF3.Theta|POW.AF3.Alpha|POW.AF3.BetaL|POW.AF3.BetaH|POW.AF3.Gamma|POW.F7.Theta|POW.F7.Alpha|POW.F7.BetaL|POW.F7.BetaH|POW.F7.Gamma|POW.F3.Theta|POW.F3.Alpha|POW.F3.BetaL|POW.F3.BetaH|POW.F3.Gamma|POW.FC5.Theta|POW.FC5.Alpha|POW.FC5.BetaL|POW.FC5.BetaH|POW.FC5.Gamma|POW.T7.Theta|POW.T7.Alpha|POW.T7.BetaL|POW.T7.BetaH|POW.T7.Gamma|POW.P7.Theta|POW.P7.Alpha|POW.P7.BetaL|POW.P7.BetaH|POW.P7.Gamma|POW.O1.Theta|POW.O1.Alpha|POW.O1.BetaL|POW.O1.BetaH|POW.O1.Gamma|POW.O2.Theta|POW.O2.Alpha|POW.O2.BetaL|POW.O2.BetaH|POW.O2.Gamma|POW.P8.Theta|POW.P8.Alpha|POW.P8.BetaL|POW.P8.BetaH|POW.P8.Gamma|POW.T8.Theta|POW.T8.Alpha|POW.T8.BetaL|POW.T8.BetaH|POW.T8.Gamma|POW.FC6.Theta|POW.FC6.Alpha|POW.FC6.BetaL|POW.FC6.BetaH|POW.FC6.Gamma|POW.F4.Theta|POW.F4.Alpha|POW.F4.BetaL|POW.F4.BetaH|POW.F4.Gamma|POW.F8.Theta|POW.F8.Alpha|POW.F8.BetaL|POW.F8.BetaH|POW.F8.Gamma|POW.AF4.Theta|POW.AF4.Alpha|POW.AF4.BetaL|POW.AF4.BetaH|POW.AF4.Gamma,137,,,,,,,,,CQ.AF3|CQ.F7|CQ.F3|CQ.FC5|CQ.T7|CQ.P7|CQ.O1|CQ.O2|CQ.P8|CQ.T8|CQ.FC6|CQ.F4|CQ.F8|CQ.AF4|CQ.Overall,70,MOT.CounterMems|MOT.InterpolatedMems|MOT.Q0|MOT.Q1|MOT.Q2|MOT.Q3|MOT.AccX|MOT.AccY|MOT.AccZ|MOT.MagX|MOT.MagY|MOT.MagZ,,,,,EEG_PRIMARY,HIGH,OK
D:\Projects\Major-Project\Data\Emotive\BCI data\1\BCI data\New folder\Brijesh 3_EPOCX_782854_2026.04.22T11.40.11+05.30_intervalMarker.csv,Brijesh 3_EPOCX_782854_2026.04.22T11.40.11+05.30_intervalMarker.csv,.csv,EMOTIV_INTERVAL_MARKER_CSV,0.0,2026-08-14T15:26:49.475986+00:00,93df7c37e408b4873c307444e07373379ad7913a4927f731d4d1327094cc91d7,,,,,,,,,,,,,latency|duration|type|marker_value|key|timestamp|marker_id,,0,,,,,,,,,,,,,,,EVENT_MARKER,HIGH,OK
D:\Projects\Major-Project\Data\Emotive\BCI data\1\BCI data\New folder\Brijesh 4_EPOCX_782854_2026.04.22T11.42.43+05.30.json,Brijesh 4_EPOCX_782854_2026.04.22T11.42.43+05.30.json,.json,EMOTIV_JSON_METADATA,0.001,2026-08-14T15:26:49.820867+00:00,0b6a82efa304fa9bd7d79c6a5e91d3411fc5d37074c2ad3f51b29370218a440e,,EPOCX,,,,,,,,,,,,,,0,,,42baea34-122f-4dbd-a53b-c1f366d89c26,com.emotiv.emotivpro,2026-05-15T17:03:01.066+05:30,bahubali-aiml,,,,,,,,EEG_METADATA,HIGH,OK
D:\Projects\Major-Project\Data\Emotive\BCI data\1\BCI data\New folder\Brijesh 4_EPOCX_782854_2026.04.22T11.42.43+05.30.md.bp.csv,Brijesh 4_EPOCX_782854_2026.04.22T11.42.43+05.30.md.bp.csv,.csv,EMOTIV_EEG_CSV,7.136,2026-08-14T15:26:50.645476+00:00,52a31980d5754c427b79b1243ec30de9d6031696f085e8004aa7d394cdb82afe,Brijesh 4,EPOCX,E50210EA,128,eeg_128;mot_64;pow_8,14,EEG.AF3|EEG.F7|EEG.F3|EEG.FC5|EEG.T7|EEG.P7|EEG.O1|EEG.O2|EEG.P8|EEG.T8|EEG.FC6|EEG.F4|EEG.F8|EEG.AF4,1776838363.160846,1776838465.262278,102.101,1.7,13077,Timestamp|EEG.Counter|EEG.Interpolated|EEG.AF3|EEG.F7|EEG.F3|EEG.FC5|EEG.T7|EEG.P7|EEG.O1|EEG.O2|EEG.P8|EEG.T8|EEG.FC6|EEG.F4|EEG.F8|EEG.AF4|EEG.RawCq|EEG.Battery|EEG.BatteryPercent|MarkerIndex|MarkerType|MarkerValueInt|EEG.MarkerHardware|CQ.AF3|CQ.F7|CQ.F3|CQ.FC5|CQ.T7|CQ.P7|CQ.O1|CQ.O2|CQ.P8|CQ.T8|CQ.FC6|CQ.F4|CQ.F8|CQ.AF4|CQ.Overall|EQ.SampleRateQuality|EQ.OVERALL|EQ.AF3|EQ.F7|EQ.F3|EQ.FC5|EQ.T7|EQ.P7|EQ.O1|EQ.O2|EQ.P8|EQ.T8|EQ.FC6|EQ.F4|EQ.F8|EQ.AF4|MOT.CounterMems|MOT.InterpolatedMems|MOT.Q0|MOT.Q1|MOT.Q2|MOT.Q3|MOT.AccX|MOT.AccY|MOT.AccZ|MOT.MagX|MOT.MagY|MOT.MagZ|POW.AF3.Theta|POW.AF3.Alpha|POW.AF3.BetaL|POW.AF3.BetaH|POW.AF3.Gamma|POW.F7.Theta|POW.F7.Alpha|POW.F7.BetaL|POW.F7.BetaH|POW.F7.Gamma|POW.F3.Theta|POW.F3.Alpha|POW.F3.BetaL|POW.F3.BetaH|POW.F3.Gamma|POW.FC5.Theta|POW.FC5.Alpha|POW.FC5.BetaL|POW.FC5.BetaH|POW.FC5.Gamma|POW.T7.Theta|POW.T7.Alpha|POW.T7.BetaL|POW.T7.BetaH|POW.T7.Gamma|POW.P7.Theta|POW.P7.Alpha|POW.P7.BetaL|POW.P7.BetaH|POW.P7.Gamma|POW.O1.Theta|POW.O1.Alpha|POW.O1.BetaL|POW.O1.BetaH|POW.O1.Gamma|POW.O2.Theta|POW.O2.Alpha|POW.O2.BetaL|POW.O2.BetaH|POW.O2.Gamma|POW.P8.Theta|POW.P8.Alpha|POW.P8.BetaL|POW.P8.BetaH|POW.P8.Gamma|POW.T8.Theta|POW.T8.Alpha|POW.T8.BetaL|POW.T8.BetaH|POW.T8.Gamma|POW.FC6.Theta|POW.FC6.Alpha|POW.FC6.BetaL|POW.FC6.BetaH|POW.FC6.Gamma|POW.F4.Theta|POW.F4.Alpha|POW.F4.BetaL|POW.F4.BetaH|POW.F4.Gamma|POW.F8.Theta|POW.F8.Alpha|POW.F8.BetaL|POW.F8.BetaH|POW.F8.Gamma|POW.AF4.Theta|POW.AF4.Alpha|POW.AF4.BetaL|POW.AF4.BetaH|POW.AF4.Gamma,137,,,,,,,,,CQ.AF3|CQ.F7|CQ.F3|CQ.FC5|CQ.T7|CQ.P7|CQ.O1|CQ.O2|CQ.P8|CQ.T8|CQ.FC6|CQ.F4|CQ.F8|CQ.AF4|CQ.Overall,70,MOT.CounterMems|MOT.InterpolatedMems|MOT.Q0|MOT.Q1|MOT.Q2|MOT.Q3|MOT.AccX|MOT.AccY|MOT.AccZ|MOT.MagX|MOT.MagY|MOT.MagZ,,,,,EEG_PRIMARY,HIGH,OK
D:\Projects\Major-Project\Data\Emotive\BCI data\1\BCI data\New folder\Brijesh 4_EPOCX_782854_2026.04.22T11.42.43+05.30_intervalMarker.csv,Brijesh 4_EPOCX_782854_2026.04.22T11.42.43+05.30_intervalMarker.csv,.csv,EMOTIV_INTERVAL_MARKER_CSV,0.0,2026-08-14T15:26:49.417932+00:00,93df7c37e408b4873c307444e07373379ad7913a4927f731d4d1327094cc91d7,,,,,,,,,,,,,latency|duration|type|marker_value|key|timestamp|marker_id,,0,,,,,,,,,,,,,,,EVENT_MARKER,HIGH,OK
D:\Projects\Major-Project\Data\Emotive\BCI data\1\BCI data\New folder\bunny_EPOCX_780182_2026.04.19T12.19.03+05.30.json,bunny_EPOCX_780182_2026.04.19T12.19.03+05.30.json,.json,EMOTIV_JSON_METADATA,0.004,2026-08-14T15:26:48.798467+00:00,cb85f26a4a519c1a88040d21fcdd33aa43754011f385042a509a41d46baebc3f,,EPOCX,,,,,,,,,,,,,,6,Eyes Opened|Eyes Closed|Blink eye while relaxing,Baseline EmotivPRO|KeyStroke,2999752b-e9d8-4a41-82d2-21ad9e9cef4a,com.emotiv.emotivpro,2026-05-15T17:17:22.442+05:30,bahubali-aiml,,,,,,,,EEG_METADATA,HIGH,OK
D:\Projects\Major-Project\Data\Emotive\BCI data\1\BCI data\New folder\bunny_EPOCX_780182_2026.04.19T12.19.03+05.30.md.bp.csv,bunny_EPOCX_780182_2026.04.19T12.19.03+05.30.md.bp.csv,.csv,EMOTIV_EEG_CSV,37.922,2026-08-14T15:26:53.362947+00:00,375227f27132241c452f31faa2d19016402216ef5ea692e3c9bb1660ed11d1cf,bunny,EPOCX,E50210EA,128,eeg_128;mot_32;pow_8,14,EEG.AF3|EEG.F7|EEG.F3|EEG.FC5|EEG.T7|EEG.P7|EEG.O1|EEG.O2|EEG.P8|EEG.T8|EEG.FC6|EEG.F4|EEG.F8|EEG.AF4,1776581343.405893,1776581912.785274,569.379,9.49,72921,Timestamp|EEG.Counter|EEG.Interpolated|EEG.AF3|EEG.F7|EEG.F3|EEG.FC5|EEG.T7|EEG.P7|EEG.O1|EEG.O2|EEG.P8|EEG.T8|EEG.FC6|EEG.F4|EEG.F8|EEG.AF4|EEG.RawCq|EEG.Battery|EEG.BatteryPercent|MarkerIndex|MarkerType|MarkerValueInt|EEG.MarkerHardware|CQ.AF3|CQ.F7|CQ.F3|CQ.FC5|CQ.T7|CQ.P7|CQ.O1|CQ.O2|CQ.P8|CQ.T8|CQ.FC6|CQ.F4|CQ.F8|CQ.AF4|CQ.Overall|EQ.SampleRateQuality|EQ.OVERALL|EQ.AF3|EQ.F7|EQ.F3|EQ.FC5|EQ.T7|EQ.P7|EQ.O1|EQ.O2|EQ.P8|EQ.T8|EQ.FC6|EQ.F4|EQ.F8|EQ.AF4|MOT.CounterMems|MOT.InterpolatedMems|MOT.Q0|MOT.Q1|MOT.Q2|MOT.Q3|MOT.AccX|MOT.AccY|MOT.AccZ|MOT.MagX|MOT.MagY|MOT.MagZ|POW.AF3.Theta|POW.AF3.Alpha|POW.AF3.BetaL|POW.AF3.BetaH|POW.AF3.Gamma|POW.F7.Theta|POW.F7.Alpha|POW.F7.BetaL|POW.F7.BetaH|POW.F7.Gamma|POW.F3.Theta|POW.F3.Alpha|POW.F3.BetaL|POW.F3.BetaH|POW.F3.Gamma|POW.FC5.Theta|POW.FC5.Alpha|POW.FC5.BetaL|POW.FC5.BetaH|POW.FC5.Gamma|POW.T7.Theta|POW.T7.Alpha|POW.T7.BetaL|POW.T7.BetaH|POW.T7.Gamma|POW.P7.Theta|POW.P7.Alpha|POW.P7.BetaL|POW.P7.BetaH|POW.P7.Gamma|POW.O1.Theta|POW.O1.Alpha|POW.O1.BetaL|POW.O1.BetaH|POW.O1.Gamma|POW.O2.Theta|POW.O2.Alpha|POW.O2.BetaL|POW.O2.BetaH|POW.O2.Gamma|POW.P8.Theta|POW.P8.Alpha|POW.P8.BetaL|POW.P8.BetaH|POW.P8.Gamma|POW.T8.Theta|POW.T8.Alpha|POW.T8.BetaL|POW.T8.BetaH|POW.T8.Gamma|POW.FC6.Theta|POW.FC6.Alpha|POW.FC6.BetaL|POW.FC6.BetaH|POW.FC6.Gamma|POW.F4.Theta|POW.F4.Alpha|POW.F4.BetaL|POW.F4.BetaH|POW.F4.Gamma|POW.F8.Theta|POW.F8.Alpha|POW.F8.BetaL|POW.F8.BetaH|POW.F8.Gamma|POW.AF4.Theta|POW.AF4.Alpha|POW.AF4.BetaL|POW.AF4.BetaH|POW.AF4.Gamma,137,,,,,,,,,CQ.AF3|CQ.F7|CQ.F3|CQ.FC5|CQ.T7|CQ.P7|CQ.O1|CQ.O2|CQ.P8|CQ.T8|CQ.FC6|CQ.F4|CQ.F8|CQ.AF4|CQ.Overall,70,MOT.CounterMems|MOT.InterpolatedMems|MOT.Q0|MOT.Q1|MOT.Q2|MOT.Q3|MOT.AccX|MOT.AccY|MOT.AccZ|MOT.MagX|MOT.MagY|MOT.MagZ,,,,,EEG_PRIMARY,HIGH,OK
D:\Projects\Major-Project\Data\Emotive\BCI data\1\BCI data\New folder\bunny_EPOCX_780182_2026.04.19T12.19.03+05.30_intervalMarker.csv,bunny_EPOCX_780182_2026.04.19T12.19.03+05.30_intervalMarker.csv,.csv,EMOTIV_INTERVAL_MARKER_CSV,0.0,2026-08-14T15:26:48.660671+00:00,dddcdef0094673327b5f70c89fa9ed0a40865709b75f9df53c1d06279a0e4443,,,,,,,,,,,,,latency|duration|type|marker_value|key|timestamp|marker_id,,6,,Eyes_Closed|Blink_eye_while_relaxing|Eyes_Opened,,,,,,,,,,,,,EVENT_MARKER,HIGH,OK
D:\Projects\Major-Project\Data\Emotive\BCI data\1\BCI data\New folder\Darshini_EPOCX_587822_2026.04.16T15.42.49+05.30.json,Darshini_EPOCX_587822_2026.04.16T15.42.49+05.30.json,.json,EMOTIV_JSON_METADATA,0.006,2026-08-14T15:26:48.497884+00:00,458f06cea0878827bf9c4b991a5b35a6ce8de200e982948cd41d96544a9f947e,,EPOCX,,,,,,,,,,,,,,9,Eyes Opened|Eyes Closed|Blink eye while relaxing,Baseline EmotivPRO|KeyStroke,24f2abff-8e87-40c6-b5d3-69dce7bd170d,com.emotiv.emotivpro,2026-05-15T17:14:40.711+05:30,bahubali-aiml,,,,,,,,EEG_METADATA,HIGH,OK
D:\Projects\Major-Project\Data\Emotive\BCI data\1\BCI data\New folder\Darshini_EPOCX_587822_2026.04.16T15.42.49+05.30_intervalMarker.csv,Darshini_EPOCX_587822_2026.04.16T15.42.49+05.30_intervalMarker.csv,.csv,EMOTIV_INTERVAL_MARKER_CSV,0.001,2026-08-14T15:26:48.714895+00:00,5ae532f8f8f07c5fce87d64052e6ff6f380cf0e7980add88fa5a64c42b382d97,,,,,,,,,,,,,latency|duration|type|marker_value|key|timestamp|marker_id,,9,,Eyes_Closed|Blink_eye_while_relaxing|Eyes_Opened,,,,,,,,,,,,,EVENT_MARKER,HIGH,OK
D:\Projects\Major-Project\Data\Emotive\BCI data\1\BCI data\New folder\dhanush H U_EPOCX_778793_2026.04.17T12.08.25+05.30.json,dhanush H U_EPOCX_778793_2026.04.17T12.08.25+05.30.json,.json,EMOTIV_JSON_METADATA,0.028,2026-08-14T15:26:48.631663+00:00,63be33b4a46c3c043b8afcf95e6dbfa5f3cf08b3039887a23651a9373a042d32,,EPOCX,,,,,,,,,,,,,,47,Eyes Opened|Eyes Closed|Blink eye while relaxing,Baseline EmotivPRO|KeyStroke,844c58c7-2221-469d-ba76-0088f89a85dd,com.emotiv.emotivpro,2026-05-15T17:15:05.239+05:30,bahubali-aiml,,,,,,,,EEG_METADATA,HIGH,OK
D:\Projects\Major-Project\Data\Emotive\BCI data\1\BCI data\New folder\dhanush H U_EPOCX_778793_2026.04.17T12.08.25+05.30.md.bp.csv,dhanush H U_EPOCX_778793_2026.04.17T12.08.25+05.30.md.bp.csv,.csv,EMOTIV_EEG_CSV,49.218,2026-08-14T15:26:55.405305+00:00,efa940295575f0238105297ca330714fe401c6afb681f02e2bc441ba811a9fe7,dhanush H U,EPOCX,E50210EA,128,eeg_128;mot_32;pow_8,14,EEG.AF3|EEG.F7|EEG.F3|EEG.FC5|EEG.T7|EEG.P7|EEG.O1|EEG.O2|EEG.P8|EEG.T8|EEG.FC6|EEG.F4|EEG.F8|EEG.AF4,1776407905.207495,1776408619.321653,714.114,11.9,91457,Timestamp|OriginalTimestamp|EEG.Counter|EEG.Interpolated|EEG.AF3|EEG.F7|EEG.F3|EEG.FC5|EEG.T7|EEG.P7|EEG.O1|EEG.O2|EEG.P8|EEG.T8|EEG.FC6|EEG.F4|EEG.F8|EEG.AF4|EEG.RawCq|EEG.Battery|EEG.BatteryPercent|MarkerIndex|MarkerType|MarkerValueInt|EEG.MarkerHardware|CQ.AF3|CQ.F7|CQ.F3|CQ.FC5|CQ.T7|CQ.P7|CQ.O1|CQ.O2|CQ.P8|CQ.T8|CQ.FC6|CQ.F4|CQ.F8|CQ.AF4|CQ.Overall|EQ.SampleRateQuality|EQ.OVERALL|EQ.AF3|EQ.F7|EQ.F3|EQ.FC5|EQ.T7|EQ.P7|EQ.O1|EQ.O2|EQ.P8|EQ.T8|EQ.FC6|EQ.F4|EQ.F8|EQ.AF4|MOT.CounterMems|MOT.InterpolatedMems|MOT.Q0|MOT.Q1|MOT.Q2|MOT.Q3|MOT.AccX|MOT.AccY|MOT.AccZ|MOT.MagX|MOT.MagY|MOT.MagZ|POW.AF3.Theta|POW.AF3.Alpha|POW.AF3.BetaL|POW.AF3.BetaH|POW.AF3.Gamma|POW.F7.Theta|POW.F7.Alpha|POW.F7.BetaL|POW.F7.BetaH|POW.F7.Gamma|POW.F3.Theta|POW.F3.Alpha|POW.F3.BetaL|POW.F3.BetaH|POW.F3.Gamma|POW.FC5.Theta|POW.FC5.Alpha|POW.FC5.BetaL|POW.FC5.BetaH|POW.FC5.Gamma|POW.T7.Theta|POW.T7.Alpha|POW.T7.BetaL|POW.T7.BetaH|POW.T7.Gamma|POW.P7.Theta|POW.P7.Alpha|POW.P7.BetaL|POW.P7.BetaH|POW.P7.Gamma|POW.O1.Theta|POW.O1.Alpha|POW.O1.BetaL|POW.O1.BetaH|POW.O1.Gamma|POW.O2.Theta|POW.O2.Alpha|POW.O2.BetaL|POW.O2.BetaH|POW.O2.Gamma|POW.P8.Theta|POW.P8.Alpha|POW.P8.BetaL|POW.P8.BetaH|POW.P8.Gamma|POW.T8.Theta|POW.T8.Alpha|POW.T8.BetaL|POW.T8.BetaH|POW.T8.Gamma|POW.FC6.Theta|POW.FC6.Alpha|POW.FC6.BetaL|POW.FC6.BetaH|POW.FC6.Gamma|POW.F4.Theta|POW.F4.Alpha|POW.F4.BetaL|POW.F4.BetaH|POW.F4.Gamma|POW.F8.Theta|POW.F8.Alpha|POW.F8.BetaL|POW.F8.BetaH|POW.F8.Gamma|POW.AF4.Theta|POW.AF4.Alpha|POW.AF4.BetaL|POW.AF4.BetaH|POW.AF4.Gamma,138,,,,,,,,,CQ.AF3|CQ.F7|CQ.F3|CQ.FC5|CQ.T7|CQ.P7|CQ.O1|CQ.O2|CQ.P8|CQ.T8|CQ.FC6|CQ.F4|CQ.F8|CQ.AF4|CQ.Overall,70,MOT.CounterMems|MOT.InterpolatedMems|MOT.Q0|MOT.Q1|MOT.Q2|MOT.Q3|MOT.AccX|MOT.AccY|MOT.AccZ|MOT.MagX|MOT.MagY|MOT.MagZ,,,,,EEG_PRIMARY,HIGH,OK
D:\Projects\Major-Project\Data\Emotive\BCI data\1\BCI data\New folder\dhanush H U_EPOCX_778793_2026.04.17T12.08.25+05.30_intervalMarker.csv,dhanush H U_EPOCX_778793_2026.04.17T12.08.25+05.30_intervalMarker.csv,.csv,EMOTIV_INTERVAL_MARKER_CSV,0.003,2026-08-14T15:26:48.906981+00:00,a5547f8811fccdd65fc7d7bb3a2c5ccfcd8ebf355c8d1173b60a0bc4b36c72dd,,,,,,,,,,,,,latency|duration|type|marker_value|key|timestamp|marker_id,,47,,Eyes_Closed|Blink_eye_while_relaxing|Eyes_Opened,,,,,,,,,,,,,EVENT_MARKER,HIGH,OK
D:\Projects\Major-Project\Data\Emotive\BCI data\1\BCI data\New folder\Dhrshan G_EPOCX_777672_2026.04.16T14.53.42+05.30.json,Dhrshan G_EPOCX_777672_2026.04.16T14.53.42+05.30.json,.json,EMOTIV_JSON_METADATA,0.005,2026-08-14T15:26:48.549127+00:00,95d621f03f3088f793768f5de560344ce28065313132a25cebdb559a24ffaa06,,EPOCX,,,,,,,,,,,,,,7,Eyes Opened|Eyes Closed|Blink eye while relaxing,Baseline EmotivPRO|KeyStroke,9ed72779-e51c-4d8d-be32-720e6b7c1ed4,com.emotiv.emotivpro,2026-05-15T17:13:51.088+05:30,bahubali-aiml,,,,,,,,EEG_METADATA,HIGH,OK
D:\Projects\Major-Project\Data\Emotive\BCI data\1\BCI data\New folder\Dhrshan G_EPOCX_777672_2026.04.16T14.53.42+05.30.md.bp.csv,Dhrshan G_EPOCX_777672_2026.04.16T14.53.42+05.30.md.bp.csv,.csv,EMOTIV_EEG_CSV,49.623,2026-08-14T15:26:55.966811+00:00,89944d00e85192e498cf8242aa1dbfee2f114bac042e1fa09063d5e1471e21f2,Dhrshan G,EPOCX,E50210EA,128,eeg_128;mot_32;pow_8,14,EEG.AF3|EEG.F7|EEG.F3|EEG.FC5|EEG.T7|EEG.P7|EEG.O1|EEG.O2|EEG.P8|EEG.T8|EEG.FC6|EEG.F4|EEG.F8|EEG.AF4,1776331422.98652,1776332170.159769,747.173,12.45,95279,Timestamp|EEG.Counter|EEG.Interpolated|EEG.AF3|EEG.F7|EEG.F3|EEG.FC5|EEG.T7|EEG.P7|EEG.O1|EEG.O2|EEG.P8|EEG.T8|EEG.FC6|EEG.F4|EEG.F8|EEG.AF4|EEG.RawCq|EEG.Battery|EEG.BatteryPercent|MarkerIndex|MarkerType|MarkerValueInt|EEG.MarkerHardware|CQ.AF3|CQ.F7|CQ.F3|CQ.FC5|CQ.T7|CQ.P7|CQ.O1|CQ.O2|CQ.P8|CQ.T8|CQ.FC6|CQ.F4|CQ.F8|CQ.AF4|CQ.Overall|EQ.SampleRateQuality|EQ.OVERALL|EQ.AF3|EQ.F7|EQ.F3|EQ.FC5|EQ.T7|EQ.P7|EQ.O1|EQ.O2|EQ.P8|EQ.T8|EQ.FC6|EQ.F4|EQ.F8|EQ.AF4|MOT.CounterMems|MOT.InterpolatedMems|MOT.Q0|MOT.Q1|MOT.Q2|MOT.Q3|MOT.AccX|MOT.AccY|MOT.AccZ|MOT.MagX|MOT.MagY|MOT.MagZ|POW.AF3.Theta|POW.AF3.Alpha|POW.AF3.BetaL|POW.AF3.BetaH|POW.AF3.Gamma|POW.F7.Theta|POW.F7.Alpha|POW.F7.BetaL|POW.F7.BetaH|POW.F7.Gamma|POW.F3.Theta|POW.F3.Alpha|POW.F3.BetaL|POW.F3.BetaH|POW.F3.Gamma|POW.FC5.Theta|POW.FC5.Alpha|POW.FC5.BetaL|POW.FC5.BetaH|POW.FC5.Gamma|POW.T7.Theta|POW.T7.Alpha|POW.T7.BetaL|POW.T7.BetaH|POW.T7.Gamma|POW.P7.Theta|POW.P7.Alpha|POW.P7.BetaL|POW.P7.BetaH|POW.P7.Gamma|POW.O1.Theta|POW.O1.Alpha|POW.O1.BetaL|POW.O1.BetaH|POW.O1.Gamma|POW.O2.Theta|POW.O2.Alpha|POW.O2.BetaL|POW.O2.BetaH|POW.O2.Gamma|POW.P8.Theta|POW.P8.Alpha|POW.P8.BetaL|POW.P8.BetaH|POW.P8.Gamma|POW.T8.Theta|POW.T8.Alpha|POW.T8.BetaL|POW.T8.BetaH|POW.T8.Gamma|POW.FC6.Theta|POW.FC6.Alpha|POW.FC6.BetaL|POW.FC6.BetaH|POW.FC6.Gamma|POW.F4.Theta|POW.F4.Alpha|POW.F4.BetaL|POW.F4.BetaH|POW.F4.Gamma|POW.F8.Theta|POW.F8.Alpha|POW.F8.BetaL|POW.F8.BetaH|POW.F8.Gamma|POW.AF4.Theta|POW.AF4.Alpha|POW.AF4.BetaL|POW.AF4.BetaH|POW.AF4.Gamma,137,,,,,,,,,CQ.AF3|CQ.F7|CQ.F3|CQ.FC5|CQ.T7|CQ.P7|CQ.O1|CQ.O2|CQ.P8|CQ.T8|CQ.FC6|CQ.F4|CQ.F8|CQ.AF4|CQ.Overall,70,MOT.CounterMems|MOT.InterpolatedMems|MOT.Q0|MOT.Q1|MOT.Q2|MOT.Q3|MOT.AccX|MOT.AccY|MOT.AccZ|MOT.MagX|MOT.MagY|MOT.MagZ,,,,,EEG_PRIMARY,HIGH,OK
D:\Projects\Major-Project\Data\Emotive\BCI data\1\BCI data\New folder\Dhrshan G_EPOCX_777672_2026.04.16T14.53.42+05.30_intervalMarker.csv,Dhrshan G_EPOCX_777672_2026.04.16T14.53.42+05.30_intervalMarker.csv,.csv,EMOTIV_INTERVAL_MARKER_CSV,0.001,2026-08-14T15:26:48.470213+00:00,4868e2a842195439958d0276107c0f21f61b45016e48361bc4b4e29229a859a4,,,,,,,,,,,,,latency|duration|type|marker_value|key|timestamp|marker_id,,7,,Eyes_Closed|Blink_eye_while_relaxing|Eyes_Opened,,,,,,,,,,,,,EVENT_MARKER,HIGH,OK
D:\Projects\Major-Project\Data\Emotive\BCI data\1\BCI data\New folder\girish_EPOCX_775856_2026.04.15T10.14.18+05.30.json,girish_EPOCX_775856_2026.04.15T10.14.18+05.30.json,.json,EMOTIV_JSON_METADATA,0.002,2026-08-14T15:26:56.614817+00:00,dbf4860da487e472dbe07ca110234cd8c33d3702d016bcc173ae176c8b12e5cc,,EPOCX,,,,,,,,,,,,,,2,Eyes Opened|Eyes Closed,Baseline EmotivPRO,0fdfce1f-24f0-43ec-bb79-7739d4e1fbe5,com.emotiv.emotivpro,2026-05-15T17:11:49.733+05:30,bahubali-aiml,,,,,,,,EEG_METADATA,HIGH,OK
D:\Projects\Major-Project\Data\Emotive\BCI data\1\BCI data\New folder\girish_EPOCX_775856_2026.04.15T10.14.18+05.30_intervalMarker.csv,girish_EPOCX_775856_2026.04.15T10.14.18+05.30_intervalMarker.csv,.csv,EMOTIV_INTERVAL_MARKER_CSV,0.0,2026-08-14T15:26:50.300855+00:00,596681e3ee746813ab2aa3e59593580365d00ddc1e10c1d9b4da3af8ca82843e,,,,,,,,,,,,,latency|duration|type|marker_value|key|timestamp|marker_id,,2,,Eyes_Closed|Eyes_Opened,,,,,,,,,,,,,EVENT_MARKER,HIGH,OK
D:\Projects\Major-Project\Data\Emotive\BCI data\1\BCI data\New folder\Kushal_EPOCX_587822_2026.04.30T15.59.49+05.30.json,Kushal_EPOCX_587822_2026.04.30T15.59.49+05.30.json,.json,EMOTIV_JSON_METADATA,0.002,2026-08-14T15:26:50.678020+00:00,e85ff577b8f70b91ad9b29c677bb993bfccfd471b7f43a72d589d2f1a03a1337,,EPOCX,,,,,,,,,,,,,,2,Eyes Opened|Eyes Closed,Baseline EmotivPRO,430a6e2a-c851-4c33-9210-203881fb25a3,com.emotiv.emotivpro,2026-05-15T17:09:32.910+05:30,bahubali-aiml,,,,,,,,EEG_METADATA,HIGH,OK
D:\Projects\Major-Project\Data\Emotive\BCI data\1\BCI data\New folder\Kushal_EPOCX_587822_2026.04.30T15.59.49+05.30_intervalMarker.csv,Kushal_EPOCX_587822_2026.04.30T15.59.49+05.30_intervalMarker.csv,.csv,EMOTIV_INTERVAL_MARKER_CSV,0.0,2026-08-14T15:26:54.000374+00:00,a7eb2d5fc2cfc4c500d30bc3410e008126593d9dd31335c79ea8ec71f8c30cce,,,,,,,,,,,,,latency|duration|type|marker_value|key|timestamp|marker_id,,2,,Eyes_Closed|Eyes_Opened,,,,,,,,,,,,,EVENT_MARKER,HIGH,OK
D:\Projects\Major-Project\Data\Emotive\BCI data\1\BCI data\New folder\Lakshmi_EPOCX_587822_2026.04.22T15.06.14+05.30.json,Lakshmi_EPOCX_587822_2026.04.22T15.06.14+05.30.json,.json,EMOTIV_JSON_METADATA,0.001,2026-08-14T15:26:49.877402+00:00,6d0afc70757c4952e18142b5b9d203ba77820dd5a53a39219c791cd53ac1ee0b,,EPOCX,,,,,,,,,,,,,,0,,,7c741a82-a45c-43c0-8cad-0f79349f10d2,com.emotiv.emotivpro,2026-05-15T17:03:40.714+05:30,bahubali-aiml,,,,,,,,EEG_METADATA,HIGH,OK
D:\Projects\Major-Project\Data\Emotive\BCI data\1\BCI data\New folder\Lakshmi_EPOCX_587822_2026.04.22T15.06.14+05.30.md.bp.csv,Lakshmi_EPOCX_587822_2026.04.22T15.06.14+05.30.md.bp.csv,.csv,EMOTIV_EEG_CSV,40.369,2026-08-14T15:26:57.617914+00:00,0c6cb0353be2f43306f1426a5f2d296b66f15aae7803b13bcb89f1398f48dc42,Lakshmi,EPOCX,E50210EA,128,eeg_128;mot_64;pow_8,14,EEG.AF3|EEG.F7|EEG.F3|EEG.FC5|EEG.T7|EEG.P7|EEG.O1|EEG.O2|EEG.P8|EEG.T8|EEG.FC6|EEG.F4|EEG.F8|EEG.AF4,1776850574.949276,1776851134.177844,559.229,9.32,71621,Timestamp|OriginalTimestamp|EEG.Counter|EEG.Interpolated|EEG.AF3|EEG.F7|EEG.F3|EEG.FC5|EEG.T7|EEG.P7|EEG.O1|EEG.O2|EEG.P8|EEG.T8|EEG.FC6|EEG.F4|EEG.F8|EEG.AF4|EEG.RawCq|EEG.Battery|EEG.BatteryPercent|MarkerIndex|MarkerType|MarkerValueInt|EEG.MarkerHardware|CQ.AF3|CQ.F7|CQ.F3|CQ.FC5|CQ.T7|CQ.P7|CQ.O1|CQ.O2|CQ.P8|CQ.T8|CQ.FC6|CQ.F4|CQ.F8|CQ.AF4|CQ.Overall|EQ.SampleRateQuality|EQ.OVERALL|EQ.AF3|EQ.F7|EQ.F3|EQ.FC5|EQ.T7|EQ.P7|EQ.O1|EQ.O2|EQ.P8|EQ.T8|EQ.FC6|EQ.F4|EQ.F8|EQ.AF4|MOT.CounterMems|MOT.InterpolatedMems|MOT.Q0|MOT.Q1|MOT.Q2|MOT.Q3|MOT.AccX|MOT.AccY|MOT.AccZ|MOT.MagX|MOT.MagY|MOT.MagZ|POW.AF3.Theta|POW.AF3.Alpha|POW.AF3.BetaL|POW.AF3.BetaH|POW.AF3.Gamma|POW.F7.Theta|POW.F7.Alpha|POW.F7.BetaL|POW.F7.BetaH|POW.F7.Gamma|POW.F3.Theta|POW.F3.Alpha|POW.F3.BetaL|POW.F3.BetaH|POW.F3.Gamma|POW.FC5.Theta|POW.FC5.Alpha|POW.FC5.BetaL|POW.FC5.BetaH|POW.FC5.Gamma|POW.T7.Theta|POW.T7.Alpha|POW.T7.BetaL|POW.T7.BetaH|POW.T7.Gamma|POW.P7.Theta|POW.P7.Alpha|POW.P7.BetaL|POW.P7.BetaH|POW.P7.Gamma|POW.O1.Theta|POW.O1.Alpha|POW.O1.BetaL|POW.O1.BetaH|POW.O1.Gamma|POW.O2.Theta|POW.O2.Alpha|POW.O2.BetaL|POW.O2.BetaH|POW.O2.Gamma|POW.P8.Theta|POW.P8.Alpha|POW.P8.BetaL|POW.P8.BetaH|POW.P8.Gamma|POW.T8.Theta|POW.T8.Alpha|POW.T8.BetaL|POW.T8.BetaH|POW.T8.Gamma|POW.FC6.Theta|POW.FC6.Alpha|POW.FC6.BetaL|POW.FC6.BetaH|POW.FC6.Gamma|POW.F4.Theta|POW.F4.Alpha|POW.F4.BetaL|POW.F4.BetaH|POW.F4.Gamma|POW.F8.Theta|POW.F8.Alpha|POW.F8.BetaL|POW.F8.BetaH|POW.F8.Gamma|POW.AF4.Theta|POW.AF4.Alpha|POW.AF4.BetaL|POW.AF4.BetaH|POW.AF4.Gamma,138,,,,,,,,,CQ.AF3|CQ.F7|CQ.F3|CQ.FC5|CQ.T7|CQ.P7|CQ.O1|CQ.O2|CQ.P8|CQ.T8|CQ.FC6|CQ.F4|CQ.F8|CQ.AF4|CQ.Overall,70,MOT.CounterMems|MOT.InterpolatedMems|MOT.Q0|MOT.Q1|MOT.Q2|MOT.Q3|MOT.AccX|MOT.AccY|MOT.AccZ|MOT.MagX|MOT.MagY|MOT.MagZ,,,,,EEG_PRIMARY,HIGH,OK
D:\Projects\Major-Project\Data\Emotive\BCI data\1\BCI data\New folder\Lakshmi_EPOCX_587822_2026.04.22T15.06.14+05.30_intervalMarker.csv,Lakshmi_EPOCX_587822_2026.04.22T15.06.14+05.30_intervalMarker.csv,.csv,EMOTIV_INTERVAL_MARKER_CSV,0.0,2026-08-14T15:26:49.530205+00:00,93df7c37e408b4873c307444e07373379ad7913a4927f731d4d1327094cc91d7,,,,,,,,,,,,,latency|duration|type|marker_value|key|timestamp|marker_id,,0,,,,,,,,,,,,,,,EVENT_MARKER,HIGH,OK
D:\Projects\Major-Project\Data\Emotive\BCI data\1\BCI data\New folder\m1_EPOCX_773447_2026.04.13T16.00.31+05.30.json,m1_EPOCX_773447_2026.04.13T16.00.31+05.30.json,.json,EMOTIV_JSON_METADATA,0.006,2026-08-14T15:26:50.742033+00:00,b044d6ecedf04f089138f116a3800a7c5761cdd9ce44653f1f7127c46543e6d9,,EPOCX,,,,,,,,,,,,,,9,Blink eye while relaxing,KeyStroke,05457b59-32b7-460e-9222-092e4a2a1fd4,com.emotiv.emotivpro,2026-05-15T17:11:20.052+05:30,bahubali-aiml,,,,,,,,EEG_METADATA,HIGH,OK
D:\Projects\Major-Project\Data\Emotive\BCI data\1\BCI data\New folder\m1_EPOCX_773447_2026.04.13T16.00.31+05.30_intervalMarker.csv,m1_EPOCX_773447_2026.04.13T16.00.31+05.30_intervalMarker.csv,.csv,EMOTIV_INTERVAL_MARKER_CSV,0.001,2026-08-14T15:26:53.390380+00:00,3aa495e6d52f58d939abac7b603f70d3780a4f57cd98d6f6760230516702c090,,,,,,,,,,,,,latency|duration|type|marker_value|key|timestamp|marker_id,,9,,Blink_eye_while_relaxing,,,,,,,,,,,,,EVENT_MARKER,HIGH,OK
D:\Projects\Major-Project\Data\Emotive\BCI data\1\BCI data\New folder\Maanya_EPOCX_587822_2026.04.28T15.55.16+05.30(1).json,Maanya_EPOCX_587822_2026.04.28T15.55.16+05.30(1).json,.json,EMOTIV_JSON_METADATA,0.002,2026-08-14T15:26:53.416399+00:00,9515fe74214598e80a76d1a8e8edddf5bb1a8b4aeb95a74837bb3f6cfef7aebd,,EPOCX,,,,,,,,,,,,,,2,Eyes Opened|Eyes Closed,Baseline EmotivPRO,290fbde4-b5be-4684-92d9-a6b8f2c0c99a,com.emotiv.emotivpro,2026-05-15T17:08:28.676+05:30,bahubali-aiml,,,,,,,,EEG_METADATA,HIGH,OK
D:\Projects\Major-Project\Data\Emotive\BCI data\1\BCI data\New folder\Maanya_EPOCX_587822_2026.04.28T15.55.16+05.30(1)_intervalMarker.csv,Maanya_EPOCX_587822_2026.04.28T15.55.16+05.30(1)_intervalMarker.csv,.csv,EMOTIV_INTERVAL_MARKER_CSV,0.0,2026-08-14T15:26:49.104348+00:00,63a8fcabfe89d80f1c154e4125eb01fd4427718525af6f52d89a03f5418f7a3c,,,,,,,,,,,,,latency|duration|type|marker_value|key|timestamp|marker_id,,2,,Eyes_Closed|Eyes_Opened,,,,,,,,,,,,,EVENT_MARKER,HIGH,OK
D:\Projects\Major-Project\Data\Emotive\BCI data\1\BCI data\New folder\Maanya_EPOCX_587822_2026.04.28T15.55.16+05.30.json,Maanya_EPOCX_587822_2026.04.28T15.55.16+05.30.json,.json,EMOTIV_JSON_METADATA,0.002,2026-08-14T15:26:57.127415+00:00,e3ffbe605f1553b24e91b9c398b6e2b3d6a01e9ed49bb627d207dc551c6998f9,,EPOCX,,,,,,,,,,,,,,2,Eyes Opened|Eyes Closed,Baseline EmotivPRO,290fbde4-b5be-4684-92d9-a6b8f2c0c99a,com.emotiv.emotivpro,2026-05-15T17:08:02.650+05:30,bahubali-aiml,,,,,,,,EEG_METADATA,HIGH,OK
D:\Projects\Major-Project\Data\Emotive\BCI data\1\BCI data\New folder\Maanya_EPOCX_587822_2026.04.28T15.55.16+05.30.md.bp.csv,Maanya_EPOCX_587822_2026.04.28T15.55.16+05.30.md.bp.csv,.csv,EMOTIV_EEG_CSV,57.696,2026-08-14T15:27:04.835775+00:00,a68b23f3e04498ad79a1de21cfd8e6de4fdd7aff3f5b0fa435deb2061aa421cd,Maanya,EPOCX,E50210EA,128,eeg_128;mot_64;pow_8,14,EEG.AF3|EEG.F7|EEG.F3|EEG.FC5|EEG.T7|EEG.P7|EEG.O1|EEG.O2|EEG.P8|EEG.T8|EEG.FC6|EEG.F4|EEG.F8|EEG.AF4,1777371916.511084,1777372719.607245,803.096,13.38,102853,Timestamp|OriginalTimestamp|EEG.Counter|EEG.Interpolated|EEG.AF3|EEG.F7|EEG.F3|EEG.FC5|EEG.T7|EEG.P7|EEG.O1|EEG.O2|EEG.P8|EEG.T8|EEG.FC6|EEG.F4|EEG.F8|EEG.AF4|EEG.RawCq|EEG.Battery|EEG.BatteryPercent|MarkerIndex|MarkerType|MarkerValueInt|EEG.MarkerHardware|CQ.AF3|CQ.F7|CQ.F3|CQ.FC5|CQ.T7|CQ.P7|CQ.O1|CQ.O2|CQ.P8|CQ.T8|CQ.FC6|CQ.F4|CQ.F8|CQ.AF4|CQ.Overall|EQ.SampleRateQuality|EQ.OVERALL|EQ.AF3|EQ.F7|EQ.F3|EQ.FC5|EQ.T7|EQ.P7|EQ.O1|EQ.O2|EQ.P8|EQ.T8|EQ.FC6|EQ.F4|EQ.F8|EQ.AF4|MOT.CounterMems|MOT.InterpolatedMems|MOT.Q0|MOT.Q1|MOT.Q2|MOT.Q3|MOT.AccX|MOT.AccY|MOT.AccZ|MOT.MagX|MOT.MagY|MOT.MagZ|POW.AF3.Theta|POW.AF3.Alpha|POW.AF3.BetaL|POW.AF3.BetaH|POW.AF3.Gamma|POW.F7.Theta|POW.F7.Alpha|POW.F7.BetaL|POW.F7.BetaH|POW.F7.Gamma|POW.F3.Theta|POW.F3.Alpha|POW.F3.BetaL|POW.F3.BetaH|POW.F3.Gamma|POW.FC5.Theta|POW.FC5.Alpha|POW.FC5.BetaL|POW.FC5.BetaH|POW.FC5.Gamma|POW.T7.Theta|POW.T7.Alpha|POW.T7.BetaL|POW.T7.BetaH|POW.T7.Gamma|POW.P7.Theta|POW.P7.Alpha|POW.P7.BetaL|POW.P7.BetaH|POW.P7.Gamma|POW.O1.Theta|POW.O1.Alpha|POW.O1.BetaL|POW.O1.BetaH|POW.O1.Gamma|POW.O2.Theta|POW.O2.Alpha|POW.O2.BetaL|POW.O2.BetaH|POW.O2.Gamma|POW.P8.Theta|POW.P8.Alpha|POW.P8.BetaL|POW.P8.BetaH|POW.P8.Gamma|POW.T8.Theta|POW.T8.Alpha|POW.T8.BetaL|POW.T8.BetaH|POW.T8.Gamma|POW.FC6.Theta|POW.FC6.Alpha|POW.FC6.BetaL|POW.FC6.BetaH|POW.FC6.Gamma|POW.F4.Theta|POW.F4.Alpha|POW.F4.BetaL|POW.F4.BetaH|POW.F4.Gamma|POW.F8.Theta|POW.F8.Alpha|POW.F8.BetaL|POW.F8.BetaH|POW.F8.Gamma|POW.AF4.Theta|POW.AF4.Alpha|POW.AF4.BetaL|POW.AF4.BetaH|POW.AF4.Gamma,138,,,,,,,,,CQ.AF3|CQ.F7|CQ.F3|CQ.FC5|CQ.T7|CQ.P7|CQ.O1|CQ.O2|CQ.P8|CQ.T8|CQ.FC6|CQ.F4|CQ.F8|CQ.AF4|CQ.Overall,70,MOT.CounterMems|MOT.InterpolatedMems|MOT.Q0|MOT.Q1|MOT.Q2|MOT.Q3|MOT.AccX|MOT.AccY|MOT.AccZ|MOT.MagX|MOT.MagY|MOT.MagZ,,,,,EEG_PRIMARY,HIGH,OK
D:\Projects\Major-Project\Data\Emotive\BCI data\1\BCI data\New folder\Maanya_EPOCX_587822_2026.04.28T15.55.16+05.30_intervalMarker.csv,Maanya_EPOCX_587822_2026.04.28T15.55.16+05.30_intervalMarker.csv,.csv,EMOTIV_INTERVAL_MARKER_CSV,0.0,2026-08-14T15:26:49.246889+00:00,63a8fcabfe89d80f1c154e4125eb01fd4427718525af6f52d89a03f5418f7a3c,,,,,,,,,,,,,latency|duration|type|marker_value|key|timestamp|marker_id,,2,,Eyes_Closed|Eyes_Opened,,,,,,,,,,,,,EVENT_MARKER,HIGH,OK
D:\Projects\Major-Project\Data\Emotive\BCI data\1\BCI data\New folder\manu_EPOCX_587822_2026.04.17T15.00.49+05.30.json,manu_EPOCX_587822_2026.04.17T15.00.49+05.30.json,.json,EMOTIV_JSON_METADATA,0.002,2026-08-14T15:26:48.960731+00:00,64f82b24d8c6d3a0922c2b565ef3cdf661248b96ffc7af6094a57aecf68c503d,,EPOCX,,,,,,,,,,,,,,2,Eyes Opened|Eyes Closed,Baseline EmotivPRO,e3788401-731d-4f09-a67a-c0e5d47b39e9,com.emotiv.emotivpro,2026-05-15T17:15:37.347+05:30,bahubali-aiml,,,,,,,,EEG_METADATA,HIGH,OK
D:\Projects\Major-Project\Data\Emotive\BCI data\1\BCI data\New folder\manu_EPOCX_587822_2026.04.17T15.00.49+05.30.md.bp.csv,manu_EPOCX_587822_2026.04.17T15.00.49+05.30.md.bp.csv,.csv,EMOTIV_EEG_CSV,33.506,2026-08-14T15:26:52.911278+00:00,a5099e2a36da6afd6d5acdd2b05ad9e31fd901ac1b8ba90450888cef39f95adb,manu,EPOCX,E50210EA,128,eeg_128;mot_32;pow_8,14,EEG.AF3|EEG.F7|EEG.F3|EEG.FC5|EEG.T7|EEG.P7|EEG.O1|EEG.O2|EEG.P8|EEG.T8|EEG.FC6|EEG.F4|EEG.F8|EEG.AF4,1776418249.523643,1776419058.244334,808.721,13.48,64332,Timestamp|EEG.Counter|EEG.Interpolated|EEG.AF3|EEG.F7|EEG.F3|EEG.FC5|EEG.T7|EEG.P7|EEG.O1|EEG.O2|EEG.P8|EEG.T8|EEG.FC6|EEG.F4|EEG.F8|EEG.AF4|EEG.RawCq|EEG.Battery|EEG.BatteryPercent|MarkerIndex|MarkerType|MarkerValueInt|EEG.MarkerHardware|CQ.AF3|CQ.F7|CQ.F3|CQ.FC5|CQ.T7|CQ.P7|CQ.O1|CQ.O2|CQ.P8|CQ.T8|CQ.FC6|CQ.F4|CQ.F8|CQ.AF4|CQ.Overall|EQ.SampleRateQuality|EQ.OVERALL|EQ.AF3|EQ.F7|EQ.F3|EQ.FC5|EQ.T7|EQ.P7|EQ.O1|EQ.O2|EQ.P8|EQ.T8|EQ.FC6|EQ.F4|EQ.F8|EQ.AF4|MOT.CounterMems|MOT.InterpolatedMems|MOT.Q0|MOT.Q1|MOT.Q2|MOT.Q3|MOT.AccX|MOT.AccY|MOT.AccZ|MOT.MagX|MOT.MagY|MOT.MagZ|POW.AF3.Theta|POW.AF3.Alpha|POW.AF3.BetaL|POW.AF3.BetaH|POW.AF3.Gamma|POW.F7.Theta|POW.F7.Alpha|POW.F7.BetaL|POW.F7.BetaH|POW.F7.Gamma|POW.F3.Theta|POW.F3.Alpha|POW.F3.BetaL|POW.F3.BetaH|POW.F3.Gamma|POW.FC5.Theta|POW.FC5.Alpha|POW.FC5.BetaL|POW.FC5.BetaH|POW.FC5.Gamma|POW.T7.Theta|POW.T7.Alpha|POW.T7.BetaL|POW.T7.BetaH|POW.T7.Gamma|POW.P7.Theta|POW.P7.Alpha|POW.P7.BetaL|POW.P7.BetaH|POW.P7.Gamma|POW.O1.Theta|POW.O1.Alpha|POW.O1.BetaL|POW.O1.BetaH|POW.O1.Gamma|POW.O2.Theta|POW.O2.Alpha|POW.O2.BetaL|POW.O2.BetaH|POW.O2.Gamma|POW.P8.Theta|POW.P8.Alpha|POW.P8.BetaL|POW.P8.BetaH|POW.P8.Gamma|POW.T8.Theta|POW.T8.Alpha|POW.T8.BetaL|POW.T8.BetaH|POW.T8.Gamma|POW.FC6.Theta|POW.FC6.Alpha|POW.FC6.BetaL|POW.FC6.BetaH|POW.FC6.Gamma|POW.F4.Theta|POW.F4.Alpha|POW.F4.BetaL|POW.F4.BetaH|POW.F4.Gamma|POW.F8.Theta|POW.F8.Alpha|POW.F8.BetaL|POW.F8.BetaH|POW.F8.Gamma|POW.AF4.Theta|POW.AF4.Alpha|POW.AF4.BetaL|POW.AF4.BetaH|POW.AF4.Gamma,137,,,,,,,,,CQ.AF3|CQ.F7|CQ.F3|CQ.FC5|CQ.T7|CQ.P7|CQ.O1|CQ.O2|CQ.P8|CQ.T8|CQ.FC6|CQ.F4|CQ.F8|CQ.AF4|CQ.Overall,70,MOT.CounterMems|MOT.InterpolatedMems|MOT.Q0|MOT.Q1|MOT.Q2|MOT.Q3|MOT.AccX|MOT.AccY|MOT.AccZ|MOT.MagX|MOT.MagY|MOT.MagZ,,,,,EEG_PRIMARY,HIGH,OK
D:\Projects\Major-Project\Data\Emotive\BCI data\1\BCI data\New folder\manu_EPOCX_587822_2026.04.17T15.00.49+05.30_intervalMarker.csv,manu_EPOCX_587822_2026.04.17T15.00.49+05.30_intervalMarker.csv,.csv,EMOTIV_INTERVAL_MARKER_CSV,0.0,2026-08-14T15:26:49.160357+00:00,80f85a1dff296b38acb4fff8270e7c52d373292c8f2c496430879694d3ee5938,,,,,,,,,,,,,latency|duration|type|marker_value|key|timestamp|marker_id,,2,,Eyes_Closed|Eyes_Opened,,,,,,,,,,,,,EVENT_MARKER,HIGH,OK
D:\Projects\Major-Project\Data\Emotive\BCI data\1\BCI data\New folder\niranjan k_EPOCX_784239_2026.04.23T10.09.05+05.30.json,niranjan k_EPOCX_784239_2026.04.23T10.09.05+05.30.json,.json,EMOTIV_JSON_METADATA,0.012,2026-08-14T15:26:50.450406+00:00,7193ce684429ac2b4b6a65fb2f615e36f6239afa1061f8cb7d15cc867712f6ec,,EPOCX,,,,,,,,,,,,,,19,Eyes Opened|Eyes Closed|Blink eye while relaxing,Baseline EmotivPRO|KeyStroke,3fd438ab-b359-4090-a7fb-ee6e783b1b62,com.emotiv.emotivpro,2026-05-15T17:04:38.888+05:30,bahubali-aiml,,,,,,,,EEG_METADATA,HIGH,OK
D:\Projects\Major-Project\Data\Emotive\BCI data\1\BCI data\New folder\niranjan k_EPOCX_784239_2026.04.23T10.09.05+05.30.md.bp.csv,niranjan k_EPOCX_784239_2026.04.23T10.09.05+05.30.md.bp.csv,.csv,EMOTIV_EEG_CSV,56.002,2026-08-14T15:27:02.163709+00:00,e9ba9eed54de9788ccb68b46811e0dd2932376535e481c1caba3c998c2bc475a,niranjan k,EPOCX,E50210EA,128,eeg_128;mot_64;pow_8,14,EEG.AF3|EEG.F7|EEG.F3|EEG.FC5|EEG.T7|EEG.P7|EEG.O1|EEG.O2|EEG.P8|EEG.T8|EEG.FC6|EEG.F4|EEG.F8|EEG.AF4,1776919145.088719,1776919921.481146,776.392,12.94,99433,Timestamp|OriginalTimestamp|EEG.Counter|EEG.Interpolated|EEG.AF3|EEG.F7|EEG.F3|EEG.FC5|EEG.T7|EEG.P7|EEG.O1|EEG.O2|EEG.P8|EEG.T8|EEG.FC6|EEG.F4|EEG.F8|EEG.AF4|EEG.RawCq|EEG.Battery|EEG.BatteryPercent|MarkerIndex|MarkerType|MarkerValueInt|EEG.MarkerHardware|CQ.AF3|CQ.F7|CQ.F3|CQ.FC5|CQ.T7|CQ.P7|CQ.O1|CQ.O2|CQ.P8|CQ.T8|CQ.FC6|CQ.F4|CQ.F8|CQ.AF4|CQ.Overall|EQ.SampleRateQuality|EQ.OVERALL|EQ.AF3|EQ.F7|EQ.F3|EQ.FC5|EQ.T7|EQ.P7|EQ.O1|EQ.O2|EQ.P8|EQ.T8|EQ.FC6|EQ.F4|EQ.F8|EQ.AF4|MOT.CounterMems|MOT.InterpolatedMems|MOT.Q0|MOT.Q1|MOT.Q2|MOT.Q3|MOT.AccX|MOT.AccY|MOT.AccZ|MOT.MagX|MOT.MagY|MOT.MagZ|POW.AF3.Theta|POW.AF3.Alpha|POW.AF3.BetaL|POW.AF3.BetaH|POW.AF3.Gamma|POW.F7.Theta|POW.F7.Alpha|POW.F7.BetaL|POW.F7.BetaH|POW.F7.Gamma|POW.F3.Theta|POW.F3.Alpha|POW.F3.BetaL|POW.F3.BetaH|POW.F3.Gamma|POW.FC5.Theta|POW.FC5.Alpha|POW.FC5.BetaL|POW.FC5.BetaH|POW.FC5.Gamma|POW.T7.Theta|POW.T7.Alpha|POW.T7.BetaL|POW.T7.BetaH|POW.T7.Gamma|POW.P7.Theta|POW.P7.Alpha|POW.P7.BetaL|POW.P7.BetaH|POW.P7.Gamma|POW.O1.Theta|POW.O1.Alpha|POW.O1.BetaL|POW.O1.BetaH|POW.O1.Gamma|POW.O2.Theta|POW.O2.Alpha|POW.O2.BetaL|POW.O2.BetaH|POW.O2.Gamma|POW.P8.Theta|POW.P8.Alpha|POW.P8.BetaL|POW.P8.BetaH|POW.P8.Gamma|POW.T8.Theta|POW.T8.Alpha|POW.T8.BetaL|POW.T8.BetaH|POW.T8.Gamma|POW.FC6.Theta|POW.FC6.Alpha|POW.FC6.BetaL|POW.FC6.BetaH|POW.FC6.Gamma|POW.F4.Theta|POW.F4.Alpha|POW.F4.BetaL|POW.F4.BetaH|POW.F4.Gamma|POW.F8.Theta|POW.F8.Alpha|POW.F8.BetaL|POW.F8.BetaH|POW.F8.Gamma|POW.AF4.Theta|POW.AF4.Alpha|POW.AF4.BetaL|POW.AF4.BetaH|POW.AF4.Gamma,138,,,,,,,,,CQ.AF3|CQ.F7|CQ.F3|CQ.FC5|CQ.T7|CQ.P7|CQ.O1|CQ.O2|CQ.P8|CQ.T8|CQ.FC6|CQ.F4|CQ.F8|CQ.AF4|CQ.Overall,70,MOT.CounterMems|MOT.InterpolatedMems|MOT.Q0|MOT.Q1|MOT.Q2|MOT.Q3|MOT.AccX|MOT.AccY|MOT.AccZ|MOT.MagX|MOT.MagY|MOT.MagZ,,,,,EEG_PRIMARY,HIGH,OK
D:\Projects\Major-Project\Data\Emotive\BCI data\1\BCI data\New folder\niranjan k_EPOCX_784239_2026.04.23T10.09.05+05.30_intervalMarker.csv,niranjan k_EPOCX_784239_2026.04.23T10.09.05+05.30_intervalMarker.csv,.csv,EMOTIV_INTERVAL_MARKER_CSV,0.001,2026-08-14T15:26:49.389947+00:00,e99aba20af21b29dfb92e634fcbb2097bffecbffa7c8ab53cf3f4c720c42b68f,,,,,,,,,,,,,latency|duration|type|marker_value|key|timestamp|marker_id,,19,,Eyes_Closed|Blink_eye_while_relaxing|Eyes_Opened,,,,,,,,,,,,,EVENT_MARKER,HIGH,OK
D:\Projects\Major-Project\Data\Emotive\BCI data\1\BCI data\New folder\Nishanth_EPOCX_587822_2026.04.16T15.21.40+05.30.json,Nishanth_EPOCX_587822_2026.04.16T15.21.40+05.30.json,.json,EMOTIV_JSON_METADATA,0.002,2026-08-14T15:26:49.186912+00:00,225778eb3d1b493e147fdb7d79bad331e42ea7eb4a84bc93fb855d23b62ed290,,EPOCX,,,,,,,,,,,,,,2,Eyes Opened|Eyes Closed,Baseline EmotivPRO,0cf6f839-439d-413d-8d7a-98952fccc5ed,com.emotiv.emotivpro,2026-05-15T17:14:08.730+05:30,bahubali-aiml,,,,,,,,EEG_METADATA,HIGH,OK
D:\Projects\Major-Project\Data\Emotive\BCI data\1\BCI data\New folder\Nishanth_EPOCX_587822_2026.04.16T15.21.40+05.30.md.bp.csv,Nishanth_EPOCX_587822_2026.04.16T15.21.40+05.30.md.bp.csv,.csv,EMOTIV_EEG_CSV,44.328,2026-08-14T15:26:51.857511+00:00,db4086a22fe48d84c555a3a66572543655a32b2d26a36ae50fb3efdfcd92bdd7,Nishanth,EPOCX,E50210EA,128,eeg_128;mot_32;pow_8,14,EEG.AF3|EEG.F7|EEG.F3|EEG.FC5|EEG.T7|EEG.P7|EEG.O1|EEG.O2|EEG.P8|EEG.T8|EEG.FC6|EEG.F4|EEG.F8|EEG.AF4,1776333100.283673,1776333811.431235,711.148,11.85,85101,Timestamp|EEG.Counter|EEG.Interpolated|EEG.AF3|EEG.F7|EEG.F3|EEG.FC5|EEG.T7|EEG.P7|EEG.O1|EEG.O2|EEG.P8|EEG.T8|EEG.FC6|EEG.F4|EEG.F8|EEG.AF4|EEG.RawCq|EEG.Battery|EEG.BatteryPercent|MarkerIndex|MarkerType|MarkerValueInt|EEG.MarkerHardware|CQ.AF3|CQ.F7|CQ.F3|CQ.FC5|CQ.T7|CQ.P7|CQ.O1|CQ.O2|CQ.P8|CQ.T8|CQ.FC6|CQ.F4|CQ.F8|CQ.AF4|CQ.Overall|EQ.SampleRateQuality|EQ.OVERALL|EQ.AF3|EQ.F7|EQ.F3|EQ.FC5|EQ.T7|EQ.P7|EQ.O1|EQ.O2|EQ.P8|EQ.T8|EQ.FC6|EQ.F4|EQ.F8|EQ.AF4|MOT.CounterMems|MOT.InterpolatedMems|MOT.Q0|MOT.Q1|MOT.Q2|MOT.Q3|MOT.AccX|MOT.AccY|MOT.AccZ|MOT.MagX|MOT.MagY|MOT.MagZ|POW.AF3.Theta|POW.AF3.Alpha|POW.AF3.BetaL|POW.AF3.BetaH|POW.AF3.Gamma|POW.F7.Theta|POW.F7.Alpha|POW.F7.BetaL|POW.F7.BetaH|POW.F7.Gamma|POW.F3.Theta|POW.F3.Alpha|POW.F3.BetaL|POW.F3.BetaH|POW.F3.Gamma|POW.FC5.Theta|POW.FC5.Alpha|POW.FC5.BetaL|POW.FC5.BetaH|POW.FC5.Gamma|POW.T7.Theta|POW.T7.Alpha|POW.T7.BetaL|POW.T7.BetaH|POW.T7.Gamma|POW.P7.Theta|POW.P7.Alpha|POW.P7.BetaL|POW.P7.BetaH|POW.P7.Gamma|POW.O1.Theta|POW.O1.Alpha|POW.O1.BetaL|POW.O1.BetaH|POW.O1.Gamma|POW.O2.Theta|POW.O2.Alpha|POW.O2.BetaL|POW.O2.BetaH|POW.O2.Gamma|POW.P8.Theta|POW.P8.Alpha|POW.P8.BetaL|POW.P8.BetaH|POW.P8.Gamma|POW.T8.Theta|POW.T8.Alpha|POW.T8.BetaL|POW.T8.BetaH|POW.T8.Gamma|POW.FC6.Theta|POW.FC6.Alpha|POW.FC6.BetaL|POW.FC6.BetaH|POW.FC6.Gamma|POW.F4.Theta|POW.F4.Alpha|POW.F4.BetaL|POW.F4.BetaH|POW.F4.Gamma|POW.F8.Theta|POW.F8.Alpha|POW.F8.BetaL|POW.F8.BetaH|POW.F8.Gamma|POW.AF4.Theta|POW.AF4.Alpha|POW.AF4.BetaL|POW.AF4.BetaH|POW.AF4.Gamma,137,,,,,,,,,CQ.AF3|CQ.F7|CQ.F3|CQ.FC5|CQ.T7|CQ.P7|CQ.O1|CQ.O2|CQ.P8|CQ.T8|CQ.FC6|CQ.F4|CQ.F8|CQ.AF4|CQ.Overall,70,MOT.CounterMems|MOT.InterpolatedMems|MOT.Q0|MOT.Q1|MOT.Q2|MOT.Q3|MOT.AccX|MOT.AccY|MOT.AccZ|MOT.MagX|MOT.MagY|MOT.MagZ,,,,,EEG_PRIMARY,HIGH,OK
D:\Projects\Major-Project\Data\Emotive\BCI data\1\BCI data\New folder\Nishanth_EPOCX_587822_2026.04.16T15.21.40+05.30_intervalMarker.csv,Nishanth_EPOCX_587822_2026.04.16T15.21.40+05.30_intervalMarker.csv,.csv,EMOTIV_INTERVAL_MARKER_CSV,0.0,2026-08-14T15:26:48.826467+00:00,fb6a52cbe3ff7c5ffe7ad6b8b63c33d722409b9410bdf0a0b856bd1a4af09e42,,,,,,,,,,,,,latency|duration|type|marker_value|key|timestamp|marker_id,,2,,Eyes_Closed|Eyes_Opened,,,,,,,,,,,,,EVENT_MARKER,HIGH,OK
D:\Projects\Major-Project\Data\Emotive\BCI data\1\BCI data\New folder\nitish_EPOCX_779486_2026.04.18T11.41.15+05.30.json,nitish_EPOCX_779486_2026.04.18T11.41.15+05.30.json,.json,EMOTIV_JSON_METADATA,0.033,2026-08-14T15:26:49.046280+00:00,dd2bc8275f8a650256dbb6d8c1056c35d614a0cf944133ded28f08c980f257ee,,EPOCX,,,,,,,,,,,,,,55,Eyes Opened|Eyes Closed|Blink eye while relaxing,Baseline EmotivPRO|KeyStroke,9f306578-4061-4c7f-af5d-efc9aa5b1e6c,com.emotiv.emotivpro,2026-05-15T17:16:51.544+05:30,bahubali-aiml,,,,,,,,EEG_METADATA,HIGH,OK
D:\Projects\Major-Project\Data\Emotive\BCI data\1\BCI data\New folder\nitish_EPOCX_779486_2026.04.18T11.41.15+05.30.md.bp.csv,nitish_EPOCX_779486_2026.04.18T11.41.15+05.30.md.bp.csv,.csv,EMOTIV_EEG_CSV,41.826,2026-08-14T15:26:57.101407+00:00,3c6bd4f434bb8b7d597eafb52e2b56096eb230a5cc50d3042265bf30bba915c0,nitish,EPOCX,E50210EA,128,eeg_128;mot_32;pow_8,14,EEG.AF3|EEG.F7|EEG.F3|EEG.FC5|EEG.T7|EEG.P7|EEG.O1|EEG.O2|EEG.P8|EEG.T8|EEG.FC6|EEG.F4|EEG.F8|EEG.AF4,1776492675.496498,1776493282.41893,606.922,10.12,77729,Timestamp|OriginalTimestamp|EEG.Counter|EEG.Interpolated|EEG.AF3|EEG.F7|EEG.F3|EEG.FC5|EEG.T7|EEG.P7|EEG.O1|EEG.O2|EEG.P8|EEG.T8|EEG.FC6|EEG.F4|EEG.F8|EEG.AF4|EEG.RawCq|EEG.Battery|EEG.BatteryPercent|MarkerIndex|MarkerType|MarkerValueInt|EEG.MarkerHardware|CQ.AF3|CQ.F7|CQ.F3|CQ.FC5|CQ.T7|CQ.P7|CQ.O1|CQ.O2|CQ.P8|CQ.T8|CQ.FC6|CQ.F4|CQ.F8|CQ.AF4|CQ.Overall|EQ.SampleRateQuality|EQ.OVERALL|EQ.AF3|EQ.F7|EQ.F3|EQ.FC5|EQ.T7|EQ.P7|EQ.O1|EQ.O2|EQ.P8|EQ.T8|EQ.FC6|EQ.F4|EQ.F8|EQ.AF4|MOT.CounterMems|MOT.InterpolatedMems|MOT.Q0|MOT.Q1|MOT.Q2|MOT.Q3|MOT.AccX|MOT.AccY|MOT.AccZ|MOT.MagX|MOT.MagY|MOT.MagZ|POW.AF3.Theta|POW.AF3.Alpha|POW.AF3.BetaL|POW.AF3.BetaH|POW.AF3.Gamma|POW.F7.Theta|POW.F7.Alpha|POW.F7.BetaL|POW.F7.BetaH|POW.F7.Gamma|POW.F3.Theta|POW.F3.Alpha|POW.F3.BetaL|POW.F3.BetaH|POW.F3.Gamma|POW.FC5.Theta|POW.FC5.Alpha|POW.FC5.BetaL|POW.FC5.BetaH|POW.FC5.Gamma|POW.T7.Theta|POW.T7.Alpha|POW.T7.BetaL|POW.T7.BetaH|POW.T7.Gamma|POW.P7.Theta|POW.P7.Alpha|POW.P7.BetaL|POW.P7.BetaH|POW.P7.Gamma|POW.O1.Theta|POW.O1.Alpha|POW.O1.BetaL|POW.O1.BetaH|POW.O1.Gamma|POW.O2.Theta|POW.O2.Alpha|POW.O2.BetaL|POW.O2.BetaH|POW.O2.Gamma|POW.P8.Theta|POW.P8.Alpha|POW.P8.BetaL|POW.P8.BetaH|POW.P8.Gamma|POW.T8.Theta|POW.T8.Alpha|POW.T8.BetaL|POW.T8.BetaH|POW.T8.Gamma|POW.FC6.Theta|POW.FC6.Alpha|POW.FC6.BetaL|POW.FC6.BetaH|POW.FC6.Gamma|POW.F4.Theta|POW.F4.Alpha|POW.F4.BetaL|POW.F4.BetaH|POW.F4.Gamma|POW.F8.Theta|POW.F8.Alpha|POW.F8.BetaL|POW.F8.BetaH|POW.F8.Gamma|POW.AF4.Theta|POW.AF4.Alpha|POW.AF4.BetaL|POW.AF4.BetaH|POW.AF4.Gamma,138,,,,,,,,,CQ.AF3|CQ.F7|CQ.F3|CQ.FC5|CQ.T7|CQ.P7|CQ.O1|CQ.O2|CQ.P8|CQ.T8|CQ.FC6|CQ.F4|CQ.F8|CQ.AF4|CQ.Overall,70,MOT.CounterMems|MOT.InterpolatedMems|MOT.Q0|MOT.Q1|MOT.Q2|MOT.Q3|MOT.AccX|MOT.AccY|MOT.AccZ|MOT.MagX|MOT.MagY|MOT.MagZ,,,,,EEG_PRIMARY,HIGH,OK
D:\Projects\Major-Project\Data\Emotive\BCI data\1\BCI data\New folder\nitish_EPOCX_779486_2026.04.18T11.41.15+05.30_intervalMarker.csv,nitish_EPOCX_779486_2026.04.18T11.41.15+05.30_intervalMarker.csv,.csv,EMOTIV_INTERVAL_MARKER_CSV,0.004,2026-08-14T15:26:48.576662+00:00,f6389e9cf4f9bffbf7a52989d3e427284342b6a61a28705725dbcb3da12f91dc,,,,,,,,,,,,,latency|duration|type|marker_value|key|timestamp|marker_id,,55,,Eyes_Closed|Blink_eye_while_relaxing|Eyes_Opened,,,,,,,,,,,,,EVENT_MARKER,HIGH,OK
D:\Projects\Major-Project\Data\Emotive\BCI data\1\BCI data\New folder\pradeep kumar_EPOCX_787408_2026.04.27T08.57.58+05.30.json,pradeep kumar_EPOCX_787408_2026.04.27T08.57.58+05.30.json,.json,EMOTIV_JSON_METADATA,0.032,2026-08-14T15:26:54.026372+00:00,1fbc335917ae29f91ac5cef451a78011889a0157df60016ca945e19431f583a5,,EPOCX,,,,,,,,,,,,,,54,Eyes Opened|Eyes Closed|Blink eye while relaxing,Baseline EmotivPRO|KeyStroke,51ec3987-ebc4-453a-b329-3b7b2ac42acf,com.emotiv.emotivpro,2026-05-15T17:07:48.116+05:30,bahubali-aiml,,,,,,,,EEG_METADATA,HIGH,OK
D:\Projects\Major-Project\Data\Emotive\BCI data\1\BCI data\New folder\pradeep kumar_EPOCX_787408_2026.04.27T08.57.58+05.30_intervalMarker.csv,pradeep kumar_EPOCX_787408_2026.04.27T08.57.58+05.30_intervalMarker.csv,.csv,EMOTIV_INTERVAL_MARKER_CSV,0.004,2026-08-14T15:26:58.045368+00:00,cf039d7711052782870cb34f239f8a87dd21a4a3af3cb6bcae0bd9c75d9c7d4d,,,,,,,,,,,,,latency|duration|type|marker_value|key|timestamp|marker_id,,54,,Eyes_Closed|Blink_eye_while_relaxing|Eyes_Opened,,,,,,,,,,,,,EVENT_MARKER,HIGH,OK
D:\Projects\Major-Project\Data\Emotive\BCI data\1\BCI data\New folder\Pragati_EPOCX_587822_2026.04.23T15.08.03+05.30.json,Pragati_EPOCX_587822_2026.04.23T15.08.03+05.30.json,.json,EMOTIV_JSON_METADATA,0.002,2026-08-14T15:26:49.848863+00:00,48e2465dc4efd472f4f6426b060e72ea2de8181c426508e83ce408578336d331,,EPOCX,,,,,,,,,,,,,,2,Eyes Opened|Eyes Closed,Baseline EmotivPRO,0594a686-44eb-460a-9d76-d535e067634c,com.emotiv.emotivpro,2026-05-15T17:05:11.909+05:30,bahubali-aiml,,,,,,,,EEG_METADATA,HIGH,OK
D:\Projects\Major-Project\Data\Emotive\BCI data\1\BCI data\New folder\Pragati_EPOCX_587822_2026.04.23T15.08.03+05.30.md.bp.csv,Pragati_EPOCX_587822_2026.04.23T15.08.03+05.30.md.bp.csv,.csv,EMOTIV_EEG_CSV,44.634,2026-08-14T15:26:59.173455+00:00,afa7b93f7a6caca599bbc4745e97a011bdda9785d6c6a39e8c1fdbdd2adccfb2,Pragati,EPOCX,E50210EA,128,eeg_128;mot_64;pow_8,14,EEG.AF3|EEG.F7|EEG.F3|EEG.FC5|EEG.T7|EEG.P7|EEG.O1|EEG.O2|EEG.P8|EEG.T8|EEG.FC6|EEG.F4|EEG.F8|EEG.AF4,1776937083.693329,1776938020.141413,936.448,15.61,81791,Timestamp|EEG.Counter|EEG.Interpolated|EEG.AF3|EEG.F7|EEG.F3|EEG.FC5|EEG.T7|EEG.P7|EEG.O1|EEG.O2|EEG.P8|EEG.T8|EEG.FC6|EEG.F4|EEG.F8|EEG.AF4|EEG.RawCq|EEG.Battery|EEG.BatteryPercent|MarkerIndex|MarkerType|MarkerValueInt|EEG.MarkerHardware|CQ.AF3|CQ.F7|CQ.F3|CQ.FC5|CQ.T7|CQ.P7|CQ.O1|CQ.O2|CQ.P8|CQ.T8|CQ.FC6|CQ.F4|CQ.F8|CQ.AF4|CQ.Overall|EQ.SampleRateQuality|EQ.OVERALL|EQ.AF3|EQ.F7|EQ.F3|EQ.FC5|EQ.T7|EQ.P7|EQ.O1|EQ.O2|EQ.P8|EQ.T8|EQ.FC6|EQ.F4|EQ.F8|EQ.AF4|MOT.CounterMems|MOT.InterpolatedMems|MOT.Q0|MOT.Q1|MOT.Q2|MOT.Q3|MOT.AccX|MOT.AccY|MOT.AccZ|MOT.MagX|MOT.MagY|MOT.MagZ|POW.AF3.Theta|POW.AF3.Alpha|POW.AF3.BetaL|POW.AF3.BetaH|POW.AF3.Gamma|POW.F7.Theta|POW.F7.Alpha|POW.F7.BetaL|POW.F7.BetaH|POW.F7.Gamma|POW.F3.Theta|POW.F3.Alpha|POW.F3.BetaL|POW.F3.BetaH|POW.F3.Gamma|POW.FC5.Theta|POW.FC5.Alpha|POW.FC5.BetaL|POW.FC5.BetaH|POW.FC5.Gamma|POW.T7.Theta|POW.T7.Alpha|POW.T7.BetaL|POW.T7.BetaH|POW.T7.Gamma|POW.P7.Theta|POW.P7.Alpha|POW.P7.BetaL|POW.P7.BetaH|POW.P7.Gamma|POW.O1.Theta|POW.O1.Alpha|POW.O1.BetaL|POW.O1.BetaH|POW.O1.Gamma|POW.O2.Theta|POW.O2.Alpha|POW.O2.BetaL|POW.O2.BetaH|POW.O2.Gamma|POW.P8.Theta|POW.P8.Alpha|POW.P8.BetaL|POW.P8.BetaH|POW.P8.Gamma|POW.T8.Theta|POW.T8.Alpha|POW.T8.BetaL|POW.T8.BetaH|POW.T8.Gamma|POW.FC6.Theta|POW.FC6.Alpha|POW.FC6.BetaL|POW.FC6.BetaH|POW.FC6.Gamma|POW.F4.Theta|POW.F4.Alpha|POW.F4.BetaL|POW.F4.BetaH|POW.F4.Gamma|POW.F8.Theta|POW.F8.Alpha|POW.F8.BetaL|POW.F8.BetaH|POW.F8.Gamma|POW.AF4.Theta|POW.AF4.Alpha|POW.AF4.BetaL|POW.AF4.BetaH|POW.AF4.Gamma,137,,,,,,,,,CQ.AF3|CQ.F7|CQ.F3|CQ.FC5|CQ.T7|CQ.P7|CQ.O1|CQ.O2|CQ.P8|CQ.T8|CQ.FC6|CQ.F4|CQ.F8|CQ.AF4|CQ.Overall,70,MOT.CounterMems|MOT.InterpolatedMems|MOT.Q0|MOT.Q1|MOT.Q2|MOT.Q3|MOT.AccX|MOT.AccY|MOT.AccZ|MOT.MagX|MOT.MagY|MOT.MagZ,,,,,EEG_PRIMARY,HIGH,OK
D:\Projects\Major-Project\Data\Emotive\BCI data\1\BCI data\New folder\Pragati_EPOCX_587822_2026.04.23T15.08.03+05.30_intervalMarker.csv,Pragati_EPOCX_587822_2026.04.23T15.08.03+05.30_intervalMarker.csv,.csv,EMOTIV_INTERVAL_MARKER_CSV,0.0,2026-08-14T15:26:49.301418+00:00,3d6c2a9fdbff8d98198ffad3da1bf09c109bd9fbc5b4bb867556ad6e5b379437,,,,,,,,,,,,,latency|duration|type|marker_value|key|timestamp|marker_id,,2,,Eyes_Closed|Eyes_Opened,,,,,,,,,,,,,EVENT_MARKER,HIGH,OK
D:\Projects\Major-Project\Data\Emotive\BCI data\1\BCI data\New folder\prajesh_EPOCX_587822_2026.04.17T16.02.42+05.30.json,prajesh_EPOCX_587822_2026.04.17T16.02.42+05.30.json,.json,EMOTIV_JSON_METADATA,0.002,2026-08-14T15:26:48.329169+00:00,c57668e3728aa7c5d150ffa761e0745b9194f8fa605a4368f34b8c0c91ccc4ea,,EPOCX,,,,,,,,,,,,,,2,Eyes Opened|Eyes Closed,Baseline EmotivPRO,9a1f7867-2eca-4a74-9352-7db980ce9576,com.emotiv.emotivpro,2026-05-15T17:15:53.946+05:30,bahubali-aiml,,,,,,,,EEG_METADATA,HIGH,OK
D:\Projects\Major-Project\Data\Emotive\BCI data\1\BCI data\New folder\prajesh_EPOCX_587822_2026.04.17T16.02.42+05.30.md.bp.csv,prajesh_EPOCX_587822_2026.04.17T16.02.42+05.30.md.bp.csv,.csv,EMOTIV_EEG_CSV,43.976,2026-08-14T15:26:51.350633+00:00,941d2eb5d60e00ce4215b57e10166d9f51f938fd9e904b0773c2481084a7c535,prajesh,EPOCX,E50210EA,128,eeg_128;mot_32;pow_8,14,EEG.AF3|EEG.F7|EEG.F3|EEG.FC5|EEG.T7|EEG.P7|EEG.O1|EEG.O2|EEG.P8|EEG.T8|EEG.FC6|EEG.F4|EEG.F8|EEG.AF4,1776421962.942325,1776422600.8166,637.874,10.63,81693,Timestamp|OriginalTimestamp|EEG.Counter|EEG.Interpolated|EEG.AF3|EEG.F7|EEG.F3|EEG.FC5|EEG.T7|EEG.P7|EEG.O1|EEG.O2|EEG.P8|EEG.T8|EEG.FC6|EEG.F4|EEG.F8|EEG.AF4|EEG.RawCq|EEG.Battery|EEG.BatteryPercent|MarkerIndex|MarkerType|MarkerValueInt|EEG.MarkerHardware|CQ.AF3|CQ.F7|CQ.F3|CQ.FC5|CQ.T7|CQ.P7|CQ.O1|CQ.O2|CQ.P8|CQ.T8|CQ.FC6|CQ.F4|CQ.F8|CQ.AF4|CQ.Overall|EQ.SampleRateQuality|EQ.OVERALL|EQ.AF3|EQ.F7|EQ.F3|EQ.FC5|EQ.T7|EQ.P7|EQ.O1|EQ.O2|EQ.P8|EQ.T8|EQ.FC6|EQ.F4|EQ.F8|EQ.AF4|MOT.CounterMems|MOT.InterpolatedMems|MOT.Q0|MOT.Q1|MOT.Q2|MOT.Q3|MOT.AccX|MOT.AccY|MOT.AccZ|MOT.MagX|MOT.MagY|MOT.MagZ|POW.AF3.Theta|POW.AF3.Alpha|POW.AF3.BetaL|POW.AF3.BetaH|POW.AF3.Gamma|POW.F7.Theta|POW.F7.Alpha|POW.F7.BetaL|POW.F7.BetaH|POW.F7.Gamma|POW.F3.Theta|POW.F3.Alpha|POW.F3.BetaL|POW.F3.BetaH|POW.F3.Gamma|POW.FC5.Theta|POW.FC5.Alpha|POW.FC5.BetaL|POW.FC5.BetaH|POW.FC5.Gamma|POW.T7.Theta|POW.T7.Alpha|POW.T7.BetaL|POW.T7.BetaH|POW.T7.Gamma|POW.P7.Theta|POW.P7.Alpha|POW.P7.BetaL|POW.P7.BetaH|POW.P7.Gamma|POW.O1.Theta|POW.O1.Alpha|POW.O1.BetaL|POW.O1.BetaH|POW.O1.Gamma|POW.O2.Theta|POW.O2.Alpha|POW.O2.BetaL|POW.O2.BetaH|POW.O2.Gamma|POW.P8.Theta|POW.P8.Alpha|POW.P8.BetaL|POW.P8.BetaH|POW.P8.Gamma|POW.T8.Theta|POW.T8.Alpha|POW.T8.BetaL|POW.T8.BetaH|POW.T8.Gamma|POW.FC6.Theta|POW.FC6.Alpha|POW.FC6.BetaL|POW.FC6.BetaH|POW.FC6.Gamma|POW.F4.Theta|POW.F4.Alpha|POW.F4.BetaL|POW.F4.BetaH|POW.F4.Gamma|POW.F8.Theta|POW.F8.Alpha|POW.F8.BetaL|POW.F8.BetaH|POW.F8.Gamma|POW.AF4.Theta|POW.AF4.Alpha|POW.AF4.BetaL|POW.AF4.BetaH|POW.AF4.Gamma,138,,,,,,,,,CQ.AF3|CQ.F7|CQ.F3|CQ.FC5|CQ.T7|CQ.P7|CQ.O1|CQ.O2|CQ.P8|CQ.T8|CQ.FC6|CQ.F4|CQ.F8|CQ.AF4|CQ.Overall,70,MOT.CounterMems|MOT.InterpolatedMems|MOT.Q0|MOT.Q1|MOT.Q2|MOT.Q3|MOT.AccX|MOT.AccY|MOT.AccZ|MOT.MagX|MOT.MagY|MOT.MagZ,,,,,EEG_PRIMARY,HIGH,OK
D:\Projects\Major-Project\Data\Emotive\BCI data\1\BCI data\New folder\prajesh_EPOCX_587822_2026.04.17T16.02.42+05.30_intervalMarker.csv,prajesh_EPOCX_587822_2026.04.17T16.02.42+05.30_intervalMarker.csv,.csv,EMOTIV_INTERVAL_MARKER_CSV,0.0,2026-08-14T15:26:48.359161+00:00,553af493152f84fa35e22f8ee48887f9dd1d9b240175de23db9bf7513c7166c7,,,,,,,,,,,,,latency|duration|type|marker_value|key|timestamp|marker_id,,2,,Eyes_Closed|Eyes_Opened,,,,,,,,,,,,,EVENT_MARKER,HIGH,OK
D:\Projects\Major-Project\Data\Emotive\BCI data\1\BCI data\New folder\Prathap_EPOCX_587822_2026.04.17T14.13.21+05.30.json,Prathap_EPOCX_587822_2026.04.17T14.13.21+05.30.json,.json,EMOTIV_JSON_METADATA,0.002,2026-08-14T15:26:49.273903+00:00,6b9824c60336b1a985863999b04af5d650e1f112efdcd100f90cd91a41a03f7b,,EPOCX,,,,,,,,,,,,,,2,Eyes Opened|Eyes Closed,Baseline EmotivPRO,356e7bc8-ccea-4ac3-ab8d-8af8c39f30e1,com.emotiv.emotivpro,2026-05-15T17:15:21.102+05:30,bahubali-aiml,,,,,,,,EEG_METADATA,HIGH,OK
D:\Projects\Major-Project\Data\Emotive\BCI data\1\BCI data\New folder\Prathap_EPOCX_587822_2026.04.17T14.13.21+05.30.md.bp.csv,Prathap_EPOCX_587822_2026.04.17T14.13.21+05.30.md.bp.csv,.csv,EMOTIV_EEG_CSV,43.606,2026-08-14T15:26:53.970509+00:00,d28617c73f521aee5965f05626fbba6f72ebee717f261c6aed5c0925f7724751,Prathap,EPOCX,E50210EA,128,eeg_128;mot_32;pow_8,14,EEG.AF3|EEG.F7|EEG.F3|EEG.FC5|EEG.T7|EEG.P7|EEG.O1|EEG.O2|EEG.P8|EEG.T8|EEG.FC6|EEG.F4|EEG.F8|EEG.AF4,1776415401.712609,1776416125.571506,723.859,12.06,83706,Timestamp|EEG.Counter|EEG.Interpolated|EEG.AF3|EEG.F7|EEG.F3|EEG.FC5|EEG.T7|EEG.P7|EEG.O1|EEG.O2|EEG.P8|EEG.T8|EEG.FC6|EEG.F4|EEG.F8|EEG.AF4|EEG.RawCq|EEG.Battery|EEG.BatteryPercent|MarkerIndex|MarkerType|MarkerValueInt|EEG.MarkerHardware|CQ.AF3|CQ.F7|CQ.F3|CQ.FC5|CQ.T7|CQ.P7|CQ.O1|CQ.O2|CQ.P8|CQ.T8|CQ.FC6|CQ.F4|CQ.F8|CQ.AF4|CQ.Overall|EQ.SampleRateQuality|EQ.OVERALL|EQ.AF3|EQ.F7|EQ.F3|EQ.FC5|EQ.T7|EQ.P7|EQ.O1|EQ.O2|EQ.P8|EQ.T8|EQ.FC6|EQ.F4|EQ.F8|EQ.AF4|MOT.CounterMems|MOT.InterpolatedMems|MOT.Q0|MOT.Q1|MOT.Q2|MOT.Q3|MOT.AccX|MOT.AccY|MOT.AccZ|MOT.MagX|MOT.MagY|MOT.MagZ|POW.AF3.Theta|POW.AF3.Alpha|POW.AF3.BetaL|POW.AF3.BetaH|POW.AF3.Gamma|POW.F7.Theta|POW.F7.Alpha|POW.F7.BetaL|POW.F7.BetaH|POW.F7.Gamma|POW.F3.Theta|POW.F3.Alpha|POW.F3.BetaL|POW.F3.BetaH|POW.F3.Gamma|POW.FC5.Theta|POW.FC5.Alpha|POW.FC5.BetaL|POW.FC5.BetaH|POW.FC5.Gamma|POW.T7.Theta|POW.T7.Alpha|POW.T7.BetaL|POW.T7.BetaH|POW.T7.Gamma|POW.P7.Theta|POW.P7.Alpha|POW.P7.BetaL|POW.P7.BetaH|POW.P7.Gamma|POW.O1.Theta|POW.O1.Alpha|POW.O1.BetaL|POW.O1.BetaH|POW.O1.Gamma|POW.O2.Theta|POW.O2.Alpha|POW.O2.BetaL|POW.O2.BetaH|POW.O2.Gamma|POW.P8.Theta|POW.P8.Alpha|POW.P8.BetaL|POW.P8.BetaH|POW.P8.Gamma|POW.T8.Theta|POW.T8.Alpha|POW.T8.BetaL|POW.T8.BetaH|POW.T8.Gamma|POW.FC6.Theta|POW.FC6.Alpha|POW.FC6.BetaL|POW.FC6.BetaH|POW.FC6.Gamma|POW.F4.Theta|POW.F4.Alpha|POW.F4.BetaL|POW.F4.BetaH|POW.F4.Gamma|POW.F8.Theta|POW.F8.Alpha|POW.F8.BetaL|POW.F8.BetaH|POW.F8.Gamma|POW.AF4.Theta|POW.AF4.Alpha|POW.AF4.BetaL|POW.AF4.BetaH|POW.AF4.Gamma,137,,,,,,,,,CQ.AF3|CQ.F7|CQ.F3|CQ.FC5|CQ.T7|CQ.P7|CQ.O1|CQ.O2|CQ.P8|CQ.T8|CQ.FC6|CQ.F4|CQ.F8|CQ.AF4|CQ.Overall,70,MOT.CounterMems|MOT.InterpolatedMems|MOT.Q0|MOT.Q1|MOT.Q2|MOT.Q3|MOT.AccX|MOT.AccY|MOT.AccZ|MOT.MagX|MOT.MagY|MOT.MagZ,,,,,EEG_PRIMARY,HIGH,OK
D:\Projects\Major-Project\Data\Emotive\BCI data\1\BCI data\New folder\Prathap_EPOCX_587822_2026.04.17T14.13.21+05.30_intervalMarker.csv,Prathap_EPOCX_587822_2026.04.17T14.13.21+05.30_intervalMarker.csv,.csv,EMOTIV_INTERVAL_MARKER_CSV,0.0,2026-08-14T15:26:49.077357+00:00,c55bf0652ad3ac43f30dc3e4e9636551da7f4a82b6aedc5e7865dde5672651d0,,,,,,,,,,,,,latency|duration|type|marker_value|key|timestamp|marker_id,,2,,Eyes_Closed|Eyes_Opened,,,,,,,,,,,,,EVENT_MARKER,HIGH,OK
D:\Projects\Major-Project\Data\Emotive\BCI data\1\BCI data\New folder\Preetham_EPOCX_587822_2026.04.22T10.33.32+05.30.json,Preetham_EPOCX_587822_2026.04.22T10.33.32+05.30.json,.json,EMOTIV_JSON_METADATA,0.002,2026-08-14T15:26:50.770032+00:00,b76e517d08aaf209b62abca7163c1d573d3d75f3e62880248b0798f161404a74,,EPOCX,,,,,,,,,,,,,,2,Eyes Opened|Eyes Closed,Baseline EmotivPRO,0cef6bb8-63fb-42cf-be08-b59a82e51038,com.emotiv.emotivpro,2026-05-15T17:01:38.599+05:30,bahubali-aiml,,,,,,,,EEG_METADATA,HIGH,OK
D:\Projects\Major-Project\Data\Emotive\BCI data\1\BCI data\New folder\Preetham_EPOCX_587822_2026.04.22T10.33.32+05.30_intervalMarker.csv,Preetham_EPOCX_587822_2026.04.22T10.33.32+05.30_intervalMarker.csv,.csv,EMOTIV_INTERVAL_MARKER_CSV,0.0,2026-08-14T15:26:50.370875+00:00,128233418f933092156e089daedc01876cae89c50037d21e104dfa2a37da0af8,,,,,,,,,,,,,latency|duration|type|marker_value|key|timestamp|marker_id,,2,,Eyes_Closed|Eyes_Opened,,,,,,,,,,,,,EVENT_MARKER,HIGH,OK
D:\Projects\Major-Project\Data\Emotive\BCI data\1\BCI data\New folder\rahul jain_EPOCX_777638_2026.04.16T14.29.35+05.30.json,rahul jain_EPOCX_777638_2026.04.16T14.29.35+05.30.json,.json,EMOTIV_JSON_METADATA,0.026,2026-08-14T15:26:49.018295+00:00,f8d6dd5703cf6b2fa2b5b457842b87be98e6e73be5c7cbcb6a38f2b5ada9f86a,,EPOCX,,,,,,,,,,,,,,44,Eyes Opened|Eyes Closed|Blink eye while relaxing,Baseline EmotivPRO|KeyStroke,03114c9c-e64d-4394-b328-22e39288bba4,com.emotiv.emotivpro,2026-05-15T17:13:27.503+05:30,bahubali-aiml,,,,,,,,EEG_METADATA,HIGH,OK
D:\Projects\Major-Project\Data\Emotive\BCI data\1\BCI data\New folder\rahul jain_EPOCX_777638_2026.04.16T14.29.35+05.30.md.bp.csv,rahul jain_EPOCX_777638_2026.04.16T14.29.35+05.30.md.bp.csv,.csv,EMOTIV_EEG_CSV,57.429,2026-08-14T15:27:03.422704+00:00,21e42de6668e1b367a77b009cf74d555613f5deb851e5c5f15c7cb2cb751fa0d,rahul jain,EPOCX,E50210EA,128,eeg_128;mot_32;pow_8,14,EEG.AF3|EEG.F7|EEG.F3|EEG.FC5|EEG.T7|EEG.P7|EEG.O1|EEG.O2|EEG.P8|EEG.T8|EEG.FC6|EEG.F4|EEG.F8|EEG.AF4,1776329975.204443,1776330808.317129,833.113,13.89,106697,Timestamp|OriginalTimestamp|EEG.Counter|EEG.Interpolated|EEG.AF3|EEG.F7|EEG.F3|EEG.FC5|EEG.T7|EEG.P7|EEG.O1|EEG.O2|EEG.P8|EEG.T8|EEG.FC6|EEG.F4|EEG.F8|EEG.AF4|EEG.RawCq|EEG.Battery|EEG.BatteryPercent|MarkerIndex|MarkerType|MarkerValueInt|EEG.MarkerHardware|CQ.AF3|CQ.F7|CQ.F3|CQ.FC5|CQ.T7|CQ.P7|CQ.O1|CQ.O2|CQ.P8|CQ.T8|CQ.FC6|CQ.F4|CQ.F8|CQ.AF4|CQ.Overall|EQ.SampleRateQuality|EQ.OVERALL|EQ.AF3|EQ.F7|EQ.F3|EQ.FC5|EQ.T7|EQ.P7|EQ.O1|EQ.O2|EQ.P8|EQ.T8|EQ.FC6|EQ.F4|EQ.F8|EQ.AF4|MOT.CounterMems|MOT.InterpolatedMems|MOT.Q0|MOT.Q1|MOT.Q2|MOT.Q3|MOT.AccX|MOT.AccY|MOT.AccZ|MOT.MagX|MOT.MagY|MOT.MagZ|POW.AF3.Theta|POW.AF3.Alpha|POW.AF3.BetaL|POW.AF3.BetaH|POW.AF3.Gamma|POW.F7.Theta|POW.F7.Alpha|POW.F7.BetaL|POW.F7.BetaH|POW.F7.Gamma|POW.F3.Theta|POW.F3.Alpha|POW.F3.BetaL|POW.F3.BetaH|POW.F3.Gamma|POW.FC5.Theta|POW.FC5.Alpha|POW.FC5.BetaL|POW.FC5.BetaH|POW.FC5.Gamma|POW.T7.Theta|POW.T7.Alpha|POW.T7.BetaL|POW.T7.BetaH|POW.T7.Gamma|POW.P7.Theta|POW.P7.Alpha|POW.P7.BetaL|POW.P7.BetaH|POW.P7.Gamma|POW.O1.Theta|POW.O1.Alpha|POW.O1.BetaL|POW.O1.BetaH|POW.O1.Gamma|POW.O2.Theta|POW.O2.Alpha|POW.O2.BetaL|POW.O2.BetaH|POW.O2.Gamma|POW.P8.Theta|POW.P8.Alpha|POW.P8.BetaL|POW.P8.BetaH|POW.P8.Gamma|POW.T8.Theta|POW.T8.Alpha|POW.T8.BetaL|POW.T8.BetaH|POW.T8.Gamma|POW.FC6.Theta|POW.FC6.Alpha|POW.FC6.BetaL|POW.FC6.BetaH|POW.FC6.Gamma|POW.F4.Theta|POW.F4.Alpha|POW.F4.BetaL|POW.F4.BetaH|POW.F4.Gamma|POW.F8.Theta|POW.F8.Alpha|POW.F8.BetaL|POW.F8.BetaH|POW.F8.Gamma|POW.AF4.Theta|POW.AF4.Alpha|POW.AF4.BetaL|POW.AF4.BetaH|POW.AF4.Gamma,138,,,,,,,,,CQ.AF3|CQ.F7|CQ.F3|CQ.FC5|CQ.T7|CQ.P7|CQ.O1|CQ.O2|CQ.P8|CQ.T8|CQ.FC6|CQ.F4|CQ.F8|CQ.AF4|CQ.Overall,70,MOT.CounterMems|MOT.InterpolatedMems|MOT.Q0|MOT.Q1|MOT.Q2|MOT.Q3|MOT.AccX|MOT.AccY|MOT.AccZ|MOT.MagX|MOT.MagY|MOT.MagZ,,,,,EEG_PRIMARY,HIGH,OK
D:\Projects\Major-Project\Data\Emotive\BCI data\1\BCI data\New folder\rahul jain_EPOCX_777638_2026.04.16T14.29.35+05.30_intervalMarker.csv,rahul jain_EPOCX_777638_2026.04.16T14.29.35+05.30_intervalMarker.csv,.csv,EMOTIV_INTERVAL_MARKER_CSV,0.003,2026-08-14T15:26:48.605665+00:00,6cdf56d263d5f6bb5681ea854af8b33cc222aabbad1f3bd1c2de382533a38064,,,,,,,,,,,,,latency|duration|type|marker_value|key|timestamp|marker_id,,44,,Eyes_Closed|Blink_eye_while_relaxing|Eyes_Opened,,,,,,,,,,,,,EVENT_MARKER,HIGH,OK
D:\Projects\Major-Project\Data\Emotive\BCI data\1\BCI data\New folder\revanth reddy_EPOCX_780184_2026.04.19T12.33.43+05.30.json,revanth reddy_EPOCX_780184_2026.04.19T12.33.43+05.30.json,.json,EMOTIV_JSON_METADATA,0.004,2026-08-14T15:26:48.442183+00:00,b07a868ff309fc690cd2577feec9c678e0f5df425e9e168d929da6bd200ec44e,,EPOCX,,,,,,,,,,,,,,6,Eyes Opened|Eyes Closed|Blink eye while relaxing,Baseline EmotivPRO|KeyStroke,1a89a679-db39-4854-bd39-01791528a155,com.emotiv.emotivpro,2026-05-15T17:17:38.441+05:30,bahubali-aiml,,,,,,,,EEG_METADATA,HIGH,OK
D:\Projects\Major-Project\Data\Emotive\BCI data\1\BCI data\New folder\revanth reddy_EPOCX_780184_2026.04.19T12.33.43+05.30.md.bp.csv,revanth reddy_EPOCX_780184_2026.04.19T12.33.43+05.30.md.bp.csv,.csv,EMOTIV_EEG_CSV,44.568,2026-08-14T15:26:52.459739+00:00,b890906bd8cfa2ce69569eac2410ffb3308c62c8c299361d41405239eb7394a0,revanth reddy,EPOCX,E50210EA,128,eeg_128;mot_32;pow_8,14,EEG.AF3|EEG.F7|EEG.F3|EEG.FC5|EEG.T7|EEG.P7|EEG.O1|EEG.O2|EEG.P8|EEG.T8|EEG.FC6|EEG.F4|EEG.F8|EEG.AF4,1776582223.086319,1776582891.757624,668.671,11.14,85637,Timestamp|EEG.Counter|EEG.Interpolated|EEG.AF3|EEG.F7|EEG.F3|EEG.FC5|EEG.T7|EEG.P7|EEG.O1|EEG.O2|EEG.P8|EEG.T8|EEG.FC6|EEG.F4|EEG.F8|EEG.AF4|EEG.RawCq|EEG.Battery|EEG.BatteryPercent|MarkerIndex|MarkerType|MarkerValueInt|EEG.MarkerHardware|CQ.AF3|CQ.F7|CQ.F3|CQ.FC5|CQ.T7|CQ.P7|CQ.O1|CQ.O2|CQ.P8|CQ.T8|CQ.FC6|CQ.F4|CQ.F8|CQ.AF4|CQ.Overall|EQ.SampleRateQuality|EQ.OVERALL|EQ.AF3|EQ.F7|EQ.F3|EQ.FC5|EQ.T7|EQ.P7|EQ.O1|EQ.O2|EQ.P8|EQ.T8|EQ.FC6|EQ.F4|EQ.F8|EQ.AF4|MOT.CounterMems|MOT.InterpolatedMems|MOT.Q0|MOT.Q1|MOT.Q2|MOT.Q3|MOT.AccX|MOT.AccY|MOT.AccZ|MOT.MagX|MOT.MagY|MOT.MagZ|POW.AF3.Theta|POW.AF3.Alpha|POW.AF3.BetaL|POW.AF3.BetaH|POW.AF3.Gamma|POW.F7.Theta|POW.F7.Alpha|POW.F7.BetaL|POW.F7.BetaH|POW.F7.Gamma|POW.F3.Theta|POW.F3.Alpha|POW.F3.BetaL|POW.F3.BetaH|POW.F3.Gamma|POW.FC5.Theta|POW.FC5.Alpha|POW.FC5.BetaL|POW.FC5.BetaH|POW.FC5.Gamma|POW.T7.Theta|POW.T7.Alpha|POW.T7.BetaL|POW.T7.BetaH|POW.T7.Gamma|POW.P7.Theta|POW.P7.Alpha|POW.P7.BetaL|POW.P7.BetaH|POW.P7.Gamma|POW.O1.Theta|POW.O1.Alpha|POW.O1.BetaL|POW.O1.BetaH|POW.O1.Gamma|POW.O2.Theta|POW.O2.Alpha|POW.O2.BetaL|POW.O2.BetaH|POW.O2.Gamma|POW.P8.Theta|POW.P8.Alpha|POW.P8.BetaL|POW.P8.BetaH|POW.P8.Gamma|POW.T8.Theta|POW.T8.Alpha|POW.T8.BetaL|POW.T8.BetaH|POW.T8.Gamma|POW.FC6.Theta|POW.FC6.Alpha|POW.FC6.BetaL|POW.FC6.BetaH|POW.FC6.Gamma|POW.F4.Theta|POW.F4.Alpha|POW.F4.BetaL|POW.F4.BetaH|POW.F4.Gamma|POW.F8.Theta|POW.F8.Alpha|POW.F8.BetaL|POW.F8.BetaH|POW.F8.Gamma|POW.AF4.Theta|POW.AF4.Alpha|POW.AF4.BetaL|POW.AF4.BetaH|POW.AF4.Gamma,137,,,,,,,,,CQ.AF3|CQ.F7|CQ.F3|CQ.FC5|CQ.T7|CQ.P7|CQ.O1|CQ.O2|CQ.P8|CQ.T8|CQ.FC6|CQ.F4|CQ.F8|CQ.AF4|CQ.Overall,70,MOT.CounterMems|MOT.InterpolatedMems|MOT.Q0|MOT.Q1|MOT.Q2|MOT.Q3|MOT.AccX|MOT.AccY|MOT.AccZ|MOT.MagX|MOT.MagY|MOT.MagZ,,,,,EEG_PRIMARY,HIGH,OK
D:\Projects\Major-Project\Data\Emotive\BCI data\1\BCI data\New folder\revanth reddy_EPOCX_780184_2026.04.19T12.33.43+05.30_intervalMarker.csv,revanth reddy_EPOCX_780184_2026.04.19T12.33.43+05.30_intervalMarker.csv,.csv,EMOTIV_INTERVAL_MARKER_CSV,0.0,2026-08-14T15:26:48.414182+00:00,bef244e0e773748eeb29ef4ba17375c982ab1ca14955dc0d33928daaf6776454,,,,,,,,,,,,,latency|duration|type|marker_value|key|timestamp|marker_id,,6,,Eyes_Closed|Blink_eye_while_relaxing|Eyes_Opened,,,,,,,,,,,,,EVENT_MARKER,HIGH,OK
D:\Projects\Major-Project\Data\Emotive\BCI data\1\BCI data\New folder\Rishab_EPOCX_587822_2026.04.29T16.05.52+05.30.json,Rishab_EPOCX_587822_2026.04.29T16.05.52+05.30.json,.json,EMOTIV_JSON_METADATA,0.002,2026-08-14T15:26:50.705019+00:00,3daf8ea7c272a125f39f9676638ff68a4df981108d29227a5a43bdac06b1c7ca,,EPOCX,,,,,,,,,,,,,,2,Eyes Opened|Eyes Closed,Baseline EmotivPRO,780a780d-e75c-4454-ad33-4caebe1db605,com.emotiv.emotivpro,2026-05-15T17:08:51.851+05:30,bahubali-aiml,,,,,,,,EEG_METADATA,HIGH,OK
D:\Projects\Major-Project\Data\Emotive\BCI data\1\BCI data\New folder\Rishab_EPOCX_587822_2026.04.29T16.05.52+05.30_intervalMarker.csv,Rishab_EPOCX_587822_2026.04.29T16.05.52+05.30_intervalMarker.csv,.csv,EMOTIV_INTERVAL_MARKER_CSV,0.0,2026-08-14T15:26:54.834930+00:00,64ea8558cc29a44734c1a262e6446868a50c9fb90cf5e30f2e1cd777ac9e8a66,,,,,,,,,,,,,latency|duration|type|marker_value|key|timestamp|marker_id,,2,,Eyes_Closed|Eyes_Opened,,,,,,,,,,,,,EVENT_MARKER,HIGH,OK
D:\Projects\Major-Project\Data\Emotive\BCI data\1\BCI data\New folder\rishi_EPOCX_773183_2026.04.13T12.43.48+05.30.json,rishi_EPOCX_773183_2026.04.13T12.43.48+05.30.json,.json,EMOTIV_JSON_METADATA,0.001,2026-08-14T15:26:53.469920+00:00,84cdda753500e3b39e906e833f1aba8a4560db9857242394c231b7b8d58f2093,,EPOCX,,,,,,,,,,,,,,0,,,0735cde8-db15-49ac-b214-66dc59adde03,com.emotiv.emotivpro,2026-05-15T17:11:01.650+05:30,bahubali-aiml,,,,,,,,EEG_METADATA,HIGH,OK
D:\Projects\Major-Project\Data\Emotive\BCI data\1\BCI data\New folder\rishi_EPOCX_773183_2026.04.13T12.43.48+05.30_intervalMarker.csv,rishi_EPOCX_773183_2026.04.13T12.43.48+05.30_intervalMarker.csv,.csv,EMOTIV_INTERVAL_MARKER_CSV,0.0,2026-08-14T15:26:49.563239+00:00,93df7c37e408b4873c307444e07373379ad7913a4927f731d4d1327094cc91d7,,,,,,,,,,,,,latency|duration|type|marker_value|key|timestamp|marker_id,,0,,,,,,,,,,,,,,,EVENT_MARKER,HIGH,OK
D:\Projects\Major-Project\Data\Emotive\BCI data\1\BCI data\New folder\rohith v_EPOCX_784187_2026.04.23T09.35.05+05.30.json,rohith v_EPOCX_784187_2026.04.23T09.35.05+05.30.json,.json,EMOTIV_JSON_METADATA,0.024,2026-08-14T15:26:49.502195+00:00,b2353572207f69bf78f2ed9128396da4c554b401b58446fda2d9e6d3ab911730,,EPOCX,,,,,,,,,,,,,,40,Eyes Opened|Eyes Closed|Blink eye while relaxing,Baseline EmotivPRO|KeyStroke,c04f747a-f067-4bcb-a43f-04982495212f,com.emotiv.emotivpro,2026-05-15T17:04:20.379+05:30,bahubali-aiml,,,,,,,,EEG_METADATA,HIGH,OK
D:\Projects\Major-Project\Data\Emotive\BCI data\1\BCI data\New folder\rohith v_EPOCX_784187_2026.04.23T09.35.05+05.30.md.bp.csv,rohith v_EPOCX_784187_2026.04.23T09.35.05+05.30.md.bp.csv,.csv,EMOTIV_EEG_CSV,48.18,2026-08-14T15:27:06.086292+00:00,24c678ad2ad7d932ea9b25c735362a2e4f9ec6d69a9fcbb72e9db2f85d70193d,rohith v,EPOCX,E50210EA,128,eeg_128;mot_64;pow_8,14,EEG.AF3|EEG.F7|EEG.F3|EEG.FC5|EEG.T7|EEG.P7|EEG.O1|EEG.O2|EEG.P8|EEG.T8|EEG.FC6|EEG.F4|EEG.F8|EEG.AF4,1776917105.908767,1776917774.109823,668.201,11.14,85577,Timestamp|OriginalTimestamp|EEG.Counter|EEG.Interpolated|EEG.AF3|EEG.F7|EEG.F3|EEG.FC5|EEG.T7|EEG.P7|EEG.O1|EEG.O2|EEG.P8|EEG.T8|EEG.FC6|EEG.F4|EEG.F8|EEG.AF4|EEG.RawCq|EEG.Battery|EEG.BatteryPercent|MarkerIndex|MarkerType|MarkerValueInt|EEG.MarkerHardware|CQ.AF3|CQ.F7|CQ.F3|CQ.FC5|CQ.T7|CQ.P7|CQ.O1|CQ.O2|CQ.P8|CQ.T8|CQ.FC6|CQ.F4|CQ.F8|CQ.AF4|CQ.Overall|EQ.SampleRateQuality|EQ.OVERALL|EQ.AF3|EQ.F7|EQ.F3|EQ.FC5|EQ.T7|EQ.P7|EQ.O1|EQ.O2|EQ.P8|EQ.T8|EQ.FC6|EQ.F4|EQ.F8|EQ.AF4|MOT.CounterMems|MOT.InterpolatedMems|MOT.Q0|MOT.Q1|MOT.Q2|MOT.Q3|MOT.AccX|MOT.AccY|MOT.AccZ|MOT.MagX|MOT.MagY|MOT.MagZ|POW.AF3.Theta|POW.AF3.Alpha|POW.AF3.BetaL|POW.AF3.BetaH|POW.AF3.Gamma|POW.F7.Theta|POW.F7.Alpha|POW.F7.BetaL|POW.F7.BetaH|POW.F7.Gamma|POW.F3.Theta|POW.F3.Alpha|POW.F3.BetaL|POW.F3.BetaH|POW.F3.Gamma|POW.FC5.Theta|POW.FC5.Alpha|POW.FC5.BetaL|POW.FC5.BetaH|POW.FC5.Gamma|POW.T7.Theta|POW.T7.Alpha|POW.T7.BetaL|POW.T7.BetaH|POW.T7.Gamma|POW.P7.Theta|POW.P7.Alpha|POW.P7.BetaL|POW.P7.BetaH|POW.P7.Gamma|POW.O1.Theta|POW.O1.Alpha|POW.O1.BetaL|POW.O1.BetaH|POW.O1.Gamma|POW.O2.Theta|POW.O2.Alpha|POW.O2.BetaL|POW.O2.BetaH|POW.O2.Gamma|POW.P8.Theta|POW.P8.Alpha|POW.P8.BetaL|POW.P8.BetaH|POW.P8.Gamma|POW.T8.Theta|POW.T8.Alpha|POW.T8.BetaL|POW.T8.BetaH|POW.T8.Gamma|POW.FC6.Theta|POW.FC6.Alpha|POW.FC6.BetaL|POW.FC6.BetaH|POW.FC6.Gamma|POW.F4.Theta|POW.F4.Alpha|POW.F4.BetaL|POW.F4.BetaH|POW.F4.Gamma|POW.F8.Theta|POW.F8.Alpha|POW.F8.BetaL|POW.F8.BetaH|POW.F8.Gamma|POW.AF4.Theta|POW.AF4.Alpha|POW.AF4.BetaL|POW.AF4.BetaH|POW.AF4.Gamma,138,,,,,,,,,CQ.AF3|CQ.F7|CQ.F3|CQ.FC5|CQ.T7|CQ.P7|CQ.O1|CQ.O2|CQ.P8|CQ.T8|CQ.FC6|CQ.F4|CQ.F8|CQ.AF4|CQ.Overall,70,MOT.CounterMems|MOT.InterpolatedMems|MOT.Q0|MOT.Q1|MOT.Q2|MOT.Q3|MOT.AccX|MOT.AccY|MOT.AccZ|MOT.MagX|MOT.MagY|MOT.MagZ,,,,,EEG_PRIMARY,HIGH,OK
D:\Projects\Major-Project\Data\Emotive\BCI data\1\BCI data\New folder\rohith v_EPOCX_784187_2026.04.23T09.35.05+05.30_intervalMarker.csv,rohith v_EPOCX_784187_2026.04.23T09.35.05+05.30_intervalMarker.csv,.csv,EMOTIV_INTERVAL_MARKER_CSV,0.003,2026-08-14T15:26:49.360399+00:00,ec08636c70a8b48d6e633a1239c39af1fd15f5851f61e1a7e730e4e2d6301a5a,,,,,,,,,,,,,latency|duration|type|marker_value|key|timestamp|marker_id,,40,,Eyes_Closed|Blink_eye_while_relaxing|Eyes_Opened,,,,,,,,,,,,,EVENT_MARKER,HIGH,OK
D:\Projects\Major-Project\Data\Emotive\BCI data\1\BCI data\New folder\Sanjay_EPOCX_587822_2026.04.24T10.14.17+05.30.json,Sanjay_EPOCX_587822_2026.04.24T10.14.17+05.30.json,.json,EMOTIV_JSON_METADATA,0.002,2026-08-14T15:26:50.488951+00:00,de918784494e82cb9d6b4fe22989c00bc5c005bf400f17b0b6d45fbdd32ff736,,EPOCX,,,,,,,,,,,,,,2,Eyes Opened|Eyes Closed,Baseline EmotivPRO,0691adf0-5983-4c1a-aa25-658dfe0c02cb,com.emotiv.emotivpro,2026-05-15T17:06:54.182+05:30,bahubali-aiml,,,,,,,,EEG_METADATA,HIGH,OK
D:\Projects\Major-Project\Data\Emotive\BCI data\1\BCI data\New folder\Sanjay_EPOCX_587822_2026.04.24T10.14.17+05.30.md.bp.csv,Sanjay_EPOCX_587822_2026.04.24T10.14.17+05.30.md.bp.csv,.csv,EMOTIV_EEG_CSV,45.738,2026-08-14T15:26:59.717463+00:00,ae7f5d9d111686bd4a4d487c774b6ae9c74c349bcedf3ad296661bada83b903e,Sanjay,EPOCX,E50210EA,128,eeg_128;mot_64;pow_8,14,EEG.AF3|EEG.F7|EEG.F3|EEG.FC5|EEG.T7|EEG.P7|EEG.O1|EEG.O2|EEG.P8|EEG.T8|EEG.FC6|EEG.F4|EEG.F8|EEG.AF4,1777005857.496435,1777006490.935227,633.439,10.56,81125,Timestamp|OriginalTimestamp|EEG.Counter|EEG.Interpolated|EEG.AF3|EEG.F7|EEG.F3|EEG.FC5|EEG.T7|EEG.P7|EEG.O1|EEG.O2|EEG.P8|EEG.T8|EEG.FC6|EEG.F4|EEG.F8|EEG.AF4|EEG.RawCq|EEG.Battery|EEG.BatteryPercent|MarkerIndex|MarkerType|MarkerValueInt|EEG.MarkerHardware|CQ.AF3|CQ.F7|CQ.F3|CQ.FC5|CQ.T7|CQ.P7|CQ.O1|CQ.O2|CQ.P8|CQ.T8|CQ.FC6|CQ.F4|CQ.F8|CQ.AF4|CQ.Overall|EQ.SampleRateQuality|EQ.OVERALL|EQ.AF3|EQ.F7|EQ.F3|EQ.FC5|EQ.T7|EQ.P7|EQ.O1|EQ.O2|EQ.P8|EQ.T8|EQ.FC6|EQ.F4|EQ.F8|EQ.AF4|MOT.CounterMems|MOT.InterpolatedMems|MOT.Q0|MOT.Q1|MOT.Q2|MOT.Q3|MOT.AccX|MOT.AccY|MOT.AccZ|MOT.MagX|MOT.MagY|MOT.MagZ|POW.AF3.Theta|POW.AF3.Alpha|POW.AF3.BetaL|POW.AF3.BetaH|POW.AF3.Gamma|POW.F7.Theta|POW.F7.Alpha|POW.F7.BetaL|POW.F7.BetaH|POW.F7.Gamma|POW.F3.Theta|POW.F3.Alpha|POW.F3.BetaL|POW.F3.BetaH|POW.F3.Gamma|POW.FC5.Theta|POW.FC5.Alpha|POW.FC5.BetaL|POW.FC5.BetaH|POW.FC5.Gamma|POW.T7.Theta|POW.T7.Alpha|POW.T7.BetaL|POW.T7.BetaH|POW.T7.Gamma|POW.P7.Theta|POW.P7.Alpha|POW.P7.BetaL|POW.P7.BetaH|POW.P7.Gamma|POW.O1.Theta|POW.O1.Alpha|POW.O1.BetaL|POW.O1.BetaH|POW.O1.Gamma|POW.O2.Theta|POW.O2.Alpha|POW.O2.BetaL|POW.O2.BetaH|POW.O2.Gamma|POW.P8.Theta|POW.P8.Alpha|POW.P8.BetaL|POW.P8.BetaH|POW.P8.Gamma|POW.T8.Theta|POW.T8.Alpha|POW.T8.BetaL|POW.T8.BetaH|POW.T8.Gamma|POW.FC6.Theta|POW.FC6.Alpha|POW.FC6.BetaL|POW.FC6.BetaH|POW.FC6.Gamma|POW.F4.Theta|POW.F4.Alpha|POW.F4.BetaL|POW.F4.BetaH|POW.F4.Gamma|POW.F8.Theta|POW.F8.Alpha|POW.F8.BetaL|POW.F8.BetaH|POW.F8.Gamma|POW.AF4.Theta|POW.AF4.Alpha|POW.AF4.BetaL|POW.AF4.BetaH|POW.AF4.Gamma,138,,,,,,,,,CQ.AF3|CQ.F7|CQ.F3|CQ.FC5|CQ.T7|CQ.P7|CQ.O1|CQ.O2|CQ.P8|CQ.T8|CQ.FC6|CQ.F4|CQ.F8|CQ.AF4|CQ.Overall,70,MOT.CounterMems|MOT.InterpolatedMems|MOT.Q0|MOT.Q1|MOT.Q2|MOT.Q3|MOT.AccX|MOT.AccY|MOT.AccZ|MOT.MagX|MOT.MagY|MOT.MagZ,,,,,EEG_PRIMARY,HIGH,OK
D:\Projects\Major-Project\Data\Emotive\BCI data\1\BCI data\New folder\Sanjay_EPOCX_587822_2026.04.24T10.14.17+05.30_intervalMarker.csv,Sanjay_EPOCX_587822_2026.04.24T10.14.17+05.30_intervalMarker.csv,.csv,EMOTIV_INTERVAL_MARKER_CSV,0.0,2026-08-14T15:26:49.217893+00:00,8ecef3c8aeb7c66eaf847dcac100cf0d957ad40a8bb6bb65d39bbb8837b7970f,,,,,,,,,,,,,latency|duration|type|marker_value|key|timestamp|marker_id,,2,,Eyes_Closed|Eyes_Opened,,,,,,,,,,,,,EVENT_MARKER,HIGH,OK
D:\Projects\Major-Project\Data\Emotive\BCI data\1\BCI data\New folder\sankalp_EPOCX_781901_2026.04.21T11.32.13+05.30.json,sankalp_EPOCX_781901_2026.04.21T11.32.13+05.30.json,.json,EMOTIV_JSON_METADATA,0.018,2026-08-14T15:26:50.527947+00:00,e2ed7ad5c705405fd339fe96a8239aa3f3d4eb0fec6eeb38de01d1a73c360ff5,,EPOCX,,,,,,,,,,,,,,30,Eyes Opened|Eyes Closed|Blink eye while relaxing,Baseline EmotivPRO|KeyStroke,788b3114-a169-45dd-97a9-0d4654b7a397,com.emotiv.emotivpro,2026-05-15T16:59:43.635+05:30,bahubali-aiml,,,,,,,,EEG_METADATA,HIGH,OK
D:\Projects\Major-Project\Data\Emotive\BCI data\1\BCI data\New folder\sankalp_EPOCX_781901_2026.04.21T11.32.13+05.30.md.bp.csv,sankalp_EPOCX_781901_2026.04.21T11.32.13+05.30.md.bp.csv,.csv,EMOTIV_EEG_CSV,47.077,2026-08-14T15:27:01.478777+00:00,6224395d24bd3975bc8ba3b501a4e7f412da5a6e091cf5600660922dda642ae7,sankalp,EPOCX,E50210EA,128,eeg_128;mot_32;pow_8,14,EEG.AF3|EEG.F7|EEG.F3|EEG.FC5|EEG.T7|EEG.P7|EEG.O1|EEG.O2|EEG.P8|EEG.T8|EEG.FC6|EEG.F4|EEG.F8|EEG.AF4,1776751333.394065,1776752015.930301,682.536,11.38,87413,Timestamp|OriginalTimestamp|EEG.Counter|EEG.Interpolated|EEG.AF3|EEG.F7|EEG.F3|EEG.FC5|EEG.T7|EEG.P7|EEG.O1|EEG.O2|EEG.P8|EEG.T8|EEG.FC6|EEG.F4|EEG.F8|EEG.AF4|EEG.RawCq|EEG.Battery|EEG.BatteryPercent|MarkerIndex|MarkerType|MarkerValueInt|EEG.MarkerHardware|CQ.AF3|CQ.F7|CQ.F3|CQ.FC5|CQ.T7|CQ.P7|CQ.O1|CQ.O2|CQ.P8|CQ.T8|CQ.FC6|CQ.F4|CQ.F8|CQ.AF4|CQ.Overall|EQ.SampleRateQuality|EQ.OVERALL|EQ.AF3|EQ.F7|EQ.F3|EQ.FC5|EQ.T7|EQ.P7|EQ.O1|EQ.O2|EQ.P8|EQ.T8|EQ.FC6|EQ.F4|EQ.F8|EQ.AF4|MOT.CounterMems|MOT.InterpolatedMems|MOT.Q0|MOT.Q1|MOT.Q2|MOT.Q3|MOT.AccX|MOT.AccY|MOT.AccZ|MOT.MagX|MOT.MagY|MOT.MagZ|POW.AF3.Theta|POW.AF3.Alpha|POW.AF3.BetaL|POW.AF3.BetaH|POW.AF3.Gamma|POW.F7.Theta|POW.F7.Alpha|POW.F7.BetaL|POW.F7.BetaH|POW.F7.Gamma|POW.F3.Theta|POW.F3.Alpha|POW.F3.BetaL|POW.F3.BetaH|POW.F3.Gamma|POW.FC5.Theta|POW.FC5.Alpha|POW.FC5.BetaL|POW.FC5.BetaH|POW.FC5.Gamma|POW.T7.Theta|POW.T7.Alpha|POW.T7.BetaL|POW.T7.BetaH|POW.T7.Gamma|POW.P7.Theta|POW.P7.Alpha|POW.P7.BetaL|POW.P7.BetaH|POW.P7.Gamma|POW.O1.Theta|POW.O1.Alpha|POW.O1.BetaL|POW.O1.BetaH|POW.O1.Gamma|POW.O2.Theta|POW.O2.Alpha|POW.O2.BetaL|POW.O2.BetaH|POW.O2.Gamma|POW.P8.Theta|POW.P8.Alpha|POW.P8.BetaL|POW.P8.BetaH|POW.P8.Gamma|POW.T8.Theta|POW.T8.Alpha|POW.T8.BetaL|POW.T8.BetaH|POW.T8.Gamma|POW.FC6.Theta|POW.FC6.Alpha|POW.FC6.BetaL|POW.FC6.BetaH|POW.FC6.Gamma|POW.F4.Theta|POW.F4.Alpha|POW.F4.BetaL|POW.F4.BetaH|POW.F4.Gamma|POW.F8.Theta|POW.F8.Alpha|POW.F8.BetaL|POW.F8.BetaH|POW.F8.Gamma|POW.AF4.Theta|POW.AF4.Alpha|POW.AF4.BetaL|POW.AF4.BetaH|POW.AF4.Gamma,138,,,,,,,,,CQ.AF3|CQ.F7|CQ.F3|CQ.FC5|CQ.T7|CQ.P7|CQ.O1|CQ.O2|CQ.P8|CQ.T8|CQ.FC6|CQ.F4|CQ.F8|CQ.AF4|CQ.Overall,70,MOT.CounterMems|MOT.InterpolatedMems|MOT.Q0|MOT.Q1|MOT.Q2|MOT.Q3|MOT.AccX|MOT.AccY|MOT.AccZ|MOT.MagX|MOT.MagY|MOT.MagZ,,,,,EEG_PRIMARY,HIGH,OK
D:\Projects\Major-Project\Data\Emotive\BCI data\1\BCI data\New folder\sankalp_EPOCX_781901_2026.04.21T11.32.13+05.30_intervalMarker.csv,sankalp_EPOCX_781901_2026.04.21T11.32.13+05.30_intervalMarker.csv,.csv,EMOTIV_INTERVAL_MARKER_CSV,0.002,2026-08-14T15:26:49.704298+00:00,2e2a993df09b04491077d56162bede6cdc4646e68c0fc9a4d4c1e00ed51631e4,,,,,,,,,,,,,latency|duration|type|marker_value|key|timestamp|marker_id,,30,,Eyes_Closed|Blink_eye_while_relaxing|Eyes_Opened,,,,,,,,,,,,,EVENT_MARKER,HIGH,OK
D:\Projects\Major-Project\Data\Emotive\BCI data\1\BCI data\New folder\santhosh_EPOCX_781922_2026.04.21T14.11.01+05.30.json,santhosh_EPOCX_781922_2026.04.21T14.11.01+05.30.json,.json,EMOTIV_JSON_METADATA,0.031,2026-08-14T15:26:49.907965+00:00,4225993815272b87fb4b7c1ced0dae806531fcad144ccaefc4fa1fb6a60557be,,EPOCX,,,,,,,,,,,,,,51,Eyes Opened|Eyes Closed|Blink eye while relaxing,Baseline EmotivPRO|KeyStroke,5e258278-0a82-4091-b92d-dead43ba5129,com.emotiv.emotivpro,2026-05-15T17:00:16.259+05:30,bahubali-aiml,,,,,,,,EEG_METADATA,HIGH,OK
D:\Projects\Major-Project\Data\Emotive\BCI data\1\BCI data\New folder\santhosh_EPOCX_781922_2026.04.21T14.11.01+05.30_intervalMarker.csv,santhosh_EPOCX_781922_2026.04.21T14.11.01+05.30_intervalMarker.csv,.csv,EMOTIV_INTERVAL_MARKER_CSV,0.004,2026-08-14T15:26:49.938622+00:00,180a362f31d18b8a10949b5e045c9525d021216eabcad75bf953e7b23f6ec858,,,,,,,,,,,,,latency|duration|type|marker_value|key|timestamp|marker_id,,51,,Eyes_Closed|Blink_eye_while_relaxing|Eyes_Opened,,,,,,,,,,,,,EVENT_MARKER,HIGH,OK
D:\Projects\Major-Project\Data\Emotive\BCI data\1\BCI data\New folder\shaina_EPOCX_587822_2026.04.23T16.11.13+05.30.json,shaina_EPOCX_587822_2026.04.23T16.11.13+05.30.json,.json,EMOTIV_JSON_METADATA,0.002,2026-08-14T15:26:59.744457+00:00,42feff3d6c1079017f754e81bb28917dcf01e65335c4d4ff609b165f84b33c4d,,EPOCX,,,,,,,,,,,,,,2,Eyes Opened|Eyes Closed,Baseline EmotivPRO,7b69ebbb-d73a-445c-9cd7-79cee8243005,com.emotiv.emotivpro,2026-05-15T17:06:26.241+05:30,bahubali-aiml,,,,,,,,EEG_METADATA,HIGH,OK
D:\Projects\Major-Project\Data\Emotive\BCI data\1\BCI data\New folder\shaina_EPOCX_587822_2026.04.23T16.11.13+05.30.md.bp.csv,shaina_EPOCX_587822_2026.04.23T16.11.13+05.30.md.bp.csv,.csv,EMOTIV_EEG_CSV,43.766,2026-08-14T15:27:00.924277+00:00,260a8ab2e2b11596485ed4c1f241b94c234874a99712b012dd0d9e6b77451f31,shaina,EPOCX,E50210EA,128,eeg_128;mot_64;pow_8,14,EEG.AF3|EEG.F7|EEG.F3|EEG.FC5|EEG.T7|EEG.P7|EEG.O1|EEG.O2|EEG.P8|EEG.T8|EEG.FC6|EEG.F4|EEG.F8|EEG.AF4,1776940873.61623,1776941499.310496,625.694,10.43,80133,Timestamp|EEG.Counter|EEG.Interpolated|EEG.AF3|EEG.F7|EEG.F3|EEG.FC5|EEG.T7|EEG.P7|EEG.O1|EEG.O2|EEG.P8|EEG.T8|EEG.FC6|EEG.F4|EEG.F8|EEG.AF4|EEG.RawCq|EEG.Battery|EEG.BatteryPercent|MarkerIndex|MarkerType|MarkerValueInt|EEG.MarkerHardware|CQ.AF3|CQ.F7|CQ.F3|CQ.FC5|CQ.T7|CQ.P7|CQ.O1|CQ.O2|CQ.P8|CQ.T8|CQ.FC6|CQ.F4|CQ.F8|CQ.AF4|CQ.Overall|EQ.SampleRateQuality|EQ.OVERALL|EQ.AF3|EQ.F7|EQ.F3|EQ.FC5|EQ.T7|EQ.P7|EQ.O1|EQ.O2|EQ.P8|EQ.T8|EQ.FC6|EQ.F4|EQ.F8|EQ.AF4|MOT.CounterMems|MOT.InterpolatedMems|MOT.Q0|MOT.Q1|MOT.Q2|MOT.Q3|MOT.AccX|MOT.AccY|MOT.AccZ|MOT.MagX|MOT.MagY|MOT.MagZ|POW.AF3.Theta|POW.AF3.Alpha|POW.AF3.BetaL|POW.AF3.BetaH|POW.AF3.Gamma|POW.F7.Theta|POW.F7.Alpha|POW.F7.BetaL|POW.F7.BetaH|POW.F7.Gamma|POW.F3.Theta|POW.F3.Alpha|POW.F3.BetaL|POW.F3.BetaH|POW.F3.Gamma|POW.FC5.Theta|POW.FC5.Alpha|POW.FC5.BetaL|POW.FC5.BetaH|POW.FC5.Gamma|POW.T7.Theta|POW.T7.Alpha|POW.T7.BetaL|POW.T7.BetaH|POW.T7.Gamma|POW.P7.Theta|POW.P7.Alpha|POW.P7.BetaL|POW.P7.BetaH|POW.P7.Gamma|POW.O1.Theta|POW.O1.Alpha|POW.O1.BetaL|POW.O1.BetaH|POW.O1.Gamma|POW.O2.Theta|POW.O2.Alpha|POW.O2.BetaL|POW.O2.BetaH|POW.O2.Gamma|POW.P8.Theta|POW.P8.Alpha|POW.P8.BetaL|POW.P8.BetaH|POW.P8.Gamma|POW.T8.Theta|POW.T8.Alpha|POW.T8.BetaL|POW.T8.BetaH|POW.T8.Gamma|POW.FC6.Theta|POW.FC6.Alpha|POW.FC6.BetaL|POW.FC6.BetaH|POW.FC6.Gamma|POW.F4.Theta|POW.F4.Alpha|POW.F4.BetaL|POW.F4.BetaH|POW.F4.Gamma|POW.F8.Theta|POW.F8.Alpha|POW.F8.BetaL|POW.F8.BetaH|POW.F8.Gamma|POW.AF4.Theta|POW.AF4.Alpha|POW.AF4.BetaL|POW.AF4.BetaH|POW.AF4.Gamma,137,,,,,,,,,CQ.AF3|CQ.F7|CQ.F3|CQ.FC5|CQ.T7|CQ.P7|CQ.O1|CQ.O2|CQ.P8|CQ.T8|CQ.FC6|CQ.F4|CQ.F8|CQ.AF4|CQ.Overall,70,MOT.CounterMems|MOT.InterpolatedMems|MOT.Q0|MOT.Q1|MOT.Q2|MOT.Q3|MOT.AccX|MOT.AccY|MOT.AccZ|MOT.MagX|MOT.MagY|MOT.MagZ,,,,,EEG_PRIMARY,HIGH,OK
D:\Projects\Major-Project\Data\Emotive\BCI data\1\BCI data\New folder\shaina_EPOCX_587822_2026.04.23T16.11.13+05.30_intervalMarker.csv,shaina_EPOCX_587822_2026.04.23T16.11.13+05.30_intervalMarker.csv,.csv,EMOTIV_INTERVAL_MARKER_CSV,0.0,2026-08-14T15:26:49.592761+00:00,acc623a02b0a51c1de003e7b3cf4ed71336b485efef7c918bb2cc4b35410e432,,,,,,,,,,,,,latency|duration|type|marker_value|key|timestamp|marker_id,,2,,Eyes_Closed|Eyes_Opened,,,,,,,,,,,,,EVENT_MARKER,HIGH,OK
D:\Projects\Major-Project\Data\Emotive\BCI data\1\BCI data\New folder\Suhas_EPOCX_587822_2026.04.17T16.42.03+05.30.json,Suhas_EPOCX_587822_2026.04.17T16.42.03+05.30.json,.json,EMOTIV_JSON_METADATA,0.002,2026-08-14T15:26:48.686889+00:00,0f720f85a0a3e84b505755d510d65b7c624a126f292eafad29223db591b926e3,,EPOCX,,,,,,,,,,,,,,2,Eyes Opened|Eyes Closed,Baseline EmotivPRO,7021aba0-62ab-40fb-87a2-9cdda73514c4,com.emotiv.emotivpro,2026-05-15T17:16:17.148+05:30,bahubali-aiml,,,,,,,,EEG_METADATA,HIGH,OK
D:\Projects\Major-Project\Data\Emotive\BCI data\1\BCI data\New folder\Suhas_EPOCX_587822_2026.04.17T16.42.03+05.30.md.bp.csv,Suhas_EPOCX_587822_2026.04.17T16.42.03+05.30.md.bp.csv,.csv,EMOTIV_EEG_CSV,24.929,2026-08-14T15:26:50.267325+00:00,773bf2b1412a61757a6d62989f1fd056c855e447c0615c929ac14e2ce1f8a577,Suhas,EPOCX,E50210EA,128,eeg_128;mot_32;pow_8,14,EEG.AF3|EEG.F7|EEG.F3|EEG.FC5|EEG.T7|EEG.P7|EEG.O1|EEG.O2|EEG.P8|EEG.T8|EEG.FC6|EEG.F4|EEG.F8|EEG.AF4,1776424323.490532,1776424898.991861,575.501,9.59,47886,Timestamp|EEG.Counter|EEG.Interpolated|EEG.AF3|EEG.F7|EEG.F3|EEG.FC5|EEG.T7|EEG.P7|EEG.O1|EEG.O2|EEG.P8|EEG.T8|EEG.FC6|EEG.F4|EEG.F8|EEG.AF4|EEG.RawCq|EEG.Battery|EEG.BatteryPercent|MarkerIndex|MarkerType|MarkerValueInt|EEG.MarkerHardware|CQ.AF3|CQ.F7|CQ.F3|CQ.FC5|CQ.T7|CQ.P7|CQ.O1|CQ.O2|CQ.P8|CQ.T8|CQ.FC6|CQ.F4|CQ.F8|CQ.AF4|CQ.Overall|EQ.SampleRateQuality|EQ.OVERALL|EQ.AF3|EQ.F7|EQ.F3|EQ.FC5|EQ.T7|EQ.P7|EQ.O1|EQ.O2|EQ.P8|EQ.T8|EQ.FC6|EQ.F4|EQ.F8|EQ.AF4|MOT.CounterMems|MOT.InterpolatedMems|MOT.Q0|MOT.Q1|MOT.Q2|MOT.Q3|MOT.AccX|MOT.AccY|MOT.AccZ|MOT.MagX|MOT.MagY|MOT.MagZ|POW.AF3.Theta|POW.AF3.Alpha|POW.AF3.BetaL|POW.AF3.BetaH|POW.AF3.Gamma|POW.F7.Theta|POW.F7.Alpha|POW.F7.BetaL|POW.F7.BetaH|POW.F7.Gamma|POW.F3.Theta|POW.F3.Alpha|POW.F3.BetaL|POW.F3.BetaH|POW.F3.Gamma|POW.FC5.Theta|POW.FC5.Alpha|POW.FC5.BetaL|POW.FC5.BetaH|POW.FC5.Gamma|POW.T7.Theta|POW.T7.Alpha|POW.T7.BetaL|POW.T7.BetaH|POW.T7.Gamma|POW.P7.Theta|POW.P7.Alpha|POW.P7.BetaL|POW.P7.BetaH|POW.P7.Gamma|POW.O1.Theta|POW.O1.Alpha|POW.O1.BetaL|POW.O1.BetaH|POW.O1.Gamma|POW.O2.Theta|POW.O2.Alpha|POW.O2.BetaL|POW.O2.BetaH|POW.O2.Gamma|POW.P8.Theta|POW.P8.Alpha|POW.P8.BetaL|POW.P8.BetaH|POW.P8.Gamma|POW.T8.Theta|POW.T8.Alpha|POW.T8.BetaL|POW.T8.BetaH|POW.T8.Gamma|POW.FC6.Theta|POW.FC6.Alpha|POW.FC6.BetaL|POW.FC6.BetaH|POW.FC6.Gamma|POW.F4.Theta|POW.F4.Alpha|POW.F4.BetaL|POW.F4.BetaH|POW.F4.Gamma|POW.F8.Theta|POW.F8.Alpha|POW.F8.BetaL|POW.F8.BetaH|POW.F8.Gamma|POW.AF4.Theta|POW.AF4.Alpha|POW.AF4.BetaL|POW.AF4.BetaH|POW.AF4.Gamma,137,,,,,,,,,CQ.AF3|CQ.F7|CQ.F3|CQ.FC5|CQ.T7|CQ.P7|CQ.O1|CQ.O2|CQ.P8|CQ.T8|CQ.FC6|CQ.F4|CQ.F8|CQ.AF4|CQ.Overall,70,MOT.CounterMems|MOT.InterpolatedMems|MOT.Q0|MOT.Q1|MOT.Q2|MOT.Q3|MOT.AccX|MOT.AccY|MOT.AccZ|MOT.MagX|MOT.MagY|MOT.MagZ,,,,,EEG_PRIMARY,HIGH,OK
D:\Projects\Major-Project\Data\Emotive\BCI data\1\BCI data\New folder\Suhas_EPOCX_587822_2026.04.17T16.42.03+05.30_intervalMarker.csv,Suhas_EPOCX_587822_2026.04.17T16.42.03+05.30_intervalMarker.csv,.csv,EMOTIV_INTERVAL_MARKER_CSV,0.0,2026-08-14T15:26:48.302815+00:00,c37ca5d5b453bc37e0966f0763ce19daeb7eebcfe2192848612d838cac2090e5,,,,,,,,,,,,,latency|duration|type|marker_value|key|timestamp|marker_id,,2,,Eyes_Closed|Eyes_Opened,,,,,,,,,,,,,EVENT_MARKER,HIGH,OK
D:\Projects\Major-Project\Data\Emotive\BCI data\1\BCI data\New folder\tharun karun_EPOCX_780185_2026.04.19T12.49.57+05.30.json,tharun karun_EPOCX_780185_2026.04.19T12.49.57+05.30.json,.json,EMOTIV_JSON_METADATA,0.005,2026-08-14T15:26:48.988287+00:00,0e533865f1c09534bcdbbd111a0f7ed7fa25115f3f949c7fa1d5b0697737b6e0,,EPOCX,,,,,,,,,,,,,,8,Eyes Opened|Eyes Closed|Blink eye while relaxing,Baseline EmotivPRO|KeyStroke,c0d97e9d-3c34-4bb5-80d3-44ca75dcb027,com.emotiv.emotivpro,2026-05-15T17:18:00.960+05:30,bahubali-aiml,,,,,,,,EEG_METADATA,HIGH,OK
D:\Projects\Major-Project\Data\Emotive\BCI data\1\BCI data\New folder\tharun karun_EPOCX_780185_2026.04.19T12.49.57+05.30.md.bp.csv,tharun karun_EPOCX_780185_2026.04.19T12.49.57+05.30.md.bp.csv,.csv,EMOTIV_EEG_CSV,48.926,2026-08-14T15:27:05.482342+00:00,9ac90b47b389408ad5ce05c3d2b7145425b709e70b7c03de4c2be46bb3f57c9f,tharun karun,EPOCX,E50210EA,128,eeg_128;mot_32;pow_8,14,EEG.AF3|EEG.F7|EEG.F3|EEG.FC5|EEG.T7|EEG.P7|EEG.O1|EEG.O2|EEG.P8|EEG.T8|EEG.FC6|EEG.F4|EEG.F8|EEG.AF4,1776583197.124051,1776583931.852133,734.728,12.25,94097,Timestamp|EEG.Counter|EEG.Interpolated|EEG.AF3|EEG.F7|EEG.F3|EEG.FC5|EEG.T7|EEG.P7|EEG.O1|EEG.O2|EEG.P8|EEG.T8|EEG.FC6|EEG.F4|EEG.F8|EEG.AF4|EEG.RawCq|EEG.Battery|EEG.BatteryPercent|MarkerIndex|MarkerType|MarkerValueInt|EEG.MarkerHardware|CQ.AF3|CQ.F7|CQ.F3|CQ.FC5|CQ.T7|CQ.P7|CQ.O1|CQ.O2|CQ.P8|CQ.T8|CQ.FC6|CQ.F4|CQ.F8|CQ.AF4|CQ.Overall|EQ.SampleRateQuality|EQ.OVERALL|EQ.AF3|EQ.F7|EQ.F3|EQ.FC5|EQ.T7|EQ.P7|EQ.O1|EQ.O2|EQ.P8|EQ.T8|EQ.FC6|EQ.F4|EQ.F8|EQ.AF4|MOT.CounterMems|MOT.InterpolatedMems|MOT.Q0|MOT.Q1|MOT.Q2|MOT.Q3|MOT.AccX|MOT.AccY|MOT.AccZ|MOT.MagX|MOT.MagY|MOT.MagZ|POW.AF3.Theta|POW.AF3.Alpha|POW.AF3.BetaL|POW.AF3.BetaH|POW.AF3.Gamma|POW.F7.Theta|POW.F7.Alpha|POW.F7.BetaL|POW.F7.BetaH|POW.F7.Gamma|POW.F3.Theta|POW.F3.Alpha|POW.F3.BetaL|POW.F3.BetaH|POW.F3.Gamma|POW.FC5.Theta|POW.FC5.Alpha|POW.FC5.BetaL|POW.FC5.BetaH|POW.FC5.Gamma|POW.T7.Theta|POW.T7.Alpha|POW.T7.BetaL|POW.T7.BetaH|POW.T7.Gamma|POW.P7.Theta|POW.P7.Alpha|POW.P7.BetaL|POW.P7.BetaH|POW.P7.Gamma|POW.O1.Theta|POW.O1.Alpha|POW.O1.BetaL|POW.O1.BetaH|POW.O1.Gamma|POW.O2.Theta|POW.O2.Alpha|POW.O2.BetaL|POW.O2.BetaH|POW.O2.Gamma|POW.P8.Theta|POW.P8.Alpha|POW.P8.BetaL|POW.P8.BetaH|POW.P8.Gamma|POW.T8.Theta|POW.T8.Alpha|POW.T8.BetaL|POW.T8.BetaH|POW.T8.Gamma|POW.FC6.Theta|POW.FC6.Alpha|POW.FC6.BetaL|POW.FC6.BetaH|POW.FC6.Gamma|POW.F4.Theta|POW.F4.Alpha|POW.F4.BetaL|POW.F4.BetaH|POW.F4.Gamma|POW.F8.Theta|POW.F8.Alpha|POW.F8.BetaL|POW.F8.BetaH|POW.F8.Gamma|POW.AF4.Theta|POW.AF4.Alpha|POW.AF4.BetaL|POW.AF4.BetaH|POW.AF4.Gamma,137,,,,,,,,,CQ.AF3|CQ.F7|CQ.F3|CQ.FC5|CQ.T7|CQ.P7|CQ.O1|CQ.O2|CQ.P8|CQ.T8|CQ.FC6|CQ.F4|CQ.F8|CQ.AF4|CQ.Overall,70,MOT.CounterMems|MOT.InterpolatedMems|MOT.Q0|MOT.Q1|MOT.Q2|MOT.Q3|MOT.AccX|MOT.AccY|MOT.AccZ|MOT.MagX|MOT.MagY|MOT.MagZ,,,,,EEG_PRIMARY,HIGH,OK
D:\Projects\Major-Project\Data\Emotive\BCI data\1\BCI data\New folder\tharun karun_EPOCX_780185_2026.04.19T12.49.57+05.30_intervalMarker.csv,tharun karun_EPOCX_780185_2026.04.19T12.49.57+05.30_intervalMarker.csv,.csv,EMOTIV_INTERVAL_MARKER_CSV,0.001,2026-08-14T15:26:48.745887+00:00,556ab9e0adca1e2f6db87100f690a9da6155e5881169e89bfbe77ed7836ecfa4,,,,,,,,,,,,,latency|duration|type|marker_value|key|timestamp|marker_id,,8,,Eyes_Closed|Blink_eye_while_relaxing|Eyes_Opened,,,,,,,,,,,,,EVENT_MARKER,HIGH,OK
D:\Projects\Major-Project\Data\Emotive\BCI data\1\BCI data\New folder\Uma H M_EPOCX_777408_2026.04.16T12.45.59+05.30.json,Uma H M_EPOCX_777408_2026.04.16T12.45.59+05.30.json,.json,EMOTIV_JSON_METADATA,0.034,2026-08-14T15:26:48.386751+00:00,44040b3ade0f53d5d6019ab27252af85a0f3b5ada561da2128a712d9778fa67d,,EPOCX,,,,,,,,,,,,,,57,Eyes Opened|Eyes Closed|Blink eye while relaxing,Baseline EmotivPRO|KeyStroke,d8bb78fe-2914-4726-9ba0-5f901d762bd6,com.emotiv.emotivpro,2026-05-15T17:12:44.440+05:30,bahubali-aiml,,,,,,,,EEG_METADATA,HIGH,OK
D:\Projects\Major-Project\Data\Emotive\BCI data\1\BCI data\New folder\Uma H M_EPOCX_777408_2026.04.16T12.45.59+05.30.md.bp.csv,Uma H M_EPOCX_777408_2026.04.16T12.45.59+05.30.md.bp.csv,.csv,EMOTIV_EEG_CSV,47.818,2026-08-14T15:26:58.626989+00:00,e4fb9e2ddb42bd651bb78f39f24fa374e272d5598d8895f8a2f5791e4b3dd2af,Uma H M,EPOCX,E50210EA,128,eeg_128;mot_32;pow_8,14,EEG.AF3|EEG.F7|EEG.F3|EEG.FC5|EEG.T7|EEG.P7|EEG.O1|EEG.O2|EEG.P8|EEG.T8|EEG.FC6|EEG.F4|EEG.F8|EEG.AF4,1776323759.202277,1776324452.827058,693.625,11.56,88833,Timestamp|OriginalTimestamp|EEG.Counter|EEG.Interpolated|EEG.AF3|EEG.F7|EEG.F3|EEG.FC5|EEG.T7|EEG.P7|EEG.O1|EEG.O2|EEG.P8|EEG.T8|EEG.FC6|EEG.F4|EEG.F8|EEG.AF4|EEG.RawCq|EEG.Battery|EEG.BatteryPercent|MarkerIndex|MarkerType|MarkerValueInt|EEG.MarkerHardware|CQ.AF3|CQ.F7|CQ.F3|CQ.FC5|CQ.T7|CQ.P7|CQ.O1|CQ.O2|CQ.P8|CQ.T8|CQ.FC6|CQ.F4|CQ.F8|CQ.AF4|CQ.Overall|EQ.SampleRateQuality|EQ.OVERALL|EQ.AF3|EQ.F7|EQ.F3|EQ.FC5|EQ.T7|EQ.P7|EQ.O1|EQ.O2|EQ.P8|EQ.T8|EQ.FC6|EQ.F4|EQ.F8|EQ.AF4|MOT.CounterMems|MOT.InterpolatedMems|MOT.Q0|MOT.Q1|MOT.Q2|MOT.Q3|MOT.AccX|MOT.AccY|MOT.AccZ|MOT.MagX|MOT.MagY|MOT.MagZ|POW.AF3.Theta|POW.AF3.Alpha|POW.AF3.BetaL|POW.AF3.BetaH|POW.AF3.Gamma|POW.F7.Theta|POW.F7.Alpha|POW.F7.BetaL|POW.F7.BetaH|POW.F7.Gamma|POW.F3.Theta|POW.F3.Alpha|POW.F3.BetaL|POW.F3.BetaH|POW.F3.Gamma|POW.FC5.Theta|POW.FC5.Alpha|POW.FC5.BetaL|POW.FC5.BetaH|POW.FC5.Gamma|POW.T7.Theta|POW.T7.Alpha|POW.T7.BetaL|POW.T7.BetaH|POW.T7.Gamma|POW.P7.Theta|POW.P7.Alpha|POW.P7.BetaL|POW.P7.BetaH|POW.P7.Gamma|POW.O1.Theta|POW.O1.Alpha|POW.O1.BetaL|POW.O1.BetaH|POW.O1.Gamma|POW.O2.Theta|POW.O2.Alpha|POW.O2.BetaL|POW.O2.BetaH|POW.O2.Gamma|POW.P8.Theta|POW.P8.Alpha|POW.P8.BetaL|POW.P8.BetaH|POW.P8.Gamma|POW.T8.Theta|POW.T8.Alpha|POW.T8.BetaL|POW.T8.BetaH|POW.T8.Gamma|POW.FC6.Theta|POW.FC6.Alpha|POW.FC6.BetaL|POW.FC6.BetaH|POW.FC6.Gamma|POW.F4.Theta|POW.F4.Alpha|POW.F4.BetaL|POW.F4.BetaH|POW.F4.Gamma|POW.F8.Theta|POW.F8.Alpha|POW.F8.BetaL|POW.F8.BetaH|POW.F8.Gamma|POW.AF4.Theta|POW.AF4.Alpha|POW.AF4.BetaL|POW.AF4.BetaH|POW.AF4.Gamma,138,,,,,,,,,CQ.AF3|CQ.F7|CQ.F3|CQ.FC5|CQ.T7|CQ.P7|CQ.O1|CQ.O2|CQ.P8|CQ.T8|CQ.FC6|CQ.F4|CQ.F8|CQ.AF4|CQ.Overall,70,MOT.CounterMems|MOT.InterpolatedMems|MOT.Q0|MOT.Q1|MOT.Q2|MOT.Q3|MOT.AccX|MOT.AccY|MOT.AccZ|MOT.MagX|MOT.MagY|MOT.MagZ,,,,,EEG_PRIMARY,HIGH,OK
D:\Projects\Major-Project\Data\Emotive\BCI data\1\BCI data\New folder\Uma H M_EPOCX_777408_2026.04.16T12.45.59+05.30_intervalMarker.csv,Uma H M_EPOCX_777408_2026.04.16T12.45.59+05.30_intervalMarker.csv,.csv,EMOTIV_INTERVAL_MARKER_CSV,0.004,2026-08-14T15:26:58.076896+00:00,d2fd0e02fd1c85370f14063c8d3c2cd9ca75217bda51dd22b293a3b04ec82ab5,,,,,,,,,,,,,latency|duration|type|marker_value|key|timestamp|marker_id,,57,,Eyes_Closed|Blink_eye_while_relaxing|Eyes_Opened,,,,,,,,,,,,,EVENT_MARKER,HIGH,OK
D:\Projects\Major-Project\Data\Emotive\BCI data\1\BCI data\New folder\varun_EPOCX_775922_2026.04.15T10.54.24+05.30.json,varun_EPOCX_775922_2026.04.15T10.54.24+05.30.json,.json,EMOTIV_JSON_METADATA,0.002,2026-08-14T15:26:52.487869+00:00,b453c64ef3b7f6c0cf9c6d5497020b3a538688d38fdf9e37c3aaea22f2430d17,,EPOCX,,,,,,,,,,,,,,2,Eyes Opened|Eyes Closed,Baseline EmotivPRO,29a0cf40-9eeb-4bc0-a481-45e050ebc0d0,com.emotiv.emotivpro,2026-05-15T17:12:18.950+05:30,bahubali-aiml,,,,,,,,EEG_METADATA,HIGH,OK
D:\Projects\Major-Project\Data\Emotive\BCI data\1\BCI data\New folder\varun_EPOCX_775922_2026.04.15T10.54.24+05.30_intervalMarker.csv,varun_EPOCX_775922_2026.04.15T10.54.24+05.30_intervalMarker.csv,.csv,EMOTIV_INTERVAL_MARKER_CSV,0.0,2026-08-14T15:26:50.334851+00:00,9d82b4798c1d8cd1911b1b0866bd4ae5bb128339ed063d3be398f820185413a7,,,,,,,,,,,,,latency|duration|type|marker_value|key|timestamp|marker_id,,2,,Eyes_Closed|Eyes_Opened,,,,,,,,,,,,,EVENT_MARKER,HIGH,OK
D:\Projects\Major-Project\Data\Emotive\BCI data\1\BCI data\New folder\Venkat_EPOCX_587822_2026.04.17T17.02.16+05.30.json,Venkat_EPOCX_587822_2026.04.17T17.02.16+05.30.json,.json,EMOTIV_JSON_METADATA,0.002,2026-08-14T15:26:48.523872+00:00,4110bedfe5489f6a1c5f2579876cab867e791c42ed54080ec88a600070fb8206,,EPOCX,,,,,,,,,,,,,,2,Eyes Opened|Eyes Closed,Baseline EmotivPRO,b4ec6631-09e0-4620-8c8a-d2a60c6fb6e1,com.emotiv.emotivpro,2026-05-15T17:16:34.930+05:30,bahubali-aiml,,,,,,,,EEG_METADATA,HIGH,OK
D:\Projects\Major-Project\Data\Emotive\BCI data\1\BCI data\New folder\Venkat_EPOCX_587822_2026.04.17T17.02.16+05.30.md.bp.csv,Venkat_EPOCX_587822_2026.04.17T17.02.16+05.30.md.bp.csv,.csv,EMOTIV_EEG_CSV,35.159,2026-08-14T15:26:58.017380+00:00,abf6633a33b64a01871afd02bdaf3e02528c2261f0b880490a7ce4cb1e71ffef,Venkat,EPOCX,E50210EA,128,eeg_128;mot_32;pow_8,14,EEG.AF3|EEG.F7|EEG.F3|EEG.FC5|EEG.T7|EEG.P7|EEG.O1|EEG.O2|EEG.P8|EEG.T8|EEG.FC6|EEG.F4|EEG.F8|EEG.AF4,1776425536.835192,1776426212.860864,676.026,11.27,67523,Timestamp|EEG.Counter|EEG.Interpolated|EEG.AF3|EEG.F7|EEG.F3|EEG.FC5|EEG.T7|EEG.P7|EEG.O1|EEG.O2|EEG.P8|EEG.T8|EEG.FC6|EEG.F4|EEG.F8|EEG.AF4|EEG.RawCq|EEG.Battery|EEG.BatteryPercent|MarkerIndex|MarkerType|MarkerValueInt|EEG.MarkerHardware|CQ.AF3|CQ.F7|CQ.F3|CQ.FC5|CQ.T7|CQ.P7|CQ.O1|CQ.O2|CQ.P8|CQ.T8|CQ.FC6|CQ.F4|CQ.F8|CQ.AF4|CQ.Overall|EQ.SampleRateQuality|EQ.OVERALL|EQ.AF3|EQ.F7|EQ.F3|EQ.FC5|EQ.T7|EQ.P7|EQ.O1|EQ.O2|EQ.P8|EQ.T8|EQ.FC6|EQ.F4|EQ.F8|EQ.AF4|MOT.CounterMems|MOT.InterpolatedMems|MOT.Q0|MOT.Q1|MOT.Q2|MOT.Q3|MOT.AccX|MOT.AccY|MOT.AccZ|MOT.MagX|MOT.MagY|MOT.MagZ|POW.AF3.Theta|POW.AF3.Alpha|POW.AF3.BetaL|POW.AF3.BetaH|POW.AF3.Gamma|POW.F7.Theta|POW.F7.Alpha|POW.F7.BetaL|POW.F7.BetaH|POW.F7.Gamma|POW.F3.Theta|POW.F3.Alpha|POW.F3.BetaL|POW.F3.BetaH|POW.F3.Gamma|POW.FC5.Theta|POW.FC5.Alpha|POW.FC5.BetaL|POW.FC5.BetaH|POW.FC5.Gamma|POW.T7.Theta|POW.T7.Alpha|POW.T7.BetaL|POW.T7.BetaH|POW.T7.Gamma|POW.P7.Theta|POW.P7.Alpha|POW.P7.BetaL|POW.P7.BetaH|POW.P7.Gamma|POW.O1.Theta|POW.O1.Alpha|POW.O1.BetaL|POW.O1.BetaH|POW.O1.Gamma|POW.O2.Theta|POW.O2.Alpha|POW.O2.BetaL|POW.O2.BetaH|POW.O2.Gamma|POW.P8.Theta|POW.P8.Alpha|POW.P8.BetaL|POW.P8.BetaH|POW.P8.Gamma|POW.T8.Theta|POW.T8.Alpha|POW.T8.BetaL|POW.T8.BetaH|POW.T8.Gamma|POW.FC6.Theta|POW.FC6.Alpha|POW.FC6.BetaL|POW.FC6.BetaH|POW.FC6.Gamma|POW.F4.Theta|POW.F4.Alpha|POW.F4.BetaL|POW.F4.BetaH|POW.F4.Gamma|POW.F8.Theta|POW.F8.Alpha|POW.F8.BetaL|POW.F8.BetaH|POW.F8.Gamma|POW.AF4.Theta|POW.AF4.Alpha|POW.AF4.BetaL|POW.AF4.BetaH|POW.AF4.Gamma,137,,,,,,,,,CQ.AF3|CQ.F7|CQ.F3|CQ.FC5|CQ.T7|CQ.P7|CQ.O1|CQ.O2|CQ.P8|CQ.T8|CQ.FC6|CQ.F4|CQ.F8|CQ.AF4|CQ.Overall,70,MOT.CounterMems|MOT.InterpolatedMems|MOT.Q0|MOT.Q1|MOT.Q2|MOT.Q3|MOT.AccX|MOT.AccY|MOT.AccZ|MOT.MagX|MOT.MagY|MOT.MagZ,,,,,EEG_PRIMARY,HIGH,OK
D:\Projects\Major-Project\Data\Emotive\BCI data\1\BCI data\New folder\Venkat_EPOCX_587822_2026.04.17T17.02.16+05.30_intervalMarker.csv,Venkat_EPOCX_587822_2026.04.17T17.02.16+05.30_intervalMarker.csv,.csv,EMOTIV_INTERVAL_MARKER_CSV,0.0,2026-08-14T15:26:49.132370+00:00,f3b75d2988131e4b6050424e9cb3249681a34e82194dd62650ba42b7ead631d9,,,,,,,,,,,,,latency|duration|type|marker_value|key|timestamp|marker_id,,2,,Eyes_Closed|Eyes_Opened,,,,,,,,,,,,,EVENT_MARKER,HIGH,OK
D:\Projects\Major-Project\Data\Emotive\BCI data\1\BCI data\New folder\yash raj_EPOCX_784305_2026.04.23T15.49.16+05.30.json,yash raj_EPOCX_784305_2026.04.23T15.49.16+05.30.json,.json,EMOTIV_JSON_METADATA,0.002,2026-08-14T15:27:03.450711+00:00,2f4c50d74bed5bd419dc6145c939c1f705cc2b66da350382f13d2cdb5348084a,,EPOCX,,,,,,,,,,,,,,2,Eyes Opened|Eyes Closed,Baseline EmotivPRO,07905ec8-b404-44a3-ac7e-3d4176acbf42,com.emotiv.emotivpro,2026-05-15T17:05:31.351+05:30,bahubali-aiml,,,,,,,,EEG_METADATA,HIGH,OK
D:\Projects\Major-Project\Data\Emotive\BCI data\1\BCI data\New folder\yash raj_EPOCX_784305_2026.04.23T15.49.16+05.30.md.bp.csv,yash raj_EPOCX_784305_2026.04.23T15.49.16+05.30.md.bp.csv,.csv,EMOTIV_EEG_CSV,50.433,2026-08-14T15:26:56.588831+00:00,41ac835301f6e4a500e366b3cca8e4c673fc32c32109460159aa32bd18c7037b,yash raj,EPOCX,E50210EA,128,eeg_128;mot_64;pow_8,14,EEG.AF3|EEG.F7|EEG.F3|EEG.FC5|EEG.T7|EEG.P7|EEG.O1|EEG.O2|EEG.P8|EEG.T8|EEG.FC6|EEG.F4|EEG.F8|EEG.AF4,1776939556.67178,1776940277.407128,720.735,12.01,92305,Timestamp|EEG.Counter|EEG.Interpolated|EEG.AF3|EEG.F7|EEG.F3|EEG.FC5|EEG.T7|EEG.P7|EEG.O1|EEG.O2|EEG.P8|EEG.T8|EEG.FC6|EEG.F4|EEG.F8|EEG.AF4|EEG.RawCq|EEG.Battery|EEG.BatteryPercent|MarkerIndex|MarkerType|MarkerValueInt|EEG.MarkerHardware|CQ.AF3|CQ.F7|CQ.F3|CQ.FC5|CQ.T7|CQ.P7|CQ.O1|CQ.O2|CQ.P8|CQ.T8|CQ.FC6|CQ.F4|CQ.F8|CQ.AF4|CQ.Overall|EQ.SampleRateQuality|EQ.OVERALL|EQ.AF3|EQ.F7|EQ.F3|EQ.FC5|EQ.T7|EQ.P7|EQ.O1|EQ.O2|EQ.P8|EQ.T8|EQ.FC6|EQ.F4|EQ.F8|EQ.AF4|MOT.CounterMems|MOT.InterpolatedMems|MOT.Q0|MOT.Q1|MOT.Q2|MOT.Q3|MOT.AccX|MOT.AccY|MOT.AccZ|MOT.MagX|MOT.MagY|MOT.MagZ|POW.AF3.Theta|POW.AF3.Alpha|POW.AF3.BetaL|POW.AF3.BetaH|POW.AF3.Gamma|POW.F7.Theta|POW.F7.Alpha|POW.F7.BetaL|POW.F7.BetaH|POW.F7.Gamma|POW.F3.Theta|POW.F3.Alpha|POW.F3.BetaL|POW.F3.BetaH|POW.F3.Gamma|POW.FC5.Theta|POW.FC5.Alpha|POW.FC5.BetaL|POW.FC5.BetaH|POW.FC5.Gamma|POW.T7.Theta|POW.T7.Alpha|POW.T7.BetaL|POW.T7.BetaH|POW.T7.Gamma|POW.P7.Theta|POW.P7.Alpha|POW.P7.BetaL|POW.P7.BetaH|POW.P7.Gamma|POW.O1.Theta|POW.O1.Alpha|POW.O1.BetaL|POW.O1.BetaH|POW.O1.Gamma|POW.O2.Theta|POW.O2.Alpha|POW.O2.BetaL|POW.O2.BetaH|POW.O2.Gamma|POW.P8.Theta|POW.P8.Alpha|POW.P8.BetaL|POW.P8.BetaH|POW.P8.Gamma|POW.T8.Theta|POW.T8.Alpha|POW.T8.BetaL|POW.T8.BetaH|POW.T8.Gamma|POW.FC6.Theta|POW.FC6.Alpha|POW.FC6.BetaL|POW.FC6.BetaH|POW.FC6.Gamma|POW.F4.Theta|POW.F4.Alpha|POW.F4.BetaL|POW.F4.BetaH|POW.F4.Gamma|POW.F8.Theta|POW.F8.Alpha|POW.F8.BetaL|POW.F8.BetaH|POW.F8.Gamma|POW.AF4.Theta|POW.AF4.Alpha|POW.AF4.BetaL|POW.AF4.BetaH|POW.AF4.Gamma,137,,,,,,,,,CQ.AF3|CQ.F7|CQ.F3|CQ.FC5|CQ.T7|CQ.P7|CQ.O1|CQ.O2|CQ.P8|CQ.T8|CQ.FC6|CQ.F4|CQ.F8|CQ.AF4|CQ.Overall,70,MOT.CounterMems|MOT.InterpolatedMems|MOT.Q0|MOT.Q1|MOT.Q2|MOT.Q3|MOT.AccX|MOT.AccY|MOT.AccZ|MOT.MagX|MOT.MagY|MOT.MagZ,,,,,EEG_PRIMARY,HIGH,OK
D:\Projects\Major-Project\Data\Emotive\BCI data\1\BCI data\New folder\yash raj_EPOCX_784305_2026.04.23T15.49.16+05.30_intervalMarker.csv,yash raj_EPOCX_784305_2026.04.23T15.49.16+05.30_intervalMarker.csv,.csv,EMOTIV_INTERVAL_MARKER_CSV,0.0,2026-08-14T15:26:55.995947+00:00,55a87c96705dd75209f759f6a176df7a52e5404abe1f2103c4b696b0320f4619,,,,,,,,,,,,,latency|duration|type|marker_value|key|timestamp|marker_id,,2,,Eyes_Closed|Eyes_Opened,,,,,,,,,,,,,EVENT_MARKER,HIGH,OK
D:\Projects\Major-Project\Data\Emotive\BCI data\1\BCI data\New folder\yashas_EPOCX_777506_2026.04.16T13.09.52+05.30.json,yashas_EPOCX_777506_2026.04.16T13.09.52+05.30.json,.json,EMOTIV_JSON_METADATA,0.032,2026-08-14T15:26:48.852796+00:00,e2f81bea987ac7aa984c18c362a39d55214b8eae0cc53a571c28da8f0b8a3520,,EPOCX,,,,,,,,,,,,,,53,Eyes Opened|Eyes Closed|Blink eye while relaxing,Baseline EmotivPRO|KeyStroke,4ee9e821-0f71-4eaf-83d3-3b20ec6aeb22,com.emotiv.emotivpro,2026-05-15T17:13:04.088+05:30,bahubali-aiml,,,,,,,,EEG_METADATA,HIGH,OK
D:\Projects\Major-Project\Data\Emotive\BCI data\1\BCI data\New folder\yashas_EPOCX_777506_2026.04.16T13.09.52+05.30_intervalMarker.csv,yashas_EPOCX_777506_2026.04.16T13.09.52+05.30_intervalMarker.csv,.csv,EMOTIV_INTERVAL_MARKER_CSV,0.004,2026-08-14T15:26:48.934740+00:00,365001f5388c463e423f615529e7435640ffcbf139b10f579d5d416f8e8df5ba,,,,,,,,,,,,,latency|duration|type|marker_value|key|timestamp|marker_id,,53,,Eyes_Closed|Blink_eye_while_relaxing|Eyes_Opened,,,,,,,,,,,,,EVENT_MARKER,HIGH,OK
D:\Projects\Major-Project\Data\Emotive\BCI data\1\BCI data\New folder\yashwanth_EPOCX_780183_2026.04.19T11.59.18+05.30.json,yashwanth_EPOCX_780183_2026.04.19T11.59.18+05.30.json,.json,EMOTIV_JSON_METADATA,0.02,2026-08-14T15:26:48.878391+00:00,3cf8b988ca74e70f61070db4b147ea4e972c7613d527fb8f82f444fac5d6b208,,EPOCX,,,,,,,,,,,,,,33,Eyes Opened|Lift Right Arm|Eyes Closed|Blink eye while relaxing,Baseline EmotivPRO|KeyStroke,e667ea2a-cf11-4f6f-b83d-8c05b85438a4,com.emotiv.emotivpro,2026-05-15T17:17:09.146+05:30,bahubali-aiml,,,,,,,,EEG_METADATA,HIGH,OK
D:\Projects\Major-Project\Data\Emotive\BCI data\1\BCI data\New folder\yashwanth_EPOCX_780183_2026.04.19T11.59.18+05.30.md.bp.csv,yashwanth_EPOCX_780183_2026.04.19T11.59.18+05.30.md.bp.csv,.csv,EMOTIV_EEG_CSV,48.993,2026-08-14T15:26:54.805904+00:00,98dd873c490e6f071ecd7e30d900b5b3d14702348f4d126d9ffb16d1bb1825a4,yashwanth,EPOCX,E50210EA,128,eeg_128;mot_32;pow_8,14,EEG.AF3|EEG.F7|EEG.F3|EEG.FC5|EEG.T7|EEG.P7|EEG.O1|EEG.O2|EEG.P8|EEG.T8|EEG.FC6|EEG.F4|EEG.F8|EEG.AF4,1776580158.075393,1776580892.711479,734.636,12.24,94085,Timestamp|EEG.Counter|EEG.Interpolated|EEG.AF3|EEG.F7|EEG.F3|EEG.FC5|EEG.T7|EEG.P7|EEG.O1|EEG.O2|EEG.P8|EEG.T8|EEG.FC6|EEG.F4|EEG.F8|EEG.AF4|EEG.RawCq|EEG.Battery|EEG.BatteryPercent|MarkerIndex|MarkerType|MarkerValueInt|EEG.MarkerHardware|CQ.AF3|CQ.F7|CQ.F3|CQ.FC5|CQ.T7|CQ.P7|CQ.O1|CQ.O2|CQ.P8|CQ.T8|CQ.FC6|CQ.F4|CQ.F8|CQ.AF4|CQ.Overall|EQ.SampleRateQuality|EQ.OVERALL|EQ.AF3|EQ.F7|EQ.F3|EQ.FC5|EQ.T7|EQ.P7|EQ.O1|EQ.O2|EQ.P8|EQ.T8|EQ.FC6|EQ.F4|EQ.F8|EQ.AF4|MOT.CounterMems|MOT.InterpolatedMems|MOT.Q0|MOT.Q1|MOT.Q2|MOT.Q3|MOT.AccX|MOT.AccY|MOT.AccZ|MOT.MagX|MOT.MagY|MOT.MagZ|POW.AF3.Theta|POW.AF3.Alpha|POW.AF3.BetaL|POW.AF3.BetaH|POW.AF3.Gamma|POW.F7.Theta|POW.F7.Alpha|POW.F7.BetaL|POW.F7.BetaH|POW.F7.Gamma|POW.F3.Theta|POW.F3.Alpha|POW.F3.BetaL|POW.F3.BetaH|POW.F3.Gamma|POW.FC5.Theta|POW.FC5.Alpha|POW.FC5.BetaL|POW.FC5.BetaH|POW.FC5.Gamma|POW.T7.Theta|POW.T7.Alpha|POW.T7.BetaL|POW.T7.BetaH|POW.T7.Gamma|POW.P7.Theta|POW.P7.Alpha|POW.P7.BetaL|POW.P7.BetaH|POW.P7.Gamma|POW.O1.Theta|POW.O1.Alpha|POW.O1.BetaL|POW.O1.BetaH|POW.O1.Gamma|POW.O2.Theta|POW.O2.Alpha|POW.O2.BetaL|POW.O2.BetaH|POW.O2.Gamma|POW.P8.Theta|POW.P8.Alpha|POW.P8.BetaL|POW.P8.BetaH|POW.P8.Gamma|POW.T8.Theta|POW.T8.Alpha|POW.T8.BetaL|POW.T8.BetaH|POW.T8.Gamma|POW.FC6.Theta|POW.FC6.Alpha|POW.FC6.BetaL|POW.FC6.BetaH|POW.FC6.Gamma|POW.F4.Theta|POW.F4.Alpha|POW.F4.BetaL|POW.F4.BetaH|POW.F4.Gamma|POW.F8.Theta|POW.F8.Alpha|POW.F8.BetaL|POW.F8.BetaH|POW.F8.Gamma|POW.AF4.Theta|POW.AF4.Alpha|POW.AF4.BetaL|POW.AF4.BetaH|POW.AF4.Gamma,137,,,,,,,,,CQ.AF3|CQ.F7|CQ.F3|CQ.FC5|CQ.T7|CQ.P7|CQ.O1|CQ.O2|CQ.P8|CQ.T8|CQ.FC6|CQ.F4|CQ.F8|CQ.AF4|CQ.Overall,70,MOT.CounterMems|MOT.InterpolatedMems|MOT.Q0|MOT.Q1|MOT.Q2|MOT.Q3|MOT.AccX|MOT.AccY|MOT.AccZ|MOT.MagX|MOT.MagY|MOT.MagZ,,,,,EEG_PRIMARY,HIGH,OK
D:\Projects\Major-Project\Data\Emotive\BCI data\1\BCI data\New folder\yashwanth_EPOCX_780183_2026.04.19T11.59.18+05.30_intervalMarker.csv,yashwanth_EPOCX_780183_2026.04.19T11.59.18+05.30_intervalMarker.csv,.csv,EMOTIV_INTERVAL_MARKER_CSV,0.002,2026-08-14T15:26:48.773910+00:00,716911fab2be8d2a6ca7ee7cda2c2739e59b05246de011f2e94e5f37e9be2149,,,,,,,,,,,,,latency|duration|type|marker_value|key|timestamp|marker_id,,33,,Eyes_Closed|Blink_eye_while_relaxing|Eyes_Opened|Lift_Right_Arm,,,,,,,,,,,,,EVENT_MARKER,HIGH,OK
D:\Projects\Major-Project\Data\Emotive\BCI data\1\BCI data\Stress evaluation\participant_10_EPOCX_790938_2026.04.29T22.02.51+05.30.json,participant_10_EPOCX_790938_2026.04.29T22.02.51+05.30.json,.json,EMOTIV_JSON_METADATA,0.004,2026-08-14T15:26:36.155018+00:00,0e147778ead93d9f6b7c259319f33a6056e2c36366d1fe79a5adaf88f15c4574,,EPOCX,,,,,,,,,,,,,,6,Eyes Opened|Eyes Closed|Blink eye while relaxing,Baseline EmotivPRO|KeyStroke,98513906-d6a8-4c9a-8663-318e66317126,com.emotiv.emotivpro,2026-04-29T22:31:33.493+05:30,bahubali-aiml,,,,,,,,EEG_METADATA,HIGH,OK
D:\Projects\Major-Project\Data\Emotive\BCI data\1\BCI data\Stress evaluation\participant_10_EPOCX_790938_2026.04.29T22.02.51+05.30_intervalMarker.csv,participant_10_EPOCX_790938_2026.04.29T22.02.51+05.30_intervalMarker.csv,.csv,EMOTIV_INTERVAL_MARKER_CSV,0.0,2026-08-14T15:26:36.325437+00:00,41a7900ffe9087d041885a099ead1d1c2c6eb3e5389e965f8dc76d1c410a6680,,,,,,,,,,,,,latency|duration|type|marker_value|key|timestamp|marker_id,,6,,Eyes_Closed|Blink_eye_while_relaxing|Eyes_Opened,,,,,,,,,,,,,EVENT_MARKER,HIGH,OK
D:\Projects\Major-Project\Data\Emotive\BCI data\1\BCI data\Stress evaluation\participant_11_EPOCX_791505_2026.04.30T14.37.30+05.30.json,participant_11_EPOCX_791505_2026.04.30T14.37.30+05.30.json,.json,EMOTIV_JSON_METADATA,0.003,2026-08-14T15:26:35.705343+00:00,90e657fd98fdceaf65cf2396e1b7ce637dc424573005cba536cf757cfec1aa6b,,EPOCX,,,,,,,,,,,,,,5,Eyes Opened|Eyes Closed|Blink eye while relaxing,Baseline EmotivPRO|KeyStroke,7643db7e-4daf-4d5e-843d-be7a0dcb29e3,com.emotiv.emotivpro,2026-04-30T14:57:08.777+05:30,bahubali-aiml,,,,,,,,EEG_METADATA,HIGH,OK
D:\Projects\Major-Project\Data\Emotive\BCI data\1\BCI data\Stress evaluation\participant_11_EPOCX_791505_2026.04.30T14.37.30+05.30.md.csv,participant_11_EPOCX_791505_2026.04.30T14.37.30+05.30.md.csv,.csv,EMOTIV_EEG_CSV,41.111,2026-08-14T15:26:37.381179+00:00,04a23b1f74e2aeef7ff8b6d7979e7dc64c42a96e4fc6c85ccc6b38bd0a81405f,participant_11,EPOCX,E50210EA,128,eeg_128;mot_64,14,EEG.AF3|EEG.F7|EEG.F3|EEG.FC5|EEG.T7|EEG.P7|EEG.O1|EEG.O2|EEG.P8|EEG.T8|EEG.FC6|EEG.F4|EEG.F8|EEG.AF4,1777540050.527631,1777541133.284036,1082.756,18.05,138669,Timestamp|OriginalTimestamp|EEG.Counter|EEG.Interpolated|EEG.AF3|EEG.F7|EEG.F3|EEG.FC5|EEG.T7|EEG.P7|EEG.O1|EEG.O2|EEG.P8|EEG.T8|EEG.FC6|EEG.F4|EEG.F8|EEG.AF4|EEG.RawCq|EEG.Battery|EEG.BatteryPercent|MarkerIndex|MarkerType|MarkerValueInt|EEG.MarkerHardware|CQ.AF3|CQ.F7|CQ.F3|CQ.FC5|CQ.T7|CQ.P7|CQ.O1|CQ.O2|CQ.P8|CQ.T8|CQ.FC6|CQ.F4|CQ.F8|CQ.AF4|CQ.Overall|EQ.SampleRateQuality|EQ.OVERALL|EQ.AF3|EQ.F7|EQ.F3|EQ.FC5|EQ.T7|EQ.P7|EQ.O1|EQ.O2|EQ.P8|EQ.T8|EQ.FC6|EQ.F4|EQ.F8|EQ.AF4|MOT.CounterMems|MOT.InterpolatedMems|MOT.Q0|MOT.Q1|MOT.Q2|MOT.Q3|MOT.AccX|MOT.AccY|MOT.AccZ|MOT.MagX|MOT.MagY|MOT.MagZ,68,,,,,,,,,CQ.AF3|CQ.F7|CQ.F3|CQ.FC5|CQ.T7|CQ.P7|CQ.O1|CQ.O2|CQ.P8|CQ.T8|CQ.FC6|CQ.F4|CQ.F8|CQ.AF4|CQ.Overall,0,MOT.CounterMems|MOT.InterpolatedMems|MOT.Q0|MOT.Q1|MOT.Q2|MOT.Q3|MOT.AccX|MOT.AccY|MOT.AccZ|MOT.MagX|MOT.MagY|MOT.MagZ,,,,,EEG_PRIMARY,HIGH,OK
D:\Projects\Major-Project\Data\Emotive\BCI data\1\BCI data\Stress evaluation\participant_11_EPOCX_791505_2026.04.30T14.37.30+05.30_intervalMarker.csv,participant_11_EPOCX_791505_2026.04.30T14.37.30+05.30_intervalMarker.csv,.csv,EMOTIV_INTERVAL_MARKER_CSV,0.0,2026-08-14T15:26:36.047958+00:00,7c9f8733307065101b73ca500a1d945032478ec9baef3997ab6b5e01d5d86e52,,,,,,,,,,,,,latency|duration|type|marker_value|key|timestamp|marker_id,,5,,Eyes_Closed|Blink_eye_while_relaxing|Eyes_Opened,,,,,,,,,,,,,EVENT_MARKER,HIGH,OK
D:\Projects\Major-Project\Data\Emotive\BCI data\1\BCI data\Stress evaluation\participant_12_EPOCX_799155_2026.05.08T21.00.50+05.30.json,participant_12_EPOCX_799155_2026.05.08T21.00.50+05.30.json,.json,EMOTIV_JSON_METADATA,0.004,2026-08-14T15:26:35.990941+00:00,b15623a7ed78b578f7402598aef2a5a27c445e5a3ce38ce9f78394829ddfb89e,,EPOCX,,,,,,,,,,,,,,6,Eyes Opened|Eyes Closed|Blink eye while relaxing,Baseline EmotivPRO|KeyStroke,b94d246d-0a78-4626-b6dc-47376d528f15,com.emotiv.emotivpro,2026-05-08T21:29:59.002+05:30,bahubali-aiml,,,,,,,,EEG_METADATA,HIGH,OK
D:\Projects\Major-Project\Data\Emotive\BCI data\1\BCI data\Stress evaluation\participant_12_EPOCX_799155_2026.05.08T21.00.50+05.30_intervalMarker.csv,participant_12_EPOCX_799155_2026.05.08T21.00.50+05.30_intervalMarker.csv,.csv,EMOTIV_INTERVAL_MARKER_CSV,0.0,2026-08-14T15:26:36.296812+00:00,5f42e3f8e8fb271b646e3a669bf4c5372047798e2182acd09f95d2d091186219,,,,,,,,,,,,,latency|duration|type|marker_value|key|timestamp|marker_id,,6,,Eyes_Closed|Blink_eye_while_relaxing|Eyes_Opened,,,,,,,,,,,,,EVENT_MARKER,HIGH,OK
D:\Projects\Major-Project\Data\Emotive\BCI data\1\BCI data\Stress evaluation\participant_13_EPOCX_799254_2026.05.08T21.55.12+05.30.json,participant_13_EPOCX_799254_2026.05.08T21.55.12+05.30.json,.json,EMOTIV_JSON_METADATA,0.004,2026-08-14T15:26:35.592813+00:00,3793a4c32164a2df2181ca969269040162b7ee564f3b9e24201deb23d7ea47cc,,EPOCX,,,,,,,,,,,,,,6,Eyes Opened|Eyes Closed|Blink eye while relaxing,Baseline EmotivPRO|KeyStroke,19597828-d03a-4119-a136-a85289ff87a0,com.emotiv.emotivpro,2026-05-08T22:14:21.961+05:30,bahubali-aiml,,,,,,,,EEG_METADATA,HIGH,OK
D:\Projects\Major-Project\Data\Emotive\BCI data\1\BCI data\Stress evaluation\participant_13_EPOCX_799254_2026.05.08T21.55.12+05.30.md.csv,participant_13_EPOCX_799254_2026.05.08T21.55.12+05.30.md.csv,.csv,EMOTIV_EEG_CSV,60.891,2026-08-14T15:26:44.007199+00:00,930f8f7420589bcfe8036e182c326d8449db161c1233b6cefae8d9f20561587a,participant_13,EPOCX,E50210EA,128,eeg_128;mot_64,14,EEG.AF3|EEG.F7|EEG.F3|EEG.FC5|EEG.T7|EEG.P7|EEG.O1|EEG.O2|EEG.P8|EEG.T8|EEG.FC6|EEG.F4|EEG.F8|EEG.AF4,1778257512.410267,1778258543.163993,1030.754,17.18,132009,Timestamp|OriginalTimestamp|EEG.Counter|EEG.Interpolated|EEG.AF3|EEG.F7|EEG.F3|EEG.FC5|EEG.T7|EEG.P7|EEG.O1|EEG.O2|EEG.P8|EEG.T8|EEG.FC6|EEG.F4|EEG.F8|EEG.AF4|EEG.RawCq|EEG.Battery|EEG.BatteryPercent|MarkerIndex|MarkerType|MarkerValueInt|EEG.MarkerHardware|CQ.AF3|CQ.F7|CQ.F3|CQ.FC5|CQ.T7|CQ.P7|CQ.O1|CQ.O2|CQ.P8|CQ.T8|CQ.FC6|CQ.F4|CQ.F8|CQ.AF4|CQ.Overall|EQ.SampleRateQuality|EQ.OVERALL|EQ.AF3|EQ.F7|EQ.F3|EQ.FC5|EQ.T7|EQ.P7|EQ.O1|EQ.O2|EQ.P8|EQ.T8|EQ.FC6|EQ.F4|EQ.F8|EQ.AF4|MOT.CounterMems|MOT.InterpolatedMems|MOT.Q0|MOT.Q1|MOT.Q2|MOT.Q3|MOT.AccX|MOT.AccY|MOT.AccZ|MOT.MagX|MOT.MagY|MOT.MagZ,68,,,,,,,,,CQ.AF3|CQ.F7|CQ.F3|CQ.FC5|CQ.T7|CQ.P7|CQ.O1|CQ.O2|CQ.P8|CQ.T8|CQ.FC6|CQ.F4|CQ.F8|CQ.AF4|CQ.Overall,0,MOT.CounterMems|MOT.InterpolatedMems|MOT.Q0|MOT.Q1|MOT.Q2|MOT.Q3|MOT.AccX|MOT.AccY|MOT.AccZ|MOT.MagX|MOT.MagY|MOT.MagZ,,,,,EEG_PRIMARY,HIGH,OK
D:\Projects\Major-Project\Data\Emotive\BCI data\1\BCI data\Stress evaluation\participant_13_EPOCX_799254_2026.05.08T21.55.12+05.30_intervalMarker.csv,participant_13_EPOCX_799254_2026.05.08T21.55.12+05.30_intervalMarker.csv,.csv,EMOTIV_INTERVAL_MARKER_CSV,0.0,2026-08-14T15:26:35.651822+00:00,faa8904d68107ded8d185eaa65889ce179b5e22f034709d98f2d974f8467c3fe,,,,,,,,,,,,,latency|duration|type|marker_value|key|timestamp|marker_id,,6,,Eyes_Closed|Blink_eye_while_relaxing|Eyes_Opened,,,,,,,,,,,,,EVENT_MARKER,HIGH,OK
D:\Projects\Major-Project\Data\Emotive\BCI data\1\BCI data\Stress evaluation\participant_14_EPOCX_800903_2026.05.11T23.31.10+05.30.json,participant_14_EPOCX_800903_2026.05.11T23.31.10+05.30.json,.json,EMOTIV_JSON_METADATA,0.004,2026-08-14T15:26:35.679349+00:00,14a40f56c04274ee320e8127999a247cd600507d857ebc885841399fe4c86e37,,EPOCX,,,,,,,,,,,,,,6,Eyes Opened|Eyes Closed|Blink eye while relaxing,Baseline EmotivPRO|KeyStroke,ee50ca42-7240-44e1-bae8-c78bc3ac63b8,com.emotiv.emotivpro,2026-05-11T23:45:49.258+05:30,bahubali-aiml,,,,,,,,EEG_METADATA,HIGH,OK
D:\Projects\Major-Project\Data\Emotive\BCI data\1\BCI data\Stress evaluation\participant_14_EPOCX_800903_2026.05.11T23.31.10+05.30.md.csv,participant_14_EPOCX_800903_2026.05.11T23.31.10+05.30.md.csv,.csv,EMOTIV_EEG_CSV,42.562,2026-08-14T15:26:36.855834+00:00,bfd59d5c7480ca69ec58a25c99e36be3be7c96b94c7320de0f63a1c4c6c889b9,participant_14,EPOCX,E50210EA,128,eeg_128;mot_64,14,EEG.AF3|EEG.F7|EEG.F3|EEG.FC5|EEG.T7|EEG.P7|EEG.O1|EEG.O2|EEG.P8|EEG.T8|EEG.FC6|EEG.F4|EEG.F8|EEG.AF4,1778522470.071495,1778523191.306687,721.235,12.02,92369,Timestamp|OriginalTimestamp|EEG.Counter|EEG.Interpolated|EEG.AF3|EEG.F7|EEG.F3|EEG.FC5|EEG.T7|EEG.P7|EEG.O1|EEG.O2|EEG.P8|EEG.T8|EEG.FC6|EEG.F4|EEG.F8|EEG.AF4|EEG.RawCq|EEG.Battery|EEG.BatteryPercent|MarkerIndex|MarkerType|MarkerValueInt|EEG.MarkerHardware|CQ.AF3|CQ.F7|CQ.F3|CQ.FC5|CQ.T7|CQ.P7|CQ.O1|CQ.O2|CQ.P8|CQ.T8|CQ.FC6|CQ.F4|CQ.F8|CQ.AF4|CQ.Overall|EQ.SampleRateQuality|EQ.OVERALL|EQ.AF3|EQ.F7|EQ.F3|EQ.FC5|EQ.T7|EQ.P7|EQ.O1|EQ.O2|EQ.P8|EQ.T8|EQ.FC6|EQ.F4|EQ.F8|EQ.AF4|MOT.CounterMems|MOT.InterpolatedMems|MOT.Q0|MOT.Q1|MOT.Q2|MOT.Q3|MOT.AccX|MOT.AccY|MOT.AccZ|MOT.MagX|MOT.MagY|MOT.MagZ,68,,,,,,,,,CQ.AF3|CQ.F7|CQ.F3|CQ.FC5|CQ.T7|CQ.P7|CQ.O1|CQ.O2|CQ.P8|CQ.T8|CQ.FC6|CQ.F4|CQ.F8|CQ.AF4|CQ.Overall,0,MOT.CounterMems|MOT.InterpolatedMems|MOT.Q0|MOT.Q1|MOT.Q2|MOT.Q3|MOT.AccX|MOT.AccY|MOT.AccZ|MOT.MagX|MOT.MagY|MOT.MagZ,,,,,EEG_PRIMARY,HIGH,OK
D:\Projects\Major-Project\Data\Emotive\BCI data\1\BCI data\Stress evaluation\participant_14_EPOCX_800903_2026.05.11T23.31.10+05.30_intervalMarker.csv,participant_14_EPOCX_800903_2026.05.11T23.31.10+05.30_intervalMarker.csv,.csv,EMOTIV_INTERVAL_MARKER_CSV,0.0,2026-08-14T15:26:36.267589+00:00,118a7d6d03f9c2a510f5d0c25241addc91e1b93d8297a21a481fa64ce4a97147,,,,,,,,,,,,,latency|duration|type|marker_value|key|timestamp|marker_id,,6,,Eyes_Closed|Blink_eye_while_relaxing|Eyes_Opened,,,,,,,,,,,,,EVENT_MARKER,HIGH,OK
D:\Projects\Major-Project\Data\Emotive\BCI data\1\BCI data\Stress evaluation\participant_15_EPOCX_803292_2026.05.16T21.55.45+05.30.json,participant_15_EPOCX_803292_2026.05.16T21.55.45+05.30.json,.json,EMOTIV_JSON_METADATA,0.004,2026-08-14T15:26:35.537280+00:00,e852da64d914261fcd3800f10dc175585716dc08fdf03beff730cb66eefe34ee,,EPOCX,,,,,,,,,,,,,,6,Eyes Opened|Eyes Closed|Blink eye while relaxing,Baseline EmotivPRO|KeyStroke,73aedbc4-9274-4317-a0f2-3cc679278c9a,com.emotiv.emotivpro,2026-05-16T23:26:57.167+05:30,bahubali-aiml,,,,,,,,EEG_METADATA,HIGH,OK
D:\Projects\Major-Project\Data\Emotive\BCI data\1\BCI data\Stress evaluation\participant_15_EPOCX_803292_2026.05.16T21.55.45+05.30.md.csv,participant_15_EPOCX_803292_2026.05.16T21.55.45+05.30.md.csv,.csv,EMOTIV_EEG_CSV,53.372,2026-08-14T15:26:37.963543+00:00,2456a27705b804b9b766f2db13ba1bf2e98367abf25c4bcbcd083cd8472a64f4,participant_15,EPOCX,E50210EA,128,eeg_128;mot_64,14,EEG.AF3|EEG.F7|EEG.F3|EEG.FC5|EEG.T7|EEG.P7|EEG.O1|EEG.O2|EEG.P8|EEG.T8|EEG.FC6|EEG.F4|EEG.F8|EEG.AF4,1778948745.175255,1778949647.624509,902.449,15.04,115577,Timestamp|OriginalTimestamp|EEG.Counter|EEG.Interpolated|EEG.AF3|EEG.F7|EEG.F3|EEG.FC5|EEG.T7|EEG.P7|EEG.O1|EEG.O2|EEG.P8|EEG.T8|EEG.FC6|EEG.F4|EEG.F8|EEG.AF4|EEG.RawCq|EEG.Battery|EEG.BatteryPercent|MarkerIndex|MarkerType|MarkerValueInt|EEG.MarkerHardware|CQ.AF3|CQ.F7|CQ.F3|CQ.FC5|CQ.T7|CQ.P7|CQ.O1|CQ.O2|CQ.P8|CQ.T8|CQ.FC6|CQ.F4|CQ.F8|CQ.AF4|CQ.Overall|EQ.SampleRateQuality|EQ.OVERALL|EQ.AF3|EQ.F7|EQ.F3|EQ.FC5|EQ.T7|EQ.P7|EQ.O1|EQ.O2|EQ.P8|EQ.T8|EQ.FC6|EQ.F4|EQ.F8|EQ.AF4|MOT.CounterMems|MOT.InterpolatedMems|MOT.Q0|MOT.Q1|MOT.Q2|MOT.Q3|MOT.AccX|MOT.AccY|MOT.AccZ|MOT.MagX|MOT.MagY|MOT.MagZ,68,,,,,,,,,CQ.AF3|CQ.F7|CQ.F3|CQ.FC5|CQ.T7|CQ.P7|CQ.O1|CQ.O2|CQ.P8|CQ.T8|CQ.FC6|CQ.F4|CQ.F8|CQ.AF4|CQ.Overall,0,MOT.CounterMems|MOT.InterpolatedMems|MOT.Q0|MOT.Q1|MOT.Q2|MOT.Q3|MOT.AccX|MOT.AccY|MOT.AccZ|MOT.MagX|MOT.MagY|MOT.MagZ,,,,,EEG_PRIMARY,HIGH,OK
D:\Projects\Major-Project\Data\Emotive\BCI data\1\BCI data\Stress evaluation\participant_15_EPOCX_803292_2026.05.16T21.55.45+05.30_intervalMarker.csv,participant_15_EPOCX_803292_2026.05.16T21.55.45+05.30_intervalMarker.csv,.csv,EMOTIV_INTERVAL_MARKER_CSV,0.0,2026-08-14T15:26:35.794712+00:00,f2e96f4cd3c17a637b73449504953d653b57841e1339aee64e0eaec276feffe0,,,,,,,,,,,,,latency|duration|type|marker_value|key|timestamp|marker_id,,6,,Eyes_Closed|Blink_eye_while_relaxing|Eyes_Opened,,,,,,,,,,,,,EVENT_MARKER,HIGH,OK
D:\Projects\Major-Project\Data\Emotive\BCI data\1\BCI data\Stress evaluation\participant_1_EPOCX_2026.04.21T17.06.15+05.30.json,participant_1_EPOCX_2026.04.21T17.06.15+05.30.json,.json,EMOTIV_JSON_METADATA,0.004,2026-08-14T15:26:35.937402+00:00,7910786660f8c246b99c8c111f12b836f921b243e599c6a076345ce91f89ad6f,,EPOCX,,,,,,,,,,,,,,6,Eyes Opened|Eyes Closed|Blink eye while relaxing,Baseline EmotivPRO|KeyStroke,5ddd1d92-441c-4852-b95f-66ae57baafa5,com.emotiv.emotivpro,2026-04-21T17:34:36.670+05:30,bahubali-aiml,,,,,,,,EEG_METADATA,HIGH,OK
D:\Projects\Major-Project\Data\Emotive\BCI data\1\BCI data\Stress evaluation\participant_1_EPOCX_2026.04.21T17.06.15+05.30.md.csv,participant_1_EPOCX_2026.04.21T17.06.15+05.30.md.csv,.csv,EMOTIV_EEG_CSV,50.216,2026-08-14T15:26:42.062625+00:00,4ae9cf0d7f07d0afc0c3c3766e28bc7f280370e990c440337529ce5762deb028,participant_1,EPOCX,E50210EA,128,eeg_128;mot_32,14,EEG.AF3|EEG.F7|EEG.F3|EEG.FC5|EEG.T7|EEG.P7|EEG.O1|EEG.O2|EEG.P8|EEG.T8|EEG.FC6|EEG.F4|EEG.F8|EEG.AF4,1776771375.078356,1776772269.813703,894.735,14.91,114589,Timestamp|OriginalTimestamp|EEG.Counter|EEG.Interpolated|EEG.AF3|EEG.F7|EEG.F3|EEG.FC5|EEG.T7|EEG.P7|EEG.O1|EEG.O2|EEG.P8|EEG.T8|EEG.FC6|EEG.F4|EEG.F8|EEG.AF4|EEG.RawCq|EEG.Battery|EEG.BatteryPercent|MarkerIndex|MarkerType|MarkerValueInt|EEG.MarkerHardware|CQ.AF3|CQ.F7|CQ.F3|CQ.FC5|CQ.T7|CQ.P7|CQ.O1|CQ.O2|CQ.P8|CQ.T8|CQ.FC6|CQ.F4|CQ.F8|CQ.AF4|CQ.Overall|EQ.SampleRateQuality|EQ.OVERALL|EQ.AF3|EQ.F7|EQ.F3|EQ.FC5|EQ.T7|EQ.P7|EQ.O1|EQ.O2|EQ.P8|EQ.T8|EQ.FC6|EQ.F4|EQ.F8|EQ.AF4|MOT.CounterMems|MOT.InterpolatedMems|MOT.Q0|MOT.Q1|MOT.Q2|MOT.Q3|MOT.AccX|MOT.AccY|MOT.AccZ|MOT.MagX|MOT.MagY|MOT.MagZ,68,,,,,,,,,CQ.AF3|CQ.F7|CQ.F3|CQ.FC5|CQ.T7|CQ.P7|CQ.O1|CQ.O2|CQ.P8|CQ.T8|CQ.FC6|CQ.F4|CQ.F8|CQ.AF4|CQ.Overall,0,MOT.CounterMems|MOT.InterpolatedMems|MOT.Q0|MOT.Q1|MOT.Q2|MOT.Q3|MOT.AccX|MOT.AccY|MOT.AccZ|MOT.MagX|MOT.MagY|MOT.MagZ,,,,,EEG_PRIMARY,HIGH,OK
D:\Projects\Major-Project\Data\Emotive\BCI data\1\BCI data\Stress evaluation\participant_1_EPOCX_2026.04.21T17.06.15+05.30_intervalMarker.csv,participant_1_EPOCX_2026.04.21T17.06.15+05.30_intervalMarker.csv,.csv,EMOTIV_INTERVAL_MARKER_CSV,0.0,2026-08-14T15:26:36.019942+00:00,8a0b5f63f8622a29e1162e0b2d694276f7edc41be88b8b1b26dd1f4cbd57d7a5,,,,,,,,,,,,,latency|duration|type|marker_value|key|timestamp|marker_id,,6,,Eyes_Closed|Blink_eye_while_relaxing|Eyes_Opened,,,,,,,,,,,,,EVENT_MARKER,HIGH,OK
D:\Projects\Major-Project\Data\Emotive\BCI data\1\BCI data\Stress evaluation\participant_2_EPOCX_783127_2026.04.22T16.58.55+05.30.json,participant_2_EPOCX_783127_2026.04.22T16.58.55+05.30.json,.json,EMOTIV_JSON_METADATA,0.004,2026-08-14T15:26:35.963942+00:00,677c66b7966afe0db996901ddd89cae633586a6d218ad01039c0d8ef11e68b75,,EPOCX,,,,,,,,,,,,,,6,Eyes Opened|Eyes Closed|Blink eye while relaxing,Baseline EmotivPRO|KeyStroke,6760b89d-dfcc-47d8-b13f-c6844bfcc866,com.emotiv.emotivpro,2026-04-22T17:22:47.499+05:30,bahubali-aiml,,,,,,,,EEG_METADATA,HIGH,OK
D:\Projects\Major-Project\Data\Emotive\BCI data\1\BCI data\Stress evaluation\participant_2_EPOCX_783127_2026.04.22T16.58.55+05.30.md.csv,participant_2_EPOCX_783127_2026.04.22T16.58.55+05.30.md.csv,.csv,EMOTIV_EEG_CSV,79.301,2026-08-14T15:26:40.341787+00:00,09597abd8a55272b65c9851e5950e3dab6d8503092a9db6f5c8f88f20a5751d9,participant_2,EPOCX,E50210EA,128,eeg_128;mot_64,14,EEG.AF3|EEG.F7|EEG.F3|EEG.FC5|EEG.T7|EEG.P7|EEG.O1|EEG.O2|EEG.P8|EEG.T8|EEG.FC6|EEG.F4|EEG.F8|EEG.AF4,1776857335.700359,1776858728.85316,1393.153,23.22,178421,Timestamp|EEG.Counter|EEG.Interpolated|EEG.AF3|EEG.F7|EEG.F3|EEG.FC5|EEG.T7|EEG.P7|EEG.O1|EEG.O2|EEG.P8|EEG.T8|EEG.FC6|EEG.F4|EEG.F8|EEG.AF4|EEG.RawCq|EEG.Battery|EEG.BatteryPercent|MarkerIndex|MarkerType|MarkerValueInt|EEG.MarkerHardware|CQ.AF3|CQ.F7|CQ.F3|CQ.FC5|CQ.T7|CQ.P7|CQ.O1|CQ.O2|CQ.P8|CQ.T8|CQ.FC6|CQ.F4|CQ.F8|CQ.AF4|CQ.Overall|EQ.SampleRateQuality|EQ.OVERALL|EQ.AF3|EQ.F7|EQ.F3|EQ.FC5|EQ.T7|EQ.P7|EQ.O1|EQ.O2|EQ.P8|EQ.T8|EQ.FC6|EQ.F4|EQ.F8|EQ.AF4|MOT.CounterMems|MOT.InterpolatedMems|MOT.Q0|MOT.Q1|MOT.Q2|MOT.Q3|MOT.AccX|MOT.AccY|MOT.AccZ|MOT.MagX|MOT.MagY|MOT.MagZ,67,,,,,,,,,CQ.AF3|CQ.F7|CQ.F3|CQ.FC5|CQ.T7|CQ.P7|CQ.O1|CQ.O2|CQ.P8|CQ.T8|CQ.FC6|CQ.F4|CQ.F8|CQ.AF4|CQ.Overall,0,MOT.CounterMems|MOT.InterpolatedMems|MOT.Q0|MOT.Q1|MOT.Q2|MOT.Q3|MOT.AccX|MOT.AccY|MOT.AccZ|MOT.MagX|MOT.MagY|MOT.MagZ,,,,,EEG_PRIMARY,HIGH,OK
D:\Projects\Major-Project\Data\Emotive\BCI data\1\BCI data\Stress evaluation\participant_2_EPOCX_783127_2026.04.22T16.58.55+05.30_intervalMarker.csv,participant_2_EPOCX_783127_2026.04.22T16.58.55+05.30_intervalMarker.csv,.csv,EMOTIV_INTERVAL_MARKER_CSV,0.0,2026-08-14T15:26:36.129001+00:00,d8de07b5cab58d7505d3ff2b956cc0b9e10908877a1ac4de5d2e29628806834f,,,,,,,,,,,,,latency|duration|type|marker_value|key|timestamp|marker_id,,6,,Eyes_Closed|Blink_eye_while_relaxing|Eyes_Opened,,,,,,,,,,,,,EVENT_MARKER,HIGH,OK
D:\Projects\Major-Project\Data\Emotive\BCI data\1\BCI data\Stress evaluation\participant_3_EPOCX_784998_2026.04.23T23.26.02+05.30.json,participant_3_EPOCX_784998_2026.04.23T23.26.02+05.30.json,.json,EMOTIV_JSON_METADATA,0.004,2026-08-14T15:26:36.073475+00:00,03174ac9b071b7b620c496efa24d57d417a7a7a6f3113b8096d18c64cf562c35,,EPOCX,,,,,,,,,,,,,,6,Eyes Opened|Eyes Closed|Blink eye while relaxing,Baseline EmotivPRO|KeyStroke,782255d6-d39a-4d99-9b83-fa7b8f58b818,com.emotiv.emotivpro,2026-04-24T00:05:50.583+05:30,bahubali-aiml,,,,,,,,EEG_METADATA,HIGH,OK
D:\Projects\Major-Project\Data\Emotive\BCI data\1\BCI data\Stress evaluation\participant_3_EPOCX_784998_2026.04.23T23.26.02+05.30.md.csv,participant_3_EPOCX_784998_2026.04.23T23.26.02+05.30.md.csv,.csv,EMOTIV_EEG_CSV,56.648,2026-08-14T15:26:42.700952+00:00,579e72f252844ad1e116d0fec7d954e00fa9a6d54c72dd4b7f043960a4feb01a,participant_3,EPOCX,E50210EA,128,eeg_128;mot_64,14,EEG.AF3|EEG.F7|EEG.F3|EEG.FC5|EEG.T7|EEG.P7|EEG.O1|EEG.O2|EEG.P8|EEG.T8|EEG.FC6|EEG.F4|EEG.F8|EEG.AF4,1776966962.13548,1776967923.022183,960.887,16.01,123061,Timestamp|OriginalTimestamp|EEG.Counter|EEG.Interpolated|EEG.AF3|EEG.F7|EEG.F3|EEG.FC5|EEG.T7|EEG.P7|EEG.O1|EEG.O2|EEG.P8|EEG.T8|EEG.FC6|EEG.F4|EEG.F8|EEG.AF4|EEG.RawCq|EEG.Battery|EEG.BatteryPercent|MarkerIndex|MarkerType|MarkerValueInt|EEG.MarkerHardware|CQ.AF3|CQ.F7|CQ.F3|CQ.FC5|CQ.T7|CQ.P7|CQ.O1|CQ.O2|CQ.P8|CQ.T8|CQ.FC6|CQ.F4|CQ.F8|CQ.AF4|CQ.Overall|EQ.SampleRateQuality|EQ.OVERALL|EQ.AF3|EQ.F7|EQ.F3|EQ.FC5|EQ.T7|EQ.P7|EQ.O1|EQ.O2|EQ.P8|EQ.T8|EQ.FC6|EQ.F4|EQ.F8|EQ.AF4|MOT.CounterMems|MOT.InterpolatedMems|MOT.Q0|MOT.Q1|MOT.Q2|MOT.Q3|MOT.AccX|MOT.AccY|MOT.AccZ|MOT.MagX|MOT.MagY|MOT.MagZ,68,,,,,,,,,CQ.AF3|CQ.F7|CQ.F3|CQ.FC5|CQ.T7|CQ.P7|CQ.O1|CQ.O2|CQ.P8|CQ.T8|CQ.FC6|CQ.F4|CQ.F8|CQ.AF4|CQ.Overall,0,MOT.CounterMems|MOT.InterpolatedMems|MOT.Q0|MOT.Q1|MOT.Q2|MOT.Q3|MOT.AccX|MOT.AccY|MOT.AccZ|MOT.MagX|MOT.MagY|MOT.MagZ,,,,,EEG_PRIMARY,HIGH,OK
D:\Projects\Major-Project\Data\Emotive\BCI data\1\BCI data\Stress evaluation\participant_3_EPOCX_784998_2026.04.23T23.26.02+05.30_intervalMarker.csv,participant_3_EPOCX_784998_2026.04.23T23.26.02+05.30_intervalMarker.csv,.csv,EMOTIV_INTERVAL_MARKER_CSV,0.0,2026-08-14T15:26:35.882240+00:00,88464ee527517089bb523b85ef1d717a99b411e4c47c52c1b4033247b38d1783,,,,,,,,,,,,,latency|duration|type|marker_value|key|timestamp|marker_id,,6,,Eyes_Closed|Blink_eye_while_relaxing|Eyes_Opened,,,,,,,,,,,,,EVENT_MARKER,HIGH,OK
D:\Projects\Major-Project\Data\Emotive\BCI data\1\BCI data\Stress evaluation\participant_4_EPOCX_785888_2026.04.24T22.31.37+05.30.json,participant_4_EPOCX_785888_2026.04.24T22.31.37+05.30.json,.json,EMOTIV_JSON_METADATA,0.004,2026-08-14T15:26:36.208543+00:00,06155b395e02b243ba792bca9db724b8e4a04c6d97a5160a50ea96e435b456cb,,EPOCX,,,,,,,,,,,,,,6,Eyes Opened|Eyes Closed|Blink eye while relaxing,Baseline EmotivPRO|KeyStroke,3fa5000d-562b-4e8f-b4fb-5e8df120f5bf,com.emotiv.emotivpro,2026-04-24T22:52:42.362+05:30,bahubali-aiml,,,,,,,,EEG_METADATA,HIGH,OK
D:\Projects\Major-Project\Data\Emotive\BCI data\1\BCI data\Stress evaluation\participant_4_EPOCX_785888_2026.04.24T22.31.37+05.30_intervalMarker.csv,participant_4_EPOCX_785888_2026.04.24T22.31.37+05.30_intervalMarker.csv,.csv,EMOTIV_INTERVAL_MARKER_CSV,0.0,2026-08-14T15:26:36.182541+00:00,b1ee18b20fec6497a60b85f31c51c5e0f60c8fce0f240850d0866c778139a63e,,,,,,,,,,,,,latency|duration|type|marker_value|key|timestamp|marker_id,,6,,Eyes_Closed|Blink_eye_while_relaxing|Eyes_Opened,,,,,,,,,,,,,EVENT_MARKER,HIGH,OK
D:\Projects\Major-Project\Data\Emotive\BCI data\1\BCI data\Stress evaluation\participant_5_EPOCX_785987_2026.04.24T23.56.07+05.30.json,participant_5_EPOCX_785987_2026.04.24T23.56.07+05.30.json,.json,EMOTIV_JSON_METADATA,0.004,2026-08-14T15:26:35.849721+00:00,a2a78ce8e4a0f916b0f24293e3ac46c34e667e42970c185810ec60ce3eae56ae,,EPOCX,,,,,,,,,,,,,,6,Eyes Opened|Eyes Closed|Blink eye while relaxing,Baseline EmotivPRO|KeyStroke,86ed7f63-01b6-4a34-810a-fa86977489b4,com.emotiv.emotivpro,2026-04-25T00:28:05.745+05:30,bahubali-aiml,,,,,,,,EEG_METADATA,HIGH,OK
D:\Projects\Major-Project\Data\Emotive\BCI data\1\BCI data\Stress evaluation\participant_5_EPOCX_785987_2026.04.24T23.56.07+05.30.md.csv,participant_5_EPOCX_785987_2026.04.24T23.56.07+05.30.md.csv,.csv,EMOTIV_EEG_CSV,106.357,2026-08-14T15:26:41.539443+00:00,2da7027883c6413023cdcb4f88581660fb011044cf9aeb525d5e37a9d27b2cba,participant_5,EPOCX,E50210EA,128,eeg_128;mot_64,14,EEG.AF3|EEG.F7|EEG.F3|EEG.FC5|EEG.T7|EEG.P7|EEG.O1|EEG.O2|EEG.P8|EEG.T8|EEG.FC6|EEG.F4|EEG.F8|EEG.AF4,1777055167.840984,1777056969.085422,1801.244,30.02,230685,Timestamp|OriginalTimestamp|EEG.Counter|EEG.Interpolated|EEG.AF3|EEG.F7|EEG.F3|EEG.FC5|EEG.T7|EEG.P7|EEG.O1|EEG.O2|EEG.P8|EEG.T8|EEG.FC6|EEG.F4|EEG.F8|EEG.AF4|EEG.RawCq|EEG.Battery|EEG.BatteryPercent|MarkerIndex|MarkerType|MarkerValueInt|EEG.MarkerHardware|CQ.AF3|CQ.F7|CQ.F3|CQ.FC5|CQ.T7|CQ.P7|CQ.O1|CQ.O2|CQ.P8|CQ.T8|CQ.FC6|CQ.F4|CQ.F8|CQ.AF4|CQ.Overall|EQ.SampleRateQuality|EQ.OVERALL|EQ.AF3|EQ.F7|EQ.F3|EQ.FC5|EQ.T7|EQ.P7|EQ.O1|EQ.O2|EQ.P8|EQ.T8|EQ.FC6|EQ.F4|EQ.F8|EQ.AF4|MOT.CounterMems|MOT.InterpolatedMems|MOT.Q0|MOT.Q1|MOT.Q2|MOT.Q3|MOT.AccX|MOT.AccY|MOT.AccZ|MOT.MagX|MOT.MagY|MOT.MagZ,68,,,,,,,,,CQ.AF3|CQ.F7|CQ.F3|CQ.FC5|CQ.T7|CQ.P7|CQ.O1|CQ.O2|CQ.P8|CQ.T8|CQ.FC6|CQ.F4|CQ.F8|CQ.AF4|CQ.Overall,0,MOT.CounterMems|MOT.InterpolatedMems|MOT.Q0|MOT.Q1|MOT.Q2|MOT.Q3|MOT.AccX|MOT.AccY|MOT.AccZ|MOT.MagX|MOT.MagY|MOT.MagZ,,,,,EEG_PRIMARY,HIGH,OK
D:\Projects\Major-Project\Data\Emotive\BCI data\1\BCI data\Stress evaluation\participant_5_EPOCX_785987_2026.04.24T23.56.07+05.30_intervalMarker.csv,participant_5_EPOCX_785987_2026.04.24T23.56.07+05.30_intervalMarker.csv,.csv,EMOTIV_INTERVAL_MARKER_CSV,0.0,2026-08-14T15:26:36.238038+00:00,99a380fcc77e9a24219e464a1002a820264bcd10e60d02aba6e36eb39293ac70,,,,,,,,,,,,,latency|duration|type|marker_value|key|timestamp|marker_id,,6,,Eyes_Closed|Blink_eye_while_relaxing|Eyes_Opened,,,,,,,,,,,,,EVENT_MARKER,HIGH,OK
D:\Projects\Major-Project\Data\Emotive\BCI data\1\BCI data\Stress evaluation\participant_6_EPOCX_788504_2026.04.28T12.15.48+05.30.json,participant_6_EPOCX_788504_2026.04.28T12.15.48+05.30.json,.json,EMOTIV_JSON_METADATA,0.004,2026-08-14T15:26:35.620817+00:00,8e4ec1cc5fdaedc74cfc8fd040c6202db4168d42d1229ec49a438808e5de0d62,,EPOCX,,,,,,,,,,,,,,6,Eyes Opened|Eyes Closed|Blink eye while relaxing,Baseline EmotivPRO|KeyStroke,4baf40aa-48b3-4c87-93a2-60221fee6d94,com.emotiv.emotivpro,2026-04-28T12:34:51.744+05:30,bahubali-aiml,,,,,,,,EEG_METADATA,HIGH,OK
D:\Projects\Major-Project\Data\Emotive\BCI data\1\BCI data\Stress evaluation\participant_6_EPOCX_788504_2026.04.28T12.15.48+05.30.md.csv,participant_6_EPOCX_788504_2026.04.28T12.15.48+05.30.md.csv,.csv,EMOTIV_EEG_CSV,61.079,2026-08-14T15:26:38.649343+00:00,159d5c4739281e6c4a61e9691a4e5f53d281aa4ce53bb959cea943d9ffff0e16,participant_6,EPOCX,E50210EA,128,eeg_128;mot_64,14,EEG.AF3|EEG.F7|EEG.F3|EEG.FC5|EEG.T7|EEG.P7|EEG.O1|EEG.O2|EEG.P8|EEG.T8|EEG.FC6|EEG.F4|EEG.F8|EEG.AF4,1777358748.382733,1777359782.666795,1034.284,17.24,132461,Timestamp|OriginalTimestamp|EEG.Counter|EEG.Interpolated|EEG.AF3|EEG.F7|EEG.F3|EEG.FC5|EEG.T7|EEG.P7|EEG.O1|EEG.O2|EEG.P8|EEG.T8|EEG.FC6|EEG.F4|EEG.F8|EEG.AF4|EEG.RawCq|EEG.Battery|EEG.BatteryPercent|MarkerIndex|MarkerType|MarkerValueInt|EEG.MarkerHardware|CQ.AF3|CQ.F7|CQ.F3|CQ.FC5|CQ.T7|CQ.P7|CQ.O1|CQ.O2|CQ.P8|CQ.T8|CQ.FC6|CQ.F4|CQ.F8|CQ.AF4|CQ.Overall|EQ.SampleRateQuality|EQ.OVERALL|EQ.AF3|EQ.F7|EQ.F3|EQ.FC5|EQ.T7|EQ.P7|EQ.O1|EQ.O2|EQ.P8|EQ.T8|EQ.FC6|EQ.F4|EQ.F8|EQ.AF4|MOT.CounterMems|MOT.InterpolatedMems|MOT.Q0|MOT.Q1|MOT.Q2|MOT.Q3|MOT.AccX|MOT.AccY|MOT.AccZ|MOT.MagX|MOT.MagY|MOT.MagZ,68,,,,,,,,,CQ.AF3|CQ.F7|CQ.F3|CQ.FC5|CQ.T7|CQ.P7|CQ.O1|CQ.O2|CQ.P8|CQ.T8|CQ.FC6|CQ.F4|CQ.F8|CQ.AF4|CQ.Overall,0,MOT.CounterMems|MOT.InterpolatedMems|MOT.Q0|MOT.Q1|MOT.Q2|MOT.Q3|MOT.AccX|MOT.AccY|MOT.AccZ|MOT.MagX|MOT.MagY|MOT.MagZ,,,,,EEG_PRIMARY,HIGH,OK
D:\Projects\Major-Project\Data\Emotive\BCI data\1\BCI data\Stress evaluation\participant_6_EPOCX_788504_2026.04.28T12.15.48+05.30_intervalMarker.csv,participant_6_EPOCX_788504_2026.04.28T12.15.48+05.30_intervalMarker.csv,.csv,EMOTIV_INTERVAL_MARKER_CSV,0.0,2026-08-14T15:26:36.354419+00:00,61cd77ea5e20e0f4a0029e101df9910e43a9c990c10c746a51ca1528c99397c5,,,,,,,,,,,,,latency|duration|type|marker_value|key|timestamp|marker_id,,6,,Eyes_Closed|Blink_eye_while_relaxing|Eyes_Opened,,,,,,,,,,,,,EVENT_MARKER,HIGH,OK
D:\Projects\Major-Project\Data\Emotive\BCI data\1\BCI data\Stress evaluation\participant_7_EPOCX_789287_2026.04.28T22.19.37+05.30.json,participant_7_EPOCX_789287_2026.04.28T22.19.37+05.30.json,.json,EMOTIV_JSON_METADATA,0.004,2026-08-14T15:26:35.911407+00:00,21f9e96e20d2246ff662b877d3aafeca0eb7ba525deb554c48f5349aa4d62865,,EPOCX,,,,,,,,,,,,,,6,Eyes Opened|Eyes Closed|Blink eye while relaxing,Baseline EmotivPRO|KeyStroke,c269962a-e309-412f-a591-5fb02abd0ee5,com.emotiv.emotivpro,2026-04-28T22:43:43.061+05:30,bahubali-aiml,,,,,,,,EEG_METADATA,HIGH,OK
D:\Projects\Major-Project\Data\Emotive\BCI data\1\BCI data\Stress evaluation\participant_7_EPOCX_789287_2026.04.28T22.19.37+05.30.md.csv,participant_7_EPOCX_789287_2026.04.28T22.19.37+05.30.md.csv,.csv,EMOTIV_EEG_CSV,78.051,2026-08-14T15:26:39.505108+00:00,c385be6fe62372537ac8817409dd300f8cc030243e193598f7a78218fb7173a5,participant_7,EPOCX,E50210EA,128,eeg_128;mot_64,14,EEG.AF3|EEG.F7|EEG.F3|EEG.FC5|EEG.T7|EEG.P7|EEG.O1|EEG.O2|EEG.P8|EEG.T8|EEG.FC6|EEG.F4|EEG.F8|EEG.AF4,1777394977.039556,1777396297.886956,1320.847,22.01,169161,Timestamp|OriginalTimestamp|EEG.Counter|EEG.Interpolated|EEG.AF3|EEG.F7|EEG.F3|EEG.FC5|EEG.T7|EEG.P7|EEG.O1|EEG.O2|EEG.P8|EEG.T8|EEG.FC6|EEG.F4|EEG.F8|EEG.AF4|EEG.RawCq|EEG.Battery|EEG.BatteryPercent|MarkerIndex|MarkerType|MarkerValueInt|EEG.MarkerHardware|CQ.AF3|CQ.F7|CQ.F3|CQ.FC5|CQ.T7|CQ.P7|CQ.O1|CQ.O2|CQ.P8|CQ.T8|CQ.FC6|CQ.F4|CQ.F8|CQ.AF4|CQ.Overall|EQ.SampleRateQuality|EQ.OVERALL|EQ.AF3|EQ.F7|EQ.F3|EQ.FC5|EQ.T7|EQ.P7|EQ.O1|EQ.O2|EQ.P8|EQ.T8|EQ.FC6|EQ.F4|EQ.F8|EQ.AF4|MOT.CounterMems|MOT.InterpolatedMems|MOT.Q0|MOT.Q1|MOT.Q2|MOT.Q3|MOT.AccX|MOT.AccY|MOT.AccZ|MOT.MagX|MOT.MagY|MOT.MagZ,68,,,,,,,,,CQ.AF3|CQ.F7|CQ.F3|CQ.FC5|CQ.T7|CQ.P7|CQ.O1|CQ.O2|CQ.P8|CQ.T8|CQ.FC6|CQ.F4|CQ.F8|CQ.AF4|CQ.Overall,0,MOT.CounterMems|MOT.InterpolatedMems|MOT.Q0|MOT.Q1|MOT.Q2|MOT.Q3|MOT.AccX|MOT.AccY|MOT.AccZ|MOT.MagX|MOT.MagY|MOT.MagZ,,,,,EEG_PRIMARY,HIGH,OK
D:\Projects\Major-Project\Data\Emotive\BCI data\1\BCI data\Stress evaluation\participant_7_EPOCX_789287_2026.04.28T22.19.37+05.30_intervalMarker.csv,participant_7_EPOCX_789287_2026.04.28T22.19.37+05.30_intervalMarker.csv,.csv,EMOTIV_INTERVAL_MARKER_CSV,0.0,2026-08-14T15:26:36.101003+00:00,836661d522e5f0340bfa777d419df4e94824ac700a9228fce3c2099d3e6f5cb0,,,,,,,,,,,,,latency|duration|type|marker_value|key|timestamp|marker_id,,6,,Eyes_Closed|Blink_eye_while_relaxing|Eyes_Opened,,,,,,,,,,,,,EVENT_MARKER,HIGH,OK
D:\Projects\Major-Project\Data\Emotive\BCI data\1\BCI data\Stress evaluation\participant_8_EPOCX_790772_2026.04.29T20.49.00+05.30.json,participant_8_EPOCX_790772_2026.04.29T20.49.00+05.30.json,.json,EMOTIV_JSON_METADATA,0.004,2026-08-14T15:26:35.563813+00:00,3bab1a78b3d5d353c48e7793800e50529cd5f6176a8b8c9270afcc18e5b0efd5,,EPOCX,,,,,,,,,,,,,,6,Eyes Opened|Eyes Closed|Blink eye while relaxing,Baseline EmotivPRO|KeyStroke,8870fc7d-b3f8-4b0b-ab88-6d273b614a01,com.emotiv.emotivpro,2026-04-29T21:45:02.807+05:30,bahubali-aiml,,,,,,,,EEG_METADATA,HIGH,OK
D:\Projects\Major-Project\Data\Emotive\BCI data\1\BCI data\Stress evaluation\participant_8_EPOCX_790772_2026.04.29T20.49.00+05.30_intervalMarker.csv,participant_8_EPOCX_790772_2026.04.29T20.49.00+05.30_intervalMarker.csv,.csv,EMOTIV_INTERVAL_MARKER_CSV,0.0,2026-08-14T15:26:35.822714+00:00,7f8b985507f0f6c0a0ec48ae28d25ec460bbe55c7d1d1484be2c7bbb949f4b14,,,,,,,,,,,,,latency|duration|type|marker_value|key|timestamp|marker_id,,6,,Eyes_Closed|Blink_eye_while_relaxing|Eyes_Opened,,,,,,,,,,,,,EVENT_MARKER,HIGH,OK
D:\Projects\Major-Project\Data\Emotive\BCI data\1\BCI data\Stress evaluation\participant_9_EPOCX_790904_2026.04.29T21.25.19+05.30.json,participant_9_EPOCX_790904_2026.04.29T21.25.19+05.30.json,.json,EMOTIV_JSON_METADATA,0.003,2026-08-14T15:26:35.764709+00:00,a35054831c837c1c28fb82fb4c867f5ecea24361066d6b17f24e1b4ef8874adf,,EPOCX,,,,,,,,,,,,,,5,Eyes Opened|Eyes Closed|Blink eye while relaxing,Baseline EmotivPRO|KeyStroke,bc57fb8c-d86f-4b67-b507-5d93fdff390b,com.emotiv.emotivpro,2026-04-29T22:32:27.803+05:30,bahubali-aiml,,,,,,,,EEG_METADATA,HIGH,OK
D:\Projects\Major-Project\Data\Emotive\BCI data\1\BCI data\Stress evaluation\participant_9_EPOCX_790904_2026.04.29T21.25.19+05.30.md.csv,participant_9_EPOCX_790904_2026.04.29T21.25.19+05.30.md.csv,.csv,EMOTIV_EEG_CSV,57.014,2026-08-14T15:26:43.337301+00:00,aee6496c67267b493385b882e5f95b6f8d62189d20bf2e9f2f627283316363c5,participant_9,EPOCX,E50210EA,128,eeg_128;mot_64,14,EEG.AF3|EEG.F7|EEG.F3|EEG.FC5|EEG.T7|EEG.P7|EEG.O1|EEG.O2|EEG.P8|EEG.T8|EEG.FC6|EEG.F4|EEG.F8|EEG.AF4,1777478119.222619,1777479083.888437,964.666,16.08,123545,Timestamp|OriginalTimestamp|EEG.Counter|EEG.Interpolated|EEG.AF3|EEG.F7|EEG.F3|EEG.FC5|EEG.T7|EEG.P7|EEG.O1|EEG.O2|EEG.P8|EEG.T8|EEG.FC6|EEG.F4|EEG.F8|EEG.AF4|EEG.RawCq|EEG.Battery|EEG.BatteryPercent|MarkerIndex|MarkerType|MarkerValueInt|EEG.MarkerHardware|CQ.AF3|CQ.F7|CQ.F3|CQ.FC5|CQ.T7|CQ.P7|CQ.O1|CQ.O2|CQ.P8|CQ.T8|CQ.FC6|CQ.F4|CQ.F8|CQ.AF4|CQ.Overall|EQ.SampleRateQuality|EQ.OVERALL|EQ.AF3|EQ.F7|EQ.F3|EQ.FC5|EQ.T7|EQ.P7|EQ.O1|EQ.O2|EQ.P8|EQ.T8|EQ.FC6|EQ.F4|EQ.F8|EQ.AF4|MOT.CounterMems|MOT.InterpolatedMems|MOT.Q0|MOT.Q1|MOT.Q2|MOT.Q3|MOT.AccX|MOT.AccY|MOT.AccZ|MOT.MagX|MOT.MagY|MOT.MagZ,68,,,,,,,,,CQ.AF3|CQ.F7|CQ.F3|CQ.FC5|CQ.T7|CQ.P7|CQ.O1|CQ.O2|CQ.P8|CQ.T8|CQ.FC6|CQ.F4|CQ.F8|CQ.AF4|CQ.Overall,0,MOT.CounterMems|MOT.InterpolatedMems|MOT.Q0|MOT.Q1|MOT.Q2|MOT.Q3|MOT.AccX|MOT.AccY|MOT.AccZ|MOT.MagX|MOT.MagY|MOT.MagZ,,,,,EEG_PRIMARY,HIGH,OK
D:\Projects\Major-Project\Data\Emotive\BCI data\1\BCI data\Stress evaluation\participant_9_EPOCX_790904_2026.04.29T21.25.19+05.30_intervalMarker.csv,participant_9_EPOCX_790904_2026.04.29T21.25.19+05.30_intervalMarker.csv,.csv,EMOTIV_INTERVAL_MARKER_CSV,0.0,2026-08-14T15:26:35.734344+00:00,cc8d60afe33c80af2a5e14ffaba1cc7973e7452ff6725851227630d2aba9db47,,,,,,,,,,,,,latency|duration|type|marker_value|key|timestamp|marker_id,,5,,Eyes_Closed|Blink_eye_while_relaxing|Eyes_Opened,,,,,,,,,,,,,EVENT_MARKER,HIGH,OK
D:\Projects\Major-Project\Data\Emotive\BCI data\1\BCI data\Stress evaluation\New folder\participant_10_EPOCX_790938_2026.04.29T22.02.51+05.30.json,participant_10_EPOCX_790938_2026.04.29T22.02.51+05.30.json,.json,EMOTIV_JSON_METADATA,0.004,2026-08-14T15:26:44.277644+00:00,f8e310a785df1213f6581703b4068cf790f3c3e3f5c07a08dc021a1c5f145e80,,EPOCX,,,,,,,,,,,,,,6,Eyes Opened|Eyes Closed|Blink eye while relaxing,Baseline EmotivPRO|KeyStroke,98513906-d6a8-4c9a-8663-318e66317126,com.emotiv.emotivpro,2026-05-16T23:21:23.845+05:30,bahubali-aiml,,,,,,,,EEG_METADATA,HIGH,OK
D:\Projects\Major-Project\Data\Emotive\BCI data\1\BCI data\Stress evaluation\New folder\participant_10_EPOCX_790938_2026.04.29T22.02.51+05.30_intervalMarker.csv,participant_10_EPOCX_790938_2026.04.29T22.02.51+05.30_intervalMarker.csv,.csv,EMOTIV_INTERVAL_MARKER_CSV,0.0,2026-08-14T15:26:44.480682+00:00,41a7900ffe9087d041885a099ead1d1c2c6eb3e5389e965f8dc76d1c410a6680,,,,,,,,,,,,,latency|duration|type|marker_value|key|timestamp|marker_id,,6,,Eyes_Closed|Blink_eye_while_relaxing|Eyes_Opened,,,,,,,,,,,,,EVENT_MARKER,HIGH,OK
D:\Projects\Major-Project\Data\Emotive\BCI data\1\BCI data\Stress evaluation\New folder\participant_11_EPOCX_791505_2026.04.30T14.37.30+05.30.json,participant_11_EPOCX_791505_2026.04.30T14.37.30+05.30.json,.json,EMOTIV_JSON_METADATA,0.003,2026-08-14T15:26:44.176097+00:00,6d55d503e3e0d350531edc5daf96a08bd154435b06f3054075f11645b402041b,,EPOCX,,,,,,,,,,,,,,5,Eyes Opened|Eyes Closed|Blink eye while relaxing,Baseline EmotivPRO|KeyStroke,7643db7e-4daf-4d5e-843d-be7a0dcb29e3,com.emotiv.emotivpro,2026-05-16T23:22:04.213+05:30,bahubali-aiml,,,,,,,,EEG_METADATA,HIGH,OK
D:\Projects\Major-Project\Data\Emotive\BCI data\1\BCI data\Stress evaluation\New folder\participant_11_EPOCX_791505_2026.04.30T14.37.30+05.30_intervalMarker.csv,participant_11_EPOCX_791505_2026.04.30T14.37.30+05.30_intervalMarker.csv,.csv,EMOTIV_INTERVAL_MARKER_CSV,0.0,2026-08-14T15:26:44.148541+00:00,7c9f8733307065101b73ca500a1d945032478ec9baef3997ab6b5e01d5d86e52,,,,,,,,,,,,,latency|duration|type|marker_value|key|timestamp|marker_id,,5,,Eyes_Closed|Blink_eye_while_relaxing|Eyes_Opened,,,,,,,,,,,,,EVENT_MARKER,HIGH,OK
D:\Projects\Major-Project\Data\Emotive\BCI data\1\BCI data\Stress evaluation\New folder\participant_12_EPOCX_799155_2026.05.08T21.00.50+05.30.json,participant_12_EPOCX_799155_2026.05.08T21.00.50+05.30.json,.json,EMOTIV_JSON_METADATA,0.004,2026-08-14T15:26:44.070343+00:00,a60e85433caa6be9fc1d625d17dcdcfeb338ef4b39f05ffbfb5c41dcb1aebcfe,,EPOCX,,,,,,,,,,,,,,6,Eyes Opened|Eyes Closed|Blink eye while relaxing,Baseline EmotivPRO|KeyStroke,b94d246d-0a78-4626-b6dc-47376d528f15,com.emotiv.emotivpro,2026-05-16T23:22:48.347+05:30,bahubali-aiml,,,,,,,,EEG_METADATA,HIGH,OK
D:\Projects\Major-Project\Data\Emotive\BCI data\1\BCI data\Stress evaluation\New folder\participant_12_EPOCX_799155_2026.05.08T21.00.50+05.30_intervalMarker.csv,participant_12_EPOCX_799155_2026.05.08T21.00.50+05.30_intervalMarker.csv,.csv,EMOTIV_INTERVAL_MARKER_CSV,0.0,2026-08-14T15:26:44.313644+00:00,5f42e3f8e8fb271b646e3a669bf4c5372047798e2182acd09f95d2d091186219,,,,,,,,,,,,,latency|duration|type|marker_value|key|timestamp|marker_id,,6,,Eyes_Closed|Blink_eye_while_relaxing|Eyes_Opened,,,,,,,,,,,,,EVENT_MARKER,HIGH,OK
D:\Projects\Major-Project\Data\Emotive\BCI data\1\BCI data\Stress evaluation\New folder\participant_13_EPOCX_799254_2026.05.08T21.55.12+05.30.json,participant_13_EPOCX_799254_2026.05.08T21.55.12+05.30.json,.json,EMOTIV_JSON_METADATA,0.004,2026-08-14T15:26:45.569170+00:00,2b84cdfdc64a13fe0247e13f0a0185fa348243a4c9c66176a33be1e1da5a88f7,,EPOCX,,,,,,,,,,,,,,6,Eyes Opened|Eyes Closed|Blink eye while relaxing,Baseline EmotivPRO|KeyStroke,19597828-d03a-4119-a136-a85289ff87a0,com.emotiv.emotivpro,2026-05-16T23:23:18.127+05:30,bahubali-aiml,,,,,,,,EEG_METADATA,HIGH,OK
D:\Projects\Major-Project\Data\Emotive\BCI data\1\BCI data\Stress evaluation\New folder\participant_13_EPOCX_799254_2026.05.08T21.55.12+05.30_intervalMarker.csv,participant_13_EPOCX_799254_2026.05.08T21.55.12+05.30_intervalMarker.csv,.csv,EMOTIV_INTERVAL_MARKER_CSV,0.0,2026-08-14T15:26:44.207099+00:00,faa8904d68107ded8d185eaa65889ce179b5e22f034709d98f2d974f8467c3fe,,,,,,,,,,,,,latency|duration|type|marker_value|key|timestamp|marker_id,,6,,Eyes_Closed|Blink_eye_while_relaxing|Eyes_Opened,,,,,,,,,,,,,EVENT_MARKER,HIGH,OK
D:\Projects\Major-Project\Data\Emotive\BCI data\1\BCI data\Stress evaluation\New folder\participant_14_EPOCX_800903_2026.05.11T23.31.10+05.30.json,participant_14_EPOCX_800903_2026.05.11T23.31.10+05.30.json,.json,EMOTIV_JSON_METADATA,0.004,2026-08-14T15:26:44.044331+00:00,9de522cc2254bb9edc133a42946bfa3bb2010ab7dcfb213150bc92d7b359caa3,,EPOCX,,,,,,,,,,,,,,6,Eyes Opened|Eyes Closed|Blink eye while relaxing,Baseline EmotivPRO|KeyStroke,ee50ca42-7240-44e1-bae8-c78bc3ac63b8,com.emotiv.emotivpro,2026-05-16T23:23:44.018+05:30,bahubali-aiml,,,,,,,,EEG_METADATA,HIGH,OK
D:\Projects\Major-Project\Data\Emotive\BCI data\1\BCI data\Stress evaluation\New folder\participant_14_EPOCX_800903_2026.05.11T23.31.10+05.30.md.pm.bp.csv,participant_14_EPOCX_800903_2026.05.11T23.31.10+05.30.md.pm.bp.csv,.csv,SUPABASE_PARTICIPANTS,54.563,2026-08-14T15:26:45.538155+00:00,d8d47563c6a99ed92bffd183476cea88ce6e6c0570a403e6fe93353ae5f2e051,,,,,,,,,,,,,title:participant_14| start timestamp:1778522470.071495| stop timestamp:1778523191.306687| headset type:EPOCX| headset serial:E50210EA| headset firmware:730| channels:168| sampling rate:eeg_128;mot_64;pm_0.1;pow_8| samples:92369     | version:2.2| ,11,92370,,,,,,,,,,,,,,,PARTICIPANT_REGISTRY,HIGH,OK
D:\Projects\Major-Project\Data\Emotive\BCI data\1\BCI data\Stress evaluation\New folder\participant_14_EPOCX_800903_2026.05.11T23.31.10+05.30_intervalMarker.csv,participant_14_EPOCX_800903_2026.05.11T23.31.10+05.30_intervalMarker.csv,.csv,EMOTIV_INTERVAL_MARKER_CSV,0.0,2026-08-14T15:26:44.413125+00:00,118a7d6d03f9c2a510f5d0c25241addc91e1b93d8297a21a481fa64ce4a97147,,,,,,,,,,,,,latency|duration|type|marker_value|key|timestamp|marker_id,,6,,Eyes_Closed|Blink_eye_while_relaxing|Eyes_Opened,,,,,,,,,,,,,EVENT_MARKER,HIGH,OK
D:\Projects\Major-Project\Data\Emotive\BCI data\1\BCI data\Stress evaluation\New folder\participant_15_EPOCX_803292_2026.05.16T21.55.45+05.30.json,participant_15_EPOCX_803292_2026.05.16T21.55.45+05.30.json,.json,EMOTIV_JSON_METADATA,0.004,2026-08-14T15:26:44.376120+00:00,a9891eb5cf63674555930ad0b3f7c59b3dee910d740befdcb8c3603ca1dad8a3,,EPOCX,,,,,,,,,,,,,,6,Eyes Opened|Eyes Closed|Blink eye while relaxing,Baseline EmotivPRO|KeyStroke,73aedbc4-9274-4317-a0f2-3cc679278c9a,com.emotiv.emotivpro,2026-05-16T23:24:12.247+05:30,bahubali-aiml,,,,,,,,EEG_METADATA,HIGH,OK
D:\Projects\Major-Project\Data\Emotive\BCI data\1\BCI data\Stress evaluation\New folder\participant_15_EPOCX_803292_2026.05.16T21.55.45+05.30_intervalMarker.csv,participant_15_EPOCX_803292_2026.05.16T21.55.45+05.30_intervalMarker.csv,.csv,EMOTIV_INTERVAL_MARKER_CSV,0.0,2026-08-14T15:26:44.798839+00:00,f2e96f4cd3c17a637b73449504953d653b57841e1339aee64e0eaec276feffe0,,,,,,,,,,,,,latency|duration|type|marker_value|key|timestamp|marker_id,,6,,Eyes_Closed|Blink_eye_while_relaxing|Eyes_Opened,,,,,,,,,,,,,EVENT_MARKER,HIGH,OK
D:\Projects\Major-Project\Data\Emotive\BCI data\1\BCI data\Stress evaluation\New folder\participant_1_EPOCX_781995_2026.04.21T17.06.15+05.30.json,participant_1_EPOCX_781995_2026.04.21T17.06.15+05.30.json,.json,EMOTIV_JSON_METADATA,0.004,2026-08-14T15:26:44.826292+00:00,de99232330086e0d13689790cb284940ca423dc5480149de7323f6dda7a64a17,,EPOCX,,,,,,,,,,,,,,6,Eyes Opened|Eyes Closed|Blink eye while relaxing,Baseline EmotivPRO|KeyStroke,5ddd1d92-441c-4852-b95f-66ae57baafa5,com.emotiv.emotivpro,2026-05-16T23:14:22.806+05:30,bahubali-aiml,,,,,,,,EEG_METADATA,HIGH,OK
D:\Projects\Major-Project\Data\Emotive\BCI data\1\BCI data\Stress evaluation\New folder\participant_1_EPOCX_781995_2026.04.21T17.06.15+05.30_intervalMarker.csv,participant_1_EPOCX_781995_2026.04.21T17.06.15+05.30_intervalMarker.csv,.csv,EMOTIV_INTERVAL_MARKER_CSV,0.0,2026-08-14T15:26:44.631751+00:00,8a0b5f63f8622a29e1162e0b2d694276f7edc41be88b8b1b26dd1f4cbd57d7a5,,,,,,,,,,,,,latency|duration|type|marker_value|key|timestamp|marker_id,,6,,Eyes_Closed|Blink_eye_while_relaxing|Eyes_Opened,,,,,,,,,,,,,EVENT_MARKER,HIGH,OK
D:\Projects\Major-Project\Data\Emotive\BCI data\1\BCI data\Stress evaluation\New folder\participant_2_EPOCX_783127_2026.04.22T16.58.55+05.30.json,participant_2_EPOCX_783127_2026.04.22T16.58.55+05.30.json,.json,EMOTIV_JSON_METADATA,0.004,2026-08-14T15:26:44.882701+00:00,8838906e6cea4e5c2ec5e1bec977ae7e820f2f722a873550fed601057f47fcf0,,EPOCX,,,,,,,,,,,,,,6,Eyes Opened|Eyes Closed|Blink eye while relaxing,Baseline EmotivPRO|KeyStroke,6760b89d-dfcc-47d8-b13f-c6844bfcc866,com.emotiv.emotivpro,2026-05-16T23:16:23.830+05:30,bahubali-aiml,,,,,,,,EEG_METADATA,HIGH,OK
D:\Projects\Major-Project\Data\Emotive\BCI data\1\BCI data\Stress evaluation\New folder\participant_2_EPOCX_783127_2026.04.22T16.58.55+05.30_intervalMarker.csv,participant_2_EPOCX_783127_2026.04.22T16.58.55+05.30_intervalMarker.csv,.csv,EMOTIV_INTERVAL_MARKER_CSV,0.0,2026-08-14T15:26:44.714302+00:00,d8de07b5cab58d7505d3ff2b956cc0b9e10908877a1ac4de5d2e29628806834f,,,,,,,,,,,,,latency|duration|type|marker_value|key|timestamp|marker_id,,6,,Eyes_Closed|Blink_eye_while_relaxing|Eyes_Opened,,,,,,,,,,,,,EVENT_MARKER,HIGH,OK
D:\Projects\Major-Project\Data\Emotive\BCI data\1\BCI data\Stress evaluation\New folder\participant_3_EPOCX_784998_2026.04.23T23.26.02+05.30.json,participant_3_EPOCX_784998_2026.04.23T23.26.02+05.30.json,.json,EMOTIV_JSON_METADATA,0.004,2026-08-14T15:26:44.685300+00:00,fd88bfa8143bd164075141f872fccec9eb07bb2870554c44f173e6ce1158e109,,EPOCX,,,,,,,,,,,,,,6,Eyes Opened|Eyes Closed|Blink eye while relaxing,Baseline EmotivPRO|KeyStroke,782255d6-d39a-4d99-9b83-fa7b8f58b818,com.emotiv.emotivpro,2026-05-16T23:16:53.009+05:30,bahubali-aiml,,,,,,,,EEG_METADATA,HIGH,OK
D:\Projects\Major-Project\Data\Emotive\BCI data\1\BCI data\Stress evaluation\New folder\participant_3_EPOCX_784998_2026.04.23T23.26.02+05.30_intervalMarker.csv,participant_3_EPOCX_784998_2026.04.23T23.26.02+05.30_intervalMarker.csv,.csv,EMOTIV_INTERVAL_MARKER_CSV,0.0,2026-08-14T15:26:44.573760+00:00,88464ee527517089bb523b85ef1d717a99b411e4c47c52c1b4033247b38d1783,,,,,,,,,,,,,latency|duration|type|marker_value|key|timestamp|marker_id,,6,,Eyes_Closed|Blink_eye_while_relaxing|Eyes_Opened,,,,,,,,,,,,,EVENT_MARKER,HIGH,OK
D:\Projects\Major-Project\Data\Emotive\BCI data\1\BCI data\Stress evaluation\New folder\participant_4_EPOCX_785888_2026.04.24T22.31.37+05.30.json,participant_4_EPOCX_785888_2026.04.24T22.31.37+05.30.json,.json,EMOTIV_JSON_METADATA,0.004,2026-08-14T15:26:44.742307+00:00,208cd54c96d0246ee54caa67e4da9b1d01904d6fdb0f6947d7585151363e53f0,,EPOCX,,,,,,,,,,,,,,6,Eyes Opened|Eyes Closed|Blink eye while relaxing,Baseline EmotivPRO|KeyStroke,3fa5000d-562b-4e8f-b4fb-5e8df120f5bf,com.emotiv.emotivpro,2026-05-16T23:17:22.696+05:30,bahubali-aiml,,,,,,,,EEG_METADATA,HIGH,OK
D:\Projects\Major-Project\Data\Emotive\BCI data\1\BCI data\Stress evaluation\New folder\participant_4_EPOCX_785888_2026.04.24T22.31.37+05.30_intervalMarker.csv,participant_4_EPOCX_785888_2026.04.24T22.31.37+05.30_intervalMarker.csv,.csv,EMOTIV_INTERVAL_MARKER_CSV,0.0,2026-08-14T15:26:44.545200+00:00,b1ee18b20fec6497a60b85f31c51c5e0f60c8fce0f240850d0866c778139a63e,,,,,,,,,,,,,latency|duration|type|marker_value|key|timestamp|marker_id,,6,,Eyes_Closed|Blink_eye_while_relaxing|Eyes_Opened,,,,,,,,,,,,,EVENT_MARKER,HIGH,OK
D:\Projects\Major-Project\Data\Emotive\BCI data\1\BCI data\Stress evaluation\New folder\participant_5_EPOCX_785987_2026.04.24T23.56.07+05.30.json,participant_5_EPOCX_785987_2026.04.24T23.56.07+05.30.json,.json,EMOTIV_JSON_METADATA,0.004,2026-08-14T15:26:44.658772+00:00,c84015ed4fd88de0f3ea16b0a3c7d86c72a7335db02bf76d890cf3f86e5aadfc,,EPOCX,,,,,,,,,,,,,,6,Eyes Opened|Eyes Closed|Blink eye while relaxing,Baseline EmotivPRO|KeyStroke,86ed7f63-01b6-4a34-810a-fa86977489b4,com.emotiv.emotivpro,2026-05-16T23:18:46.247+05:30,bahubali-aiml,,,,,,,,EEG_METADATA,HIGH,OK
D:\Projects\Major-Project\Data\Emotive\BCI data\1\BCI data\Stress evaluation\New folder\participant_5_EPOCX_785987_2026.04.24T23.56.07+05.30_intervalMarker.csv,participant_5_EPOCX_785987_2026.04.24T23.56.07+05.30_intervalMarker.csv,.csv,EMOTIV_INTERVAL_MARKER_CSV,0.0,2026-08-14T15:26:44.770314+00:00,99a380fcc77e9a24219e464a1002a820264bcd10e60d02aba6e36eb39293ac70,,,,,,,,,,,,,latency|duration|type|marker_value|key|timestamp|marker_id,,6,,Eyes_Closed|Blink_eye_while_relaxing|Eyes_Opened,,,,,,,,,,,,,EVENT_MARKER,HIGH,OK
D:\Projects\Major-Project\Data\Emotive\BCI data\1\BCI data\Stress evaluation\New folder\participant_6_EPOCX_788504_2026.04.28T12.15.48+05.30.json,participant_6_EPOCX_788504_2026.04.28T12.15.48+05.30.json,.json,EMOTIV_JSON_METADATA,0.004,2026-08-14T15:26:44.600755+00:00,6c85d2102fece2e8e6065dbf8943d5001610ff4bb3eadba88e9145f2953c6814,,EPOCX,,,,,,,,,,,,,,6,Eyes Opened|Eyes Closed|Blink eye while relaxing,Baseline EmotivPRO|KeyStroke,4baf40aa-48b3-4c87-93a2-60221fee6d94,com.emotiv.emotivpro,2026-05-16T23:19:11.932+05:30,bahubali-aiml,,,,,,,,EEG_METADATA,HIGH,OK
D:\Projects\Major-Project\Data\Emotive\BCI data\1\BCI data\Stress evaluation\New folder\participant_6_EPOCX_788504_2026.04.28T12.15.48+05.30_intervalMarker.csv,participant_6_EPOCX_788504_2026.04.28T12.15.48+05.30_intervalMarker.csv,.csv,EMOTIV_INTERVAL_MARKER_CSV,0.0,2026-08-14T15:26:44.857301+00:00,61cd77ea5e20e0f4a0029e101df9910e43a9c990c10c746a51ca1528c99397c5,,,,,,,,,,,,,latency|duration|type|marker_value|key|timestamp|marker_id,,6,,Eyes_Closed|Blink_eye_while_relaxing|Eyes_Opened,,,,,,,,,,,,,EVENT_MARKER,HIGH,OK
D:\Projects\Major-Project\Data\Emotive\BCI data\1\BCI data\Stress evaluation\New folder\participant_7_EPOCX_789287_2026.04.28T22.19.37+05.30.json,participant_7_EPOCX_789287_2026.04.28T22.19.37+05.30.json,.json,EMOTIV_JSON_METADATA,0.004,2026-08-14T15:26:44.511209+00:00,ddc46141d7512774c969455334643ef8b43baf6f66105977ba78ae2d2fbba8d8,,EPOCX,,,,,,,,,,,,,,6,Eyes Opened|Eyes Closed|Blink eye while relaxing,Baseline EmotivPRO|KeyStroke,c269962a-e309-412f-a591-5fb02abd0ee5,com.emotiv.emotivpro,2026-05-16T23:19:45.779+05:30,bahubali-aiml,,,,,,,,EEG_METADATA,HIGH,OK
D:\Projects\Major-Project\Data\Emotive\BCI data\1\BCI data\Stress evaluation\New folder\participant_7_EPOCX_789287_2026.04.28T22.19.37+05.30_intervalMarker.csv,participant_7_EPOCX_789287_2026.04.28T22.19.37+05.30_intervalMarker.csv,.csv,EMOTIV_INTERVAL_MARKER_CSV,0.0,2026-08-14T15:26:44.913899+00:00,836661d522e5f0340bfa777d419df4e94824ac700a9228fce3c2099d3e6f5cb0,,,,,,,,,,,,,latency|duration|type|marker_value|key|timestamp|marker_id,,6,,Eyes_Closed|Blink_eye_while_relaxing|Eyes_Opened,,,,,,,,,,,,,EVENT_MARKER,HIGH,OK
D:\Projects\Major-Project\Data\Emotive\BCI data\1\BCI data\Stress evaluation\New folder\participant_8_EPOCX_790772_2026.04.29T20.49.00+05.30.json,participant_8_EPOCX_790772_2026.04.29T20.49.00+05.30.json,.json,EMOTIV_JSON_METADATA,0.004,2026-08-14T15:26:44.447139+00:00,e9db4a9665b2be06ffe323d0976f9078124cebe9f4947b05b0ce2cc070cf3410,,EPOCX,,,,,,,,,,,,,,6,Eyes Opened|Eyes Closed|Blink eye while relaxing,Baseline EmotivPRO|KeyStroke,8870fc7d-b3f8-4b0b-ab88-6d273b614a01,com.emotiv.emotivpro,2026-05-16T23:20:12.678+05:30,bahubali-aiml,,,,,,,,EEG_METADATA,HIGH,OK
D:\Projects\Major-Project\Data\Emotive\BCI data\1\BCI data\Stress evaluation\New folder\participant_8_EPOCX_790772_2026.04.29T20.49.00+05.30_intervalMarker.csv,participant_8_EPOCX_790772_2026.04.29T20.49.00+05.30_intervalMarker.csv,.csv,EMOTIV_INTERVAL_MARKER_CSV,0.0,2026-08-14T15:26:44.115546+00:00,7f8b985507f0f6c0a0ec48ae28d25ec460bbe55c7d1d1484be2c7bbb949f4b14,,,,,,,,,,,,,latency|duration|type|marker_value|key|timestamp|marker_id,,6,,Eyes_Closed|Blink_eye_while_relaxing|Eyes_Opened,,,,,,,,,,,,,EVENT_MARKER,HIGH,OK
D:\Projects\Major-Project\Data\Emotive\BCI data\1\BCI data\Stress evaluation\New folder\participant_9_EPOCX_790904_2026.04.29T21.25.19+05.30.json,participant_9_EPOCX_790904_2026.04.29T21.25.19+05.30.json,.json,EMOTIV_JSON_METADATA,0.003,2026-08-14T15:26:44.341674+00:00,92909252d71b1866f9cb265fb1fdd404b40720668176eab897401d883fcdaad2,,EPOCX,,,,,,,,,,,,,,5,Eyes Opened|Eyes Closed|Blink eye while relaxing,Baseline EmotivPRO|KeyStroke,bc57fb8c-d86f-4b67-b507-5d93fdff390b,com.emotiv.emotivpro,2026-05-16T23:20:52.835+05:30,bahubali-aiml,,,,,,,,EEG_METADATA,HIGH,OK
D:\Projects\Major-Project\Data\Emotive\BCI data\1\BCI data\Stress evaluation\New folder\participant_9_EPOCX_790904_2026.04.29T21.25.19+05.30_intervalMarker.csv,participant_9_EPOCX_790904_2026.04.29T21.25.19+05.30_intervalMarker.csv,.csv,EMOTIV_INTERVAL_MARKER_CSV,0.0,2026-08-14T15:26:44.240097+00:00,cc8d60afe33c80af2a5e14ffaba1cc7973e7452ff6725851227630d2aba9db47,,,,,,,,,,,,,latency|duration|type|marker_value|key|timestamp|marker_id,,5,,Eyes_Closed|Blink_eye_while_relaxing|Eyes_Opened,,,,,,,,,,,,,EVENT_MARKER,HIGH,OK
D:\Projects\Major-Project\Data\Emotive\BCI data\2\BCI data\New folder\aaditya_EPOCX_791513_2026.04.30T15.40.00+05.30.md.bp.csv,aaditya_EPOCX_791513_2026.04.30T15.40.00+05.30.md.bp.csv,.csv,EMOTIV_EEG_CSV,49.024,2026-08-14T15:27:26.310409+00:00,332077e3056c3e5b9f63896491bc3c79da37f0cbad50a7139b8738170096186e,aaditya,EPOCX,E50210EA,128,eeg_128;mot_64;pow_8,14,EEG.AF3|EEG.F7|EEG.F3|EEG.FC5|EEG.T7|EEG.P7|EEG.O1|EEG.O2|EEG.P8|EEG.T8|EEG.FC6|EEG.F4|EEG.F8|EEG.AF4,1777543800.14221,1777544479.212363,679.07,11.32,86969,Timestamp|OriginalTimestamp|EEG.Counter|EEG.Interpolated|EEG.AF3|EEG.F7|EEG.F3|EEG.FC5|EEG.T7|EEG.P7|EEG.O1|EEG.O2|EEG.P8|EEG.T8|EEG.FC6|EEG.F4|EEG.F8|EEG.AF4|EEG.RawCq|EEG.Battery|EEG.BatteryPercent|MarkerIndex|MarkerType|MarkerValueInt|EEG.MarkerHardware|CQ.AF3|CQ.F7|CQ.F3|CQ.FC5|CQ.T7|CQ.P7|CQ.O1|CQ.O2|CQ.P8|CQ.T8|CQ.FC6|CQ.F4|CQ.F8|CQ.AF4|CQ.Overall|EQ.SampleRateQuality|EQ.OVERALL|EQ.AF3|EQ.F7|EQ.F3|EQ.FC5|EQ.T7|EQ.P7|EQ.O1|EQ.O2|EQ.P8|EQ.T8|EQ.FC6|EQ.F4|EQ.F8|EQ.AF4|MOT.CounterMems|MOT.InterpolatedMems|MOT.Q0|MOT.Q1|MOT.Q2|MOT.Q3|MOT.AccX|MOT.AccY|MOT.AccZ|MOT.MagX|MOT.MagY|MOT.MagZ|POW.AF3.Theta|POW.AF3.Alpha|POW.AF3.BetaL|POW.AF3.BetaH|POW.AF3.Gamma|POW.F7.Theta|POW.F7.Alpha|POW.F7.BetaL|POW.F7.BetaH|POW.F7.Gamma|POW.F3.Theta|POW.F3.Alpha|POW.F3.BetaL|POW.F3.BetaH|POW.F3.Gamma|POW.FC5.Theta|POW.FC5.Alpha|POW.FC5.BetaL|POW.FC5.BetaH|POW.FC5.Gamma|POW.T7.Theta|POW.T7.Alpha|POW.T7.BetaL|POW.T7.BetaH|POW.T7.Gamma|POW.P7.Theta|POW.P7.Alpha|POW.P7.BetaL|POW.P7.BetaH|POW.P7.Gamma|POW.O1.Theta|POW.O1.Alpha|POW.O1.BetaL|POW.O1.BetaH|POW.O1.Gamma|POW.O2.Theta|POW.O2.Alpha|POW.O2.BetaL|POW.O2.BetaH|POW.O2.Gamma|POW.P8.Theta|POW.P8.Alpha|POW.P8.BetaL|POW.P8.BetaH|POW.P8.Gamma|POW.T8.Theta|POW.T8.Alpha|POW.T8.BetaL|POW.T8.BetaH|POW.T8.Gamma|POW.FC6.Theta|POW.FC6.Alpha|POW.FC6.BetaL|POW.FC6.BetaH|POW.FC6.Gamma|POW.F4.Theta|POW.F4.Alpha|POW.F4.BetaL|POW.F4.BetaH|POW.F4.Gamma|POW.F8.Theta|POW.F8.Alpha|POW.F8.BetaL|POW.F8.BetaH|POW.F8.Gamma|POW.AF4.Theta|POW.AF4.Alpha|POW.AF4.BetaL|POW.AF4.BetaH|POW.AF4.Gamma,138,,,,,,,,,CQ.AF3|CQ.F7|CQ.F3|CQ.FC5|CQ.T7|CQ.P7|CQ.O1|CQ.O2|CQ.P8|CQ.T8|CQ.FC6|CQ.F4|CQ.F8|CQ.AF4|CQ.Overall,70,MOT.CounterMems|MOT.InterpolatedMems|MOT.Q0|MOT.Q1|MOT.Q2|MOT.Q3|MOT.AccX|MOT.AccY|MOT.AccZ|MOT.MagX|MOT.MagY|MOT.MagZ,,,,,EEG_PRIMARY,HIGH,OK
D:\Projects\Major-Project\Data\Emotive\BCI data\2\BCI data\New folder\amey_EPOCX_781864_2026.04.21T10.14.03+05.30.md.bp.csv,amey_EPOCX_781864_2026.04.21T10.14.03+05.30.md.bp.csv,.csv,EMOTIV_EEG_CSV,53.127,2026-08-14T15:27:19.141804+00:00,2f23ca82658fd41ff76c398fb5d46c28db196733b887a03e0d7347852ac715dd,amey,EPOCX,E50210EA,128,eeg_128;mot_32;pow_8,14,EEG.AF3|EEG.F7|EEG.F3|EEG.FC5|EEG.T7|EEG.P7|EEG.O1|EEG.O2|EEG.P8|EEG.T8|EEG.FC6|EEG.F4|EEG.F8|EEG.AF4,1776746643.714302,1776747415.920909,772.207,12.87,98897,Timestamp|OriginalTimestamp|EEG.Counter|EEG.Interpolated|EEG.AF3|EEG.F7|EEG.F3|EEG.FC5|EEG.T7|EEG.P7|EEG.O1|EEG.O2|EEG.P8|EEG.T8|EEG.FC6|EEG.F4|EEG.F8|EEG.AF4|EEG.RawCq|EEG.Battery|EEG.BatteryPercent|MarkerIndex|MarkerType|MarkerValueInt|EEG.MarkerHardware|CQ.AF3|CQ.F7|CQ.F3|CQ.FC5|CQ.T7|CQ.P7|CQ.O1|CQ.O2|CQ.P8|CQ.T8|CQ.FC6|CQ.F4|CQ.F8|CQ.AF4|CQ.Overall|EQ.SampleRateQuality|EQ.OVERALL|EQ.AF3|EQ.F7|EQ.F3|EQ.FC5|EQ.T7|EQ.P7|EQ.O1|EQ.O2|EQ.P8|EQ.T8|EQ.FC6|EQ.F4|EQ.F8|EQ.AF4|MOT.CounterMems|MOT.InterpolatedMems|MOT.Q0|MOT.Q1|MOT.Q2|MOT.Q3|MOT.AccX|MOT.AccY|MOT.AccZ|MOT.MagX|MOT.MagY|MOT.MagZ|POW.AF3.Theta|POW.AF3.Alpha|POW.AF3.BetaL|POW.AF3.BetaH|POW.AF3.Gamma|POW.F7.Theta|POW.F7.Alpha|POW.F7.BetaL|POW.F7.BetaH|POW.F7.Gamma|POW.F3.Theta|POW.F3.Alpha|POW.F3.BetaL|POW.F3.BetaH|POW.F3.Gamma|POW.FC5.Theta|POW.FC5.Alpha|POW.FC5.BetaL|POW.FC5.BetaH|POW.FC5.Gamma|POW.T7.Theta|POW.T7.Alpha|POW.T7.BetaL|POW.T7.BetaH|POW.T7.Gamma|POW.P7.Theta|POW.P7.Alpha|POW.P7.BetaL|POW.P7.BetaH|POW.P7.Gamma|POW.O1.Theta|POW.O1.Alpha|POW.O1.BetaL|POW.O1.BetaH|POW.O1.Gamma|POW.O2.Theta|POW.O2.Alpha|POW.O2.BetaL|POW.O2.BetaH|POW.O2.Gamma|POW.P8.Theta|POW.P8.Alpha|POW.P8.BetaL|POW.P8.BetaH|POW.P8.Gamma|POW.T8.Theta|POW.T8.Alpha|POW.T8.BetaL|POW.T8.BetaH|POW.T8.Gamma|POW.FC6.Theta|POW.FC6.Alpha|POW.FC6.BetaL|POW.FC6.BetaH|POW.FC6.Gamma|POW.F4.Theta|POW.F4.Alpha|POW.F4.BetaL|POW.F4.BetaH|POW.F4.Gamma|POW.F8.Theta|POW.F8.Alpha|POW.F8.BetaL|POW.F8.BetaH|POW.F8.Gamma|POW.AF4.Theta|POW.AF4.Alpha|POW.AF4.BetaL|POW.AF4.BetaH|POW.AF4.Gamma,138,,,,,,,,,CQ.AF3|CQ.F7|CQ.F3|CQ.FC5|CQ.T7|CQ.P7|CQ.O1|CQ.O2|CQ.P8|CQ.T8|CQ.FC6|CQ.F4|CQ.F8|CQ.AF4|CQ.Overall,70,MOT.CounterMems|MOT.InterpolatedMems|MOT.Q0|MOT.Q1|MOT.Q2|MOT.Q3|MOT.AccX|MOT.AccY|MOT.AccZ|MOT.MagX|MOT.MagY|MOT.MagZ,,,,,EEG_PRIMARY,HIGH,OK
D:\Projects\Major-Project\Data\Emotive\BCI data\2\BCI data\New folder\Darshini_EPOCX_587822_2026.04.16T15.42.49+05.30.md.bp.csv,Darshini_EPOCX_587822_2026.04.16T15.42.49+05.30.md.bp.csv,.csv,EMOTIV_EEG_CSV,56.513,2026-08-14T15:27:17.797056+00:00,66add0eff7fe38593b622ac482c7f70604546c8e38cff05dc456171e7fe5b59e,Darshini,EPOCX,E50210EA,128,eeg_128;mot_32;pow_8,14,EEG.AF3|EEG.F7|EEG.F3|EEG.FC5|EEG.T7|EEG.P7|EEG.O1|EEG.O2|EEG.P8|EEG.T8|EEG.FC6|EEG.F4|EEG.F8|EEG.AF4,1776334369.848164,1776335218.138407,848.29,14.14,108641,Timestamp|EEG.Counter|EEG.Interpolated|EEG.AF3|EEG.F7|EEG.F3|EEG.FC5|EEG.T7|EEG.P7|EEG.O1|EEG.O2|EEG.P8|EEG.T8|EEG.FC6|EEG.F4|EEG.F8|EEG.AF4|EEG.RawCq|EEG.Battery|EEG.BatteryPercent|MarkerIndex|MarkerType|MarkerValueInt|EEG.MarkerHardware|CQ.AF3|CQ.F7|CQ.F3|CQ.FC5|CQ.T7|CQ.P7|CQ.O1|CQ.O2|CQ.P8|CQ.T8|CQ.FC6|CQ.F4|CQ.F8|CQ.AF4|CQ.Overall|EQ.SampleRateQuality|EQ.OVERALL|EQ.AF3|EQ.F7|EQ.F3|EQ.FC5|EQ.T7|EQ.P7|EQ.O1|EQ.O2|EQ.P8|EQ.T8|EQ.FC6|EQ.F4|EQ.F8|EQ.AF4|MOT.CounterMems|MOT.InterpolatedMems|MOT.Q0|MOT.Q1|MOT.Q2|MOT.Q3|MOT.AccX|MOT.AccY|MOT.AccZ|MOT.MagX|MOT.MagY|MOT.MagZ|POW.AF3.Theta|POW.AF3.Alpha|POW.AF3.BetaL|POW.AF3.BetaH|POW.AF3.Gamma|POW.F7.Theta|POW.F7.Alpha|POW.F7.BetaL|POW.F7.BetaH|POW.F7.Gamma|POW.F3.Theta|POW.F3.Alpha|POW.F3.BetaL|POW.F3.BetaH|POW.F3.Gamma|POW.FC5.Theta|POW.FC5.Alpha|POW.FC5.BetaL|POW.FC5.BetaH|POW.FC5.Gamma|POW.T7.Theta|POW.T7.Alpha|POW.T7.BetaL|POW.T7.BetaH|POW.T7.Gamma|POW.P7.Theta|POW.P7.Alpha|POW.P7.BetaL|POW.P7.BetaH|POW.P7.Gamma|POW.O1.Theta|POW.O1.Alpha|POW.O1.BetaL|POW.O1.BetaH|POW.O1.Gamma|POW.O2.Theta|POW.O2.Alpha|POW.O2.BetaL|POW.O2.BetaH|POW.O2.Gamma|POW.P8.Theta|POW.P8.Alpha|POW.P8.BetaL|POW.P8.BetaH|POW.P8.Gamma|POW.T8.Theta|POW.T8.Alpha|POW.T8.BetaL|POW.T8.BetaH|POW.T8.Gamma|POW.FC6.Theta|POW.FC6.Alpha|POW.FC6.BetaL|POW.FC6.BetaH|POW.FC6.Gamma|POW.F4.Theta|POW.F4.Alpha|POW.F4.BetaL|POW.F4.BetaH|POW.F4.Gamma|POW.F8.Theta|POW.F8.Alpha|POW.F8.BetaL|POW.F8.BetaH|POW.F8.Gamma|POW.AF4.Theta|POW.AF4.Alpha|POW.AF4.BetaL|POW.AF4.BetaH|POW.AF4.Gamma,137,,,,,,,,,CQ.AF3|CQ.F7|CQ.F3|CQ.FC5|CQ.T7|CQ.P7|CQ.O1|CQ.O2|CQ.P8|CQ.T8|CQ.FC6|CQ.F4|CQ.F8|CQ.AF4|CQ.Overall,70,MOT.CounterMems|MOT.InterpolatedMems|MOT.Q0|MOT.Q1|MOT.Q2|MOT.Q3|MOT.AccX|MOT.AccY|MOT.AccZ|MOT.MagX|MOT.MagY|MOT.MagZ,,,,,EEG_PRIMARY,HIGH,OK
D:\Projects\Major-Project\Data\Emotive\BCI data\2\BCI data\New folder\girish_EPOCX_775856_2026.04.15T10.14.18+05.30.md.bp.csv,girish_EPOCX_775856_2026.04.15T10.14.18+05.30.md.bp.csv,.csv,EMOTIV_EEG_CSV,89.868,2026-08-14T15:27:24.137813+00:00,0ef553becdc47489163f8af3d9ae3c96a88013bc32c0e78cb24a647657dfe704,girish,EPOCX,E502105F,256,eeg_256;mot_32;pow_8,14,EEG.AF3|EEG.F7|EEG.F3|EEG.FC5|EEG.T7|EEG.P7|EEG.O1|EEG.O2|EEG.P8|EEG.T8|EEG.FC6|EEG.F4|EEG.F8|EEG.AF4,1776228258.503544,1776228949.691079,691.188,11.52,177041,Timestamp|OriginalTimestamp|EEG.Counter|EEG.Interpolated|EEG.AF3|EEG.F7|EEG.F3|EEG.FC5|EEG.T7|EEG.P7|EEG.O1|EEG.O2|EEG.P8|EEG.T8|EEG.FC6|EEG.F4|EEG.F8|EEG.AF4|EEG.RawCq|EEG.Battery|EEG.BatteryPercent|MarkerIndex|MarkerType|MarkerValueInt|EEG.MarkerHardware|CQ.AF3|CQ.F7|CQ.F3|CQ.FC5|CQ.T7|CQ.P7|CQ.O1|CQ.O2|CQ.P8|CQ.T8|CQ.FC6|CQ.F4|CQ.F8|CQ.AF4|CQ.Overall|EQ.SampleRateQuality|EQ.OVERALL|EQ.AF3|EQ.F7|EQ.F3|EQ.FC5|EQ.T7|EQ.P7|EQ.O1|EQ.O2|EQ.P8|EQ.T8|EQ.FC6|EQ.F4|EQ.F8|EQ.AF4|MOT.CounterMems|MOT.InterpolatedMems|MOT.Q0|MOT.Q1|MOT.Q2|MOT.Q3|MOT.AccX|MOT.AccY|MOT.AccZ|MOT.MagX|MOT.MagY|MOT.MagZ|POW.AF3.Theta|POW.AF3.Alpha|POW.AF3.BetaL|POW.AF3.BetaH|POW.AF3.Gamma|POW.F7.Theta|POW.F7.Alpha|POW.F7.BetaL|POW.F7.BetaH|POW.F7.Gamma|POW.F3.Theta|POW.F3.Alpha|POW.F3.BetaL|POW.F3.BetaH|POW.F3.Gamma|POW.FC5.Theta|POW.FC5.Alpha|POW.FC5.BetaL|POW.FC5.BetaH|POW.FC5.Gamma|POW.T7.Theta|POW.T7.Alpha|POW.T7.BetaL|POW.T7.BetaH|POW.T7.Gamma|POW.P7.Theta|POW.P7.Alpha|POW.P7.BetaL|POW.P7.BetaH|POW.P7.Gamma|POW.O1.Theta|POW.O1.Alpha|POW.O1.BetaL|POW.O1.BetaH|POW.O1.Gamma|POW.O2.Theta|POW.O2.Alpha|POW.O2.BetaL|POW.O2.BetaH|POW.O2.Gamma|POW.P8.Theta|POW.P8.Alpha|POW.P8.BetaL|POW.P8.BetaH|POW.P8.Gamma|POW.T8.Theta|POW.T8.Alpha|POW.T8.BetaL|POW.T8.BetaH|POW.T8.Gamma|POW.FC6.Theta|POW.FC6.Alpha|POW.FC6.BetaL|POW.FC6.BetaH|POW.FC6.Gamma|POW.F4.Theta|POW.F4.Alpha|POW.F4.BetaL|POW.F4.BetaH|POW.F4.Gamma|POW.F8.Theta|POW.F8.Alpha|POW.F8.BetaL|POW.F8.BetaH|POW.F8.Gamma|POW.AF4.Theta|POW.AF4.Alpha|POW.AF4.BetaL|POW.AF4.BetaH|POW.AF4.Gamma,138,,,,,,,,,CQ.AF3|CQ.F7|CQ.F3|CQ.FC5|CQ.T7|CQ.P7|CQ.O1|CQ.O2|CQ.P8|CQ.T8|CQ.FC6|CQ.F4|CQ.F8|CQ.AF4|CQ.Overall,70,MOT.CounterMems|MOT.InterpolatedMems|MOT.Q0|MOT.Q1|MOT.Q2|MOT.Q3|MOT.AccX|MOT.AccY|MOT.AccZ|MOT.MagX|MOT.MagY|MOT.MagZ,,,,,EEG_PRIMARY,HIGH,OK
D:\Projects\Major-Project\Data\Emotive\BCI data\2\BCI data\New folder\Kushal_EPOCX_587822_2026.04.30T15.59.49+05.30.md.bp.csv,Kushal_EPOCX_587822_2026.04.30T15.59.49+05.30.md.bp.csv,.csv,EMOTIV_EEG_CSV,68.263,2026-08-14T15:27:25.719876+00:00,a5c7f8c66f99ef1a2071d2d1caf3f384380390fa56a31ce9bc6bafdcb8451286,Kushal,EPOCX,E50210EA,128,eeg_128;mot_64;pow_8,14,EEG.AF3|EEG.F7|EEG.F3|EEG.FC5|EEG.T7|EEG.P7|EEG.O1|EEG.O2|EEG.P8|EEG.T8|EEG.FC6|EEG.F4|EEG.F8|EEG.AF4,1777544989.905374,1777545935.987633,946.082,15.77,121165,Timestamp|OriginalTimestamp|EEG.Counter|EEG.Interpolated|EEG.AF3|EEG.F7|EEG.F3|EEG.FC5|EEG.T7|EEG.P7|EEG.O1|EEG.O2|EEG.P8|EEG.T8|EEG.FC6|EEG.F4|EEG.F8|EEG.AF4|EEG.RawCq|EEG.Battery|EEG.BatteryPercent|MarkerIndex|MarkerType|MarkerValueInt|EEG.MarkerHardware|CQ.AF3|CQ.F7|CQ.F3|CQ.FC5|CQ.T7|CQ.P7|CQ.O1|CQ.O2|CQ.P8|CQ.T8|CQ.FC6|CQ.F4|CQ.F8|CQ.AF4|CQ.Overall|EQ.SampleRateQuality|EQ.OVERALL|EQ.AF3|EQ.F7|EQ.F3|EQ.FC5|EQ.T7|EQ.P7|EQ.O1|EQ.O2|EQ.P8|EQ.T8|EQ.FC6|EQ.F4|EQ.F8|EQ.AF4|MOT.CounterMems|MOT.InterpolatedMems|MOT.Q0|MOT.Q1|MOT.Q2|MOT.Q3|MOT.AccX|MOT.AccY|MOT.AccZ|MOT.MagX|MOT.MagY|MOT.MagZ|POW.AF3.Theta|POW.AF3.Alpha|POW.AF3.BetaL|POW.AF3.BetaH|POW.AF3.Gamma|POW.F7.Theta|POW.F7.Alpha|POW.F7.BetaL|POW.F7.BetaH|POW.F7.Gamma|POW.F3.Theta|POW.F3.Alpha|POW.F3.BetaL|POW.F3.BetaH|POW.F3.Gamma|POW.FC5.Theta|POW.FC5.Alpha|POW.FC5.BetaL|POW.FC5.BetaH|POW.FC5.Gamma|POW.T7.Theta|POW.T7.Alpha|POW.T7.BetaL|POW.T7.BetaH|POW.T7.Gamma|POW.P7.Theta|POW.P7.Alpha|POW.P7.BetaL|POW.P7.BetaH|POW.P7.Gamma|POW.O1.Theta|POW.O1.Alpha|POW.O1.BetaL|POW.O1.BetaH|POW.O1.Gamma|POW.O2.Theta|POW.O2.Alpha|POW.O2.BetaL|POW.O2.BetaH|POW.O2.Gamma|POW.P8.Theta|POW.P8.Alpha|POW.P8.BetaL|POW.P8.BetaH|POW.P8.Gamma|POW.T8.Theta|POW.T8.Alpha|POW.T8.BetaL|POW.T8.BetaH|POW.T8.Gamma|POW.FC6.Theta|POW.FC6.Alpha|POW.FC6.BetaL|POW.FC6.BetaH|POW.FC6.Gamma|POW.F4.Theta|POW.F4.Alpha|POW.F4.BetaL|POW.F4.BetaH|POW.F4.Gamma|POW.F8.Theta|POW.F8.Alpha|POW.F8.BetaL|POW.F8.BetaH|POW.F8.Gamma|POW.AF4.Theta|POW.AF4.Alpha|POW.AF4.BetaL|POW.AF4.BetaH|POW.AF4.Gamma,138,,,,,,,,,CQ.AF3|CQ.F7|CQ.F3|CQ.FC5|CQ.T7|CQ.P7|CQ.O1|CQ.O2|CQ.P8|CQ.T8|CQ.FC6|CQ.F4|CQ.F8|CQ.AF4|CQ.Overall,70,MOT.CounterMems|MOT.InterpolatedMems|MOT.Q0|MOT.Q1|MOT.Q2|MOT.Q3|MOT.AccX|MOT.AccY|MOT.AccZ|MOT.MagX|MOT.MagY|MOT.MagZ,,,,,EEG_PRIMARY,HIGH,OK
D:\Projects\Major-Project\Data\Emotive\BCI data\2\BCI data\New folder\m1_EPOCX_773447_2026.04.13T16.00.31+05.30.md.bp.csv,m1_EPOCX_773447_2026.04.13T16.00.31+05.30.md.bp.csv,.csv,EMOTIV_EEG_CSV,95.713,2026-08-14T15:27:21.565113+00:00,f432cd6f04da7e78fa640b92b6ff0c39294104b00bb864c2af1111f6d178ac8a,m1,EPOCX,E502105F,256,eeg_256;mot_32;pow_8,14,EEG.AF3|EEG.F7|EEG.F3|EEG.FC5|EEG.T7|EEG.P7|EEG.O1|EEG.O2|EEG.P8|EEG.T8|EEG.FC6|EEG.F4|EEG.F8|EEG.AF4,1776076231.770925,1776076967.309987,735.539,12.26,188401,Timestamp|OriginalTimestamp|EEG.Counter|EEG.Interpolated|EEG.AF3|EEG.F7|EEG.F3|EEG.FC5|EEG.T7|EEG.P7|EEG.O1|EEG.O2|EEG.P8|EEG.T8|EEG.FC6|EEG.F4|EEG.F8|EEG.AF4|EEG.RawCq|EEG.Battery|EEG.BatteryPercent|MarkerIndex|MarkerType|MarkerValueInt|EEG.MarkerHardware|CQ.AF3|CQ.F7|CQ.F3|CQ.FC5|CQ.T7|CQ.P7|CQ.O1|CQ.O2|CQ.P8|CQ.T8|CQ.FC6|CQ.F4|CQ.F8|CQ.AF4|CQ.Overall|EQ.SampleRateQuality|EQ.OVERALL|EQ.AF3|EQ.F7|EQ.F3|EQ.FC5|EQ.T7|EQ.P7|EQ.O1|EQ.O2|EQ.P8|EQ.T8|EQ.FC6|EQ.F4|EQ.F8|EQ.AF4|MOT.CounterMems|MOT.InterpolatedMems|MOT.Q0|MOT.Q1|MOT.Q2|MOT.Q3|MOT.AccX|MOT.AccY|MOT.AccZ|MOT.MagX|MOT.MagY|MOT.MagZ|POW.AF3.Theta|POW.AF3.Alpha|POW.AF3.BetaL|POW.AF3.BetaH|POW.AF3.Gamma|POW.F7.Theta|POW.F7.Alpha|POW.F7.BetaL|POW.F7.BetaH|POW.F7.Gamma|POW.F3.Theta|POW.F3.Alpha|POW.F3.BetaL|POW.F3.BetaH|POW.F3.Gamma|POW.FC5.Theta|POW.FC5.Alpha|POW.FC5.BetaL|POW.FC5.BetaH|POW.FC5.Gamma|POW.T7.Theta|POW.T7.Alpha|POW.T7.BetaL|POW.T7.BetaH|POW.T7.Gamma|POW.P7.Theta|POW.P7.Alpha|POW.P7.BetaL|POW.P7.BetaH|POW.P7.Gamma|POW.O1.Theta|POW.O1.Alpha|POW.O1.BetaL|POW.O1.BetaH|POW.O1.Gamma|POW.O2.Theta|POW.O2.Alpha|POW.O2.BetaL|POW.O2.BetaH|POW.O2.Gamma|POW.P8.Theta|POW.P8.Alpha|POW.P8.BetaL|POW.P8.BetaH|POW.P8.Gamma|POW.T8.Theta|POW.T8.Alpha|POW.T8.BetaL|POW.T8.BetaH|POW.T8.Gamma|POW.FC6.Theta|POW.FC6.Alpha|POW.FC6.BetaL|POW.FC6.BetaH|POW.FC6.Gamma|POW.F4.Theta|POW.F4.Alpha|POW.F4.BetaL|POW.F4.BetaH|POW.F4.Gamma|POW.F8.Theta|POW.F8.Alpha|POW.F8.BetaL|POW.F8.BetaH|POW.F8.Gamma|POW.AF4.Theta|POW.AF4.Alpha|POW.AF4.BetaL|POW.AF4.BetaH|POW.AF4.Gamma,138,,,,,,,,,CQ.AF3|CQ.F7|CQ.F3|CQ.FC5|CQ.T7|CQ.P7|CQ.O1|CQ.O2|CQ.P8|CQ.T8|CQ.FC6|CQ.F4|CQ.F8|CQ.AF4|CQ.Overall,70,MOT.CounterMems|MOT.InterpolatedMems|MOT.Q0|MOT.Q1|MOT.Q2|MOT.Q3|MOT.AccX|MOT.AccY|MOT.AccZ|MOT.MagX|MOT.MagY|MOT.MagZ,,,,,EEG_PRIMARY,HIGH,OK
D:\Projects\Major-Project\Data\Emotive\BCI data\2\BCI data\New folder\Maanya_EPOCX_587822_2026.04.28T15.55.16+05.30(1).md.bp.csv,Maanya_EPOCX_587822_2026.04.28T15.55.16+05.30(1).md.bp.csv,.csv,EMOTIV_EEG_CSV,57.696,2026-08-14T15:27:22.241548+00:00,a68b23f3e04498ad79a1de21cfd8e6de4fdd7aff3f5b0fa435deb2061aa421cd,Maanya,EPOCX,E50210EA,128,eeg_128;mot_64;pow_8,14,EEG.AF3|EEG.F7|EEG.F3|EEG.FC5|EEG.T7|EEG.P7|EEG.O1|EEG.O2|EEG.P8|EEG.T8|EEG.FC6|EEG.F4|EEG.F8|EEG.AF4,1777371916.511084,1777372719.607245,803.096,13.38,102853,Timestamp|OriginalTimestamp|EEG.Counter|EEG.Interpolated|EEG.AF3|EEG.F7|EEG.F3|EEG.FC5|EEG.T7|EEG.P7|EEG.O1|EEG.O2|EEG.P8|EEG.T8|EEG.FC6|EEG.F4|EEG.F8|EEG.AF4|EEG.RawCq|EEG.Battery|EEG.BatteryPercent|MarkerIndex|MarkerType|MarkerValueInt|EEG.MarkerHardware|CQ.AF3|CQ.F7|CQ.F3|CQ.FC5|CQ.T7|CQ.P7|CQ.O1|CQ.O2|CQ.P8|CQ.T8|CQ.FC6|CQ.F4|CQ.F8|CQ.AF4|CQ.Overall|EQ.SampleRateQuality|EQ.OVERALL|EQ.AF3|EQ.F7|EQ.F3|EQ.FC5|EQ.T7|EQ.P7|EQ.O1|EQ.O2|EQ.P8|EQ.T8|EQ.FC6|EQ.F4|EQ.F8|EQ.AF4|MOT.CounterMems|MOT.InterpolatedMems|MOT.Q0|MOT.Q1|MOT.Q2|MOT.Q3|MOT.AccX|MOT.AccY|MOT.AccZ|MOT.MagX|MOT.MagY|MOT.MagZ|POW.AF3.Theta|POW.AF3.Alpha|POW.AF3.BetaL|POW.AF3.BetaH|POW.AF3.Gamma|POW.F7.Theta|POW.F7.Alpha|POW.F7.BetaL|POW.F7.BetaH|POW.F7.Gamma|POW.F3.Theta|POW.F3.Alpha|POW.F3.BetaL|POW.F3.BetaH|POW.F3.Gamma|POW.FC5.Theta|POW.FC5.Alpha|POW.FC5.BetaL|POW.FC5.BetaH|POW.FC5.Gamma|POW.T7.Theta|POW.T7.Alpha|POW.T7.BetaL|POW.T7.BetaH|POW.T7.Gamma|POW.P7.Theta|POW.P7.Alpha|POW.P7.BetaL|POW.P7.BetaH|POW.P7.Gamma|POW.O1.Theta|POW.O1.Alpha|POW.O1.BetaL|POW.O1.BetaH|POW.O1.Gamma|POW.O2.Theta|POW.O2.Alpha|POW.O2.BetaL|POW.O2.BetaH|POW.O2.Gamma|POW.P8.Theta|POW.P8.Alpha|POW.P8.BetaL|POW.P8.BetaH|POW.P8.Gamma|POW.T8.Theta|POW.T8.Alpha|POW.T8.BetaL|POW.T8.BetaH|POW.T8.Gamma|POW.FC6.Theta|POW.FC6.Alpha|POW.FC6.BetaL|POW.FC6.BetaH|POW.FC6.Gamma|POW.F4.Theta|POW.F4.Alpha|POW.F4.BetaL|POW.F4.BetaH|POW.F4.Gamma|POW.F8.Theta|POW.F8.Alpha|POW.F8.BetaL|POW.F8.BetaH|POW.F8.Gamma|POW.AF4.Theta|POW.AF4.Alpha|POW.AF4.BetaL|POW.AF4.BetaH|POW.AF4.Gamma,138,,,,,,,,,CQ.AF3|CQ.F7|CQ.F3|CQ.FC5|CQ.T7|CQ.P7|CQ.O1|CQ.O2|CQ.P8|CQ.T8|CQ.FC6|CQ.F4|CQ.F8|CQ.AF4|CQ.Overall,70,MOT.CounterMems|MOT.InterpolatedMems|MOT.Q0|MOT.Q1|MOT.Q2|MOT.Q3|MOT.AccX|MOT.AccY|MOT.AccZ|MOT.MagX|MOT.MagY|MOT.MagZ,,,,,EEG_PRIMARY,HIGH,OK
D:\Projects\Major-Project\Data\Emotive\BCI data\2\BCI data\New folder\pradeep kumar_EPOCX_787408_2026.04.27T08.57.58+05.30.md.bp.csv,pradeep kumar_EPOCX_787408_2026.04.27T08.57.58+05.30.md.bp.csv,.csv,EMOTIV_EEG_CSV,58.17,2026-08-14T15:27:19.818100+00:00,4e1ca0522b68254289c6a4e37e95cf945c428b6655a63a4caf5d06cf0c95fa7b,pradeep kumar,EPOCX,E50210EA,128,eeg_128;mot_64;pow_8,14,EEG.AF3|EEG.F7|EEG.F3|EEG.FC5|EEG.T7|EEG.P7|EEG.O1|EEG.O2|EEG.P8|EEG.T8|EEG.FC6|EEG.F4|EEG.F8|EEG.AF4,1777260478.238295,1777261284.833554,806.595,13.44,103301,Timestamp|OriginalTimestamp|EEG.Counter|EEG.Interpolated|EEG.AF3|EEG.F7|EEG.F3|EEG.FC5|EEG.T7|EEG.P7|EEG.O1|EEG.O2|EEG.P8|EEG.T8|EEG.FC6|EEG.F4|EEG.F8|EEG.AF4|EEG.RawCq|EEG.Battery|EEG.BatteryPercent|MarkerIndex|MarkerType|MarkerValueInt|EEG.MarkerHardware|CQ.AF3|CQ.F7|CQ.F3|CQ.FC5|CQ.T7|CQ.P7|CQ.O1|CQ.O2|CQ.P8|CQ.T8|CQ.FC6|CQ.F4|CQ.F8|CQ.AF4|CQ.Overall|EQ.SampleRateQuality|EQ.OVERALL|EQ.AF3|EQ.F7|EQ.F3|EQ.FC5|EQ.T7|EQ.P7|EQ.O1|EQ.O2|EQ.P8|EQ.T8|EQ.FC6|EQ.F4|EQ.F8|EQ.AF4|MOT.CounterMems|MOT.InterpolatedMems|MOT.Q0|MOT.Q1|MOT.Q2|MOT.Q3|MOT.AccX|MOT.AccY|MOT.AccZ|MOT.MagX|MOT.MagY|MOT.MagZ|POW.AF3.Theta|POW.AF3.Alpha|POW.AF3.BetaL|POW.AF3.BetaH|POW.AF3.Gamma|POW.F7.Theta|POW.F7.Alpha|POW.F7.BetaL|POW.F7.BetaH|POW.F7.Gamma|POW.F3.Theta|POW.F3.Alpha|POW.F3.BetaL|POW.F3.BetaH|POW.F3.Gamma|POW.FC5.Theta|POW.FC5.Alpha|POW.FC5.BetaL|POW.FC5.BetaH|POW.FC5.Gamma|POW.T7.Theta|POW.T7.Alpha|POW.T7.BetaL|POW.T7.BetaH|POW.T7.Gamma|POW.P7.Theta|POW.P7.Alpha|POW.P7.BetaL|POW.P7.BetaH|POW.P7.Gamma|POW.O1.Theta|POW.O1.Alpha|POW.O1.BetaL|POW.O1.BetaH|POW.O1.Gamma|POW.O2.Theta|POW.O2.Alpha|POW.O2.BetaL|POW.O2.BetaH|POW.O2.Gamma|POW.P8.Theta|POW.P8.Alpha|POW.P8.BetaL|POW.P8.BetaH|POW.P8.Gamma|POW.T8.Theta|POW.T8.Alpha|POW.T8.BetaL|POW.T8.BetaH|POW.T8.Gamma|POW.FC6.Theta|POW.FC6.Alpha|POW.FC6.BetaL|POW.FC6.BetaH|POW.FC6.Gamma|POW.F4.Theta|POW.F4.Alpha|POW.F4.BetaL|POW.F4.BetaH|POW.F4.Gamma|POW.F8.Theta|POW.F8.Alpha|POW.F8.BetaL|POW.F8.BetaH|POW.F8.Gamma|POW.AF4.Theta|POW.AF4.Alpha|POW.AF4.BetaL|POW.AF4.BetaH|POW.AF4.Gamma,138,,,,,,,,,CQ.AF3|CQ.F7|CQ.F3|CQ.FC5|CQ.T7|CQ.P7|CQ.O1|CQ.O2|CQ.P8|CQ.T8|CQ.FC6|CQ.F4|CQ.F8|CQ.AF4|CQ.Overall,70,MOT.CounterMems|MOT.InterpolatedMems|MOT.Q0|MOT.Q1|MOT.Q2|MOT.Q3|MOT.AccX|MOT.AccY|MOT.AccZ|MOT.MagX|MOT.MagY|MOT.MagZ,,,,,EEG_PRIMARY,HIGH,OK
D:\Projects\Major-Project\Data\Emotive\BCI data\2\BCI data\New folder\Preetham_EPOCX_587822_2026.04.22T10.33.32+05.30.md.bp.csv,Preetham_EPOCX_587822_2026.04.22T10.33.32+05.30.md.bp.csv,.csv,EMOTIV_EEG_CSV,43.156,2026-08-14T15:27:17.076585+00:00,9c9533154cd3366e4086f35ed97c7370264e970f39bdca0783e59972ec4f551d,Preetham,EPOCX,E50210EA,128,eeg_128;mot_64;pow_8,14,EEG.AF3|EEG.F7|EEG.F3|EEG.FC5|EEG.T7|EEG.P7|EEG.O1|EEG.O2|EEG.P8|EEG.T8|EEG.FC6|EEG.F4|EEG.F8|EEG.AF4,1776834212.998644,1776834811.175065,598.176,9.97,76609,Timestamp|OriginalTimestamp|EEG.Counter|EEG.Interpolated|EEG.AF3|EEG.F7|EEG.F3|EEG.FC5|EEG.T7|EEG.P7|EEG.O1|EEG.O2|EEG.P8|EEG.T8|EEG.FC6|EEG.F4|EEG.F8|EEG.AF4|EEG.RawCq|EEG.Battery|EEG.BatteryPercent|MarkerIndex|MarkerType|MarkerValueInt|EEG.MarkerHardware|CQ.AF3|CQ.F7|CQ.F3|CQ.FC5|CQ.T7|CQ.P7|CQ.O1|CQ.O2|CQ.P8|CQ.T8|CQ.FC6|CQ.F4|CQ.F8|CQ.AF4|CQ.Overall|EQ.SampleRateQuality|EQ.OVERALL|EQ.AF3|EQ.F7|EQ.F3|EQ.FC5|EQ.T7|EQ.P7|EQ.O1|EQ.O2|EQ.P8|EQ.T8|EQ.FC6|EQ.F4|EQ.F8|EQ.AF4|MOT.CounterMems|MOT.InterpolatedMems|MOT.Q0|MOT.Q1|MOT.Q2|MOT.Q3|MOT.AccX|MOT.AccY|MOT.AccZ|MOT.MagX|MOT.MagY|MOT.MagZ|POW.AF3.Theta|POW.AF3.Alpha|POW.AF3.BetaL|POW.AF3.BetaH|POW.AF3.Gamma|POW.F7.Theta|POW.F7.Alpha|POW.F7.BetaL|POW.F7.BetaH|POW.F7.Gamma|POW.F3.Theta|POW.F3.Alpha|POW.F3.BetaL|POW.F3.BetaH|POW.F3.Gamma|POW.FC5.Theta|POW.FC5.Alpha|POW.FC5.BetaL|POW.FC5.BetaH|POW.FC5.Gamma|POW.T7.Theta|POW.T7.Alpha|POW.T7.BetaL|POW.T7.BetaH|POW.T7.Gamma|POW.P7.Theta|POW.P7.Alpha|POW.P7.BetaL|POW.P7.BetaH|POW.P7.Gamma|POW.O1.Theta|POW.O1.Alpha|POW.O1.BetaL|POW.O1.BetaH|POW.O1.Gamma|POW.O2.Theta|POW.O2.Alpha|POW.O2.BetaL|POW.O2.BetaH|POW.O2.Gamma|POW.P8.Theta|POW.P8.Alpha|POW.P8.BetaL|POW.P8.BetaH|POW.P8.Gamma|POW.T8.Theta|POW.T8.Alpha|POW.T8.BetaL|POW.T8.BetaH|POW.T8.Gamma|POW.FC6.Theta|POW.FC6.Alpha|POW.FC6.BetaL|POW.FC6.BetaH|POW.FC6.Gamma|POW.F4.Theta|POW.F4.Alpha|POW.F4.BetaL|POW.F4.BetaH|POW.F4.Gamma|POW.F8.Theta|POW.F8.Alpha|POW.F8.BetaL|POW.F8.BetaH|POW.F8.Gamma|POW.AF4.Theta|POW.AF4.Alpha|POW.AF4.BetaL|POW.AF4.BetaH|POW.AF4.Gamma,138,,,,,,,,,CQ.AF3|CQ.F7|CQ.F3|CQ.FC5|CQ.T7|CQ.P7|CQ.O1|CQ.O2|CQ.P8|CQ.T8|CQ.FC6|CQ.F4|CQ.F8|CQ.AF4|CQ.Overall,70,MOT.CounterMems|MOT.InterpolatedMems|MOT.Q0|MOT.Q1|MOT.Q2|MOT.Q3|MOT.AccX|MOT.AccY|MOT.AccZ|MOT.MagX|MOT.MagY|MOT.MagZ,,,,,EEG_PRIMARY,HIGH,OK
D:\Projects\Major-Project\Data\Emotive\BCI data\2\BCI data\New folder\Rishab_EPOCX_587822_2026.04.29T16.05.52+05.30.md.bp.csv,Rishab_EPOCX_587822_2026.04.29T16.05.52+05.30.md.bp.csv,.csv,EMOTIV_EEG_CSV,63.643,2026-08-14T15:27:24.879897+00:00,8c7816e3ca79e6f40dc52d967cda2524558c23eb49f46c135f72dc1173fadd3d,Rishab,EPOCX,E50210EA,128,eeg_128;mot_64;pow_8,14,EEG.AF3|EEG.F7|EEG.F3|EEG.FC5|EEG.T7|EEG.P7|EEG.O1|EEG.O2|EEG.P8|EEG.T8|EEG.FC6|EEG.F4|EEG.F8|EEG.AF4,1777458952.104872,1777459834.221262,882.116,14.7,112973,Timestamp|OriginalTimestamp|EEG.Counter|EEG.Interpolated|EEG.AF3|EEG.F7|EEG.F3|EEG.FC5|EEG.T7|EEG.P7|EEG.O1|EEG.O2|EEG.P8|EEG.T8|EEG.FC6|EEG.F4|EEG.F8|EEG.AF4|EEG.RawCq|EEG.Battery|EEG.BatteryPercent|MarkerIndex|MarkerType|MarkerValueInt|EEG.MarkerHardware|CQ.AF3|CQ.F7|CQ.F3|CQ.FC5|CQ.T7|CQ.P7|CQ.O1|CQ.O2|CQ.P8|CQ.T8|CQ.FC6|CQ.F4|CQ.F8|CQ.AF4|CQ.Overall|EQ.SampleRateQuality|EQ.OVERALL|EQ.AF3|EQ.F7|EQ.F3|EQ.FC5|EQ.T7|EQ.P7|EQ.O1|EQ.O2|EQ.P8|EQ.T8|EQ.FC6|EQ.F4|EQ.F8|EQ.AF4|MOT.CounterMems|MOT.InterpolatedMems|MOT.Q0|MOT.Q1|MOT.Q2|MOT.Q3|MOT.AccX|MOT.AccY|MOT.AccZ|MOT.MagX|MOT.MagY|MOT.MagZ|POW.AF3.Theta|POW.AF3.Alpha|POW.AF3.BetaL|POW.AF3.BetaH|POW.AF3.Gamma|POW.F7.Theta|POW.F7.Alpha|POW.F7.BetaL|POW.F7.BetaH|POW.F7.Gamma|POW.F3.Theta|POW.F3.Alpha|POW.F3.BetaL|POW.F3.BetaH|POW.F3.Gamma|POW.FC5.Theta|POW.FC5.Alpha|POW.FC5.BetaL|POW.FC5.BetaH|POW.FC5.Gamma|POW.T7.Theta|POW.T7.Alpha|POW.T7.BetaL|POW.T7.BetaH|POW.T7.Gamma|POW.P7.Theta|POW.P7.Alpha|POW.P7.BetaL|POW.P7.BetaH|POW.P7.Gamma|POW.O1.Theta|POW.O1.Alpha|POW.O1.BetaL|POW.O1.BetaH|POW.O1.Gamma|POW.O2.Theta|POW.O2.Alpha|POW.O2.BetaL|POW.O2.BetaH|POW.O2.Gamma|POW.P8.Theta|POW.P8.Alpha|POW.P8.BetaL|POW.P8.BetaH|POW.P8.Gamma|POW.T8.Theta|POW.T8.Alpha|POW.T8.BetaL|POW.T8.BetaH|POW.T8.Gamma|POW.FC6.Theta|POW.FC6.Alpha|POW.FC6.BetaL|POW.FC6.BetaH|POW.FC6.Gamma|POW.F4.Theta|POW.F4.Alpha|POW.F4.BetaL|POW.F4.BetaH|POW.F4.Gamma|POW.F8.Theta|POW.F8.Alpha|POW.F8.BetaL|POW.F8.BetaH|POW.F8.Gamma|POW.AF4.Theta|POW.AF4.Alpha|POW.AF4.BetaL|POW.AF4.BetaH|POW.AF4.Gamma,138,,,,,,,,,CQ.AF3|CQ.F7|CQ.F3|CQ.FC5|CQ.T7|CQ.P7|CQ.O1|CQ.O2|CQ.P8|CQ.T8|CQ.FC6|CQ.F4|CQ.F8|CQ.AF4|CQ.Overall,70,MOT.CounterMems|MOT.InterpolatedMems|MOT.Q0|MOT.Q1|MOT.Q2|MOT.Q3|MOT.AccX|MOT.AccY|MOT.AccZ|MOT.MagX|MOT.MagY|MOT.MagZ,,,,,EEG_PRIMARY,HIGH,OK
D:\Projects\Major-Project\Data\Emotive\BCI data\2\BCI data\New folder\rishi_EPOCX_773183_2026.04.13T12.43.48+05.30.md.bp.csv,rishi_EPOCX_773183_2026.04.13T12.43.48+05.30.md.bp.csv,.csv,EMOTIV_EEG_CSV,93.48,2026-08-14T15:27:23.195657+00:00,33bb9e066c73b1f15175b2b2094df48893239c7ae771b5a73e3faf5bd30fb340,rishi,EPOCX,E502105F,256,eeg_256;mot_32;pow_8,14,EEG.AF3|EEG.F7|EEG.F3|EEG.FC5|EEG.T7|EEG.P7|EEG.O1|EEG.O2|EEG.P8|EEG.T8|EEG.FC6|EEG.F4|EEG.F8|EEG.AF4,1776064428.928776,1776065147.976239,719.047,11.98,184177,Timestamp|OriginalTimestamp|EEG.Counter|EEG.Interpolated|EEG.AF3|EEG.F7|EEG.F3|EEG.FC5|EEG.T7|EEG.P7|EEG.O1|EEG.O2|EEG.P8|EEG.T8|EEG.FC6|EEG.F4|EEG.F8|EEG.AF4|EEG.RawCq|EEG.Battery|EEG.BatteryPercent|MarkerIndex|MarkerType|MarkerValueInt|EEG.MarkerHardware|CQ.AF3|CQ.F7|CQ.F3|CQ.FC5|CQ.T7|CQ.P7|CQ.O1|CQ.O2|CQ.P8|CQ.T8|CQ.FC6|CQ.F4|CQ.F8|CQ.AF4|CQ.Overall|EQ.SampleRateQuality|EQ.OVERALL|EQ.AF3|EQ.F7|EQ.F3|EQ.FC5|EQ.T7|EQ.P7|EQ.O1|EQ.O2|EQ.P8|EQ.T8|EQ.FC6|EQ.F4|EQ.F8|EQ.AF4|MOT.CounterMems|MOT.InterpolatedMems|MOT.Q0|MOT.Q1|MOT.Q2|MOT.Q3|MOT.AccX|MOT.AccY|MOT.AccZ|MOT.MagX|MOT.MagY|MOT.MagZ|POW.AF3.Theta|POW.AF3.Alpha|POW.AF3.BetaL|POW.AF3.BetaH|POW.AF3.Gamma|POW.F7.Theta|POW.F7.Alpha|POW.F7.BetaL|POW.F7.BetaH|POW.F7.Gamma|POW.F3.Theta|POW.F3.Alpha|POW.F3.BetaL|POW.F3.BetaH|POW.F3.Gamma|POW.FC5.Theta|POW.FC5.Alpha|POW.FC5.BetaL|POW.FC5.BetaH|POW.FC5.Gamma|POW.T7.Theta|POW.T7.Alpha|POW.T7.BetaL|POW.T7.BetaH|POW.T7.Gamma|POW.P7.Theta|POW.P7.Alpha|POW.P7.BetaL|POW.P7.BetaH|POW.P7.Gamma|POW.O1.Theta|POW.O1.Alpha|POW.O1.BetaL|POW.O1.BetaH|POW.O1.Gamma|POW.O2.Theta|POW.O2.Alpha|POW.O2.BetaL|POW.O2.BetaH|POW.O2.Gamma|POW.P8.Theta|POW.P8.Alpha|POW.P8.BetaL|POW.P8.BetaH|POW.P8.Gamma|POW.T8.Theta|POW.T8.Alpha|POW.T8.BetaL|POW.T8.BetaH|POW.T8.Gamma|POW.FC6.Theta|POW.FC6.Alpha|POW.FC6.BetaL|POW.FC6.BetaH|POW.FC6.Gamma|POW.F4.Theta|POW.F4.Alpha|POW.F4.BetaL|POW.F4.BetaH|POW.F4.Gamma|POW.F8.Theta|POW.F8.Alpha|POW.F8.BetaL|POW.F8.BetaH|POW.F8.Gamma|POW.AF4.Theta|POW.AF4.Alpha|POW.AF4.BetaL|POW.AF4.BetaH|POW.AF4.Gamma,138,,,,,,,,,CQ.AF3|CQ.F7|CQ.F3|CQ.FC5|CQ.T7|CQ.P7|CQ.O1|CQ.O2|CQ.P8|CQ.T8|CQ.FC6|CQ.F4|CQ.F8|CQ.AF4|CQ.Overall,70,MOT.CounterMems|MOT.InterpolatedMems|MOT.Q0|MOT.Q1|MOT.Q2|MOT.Q3|MOT.AccX|MOT.AccY|MOT.AccZ|MOT.MagX|MOT.MagY|MOT.MagZ,,,,,EEG_PRIMARY,HIGH,OK
D:\Projects\Major-Project\Data\Emotive\BCI data\2\BCI data\New folder\santhosh_EPOCX_781922_2026.04.21T14.11.01+05.30.md.bp.csv,santhosh_EPOCX_781922_2026.04.21T14.11.01+05.30.md.bp.csv,.csv,EMOTIV_EEG_CSV,61.067,2026-08-14T15:27:18.539471+00:00,3f79b016c58fbebee680da81f9fbef348efc0586af6288f7977c89ed147fbc09,santhosh,EPOCX,E50210EA,128,eeg_128;mot_32;pow_8,14,EEG.AF3|EEG.F7|EEG.F3|EEG.FC5|EEG.T7|EEG.P7|EEG.O1|EEG.O2|EEG.P8|EEG.T8|EEG.FC6|EEG.F4|EEG.F8|EEG.AF4,1776760861.633695,1776761747.62439,885.991,14.77,113469,Timestamp|OriginalTimestamp|EEG.Counter|EEG.Interpolated|EEG.AF3|EEG.F7|EEG.F3|EEG.FC5|EEG.T7|EEG.P7|EEG.O1|EEG.O2|EEG.P8|EEG.T8|EEG.FC6|EEG.F4|EEG.F8|EEG.AF4|EEG.RawCq|EEG.Battery|EEG.BatteryPercent|MarkerIndex|MarkerType|MarkerValueInt|EEG.MarkerHardware|CQ.AF3|CQ.F7|CQ.F3|CQ.FC5|CQ.T7|CQ.P7|CQ.O1|CQ.O2|CQ.P8|CQ.T8|CQ.FC6|CQ.F4|CQ.F8|CQ.AF4|CQ.Overall|EQ.SampleRateQuality|EQ.OVERALL|EQ.AF3|EQ.F7|EQ.F3|EQ.FC5|EQ.T7|EQ.P7|EQ.O1|EQ.O2|EQ.P8|EQ.T8|EQ.FC6|EQ.F4|EQ.F8|EQ.AF4|MOT.CounterMems|MOT.InterpolatedMems|MOT.Q0|MOT.Q1|MOT.Q2|MOT.Q3|MOT.AccX|MOT.AccY|MOT.AccZ|MOT.MagX|MOT.MagY|MOT.MagZ|POW.AF3.Theta|POW.AF3.Alpha|POW.AF3.BetaL|POW.AF3.BetaH|POW.AF3.Gamma|POW.F7.Theta|POW.F7.Alpha|POW.F7.BetaL|POW.F7.BetaH|POW.F7.Gamma|POW.F3.Theta|POW.F3.Alpha|POW.F3.BetaL|POW.F3.BetaH|POW.F3.Gamma|POW.FC5.Theta|POW.FC5.Alpha|POW.FC5.BetaL|POW.FC5.BetaH|POW.FC5.Gamma|POW.T7.Theta|POW.T7.Alpha|POW.T7.BetaL|POW.T7.BetaH|POW.T7.Gamma|POW.P7.Theta|POW.P7.Alpha|POW.P7.BetaL|POW.P7.BetaH|POW.P7.Gamma|POW.O1.Theta|POW.O1.Alpha|POW.O1.BetaL|POW.O1.BetaH|POW.O1.Gamma|POW.O2.Theta|POW.O2.Alpha|POW.O2.BetaL|POW.O2.BetaH|POW.O2.Gamma|POW.P8.Theta|POW.P8.Alpha|POW.P8.BetaL|POW.P8.BetaH|POW.P8.Gamma|POW.T8.Theta|POW.T8.Alpha|POW.T8.BetaL|POW.T8.BetaH|POW.T8.Gamma|POW.FC6.Theta|POW.FC6.Alpha|POW.FC6.BetaL|POW.FC6.BetaH|POW.FC6.Gamma|POW.F4.Theta|POW.F4.Alpha|POW.F4.BetaL|POW.F4.BetaH|POW.F4.Gamma|POW.F8.Theta|POW.F8.Alpha|POW.F8.BetaL|POW.F8.BetaH|POW.F8.Gamma|POW.AF4.Theta|POW.AF4.Alpha|POW.AF4.BetaL|POW.AF4.BetaH|POW.AF4.Gamma,138,,,,,,,,,CQ.AF3|CQ.F7|CQ.F3|CQ.FC5|CQ.T7|CQ.P7|CQ.O1|CQ.O2|CQ.P8|CQ.T8|CQ.FC6|CQ.F4|CQ.F8|CQ.AF4|CQ.Overall,70,MOT.CounterMems|MOT.InterpolatedMems|MOT.Q0|MOT.Q1|MOT.Q2|MOT.Q3|MOT.AccX|MOT.AccY|MOT.AccZ|MOT.MagX|MOT.MagY|MOT.MagZ,,,,,EEG_PRIMARY,HIGH,OK
D:\Projects\Major-Project\Data\Emotive\BCI data\2\BCI data\New folder\yashas_EPOCX_777506_2026.04.16T13.09.52+05.30.md.bp.csv,yashas_EPOCX_777506_2026.04.16T13.09.52+05.30.md.bp.csv,.csv,EMOTIV_EEG_CSV,63.511,2026-08-14T15:27:20.537024+00:00,97df2ba4bef731860650ab37bc09df22864355a1aafd8fd619cdfb7f95a3f0cd,yashas,EPOCX,E50210EA,128,eeg_128;mot_32;pow_8,14,EEG.AF3|EEG.F7|EEG.F3|EEG.FC5|EEG.T7|EEG.P7|EEG.O1|EEG.O2|EEG.P8|EEG.T8|EEG.FC6|EEG.F4|EEG.F8|EEG.AF4,1776325192.428072,1776326113.304635,920.877,15.35,117937,Timestamp|OriginalTimestamp|EEG.Counter|EEG.Interpolated|EEG.AF3|EEG.F7|EEG.F3|EEG.FC5|EEG.T7|EEG.P7|EEG.O1|EEG.O2|EEG.P8|EEG.T8|EEG.FC6|EEG.F4|EEG.F8|EEG.AF4|EEG.RawCq|EEG.Battery|EEG.BatteryPercent|MarkerIndex|MarkerType|MarkerValueInt|EEG.MarkerHardware|CQ.AF3|CQ.F7|CQ.F3|CQ.FC5|CQ.T7|CQ.P7|CQ.O1|CQ.O2|CQ.P8|CQ.T8|CQ.FC6|CQ.F4|CQ.F8|CQ.AF4|CQ.Overall|EQ.SampleRateQuality|EQ.OVERALL|EQ.AF3|EQ.F7|EQ.F3|EQ.FC5|EQ.T7|EQ.P7|EQ.O1|EQ.O2|EQ.P8|EQ.T8|EQ.FC6|EQ.F4|EQ.F8|EQ.AF4|MOT.CounterMems|MOT.InterpolatedMems|MOT.Q0|MOT.Q1|MOT.Q2|MOT.Q3|MOT.AccX|MOT.AccY|MOT.AccZ|MOT.MagX|MOT.MagY|MOT.MagZ|POW.AF3.Theta|POW.AF3.Alpha|POW.AF3.BetaL|POW.AF3.BetaH|POW.AF3.Gamma|POW.F7.Theta|POW.F7.Alpha|POW.F7.BetaL|POW.F7.BetaH|POW.F7.Gamma|POW.F3.Theta|POW.F3.Alpha|POW.F3.BetaL|POW.F3.BetaH|POW.F3.Gamma|POW.FC5.Theta|POW.FC5.Alpha|POW.FC5.BetaL|POW.FC5.BetaH|POW.FC5.Gamma|POW.T7.Theta|POW.T7.Alpha|POW.T7.BetaL|POW.T7.BetaH|POW.T7.Gamma|POW.P7.Theta|POW.P7.Alpha|POW.P7.BetaL|POW.P7.BetaH|POW.P7.Gamma|POW.O1.Theta|POW.O1.Alpha|POW.O1.BetaL|POW.O1.BetaH|POW.O1.Gamma|POW.O2.Theta|POW.O2.Alpha|POW.O2.BetaL|POW.O2.BetaH|POW.O2.Gamma|POW.P8.Theta|POW.P8.Alpha|POW.P8.BetaL|POW.P8.BetaH|POW.P8.Gamma|POW.T8.Theta|POW.T8.Alpha|POW.T8.BetaL|POW.T8.BetaH|POW.T8.Gamma|POW.FC6.Theta|POW.FC6.Alpha|POW.FC6.BetaL|POW.FC6.BetaH|POW.FC6.Gamma|POW.F4.Theta|POW.F4.Alpha|POW.F4.BetaL|POW.F4.BetaH|POW.F4.Gamma|POW.F8.Theta|POW.F8.Alpha|POW.F8.BetaL|POW.F8.BetaH|POW.F8.Gamma|POW.AF4.Theta|POW.AF4.Alpha|POW.AF4.BetaL|POW.AF4.BetaH|POW.AF4.Gamma,138,,,,,,,,,CQ.AF3|CQ.F7|CQ.F3|CQ.FC5|CQ.T7|CQ.P7|CQ.O1|CQ.O2|CQ.P8|CQ.T8|CQ.FC6|CQ.F4|CQ.F8|CQ.AF4|CQ.Overall,70,MOT.CounterMems|MOT.InterpolatedMems|MOT.Q0|MOT.Q1|MOT.Q2|MOT.Q3|MOT.AccX|MOT.AccY|MOT.AccZ|MOT.MagX|MOT.MagY|MOT.MagZ,,,,,EEG_PRIMARY,HIGH,OK
D:\Projects\Major-Project\Data\Emotive\BCI data\2\BCI data\Stress evaluation\participant_10_EPOCX_790938_2026.04.29T22.02.51+05.30.md.csv,participant_10_EPOCX_790938_2026.04.29T22.02.51+05.30.md.csv,.csv,EMOTIV_EEG_CSV,81.57,2026-08-14T15:27:29.986160+00:00,bf3176adaa786b7aa8e091d9ba7c703c6df20a9378aa86b3dcbde070093cb761,participant_10,EPOCX,E50210EA,128,eeg_128;mot_64,14,EEG.AF3|EEG.F7|EEG.F3|EEG.FC5|EEG.T7|EEG.P7|EEG.O1|EEG.O2|EEG.P8|EEG.T8|EEG.FC6|EEG.F4|EEG.F8|EEG.AF4,1777480371.659433,1777481752.474658,1380.815,23.01,176841,Timestamp|OriginalTimestamp|EEG.Counter|EEG.Interpolated|EEG.AF3|EEG.F7|EEG.F3|EEG.FC5|EEG.T7|EEG.P7|EEG.O1|EEG.O2|EEG.P8|EEG.T8|EEG.FC6|EEG.F4|EEG.F8|EEG.AF4|EEG.RawCq|EEG.Battery|EEG.BatteryPercent|MarkerIndex|MarkerType|MarkerValueInt|EEG.MarkerHardware|CQ.AF3|CQ.F7|CQ.F3|CQ.FC5|CQ.T7|CQ.P7|CQ.O1|CQ.O2|CQ.P8|CQ.T8|CQ.FC6|CQ.F4|CQ.F8|CQ.AF4|CQ.Overall|EQ.SampleRateQuality|EQ.OVERALL|EQ.AF3|EQ.F7|EQ.F3|EQ.FC5|EQ.T7|EQ.P7|EQ.O1|EQ.O2|EQ.P8|EQ.T8|EQ.FC6|EQ.F4|EQ.F8|EQ.AF4|MOT.CounterMems|MOT.InterpolatedMems|MOT.Q0|MOT.Q1|MOT.Q2|MOT.Q3|MOT.AccX|MOT.AccY|MOT.AccZ|MOT.MagX|MOT.MagY|MOT.MagZ,68,,,,,,,,,CQ.AF3|CQ.F7|CQ.F3|CQ.FC5|CQ.T7|CQ.P7|CQ.O1|CQ.O2|CQ.P8|CQ.T8|CQ.FC6|CQ.F4|CQ.F8|CQ.AF4|CQ.Overall,0,MOT.CounterMems|MOT.InterpolatedMems|MOT.Q0|MOT.Q1|MOT.Q2|MOT.Q3|MOT.AccX|MOT.AccY|MOT.AccZ|MOT.MagX|MOT.MagY|MOT.MagZ,,,,,EEG_PRIMARY,HIGH,OK
D:\Projects\Major-Project\Data\Emotive\BCI data\2\BCI data\Stress evaluation\participant_12_EPOCX_799155_2026.05.08T21.00.50+05.30.md.csv,participant_12_EPOCX_799155_2026.05.08T21.00.50+05.30.md.csv,.csv,EMOTIV_EEG_CSV,95.707,2026-08-14T15:27:29.000115+00:00,d53f138ae0ccc781c2e436918632bcb1caa71747644e0d3c1c6f3c70d2d39485,participant_12,EPOCX,E50210EA,128,eeg_128;mot_64,14,EEG.AF3|EEG.F7|EEG.F3|EEG.FC5|EEG.T7|EEG.P7|EEG.O1|EEG.O2|EEG.P8|EEG.T8|EEG.FC6|EEG.F4|EEG.F8|EEG.AF4,1778254250.185865,1778255870.995247,1620.809,27.01,207577,Timestamp|OriginalTimestamp|EEG.Counter|EEG.Interpolated|EEG.AF3|EEG.F7|EEG.F3|EEG.FC5|EEG.T7|EEG.P7|EEG.O1|EEG.O2|EEG.P8|EEG.T8|EEG.FC6|EEG.F4|EEG.F8|EEG.AF4|EEG.RawCq|EEG.Battery|EEG.BatteryPercent|MarkerIndex|MarkerType|MarkerValueInt|EEG.MarkerHardware|CQ.AF3|CQ.F7|CQ.F3|CQ.FC5|CQ.T7|CQ.P7|CQ.O1|CQ.O2|CQ.P8|CQ.T8|CQ.FC6|CQ.F4|CQ.F8|CQ.AF4|CQ.Overall|EQ.SampleRateQuality|EQ.OVERALL|EQ.AF3|EQ.F7|EQ.F3|EQ.FC5|EQ.T7|EQ.P7|EQ.O1|EQ.O2|EQ.P8|EQ.T8|EQ.FC6|EQ.F4|EQ.F8|EQ.AF4|MOT.CounterMems|MOT.InterpolatedMems|MOT.Q0|MOT.Q1|MOT.Q2|MOT.Q3|MOT.AccX|MOT.AccY|MOT.AccZ|MOT.MagX|MOT.MagY|MOT.MagZ,68,,,,,,,,,CQ.AF3|CQ.F7|CQ.F3|CQ.FC5|CQ.T7|CQ.P7|CQ.O1|CQ.O2|CQ.P8|CQ.T8|CQ.FC6|CQ.F4|CQ.F8|CQ.AF4|CQ.Overall,0,MOT.CounterMems|MOT.InterpolatedMems|MOT.Q0|MOT.Q1|MOT.Q2|MOT.Q3|MOT.AccX|MOT.AccY|MOT.AccZ|MOT.MagX|MOT.MagY|MOT.MagZ,,,,,EEG_PRIMARY,HIGH,OK
D:\Projects\Major-Project\Data\Emotive\BCI data\2\BCI data\Stress evaluation\participant_4_EPOCX_785888_2026.04.24T22.31.37+05.30.md.csv,participant_4_EPOCX_785888_2026.04.24T22.31.37+05.30.md.csv,.csv,EMOTIV_EEG_CSV,63.892,2026-08-14T15:27:27.063798+00:00,ba02e30b75f0a30f59dced861b5b6fc1b321d7113bd767b64fe08d96f2feff3a,participant_4,EPOCX,E50210EA,128,eeg_128;mot_64,14,EEG.AF3|EEG.F7|EEG.F3|EEG.FC5|EEG.T7|EEG.P7|EEG.O1|EEG.O2|EEG.P8|EEG.T8|EEG.FC6|EEG.F4|EEG.F8|EEG.AF4,1777050097.285153,1777051173.764501,1076.479,17.94,137865,Timestamp|OriginalTimestamp|EEG.Counter|EEG.Interpolated|EEG.AF3|EEG.F7|EEG.F3|EEG.FC5|EEG.T7|EEG.P7|EEG.O1|EEG.O2|EEG.P8|EEG.T8|EEG.FC6|EEG.F4|EEG.F8|EEG.AF4|EEG.RawCq|EEG.Battery|EEG.BatteryPercent|MarkerIndex|MarkerType|MarkerValueInt|EEG.MarkerHardware|CQ.AF3|CQ.F7|CQ.F3|CQ.FC5|CQ.T7|CQ.P7|CQ.O1|CQ.O2|CQ.P8|CQ.T8|CQ.FC6|CQ.F4|CQ.F8|CQ.AF4|CQ.Overall|EQ.SampleRateQuality|EQ.OVERALL|EQ.AF3|EQ.F7|EQ.F3|EQ.FC5|EQ.T7|EQ.P7|EQ.O1|EQ.O2|EQ.P8|EQ.T8|EQ.FC6|EQ.F4|EQ.F8|EQ.AF4|MOT.CounterMems|MOT.InterpolatedMems|MOT.Q0|MOT.Q1|MOT.Q2|MOT.Q3|MOT.AccX|MOT.AccY|MOT.AccZ|MOT.MagX|MOT.MagY|MOT.MagZ,68,,,,,,,,,CQ.AF3|CQ.F7|CQ.F3|CQ.FC5|CQ.T7|CQ.P7|CQ.O1|CQ.O2|CQ.P8|CQ.T8|CQ.FC6|CQ.F4|CQ.F8|CQ.AF4|CQ.Overall,0,MOT.CounterMems|MOT.InterpolatedMems|MOT.Q0|MOT.Q1|MOT.Q2|MOT.Q3|MOT.AccX|MOT.AccY|MOT.AccZ|MOT.MagX|MOT.MagY|MOT.MagZ,,,,,EEG_PRIMARY,HIGH,OK
D:\Projects\Major-Project\Data\Emotive\BCI data\2\BCI data\Stress evaluation\participant_8_EPOCX_790772_2026.04.29T20.49.00+05.30.md.csv,participant_8_EPOCX_790772_2026.04.29T20.49.00+05.30.md.csv,.csv,EMOTIV_EEG_CSV,73.102,2026-08-14T15:27:27.904063+00:00,3b6efd48f48a653337de4beb1b3897ddb5e07487647192efedd1716937401d4d,participant_8,EPOCX,E50210EA,128,eeg_128;mot_64,14,EEG.AF3|EEG.F7|EEG.F3|EEG.FC5|EEG.T7|EEG.P7|EEG.O1|EEG.O2|EEG.P8|EEG.T8|EEG.FC6|EEG.F4|EEG.F8|EEG.AF4,1777475940.213545,1777477177.513134,1237.3,20.62,158461,Timestamp|OriginalTimestamp|EEG.Counter|EEG.Interpolated|EEG.AF3|EEG.F7|EEG.F3|EEG.FC5|EEG.T7|EEG.P7|EEG.O1|EEG.O2|EEG.P8|EEG.T8|EEG.FC6|EEG.F4|EEG.F8|EEG.AF4|EEG.RawCq|EEG.Battery|EEG.BatteryPercent|MarkerIndex|MarkerType|MarkerValueInt|EEG.MarkerHardware|CQ.AF3|CQ.F7|CQ.F3|CQ.FC5|CQ.T7|CQ.P7|CQ.O1|CQ.O2|CQ.P8|CQ.T8|CQ.FC6|CQ.F4|CQ.F8|CQ.AF4|CQ.Overall|EQ.SampleRateQuality|EQ.OVERALL|EQ.AF3|EQ.F7|EQ.F3|EQ.FC5|EQ.T7|EQ.P7|EQ.O1|EQ.O2|EQ.P8|EQ.T8|EQ.FC6|EQ.F4|EQ.F8|EQ.AF4|MOT.CounterMems|MOT.InterpolatedMems|MOT.Q0|MOT.Q1|MOT.Q2|MOT.Q3|MOT.AccX|MOT.AccY|MOT.AccZ|MOT.MagX|MOT.MagY|MOT.MagZ,68,,,,,,,,,CQ.AF3|CQ.F7|CQ.F3|CQ.FC5|CQ.T7|CQ.P7|CQ.O1|CQ.O2|CQ.P8|CQ.T8|CQ.FC6|CQ.F4|CQ.F8|CQ.AF4|CQ.Overall,0,MOT.CounterMems|MOT.InterpolatedMems|MOT.Q0|MOT.Q1|MOT.Q2|MOT.Q3|MOT.AccX|MOT.AccY|MOT.AccZ|MOT.MagX|MOT.MagY|MOT.MagZ,,,,,EEG_PRIMARY,HIGH,OK
D:\Projects\Major-Project\Data\Emotive\BCI data\2\BCI data\Stress evaluation\New folder\participant_11_EPOCX_791505_2026.04.30T14.37.30+05.30.md.pm.bp.csv,participant_11_EPOCX_791505_2026.04.30T14.37.30+05.30.md.pm.bp.csv,.csv,SUPABASE_PARTICIPANTS,82.076,2026-08-14T15:27:33.788131+00:00,837318bba80a755d0a379cff21e73cd57a571a2f34dd912e97f906110da15871,,,,,,,,,,,,,title:participant_11| start timestamp:1777540050.527631| stop timestamp:1777541133.284036| headset type:EPOCX| headset serial:E50210EA| headset firmware:730| channels:168| sampling rate:eeg_128;mot_64;pm_0.1;pow_8| samples:138669    | version:2.2| ,11,138670,,,,,,,,,,,,,,,PARTICIPANT_REGISTRY,HIGH,OK
D:\Projects\Major-Project\Data\Emotive\BCI data\2\BCI data\Stress evaluation\New folder\participant_12_EPOCX_799155_2026.05.08T21.00.50+05.30.md.pm.bp.csv,participant_12_EPOCX_799155_2026.05.08T21.00.50+05.30.md.pm.bp.csv,.csv,SUPABASE_PARTICIPANTS,122.675,2026-08-14T15:27:39.206357+00:00,5d06a23bc6862635862bc57c57f77f912613e47f8191b3f0706b063d5f1f43bd,,,,,,,,,,,,,title:participant_12| start timestamp:1778254250.185865| stop timestamp:1778255870.995247| headset type:EPOCX| headset serial:E50210EA| headset firmware:730| channels:168| sampling rate:eeg_128;mot_64;pm_0.1;pow_8| samples:207577    | version:2.2| ,11,207578,,,,,,,,,,,,,,,PARTICIPANT_REGISTRY,HIGH,OK
D:\Projects\Major-Project\Data\Emotive\BCI data\2\BCI data\Stress evaluation\New folder\participant_15_EPOCX_803292_2026.05.16T21.55.45+05.30.md.pm.bp.csv,participant_15_EPOCX_803292_2026.05.16T21.55.45+05.30.md.pm.bp.csv,.csv,SUPABASE_PARTICIPANTS,68.391,2026-08-14T15:27:30.770494+00:00,70dd5d1e486bb18d2b5c7be10ac1418a87f2c206270c28f609b0cd882bdbd27d,,,,,,,,,,,,,title:participant_15| start timestamp:1778948745.175255| stop timestamp:1778949647.624509| headset type:EPOCX| headset serial:E50210EA| headset firmware:730| channels:168| sampling rate:eeg_128;mot_64;pm_0.1;pow_8| samples:115577    | version:2.2| ,11,115578,,,,,,,,,,,,,,,PARTICIPANT_REGISTRY,HIGH,OK
D:\Projects\Major-Project\Data\Emotive\BCI data\2\BCI data\Stress evaluation\New folder\participant_1_EPOCX_781995_2026.04.21T17.06.15+05.30.md.pm.bp.csv,participant_1_EPOCX_781995_2026.04.21T17.06.15+05.30.md.pm.bp.csv,.csv,SUPABASE_PARTICIPANTS,65.109,2026-08-14T15:27:41.877257+00:00,2e3a6d17bacb20649cc1c38f432d4db6e3e491e009e41442a55f68b03c8bf843,,,,,,,,,,,,,title:participant_1| start timestamp:1776771375.078356| stop timestamp:1776772269.813703| headset type:EPOCX| headset serial:E50210EA| headset firmware:730| channels:168| sampling rate:eeg_128;mot_32;pm_0.1;pow_8| samples:114589    | version:2.2| ,11,114590,,,,,,,,,,,,,,,PARTICIPANT_REGISTRY,HIGH,OK
D:\Projects\Major-Project\Data\Emotive\BCI data\2\BCI data\Stress evaluation\New folder\participant_2_EPOCX_783127_2026.04.22T16.58.55+05.30.md.pm.bp.csv,participant_2_EPOCX_783127_2026.04.22T16.58.55+05.30.md.pm.bp.csv,.csv,SUPABASE_PARTICIPANTS,102.478,2026-08-14T15:27:37.818256+00:00,015d61107bdbebd9771e06bc04d4326806b32cdacae322dc5f38a49d46071748,,,,,,,,,,,,,title:participant_2| start timestamp:1776857335.700359| stop timestamp:1776858728.853160| headset type:EPOCX| headset serial:E50210EA| headset firmware:730| channels:168| sampling rate:eeg_128;mot_64;pm_0.1;pow_8| samples:178421    | version:2.2| ,11,178422,,,,,,,,,,,,,,,PARTICIPANT_REGISTRY,HIGH,OK
D:\Projects\Major-Project\Data\Emotive\BCI data\2\BCI data\Stress evaluation\New folder\participant_3_EPOCX_784998_2026.04.23T23.26.02+05.30.md.pm.bp.csv,participant_3_EPOCX_784998_2026.04.23T23.26.02+05.30.md.pm.bp.csv,.csv,SUPABASE_PARTICIPANTS,72.633,2026-08-14T15:27:31.598838+00:00,06186c0a73c4351df58da7c96d2735589f07273abb3860e6b543aa194116c071,,,,,,,,,,,,,title:participant_3| start timestamp:1776966962.135480| stop timestamp:1776967923.022183| headset type:EPOCX| headset serial:E50210EA| headset firmware:730| channels:168| sampling rate:eeg_128;mot_64;pm_0.1;pow_8| samples:123061    | version:2.2| ,11,123062,,,,,,,,,,,,,,,PARTICIPANT_REGISTRY,HIGH,OK
D:\Projects\Major-Project\Data\Emotive\BCI data\2\BCI data\Stress evaluation\New folder\participant_4_EPOCX_785888_2026.04.24T22.31.37+05.30.md.pm.bp.csv,participant_4_EPOCX_785888_2026.04.24T22.31.37+05.30.md.pm.bp.csv,.csv,SUPABASE_PARTICIPANTS,81.851,2026-08-14T15:27:32.581127+00:00,969c6d89cc0217cc85823c1265a7f5278f8a776b07fb65a342342377421649e1,,,,,,,,,,,,,title:participant_4| start timestamp:1777050097.285153| stop timestamp:1777051173.764501| headset type:EPOCX| headset serial:E50210EA| headset firmware:730| channels:168| sampling rate:eeg_128;mot_64;pm_0.1;pow_8| samples:137865    | version:2.2| ,11,137866,,,,,,,,,,,,,,,PARTICIPANT_REGISTRY,HIGH,OK
D:\Projects\Major-Project\Data\Emotive\BCI data\2\BCI data\Stress evaluation\New folder\participant_5_EPOCX_785987_2026.04.24T23.56.07+05.30.md.pm.bp.csv,participant_5_EPOCX_785987_2026.04.24T23.56.07+05.30.md.pm.bp.csv,.csv,SUPABASE_PARTICIPANTS,136.349,2026-08-14T15:27:43.404273+00:00,a8ec0a5d8384a44ea5e9b6baeaa73ab3a0fe8be719b1b4591b0106594d8e70d9,,,,,,,,,,,,,title:participant_5| start timestamp:1777055167.840984| stop timestamp:1777056969.085422| headset type:EPOCX| headset serial:E50210EA| headset firmware:730| channels:168| sampling rate:eeg_128;mot_64;pm_0.1;pow_8| samples:230685    | version:2.2| ,11,230686,,,,,,,,,,,,,,,PARTICIPANT_REGISTRY,HIGH,OK
D:\Projects\Major-Project\Data\Emotive\BCI data\2\BCI data\Stress evaluation\New folder\participant_6_EPOCX_788504_2026.04.28T12.15.48+05.30.md.pm.bp.csv,participant_6_EPOCX_788504_2026.04.28T12.15.48+05.30.md.pm.bp.csv,.csv,SUPABASE_PARTICIPANTS,78.28,2026-08-14T15:27:41.154095+00:00,6dd88fb7174eed242e8225e0a09dd787da0c907e0a204403efe145df2677a982,,,,,,,,,,,,,title:participant_6| start timestamp:1777358748.382733| stop timestamp:1777359782.666795| headset type:EPOCX| headset serial:E50210EA| headset firmware:730| channels:168| sampling rate:eeg_128;mot_64;pm_0.1;pow_8| samples:132461    | version:2.2| ,11,132462,,,,,,,,,,,,,,,PARTICIPANT_REGISTRY,HIGH,OK
D:\Projects\Major-Project\Data\Emotive\BCI data\2\BCI data\Stress evaluation\New folder\participant_7_EPOCX_789287_2026.04.28T22.19.37+05.30.md.pm.bp.csv,participant_7_EPOCX_789287_2026.04.28T22.19.37+05.30.md.pm.bp.csv,.csv,SUPABASE_PARTICIPANTS,100.026,2026-08-14T15:27:35.499270+00:00,8b2618c48ea02294559f0d55857b23a9f689e7f2188cbb040844cc9826dd33af,,,,,,,,,,,,,title:participant_7| start timestamp:1777394977.039556| stop timestamp:1777396297.886956| headset type:EPOCX| headset serial:E50210EA| headset firmware:730| channels:168| sampling rate:eeg_128;mot_64;pm_0.1;pow_8| samples:169161    | version:2.2| ,11,169162,,,,,,,,,,,,,,,PARTICIPANT_REGISTRY,HIGH,OK
D:\Projects\Major-Project\Data\Emotive\BCI data\2\BCI data\Stress evaluation\New folder\participant_8_EPOCX_790772_2026.04.29T20.49.00+05.30.md.pm.bp.csv,participant_8_EPOCX_790772_2026.04.29T20.49.00+05.30.md.pm.bp.csv,.csv,SUPABASE_PARTICIPANTS,93.697,2026-08-14T15:27:40.270590+00:00,14a343d455bcb468f091cca5f5ce845c6767fbe59af516af73e87cbee2c0a2ca,,,,,,,,,,,,,title:participant_8| start timestamp:1777475940.213545| stop timestamp:1777477177.513134| headset type:EPOCX| headset serial:E50210EA| headset firmware:730| channels:168| sampling rate:eeg_128;mot_64;pm_0.1;pow_8| samples:158461    | version:2.2| ,11,158462,,,,,,,,,,,,,,,PARTICIPANT_REGISTRY,HIGH,OK
D:\Projects\Major-Project\Data\Emotive\BCI data\2\BCI data\Stress evaluation\New folder\participant_9_EPOCX_790904_2026.04.29T21.25.19+05.30.md.pm.bp.csv,participant_9_EPOCX_790904_2026.04.29T21.25.19+05.30.md.pm.bp.csv,.csv,SUPABASE_PARTICIPANTS,73.082,2026-08-14T15:27:36.624573+00:00,c6fb7339686962eef5bcb410608f389c6d05af3abac729f67237698b05f8b44a,,,,,,,,,,,,,title:participant_9| start timestamp:1777478119.222619| stop timestamp:1777479083.888437| headset type:EPOCX| headset serial:E50210EA| headset firmware:730| channels:168| sampling rate:eeg_128;mot_64;pm_0.1;pow_8| samples:123545    | version:2.2| ,11,123546,,,,,,,,,,,,,,,PARTICIPANT_REGISTRY,HIGH,OK
D:\Projects\Major-Project\Data\Emotive\BCI data\3\BCI data\New folder\varun_EPOCX_775922_2026.04.15T10.54.24+05.30.md.bp.csv,varun_EPOCX_775922_2026.04.15T10.54.24+05.30.md.bp.csv,.csv,EMOTIV_EEG_CSV,88.712,2026-08-14T15:27:36.673570+00:00,e888a2d246bd90aaee116f13dd5342b1ccd337deb2a38fb8e80e2580bc3c52ad,varun,EPOCX,E502105F,256,eeg_256;mot_32;pow_8,14,EEG.AF3|EEG.F7|EEG.F3|EEG.FC5|EEG.T7|EEG.P7|EEG.O1|EEG.O2|EEG.P8|EEG.T8|EEG.FC6|EEG.F4|EEG.F8|EEG.AF4,1776230664.42859,1776231417.099221,752.671,12.54,180869,Timestamp|EEG.Counter|EEG.Interpolated|EEG.AF3|EEG.F7|EEG.F3|EEG.FC5|EEG.T7|EEG.P7|EEG.O1|EEG.O2|EEG.P8|EEG.T8|EEG.FC6|EEG.F4|EEG.F8|EEG.AF4|EEG.RawCq|EEG.Battery|EEG.BatteryPercent|MarkerIndex|MarkerType|MarkerValueInt|EEG.MarkerHardware|CQ.AF3|CQ.F7|CQ.F3|CQ.FC5|CQ.T7|CQ.P7|CQ.O1|CQ.O2|CQ.P8|CQ.T8|CQ.FC6|CQ.F4|CQ.F8|CQ.AF4|CQ.Overall|EQ.SampleRateQuality|EQ.OVERALL|EQ.AF3|EQ.F7|EQ.F3|EQ.FC5|EQ.T7|EQ.P7|EQ.O1|EQ.O2|EQ.P8|EQ.T8|EQ.FC6|EQ.F4|EQ.F8|EQ.AF4|MOT.CounterMems|MOT.InterpolatedMems|MOT.Q0|MOT.Q1|MOT.Q2|MOT.Q3|MOT.AccX|MOT.AccY|MOT.AccZ|MOT.MagX|MOT.MagY|MOT.MagZ|POW.AF3.Theta|POW.AF3.Alpha|POW.AF3.BetaL|POW.AF3.BetaH|POW.AF3.Gamma|POW.F7.Theta|POW.F7.Alpha|POW.F7.BetaL|POW.F7.BetaH|POW.F7.Gamma|POW.F3.Theta|POW.F3.Alpha|POW.F3.BetaL|POW.F3.BetaH|POW.F3.Gamma|POW.FC5.Theta|POW.FC5.Alpha|POW.FC5.BetaL|POW.FC5.BetaH|POW.FC5.Gamma|POW.T7.Theta|POW.T7.Alpha|POW.T7.BetaL|POW.T7.BetaH|POW.T7.Gamma|POW.P7.Theta|POW.P7.Alpha|POW.P7.BetaL|POW.P7.BetaH|POW.P7.Gamma|POW.O1.Theta|POW.O1.Alpha|POW.O1.BetaL|POW.O1.BetaH|POW.O1.Gamma|POW.O2.Theta|POW.O2.Alpha|POW.O2.BetaL|POW.O2.BetaH|POW.O2.Gamma|POW.P8.Theta|POW.P8.Alpha|POW.P8.BetaL|POW.P8.BetaH|POW.P8.Gamma|POW.T8.Theta|POW.T8.Alpha|POW.T8.BetaL|POW.T8.BetaH|POW.T8.Gamma|POW.FC6.Theta|POW.FC6.Alpha|POW.FC6.BetaL|POW.FC6.BetaH|POW.FC6.Gamma|POW.F4.Theta|POW.F4.Alpha|POW.F4.BetaL|POW.F4.BetaH|POW.F4.Gamma|POW.F8.Theta|POW.F8.Alpha|POW.F8.BetaL|POW.F8.BetaH|POW.F8.Gamma|POW.AF4.Theta|POW.AF4.Alpha|POW.AF4.BetaL|POW.AF4.BetaH|POW.AF4.Gamma,137,,,,,,,,,CQ.AF3|CQ.F7|CQ.F3|CQ.FC5|CQ.T7|CQ.P7|CQ.O1|CQ.O2|CQ.P8|CQ.T8|CQ.FC6|CQ.F4|CQ.F8|CQ.AF4|CQ.Overall,70,MOT.CounterMems|MOT.InterpolatedMems|MOT.Q0|MOT.Q1|MOT.Q2|MOT.Q3|MOT.AccX|MOT.AccY|MOT.AccZ|MOT.MagX|MOT.MagY|MOT.MagZ,,,,,EEG_PRIMARY,HIGH,OK
D:\Projects\Major-Project\Data\Emotive\BCI data\3\BCI data\Stress evaluation\New folder\participant_10_EPOCX_790938_2026.04.29T22.02.51+05.30.md.pm.bp.csv,participant_10_EPOCX_790938_2026.04.29T22.02.51+05.30.md.pm.bp.csv,.csv,SUPABASE_PARTICIPANTS,104.581,2026-08-14T15:27:34.059252+00:00,7177b0e4e0ae82f640e29e27a6ca9a834f33ba54920463443b48a46879b5a89c,,,,,,,,,,,,,title:participant_10| start timestamp:1777480371.659433| stop timestamp:1777481752.474658| headset type:EPOCX| headset serial:E50210EA| headset firmware:730| channels:168| sampling rate:eeg_128;mot_64;pm_0.1;pow_8| samples:176841    | version:2.2| ,11,176842,,,,,,,,,,,,,,,PARTICIPANT_REGISTRY,HIGH,OK
D:\Projects\Major-Project\Data\Emotive\BCI data\3\BCI data\Stress evaluation\New folder\participant_13_EPOCX_799254_2026.05.08T21.55.12+05.30.md.pm.bp.csv,participant_13_EPOCX_799254_2026.05.08T21.55.12+05.30.md.pm.bp.csv,.csv,SUPABASE_PARTICIPANTS,78.037,2026-08-14T15:27:35.477759+00:00,f7487877f19e58aea6e6bd0c90e2455802ddc851020927f1591355c1ebc0c4c0,,,,,,,,,,,,,title:participant_13| start timestamp:1778257512.410267| stop timestamp:1778258543.163993| headset type:EPOCX| headset serial:E50210EA| headset firmware:730| channels:168| sampling rate:eeg_128;mot_64;pm_0.1;pow_8| samples:132009    | version:2.2| ,11,132010,,,,,,,,,,,,,,,PARTICIPANT_REGISTRY,HIGH,OK
D:\Projects\Major-Project\Data\Emotive\Csv data\activity_results_rows.csv,activity_results_rows.csv,.csv,SUPABASE_ACTIVITY_RESULTS,0.563,2026-08-14T15:18:18.884138+00:00,8c5b51d9d90fd77f82f2218ff8d3c2f237a1d694f17cd0fd8c68fdbd271ea64a,,,,,,,,,,,,,id|participant_id|activity_type|score|total_questions|answers|started_at|completed_at|time_taken_seconds,9,273,,,,,,,,,,,attention|arithmetic|pattern|memory|comprehension,40,2026-02-14 20:29:36.81+00,2026-04-30 10:44:28.955+00,BEHAVIORAL_TRIALS,HIGH,OK
D:\Projects\Major-Project\Data\Emotive\Csv data\participants_rows (1).csv,participants_rows (1).csv,.csv,SUPABASE_PARTICIPANTS,0.005,2026-08-14T15:18:34.420041+00:00,3fd48213ae6f746ee88d78f047144bd9562bf0a96d083d14a7e0c736ab7d0664,,,,,,,,,,,,,id|email|full_name|age|gender|consent_given|created_at|total_session_seconds,8,43,,,,,,,,,,,,,,,PARTICIPANT_REGISTRY,HIGH,OK
