session_id,participant_id,activity_type,session_score,session_total_q,session_accuracy,session_time_taken_s,session_high_performer,session_score_bin3,activity_start_unix_est,activity_end_unix_est,started_at_raw,completed_at_raw,trial_index,question_number,question_id,difficulty,category,time_limit_s,stimulus_time_s,has_reading_phase,selected_option,correct_option,is_correct,timed_out,time_taken_q_s,q_onset_offset_s_est,q_answer_onset_offset_s_est,q_onset_unix_est,q_answer_onset_unix_est,timing_note
00510913-ef74-4317-8cec-1ed6b6810e26,9ba91b50-1617-4060-b1c1-bddeb2407671,memory,18,20,0.9,207,1,high,1771166319.0,1771166526.0,2026-02-15 14:42:06.141+00,2026-02-15 14:42:06.672227+00,0,1,1,easy,Digit Recall,10,5,False,0,0,1,0,3,0.0,5.0,1771166319.0,1771166324.0,ESTIMATE_ONLY_inter_question_gaps_unknown
00510913-ef74-4317-8cec-1ed6b6810e26,9ba91b50-1617-4060-b1c1-bddeb2407671,memory,18,20,0.9,207,1,high,1771166319.0,1771166526.0,2026-02-15 14:42:06.141+00,2026-02-15 14:42:06.672227+00,1,2,2,easy,Word Recall,10,5,False,2,2,1,0,2,8.0,13.0,1771166327.0,1771166332.0,ESTIMATE_ONLY_inter_question_gaps_unknown
00510913-ef74-4317-8cec-1ed6b6810e26,9ba91b50-1617-4060-b1c1-bddeb2407671,memory,18,20,0.9,207,1,high,1771166319.0,1771166526.0,2026-02-15 14:42:06.141+00,2026-02-15 14:42:06.672227+00,2,3,3,easy,Digit Recall,10,5,False,1,1,1,0,4,15.0,20.0,1771166334.0,1771166339.0,ESTIMATE_ONLY_inter_question_gaps_unknown
00510913-ef74-4317-8cec-1ed6b6810e26,9ba91b50-1617-4060-b1c1-bddeb2407671,memory,18,20,0.9,207,1,high,1771166319.0,1771166526.0,2026-02-15 14:42:06.141+00,2026-02-15 14:42:06.672227+00,3,4,4,easy,Word Recall,10,5,False,0,0,1,0,3,24.0,29.0,1771166343.0,1771166348.0,ESTIMATE_ONLY_inter_question_gaps_unknown
00510913-ef74-4317-8cec-1ed6b6810e26,9ba91b50-1617-4060-b1c1-bddeb2407671,memory,18,20,0.9,207,1,high,1771166319.0,1771166526.0,2026-02-15 14:42:06.141+00,2026-02-15 14:42:06.672227+00,4,5,5,medium,Digit Recall,12,6,False,2,2,1,0,7,32.0,38.0,1771166351.0,1771166357.0,ESTIMATE_ONLY_inter_question_gaps_unknown
00510913-ef74-4317-8cec-1ed6b6810e26,9ba91b50-1617-4060-b1c1-bddeb2407671,memory,18,20,0.9,207,1,high,1771166319.0,1771166526.0,2026-02-15 14:42:06.141+00,2026-02-15 14:42:06.672227+00,5,6,6,medium,Position Recall,12,6,False,1,1,1,0,3,45.0,51.0,1771166364.0,1771166370.0,ESTIMATE_ONLY_inter_question_gaps_unknown
00510913-ef74-4317-8cec-1ed6b6810e26,9ba91b50-1617-4060-b1c1-bddeb2407671,memory,18,20,0.9,207,1,high,1771166319.0,1771166526.0,2026-02-15 14:42:06.141+00,2026-02-15 14:42:06.672227+00,6,7,7,medium,Position Recall,12,6,False,2,2,1,0,7,54.0,60.0,1771166373.0,1771166379.0,ESTIMATE_ONLY_inter_question_gaps_unknown
00510913-ef74-4317-8cec-1ed6b6810e26,9ba91b50-1617-4060-b1c1-bddeb2407671,memory,18,20,0.9,207,1,high,1771166319.0,1771166526.0,2026-02-15 14:42:06.141+00,2026-02-15 14:42:06.672227+00,7,8,8,hard,Sequence Recall,15,7,False,0,0,1,0,6,67.0,74.0,1771166386.0,1771166393.0,ESTIMATE_ONLY_inter_question_gaps_unknown
00510913-ef74-4317-8cec-1ed6b6810e26,9ba91b50-1617-4060-b1c1-bddeb2407671,memory,18,20,0.9,207,1,high,1771166319.0,1771166526.0,2026-02-15 14:42:06.141+00,2026-02-15 14:42:06.672227+00,8,9,9,hard,Position Recall,15,7,False,2,2,1,0,4,80.0,87.0,1771166399.0,1771166406.0,ESTIMATE_ONLY_inter_question_gaps_unknown
00510913-ef74-4317-8cec-1ed6b6810e26,9ba91b50-1617-4060-b1c1-bddeb2407671,memory,18,20,0.9,207,1,high,1771166319.0,1771166526.0,2026-02-15 14:42:06.141+00,2026-02-15 14:42:06.672227+00,9,10,10,hard,Digit Analysis,15,7,False,1,1,1,0,4,91.0,98.0,1771166410.0,1771166417.0,ESTIMATE_ONLY_inter_question_gaps_unknown
00510913-ef74-4317-8cec-1ed6b6810e26,9ba91b50-1617-4060-b1c1-bddeb2407671,memory,18,20,0.9,207,1,high,1771166319.0,1771166526.0,2026-02-15 14:42:06.141+00,2026-02-15 14:42:06.672227+00,10,11,11,unknown,unknown,,,False,0,0,1,0,4,102.0,102.0,1771166421.0,1771166421.0,ESTIMATE_ONLY_inter_question_gaps_unknown
00510913-ef74-4317-8cec-1ed6b6810e26,9ba91b50-1617-4060-b1c1-bddeb2407671,memory,18,20,0.9,207,1,high,1771166319.0,1771166526.0,2026-02-15 14:42:06.141+00,2026-02-15 14:42:06.672227+00,11,12,12,unknown,unknown,,,False,2,2,1,0,11,106.0,106.0,1771166425.0,1771166425.0,ESTIMATE_ONLY_inter_question_gaps_unknown
00510913-ef74-4317-8cec-1ed6b6810e26,9ba91b50-1617-4060-b1c1-bddeb2407671,memory,18,20,0.9,207,1,high,1771166319.0,1771166526.0,2026-02-15 14:42:06.141+00,2026-02-15 14:42:06.672227+00,12,13,13,unknown,unknown,,,False,1,1,1,0,4,117.0,117.0,1771166436.0,1771166436.0,ESTIMATE_ONLY_inter_question_gaps_unknown
00510913-ef74-4317-8cec-1ed6b6810e26,9ba91b50-1617-4060-b1c1-bddeb2407671,memory,18,20,0.9,207,1,high,1771166319.0,1771166526.0,2026-02-15 14:42:06.141+00,2026-02-15 14:42:06.672227+00,13,14,14,unknown,unknown,,,False,2,2,1,0,3,121.0,121.0,1771166440.0,1771166440.0,ESTIMATE_ONLY_inter_question_gaps_unknown
00510913-ef74-4317-8cec-1ed6b6810e26,9ba91b50-1617-4060-b1c1-bddeb2407671,memory,18,20,0.9,207,1,high,1771166319.0,1771166526.0,2026-02-15 14:42:06.141+00,2026-02-15 14:42:06.672227+00,14,15,15,unknown,unknown,,,False,0,0,1,0,7,124.0,124.0,1771166443.0,1771166443.0,ESTIMATE_ONLY_inter_question_gaps_unknown
00510913-ef74-4317-8cec-1ed6b6810e26,9ba91b50-1617-4060-b1c1-bddeb2407671,memory,18,20,0.9,207,1,high,1771166319.0,1771166526.0,2026-02-15 14:42:06.141+00,2026-02-15 14:42:06.672227+00,15,16,16,unknown,unknown,,,False,2,2,1,0,9,131.0,131.0,1771166450.0,1771166450.0,ESTIMATE_ONLY_inter_question_gaps_unknown
00510913-ef74-4317-8cec-1ed6b6810e26,9ba91b50-1617-4060-b1c1-bddeb2407671,memory,18,20,0.9,207,1,high,1771166319.0,1771166526.0,2026-02-15 14:42:06.141+00,2026-02-15 14:42:06.672227+00,16,17,17,unknown,unknown,,,False,2,1,0,0,3,140.0,140.0,1771166459.0,1771166459.0,ESTIMATE_ONLY_inter_question_gaps_unknown
00510913-ef74-4317-8cec-1ed6b6810e26,9ba91b50-1617-4060-b1c1-bddeb2407671,memory,18,20,0.9,207,1,high,1771166319.0,1771166526.0,2026-02-15 14:42:06.141+00,2026-02-15 14:42:06.672227+00,17,18,18,unknown,unknown,,,False,1,0,0,0,5,143.0,143.0,1771166462.0,1771166462.0,ESTIMATE_ONLY_inter_question_gaps_unknown
00510913-ef74-4317-8cec-1ed6b6810e26,9ba91b50-1617-4060-b1c1-bddeb2407671,memory,18,20,0.9,207,1,high,1771166319.0,1771166526.0,2026-02-15 14:42:06.141+00,2026-02-15 14:42:06.672227+00,18,19,19,unknown,unknown,,,False,2,2,1,0,6,148.0,148.0,1771166467.0,1771166467.0,ESTIMATE_ONLY_inter_question_gaps_unknown
00510913-ef74-4317-8cec-1ed6b6810e26,9ba91b50-1617-4060-b1c1-bddeb2407671,memory,18,20,0.9,207,1,high,1771166319.0,1771166526.0,2026-02-15 14:42:06.141+00,2026-02-15 14:42:06.672227+00,19,20,20,unknown,unknown,,,False,2,2,1,0,4,154.0,154.0,1771166473.0,1771166473.0,ESTIMATE_ONLY_inter_question_gaps_unknown
007d9942-c9fb-4fa4-9eb5-889c2c77d613,4b00bcd7-936b-42d2-99b5-c0b8b78272c9,arithmetic,8,10,0.8,82,1,high,1776330041.0,1776330123.0,2026-04-16 09:02:03.529+00,2026-04-16 09:02:04.816098+00,0,1,1,easy,Addition,15,,False,0,0,1,0,2,0.0,0.0,1776330041.0,1776330041.0,ESTIMATE_ONLY_inter_question_gaps_unknown
007d9942-c9fb-4fa4-9eb5-889c2c77d613,4b00bcd7-936b-42d2-99b5-c0b8b78272c9,arithmetic,8,10,0.8,82,1,high,1776330041.0,1776330123.0,2026-04-16 09:02:03.529+00,2026-04-16 09:02:04.816098+00,1,2,2,easy,Division,15,,False,2,2,1,0,2,2.0,2.0,1776330043.0,1776330043.0,ESTIMATE_ONLY_inter_question_gaps_unknown
007d9942-c9fb-4fa4-9eb5-889c2c77d613,4b00bcd7-936b-42d2-99b5-c0b8b78272c9,arithmetic,8,10,0.8,82,1,high,1776330041.0,1776330123.0,2026-04-16 09:02:03.529+00,2026-04-16 09:02:04.816098+00,2,3,3,easy,Addition,15,,False,0,0,1,0,3,4.0,4.0,1776330045.0,1776330045.0,ESTIMATE_ONLY_inter_question_gaps_unknown
007d9942-c9fb-4fa4-9eb5-889c2c77d613,4b00bcd7-936b-42d2-99b5-c0b8b78272c9,arithmetic,8,10,0.8,82,1,high,1776330041.0,1776330123.0,2026-04-16 09:02:03.529+00,2026-04-16 09:02:04.816098+00,3,4,4,easy,Subtraction,15,,False,0,0,1,0,3,7.0,7.0,1776330048.0,1776330048.0,ESTIMATE_ONLY_inter_question_gaps_unknown
007d9942-c9fb-4fa4-9eb5-889c2c77d613,4b00bcd7-936b-42d2-99b5-c0b8b78272c9,arithmetic,8,10,0.8,82,1,high,1776330041.0,1776330123.0,2026-04-16 09:02:03.529+00,2026-04-16 09:02:04.816098+00,4,5,5,medium,Addition,20,,False,1,2,0,0,10,10.0,10.0,1776330051.0,1776330051.0,ESTIMATE_ONLY_inter_question_gaps_unknown
007d9942-c9fb-4fa4-9eb5-889c2c77d613,4b00bcd7-936b-42d2-99b5-c0b8b78272c9,arithmetic,8,10,0.8,82,1,high,1776330041.0,1776330123.0,2026-04-16 09:02:03.529+00,2026-04-16 09:02:04.816098+00,5,6,6,medium,Multiplication,20,,False,0,0,1,0,3,20.0,20.0,1776330061.0,1776330061.0,ESTIMATE_ONLY_inter_question_gaps_unknown
007d9942-c9fb-4fa4-9eb5-889c2c77d613,4b00bcd7-936b-42d2-99b5-c0b8b78272c9,arithmetic,8,10,0.8,82,1,high,1776330041.0,1776330123.0,2026-04-16 09:02:03.529+00,2026-04-16 09:02:04.816098+00,6,7,7,medium,Division,20,,False,1,1,1,0,6,23.0,23.0,1776330064.0,1776330064.0,ESTIMATE_ONLY_inter_question_gaps_unknown
007d9942-c9fb-4fa4-9eb5-889c2c77d613,4b00bcd7-936b-42d2-99b5-c0b8b78272c9,arithmetic,8,10,0.8,82,1,high,1776330041.0,1776330123.0,2026-04-16 09:02:03.529+00,2026-04-16 09:02:04.816098+00,7,8,8,hard,Percentage,30,,False,2,2,1,0,10,29.0,29.0,1776330070.0,1776330070.0,ESTIMATE_ONLY_inter_question_gaps_unknown
007d9942-c9fb-4fa4-9eb5-889c2c77d613,4b00bcd7-936b-42d2-99b5-c0b8b78272c9,arithmetic,8,10,0.8,82,1,high,1776330041.0,1776330123.0,2026-04-16 09:02:03.529+00,2026-04-16 09:02:04.816098+00,8,9,9,hard,Multiplication,30,,False,1,0,0,0,27,39.0,39.0,1776330080.0,1776330080.0,ESTIMATE_ONLY_inter_question_gaps_unknown
007d9942-c9fb-4fa4-9eb5-889c2c77d613,4b00bcd7-936b-42d2-99b5-c0b8b78272c9,arithmetic,8,10,0.8,82,1,high,1776330041.0,1776330123.0,2026-04-16 09:02:03.529+00,2026-04-16 09:02:04.816098+00,9,10,10,hard,Multi-step,30,,False,1,1,1,0,23,66.0,66.0,1776330107.0,1776330107.0,ESTIMATE_ONLY_inter_question_gaps_unknown
028ffd2c-a993-4f69-b42e-b109e4c81c13,9ba91b50-1617-4060-b1c1-bddeb2407671,comprehension,7,10,0.7,302,1,mid,1771166560.0,1771166862.0,2026-02-15 14:47:42.329+00,2026-02-15 14:47:43.658883+00,0,1,1,easy,Fact Extraction,25,,True,0,0,1,0,5,0.0,0.0,1771166560.0,1771166560.0,ESTIMATE_ONLY_reading_phase_duration_unknown
028ffd2c-a993-4f69-b42e-b109e4c81c13,9ba91b50-1617-4060-b1c1-bddeb2407671,comprehension,7,10,0.7,302,1,mid,1771166560.0,1771166862.0,2026-02-15 14:47:42.329+00,2026-02-15 14:47:43.658883+00,1,2,2,medium,Detail Recall,25,,False,0,2,0,0,5,5.0,5.0,1771166565.0,1771166565.0,ESTIMATE_ONLY_inter_question_gaps_unknown
028ffd2c-a993-4f69-b42e-b109e4c81c13,9ba91b50-1617-4060-b1c1-bddeb2407671,comprehension,7,10,0.7,302,1,mid,1771166560.0,1771166862.0,2026-02-15 14:47:42.329+00,2026-02-15 14:47:43.658883+00,2,3,3,easy,Fact Extraction,25,,False,2,1,0,0,7,10.0,10.0,1771166570.0,1771166570.0,ESTIMATE_ONLY_inter_question_gaps_unknown
028ffd2c-a993-4f69-b42e-b109e4c81c13,9ba91b50-1617-4060-b1c1-bddeb2407671,comprehension,7,10,0.7,302,1,mid,1771166560.0,1771166862.0,2026-02-15 14:47:42.329+00,2026-02-15 14:47:43.658883+00,3,4,4,medium,Inference,25,,False,2,2,1,0,5,17.0,17.0,1771166577.0,1771166577.0,ESTIMATE_ONLY_inter_question_gaps_unknown
028ffd2c-a993-4f69-b42e-b109e4c81c13,9ba91b50-1617-4060-b1c1-bddeb2407671,comprehension,7,10,0.7,302,1,mid,1771166560.0,1771166862.0,2026-02-15 14:47:42.329+00,2026-02-15 14:47:43.658883+00,4,5,5,easy,Detail Recall,25,,False,0,0,1,0,13,22.0,22.0,1771166582.0,1771166582.0,ESTIMATE_ONLY_inter_question_gaps_unknown
028ffd2c-a993-4f69-b42e-b109e4c81c13,9ba91b50-1617-4060-b1c1-bddeb2407671,comprehension,7,10,0.7,302,1,mid,1771166560.0,1771166862.0,2026-02-15 14:47:42.329+00,2026-02-15 14:47:43.658883+00,5,6,6,easy,Fact Extraction,25,,True,1,1,1,0,5,35.0,35.0,1771166595.0,1771166595.0,ESTIMATE_ONLY_reading_phase_duration_unknown
028ffd2c-a993-4f69-b42e-b109e4c81c13,9ba91b50-1617-4060-b1c1-bddeb2407671,comprehension,7,10,0.7,302,1,mid,1771166560.0,1771166862.0,2026-02-15 14:47:42.329+00,2026-02-15 14:47:43.658883+00,6,7,7,easy,Detail Recall,25,,False,0,2,0,0,5,40.0,40.0,1771166600.0,1771166600.0,ESTIMATE_ONLY_inter_question_gaps_unknown
028ffd2c-a993-4f69-b42e-b109e4c81c13,9ba91b50-1617-4060-b1c1-bddeb2407671,comprehension,7,10,0.7,302,1,mid,1771166560.0,1771166862.0,2026-02-15 14:47:42.329+00,2026-02-15 14:47:43.658883+00,7,8,8,medium,Detail Recall,25,,False,0,0,1,0,4,45.0,45.0,1771166605.0,1771166605.0,ESTIMATE_ONLY_inter_question_gaps_unknown
028ffd2c-a993-4f69-b42e-b109e4c81c13,9ba91b50-1617-4060-b1c1-bddeb2407671,comprehension,7,10,0.7,302,1,mid,1771166560.0,1771166862.0,2026-02-15 14:47:42.329+00,2026-02-15 14:47:43.658883+00,8,9,9,medium,Inference,25,,False,1,1,1,0,5,49.0,49.0,1771166609.0,1771166609.0,ESTIMATE_ONLY_inter_question_gaps_unknown
028ffd2c-a993-4f69-b42e-b109e4c81c13,9ba91b50-1617-4060-b1c1-bddeb2407671,comprehension,7,10,0.7,302,1,mid,1771166560.0,1771166862.0,2026-02-15 14:47:42.329+00,2026-02-15 14:47:43.658883+00,9,10,10,easy,Fact Extraction,25,,False,2,2,1,0,9,54.0,54.0,1771166614.0,1771166614.0,ESTIMATE_ONLY_inter_question_gaps_unknown
03883032-ec6c-45c2-9a33-8241f9ad85ab,4885d4b0-45a4-4809-93f1-b004dd932716,arithmetic,4,10,0.4,76,0,low,1776323920.0,1776323996.0,2026-04-16 07:19:56.27+00,2026-04-16 07:19:57.153479+00,0,1,1,easy,Addition,15,,False,0,0,1,0,5,0.0,0.0,1776323920.0,1776323920.0,ESTIMATE_ONLY_inter_question_gaps_unknown
03883032-ec6c-45c2-9a33-8241f9ad85ab,4885d4b0-45a4-4809-93f1-b004dd932716,arithmetic,4,10,0.4,76,0,low,1776323920.0,1776323996.0,2026-04-16 07:19:56.27+00,2026-04-16 07:19:57.153479+00,1,2,2,easy,Division,15,,False,2,2,1,0,6,5.0,5.0,1776323925.0,1776323925.0,ESTIMATE_ONLY_inter_question_gaps_unknown
03883032-ec6c-45c2-9a33-8241f9ad85ab,4885d4b0-45a4-4809-93f1-b004dd932716,arithmetic,4,10,0.4,76,0,low,1776323920.0,1776323996.0,2026-04-16 07:19:56.27+00,2026-04-16 07:19:57.153479+00,2,3,3,easy,Addition,15,,False,2,0,0,0,12,11.0,11.0,1776323931.0,1776323931.0,ESTIMATE_ONLY_inter_question_gaps_unknown
03883032-ec6c-45c2-9a33-8241f9ad85ab,4885d4b0-45a4-4809-93f1-b004dd932716,arithmetic,4,10,0.4,76,0,low,1776323920.0,1776323996.0,2026-04-16 07:19:56.27+00,2026-04-16 07:19:57.153479+00,3,4,4,easy,Subtraction,15,,False,2,0,0,0,3,23.0,23.0,1776323943.0,1776323943.0,ESTIMATE_ONLY_inter_question_gaps_unknown
03883032-ec6c-45c2-9a33-8241f9ad85ab,4885d4b0-45a4-4809-93f1-b004dd932716,arithmetic,4,10,0.4,76,0,low,1776323920.0,1776323996.0,2026-04-16 07:19:56.27+00,2026-04-16 07:19:57.153479+00,4,5,5,medium,Addition,20,,False,0,2,0,0,14,26.0,26.0,1776323946.0,1776323946.0,ESTIMATE_ONLY_inter_question_gaps_unknown
03883032-ec6c-45c2-9a33-8241f9ad85ab,4885d4b0-45a4-4809-93f1-b004dd932716,arithmetic,4,10,0.4,76,0,low,1776323920.0,1776323996.0,2026-04-16 07:19:56.27+00,2026-04-16 07:19:57.153479+00,5,6,6,medium,Multiplication,20,,False,2,0,0,0,12,40.0,40.0,1776323960.0,1776323960.0,ESTIMATE_ONLY_inter_question_gaps_unknown
03883032-ec6c-45c2-9a33-8241f9ad85ab,4885d4b0-45a4-4809-93f1-b004dd932716,arithmetic,4,10,0.4,76,0,low,1776323920.0,1776323996.0,2026-04-16 07:19:56.27+00,2026-04-16 07:19:57.153479+00,6,7,7,medium,Division,20,,False,1,1,1,0,9,52.0,52.0,1776323972.0,1776323972.0,ESTIMATE_ONLY_inter_question_gaps_unknown
03883032-ec6c-45c2-9a33-8241f9ad85ab,4885d4b0-45a4-4809-93f1-b004dd932716,arithmetic,4,10,0.4,76,0,low,1776323920.0,1776323996.0,2026-04-16 07:19:56.27+00,2026-04-16 07:19:57.153479+00,7,8,8,hard,Percentage,30,,False,2,2,1,0,7,61.0,61.0,1776323981.0,1776323981.0,ESTIMATE_ONLY_inter_question_gaps_unknown
03883032-ec6c-45c2-9a33-8241f9ad85ab,4885d4b0-45a4-4809-93f1-b004dd932716,arithmetic,4,10,0.4,76,0,low,1776323920.0,1776323996.0,2026-04-16 07:19:56.27+00,2026-04-16 07:19:57.153479+00,8,9,9,hard,Multiplication,30,,False,1,0,0,0,6,68.0,68.0,1776323988.0,1776323988.0,ESTIMATE_ONLY_inter_question_gaps_unknown
03883032-ec6c-45c2-9a33-8241f9ad85ab,4885d4b0-45a4-4809-93f1-b004dd932716,arithmetic,4,10,0.4,76,0,low,1776323920.0,1776323996.0,2026-04-16 07:19:56.27+00,2026-04-16 07:19:57.153479+00,9,10,10,hard,Multi-step,30,,False,0,1,0,0,10,74.0,74.0,1776323994.0,1776323994.0,ESTIMATE_ONLY_inter_question_gaps_unknown
048ea53c-41bc-488c-a429-cb59ef2330b8,50e80c06-aaf0-4193-90cb-eb43ae74b701,memory,6,10,0.6,97,0,mid,1776834484.0,1776834581.0,2026-04-22 05:09:41.968+00,2026-04-22 05:09:43.481039+00,0,1,1,easy,Digit Recall,10,5,False,0,0,1,0,4,0.0,5.0,1776834484.0,1776834489.0,ESTIMATE_ONLY_inter_question_gaps_unknown
048ea53c-41bc-488c-a429-cb59ef2330b8,50e80c06-aaf0-4193-90cb-eb43ae74b701,memory,6,10,0.6,97,0,mid,1776834484.0,1776834581.0,2026-04-22 05:09:41.968+00,2026-04-22 05:09:43.481039+00,1,2,2,easy,Word Recall,10,5,False,2,2,1,0,5,9.0,14.0,1776834493.0,1776834498.0,ESTIMATE_ONLY_inter_question_gaps_unknown
048ea53c-41bc-488c-a429-cb59ef2330b8,50e80c06-aaf0-4193-90cb-eb43ae74b701,memory,6,10,0.6,97,0,mid,1776834484.0,1776834581.0,2026-04-22 05:09:41.968+00,2026-04-22 05:09:43.481039+00,2,3,3,easy,Digit Recall,10,5,False,1,1,1,0,3,19.0,24.0,1776834503.0,1776834508.0,ESTIMATE_ONLY_inter_question_gaps_unknown
048ea53c-41bc-488c-a429-cb59ef2330b8,50e80c06-aaf0-4193-90cb-eb43ae74b701,memory,6,10,0.6,97,0,mid,1776834484.0,1776834581.0,2026-04-22 05:09:41.968+00,2026-04-22 05:09:43.481039+00,3,4,4,easy,Word Recall,10,5,False,0,0,1,0,3,27.0,32.0,1776834511.0,1776834516.0,ESTIMATE_ONLY_inter_question_gaps_unknown
048ea53c-41bc-488c-a429-cb59ef2330b8,50e80c06-aaf0-4193-90cb-eb43ae74b701,memory,6,10,0.6,97,0,mid,1776834484.0,1776834581.0,2026-04-22 05:09:41.968+00,2026-04-22 05:09:43.481039+00,4,5,5,medium,Digit Recall,12,6,False,0,0,1,0,2,35.0,41.0,1776834519.0,1776834525.0,ESTIMATE_ONLY_inter_question_gaps_unknown
048ea53c-41bc-488c-a429-cb59ef2330b8,50e80c06-aaf0-4193-90cb-eb43ae74b701,memory,6,10,0.6,97,0,mid,1776834484.0,1776834581.0,2026-04-22 05:09:41.968+00,2026-04-22 05:09:43.481039+00,5,6,6,medium,Position Recall,12,6,False,0,1,0,0,8,43.0,49.0,1776834527.0,1776834533.0,ESTIMATE_ONLY_inter_question_gaps_unknown
048ea53c-41bc-488c-a429-cb59ef2330b8,50e80c06-aaf0-4193-90cb-eb43ae74b701,memory,6,10,0.6,97,0,mid,1776834484.0,1776834581.0,2026-04-22 05:09:41.968+00,2026-04-22 05:09:43.481039+00,6,7,7,medium,Position Recall,12,6,False,0,2,0,0,2,57.0,63.0,1776834541.0,1776834547.0,ESTIMATE_ONLY_inter_question_gaps_unknown
048ea53c-41bc-488c-a429-cb59ef2330b8,50e80c06-aaf0-4193-90cb-eb43ae74b701,memory,6,10,0.6,97,0,mid,1776834484.0,1776834581.0,2026-04-22 05:09:41.968+00,2026-04-22 05:09:43.481039+00,7,8,8,hard,Sequence Recall,15,7,False,2,0,0,0,8,65.0,72.0,1776834549.0,1776834556.0,ESTIMATE_ONLY_inter_question_gaps_unknown
048ea53c-41bc-488c-a429-cb59ef2330b8,50e80c06-aaf0-4193-90cb-eb43ae74b701,memory,6,10,0.6,97,0,mid,1776834484.0,1776834581.0,2026-04-22 05:09:41.968+00,2026-04-22 05:09:43.481039+00,8,9,9,hard,Position Recall,15,7,False,1,1,1,0,3,80.0,87.0,1776834564.0,1776834571.0,ESTIMATE_ONLY_inter_question_gaps_unknown
048ea53c-41bc-488c-a429-cb59ef2330b8,50e80c06-aaf0-4193-90cb-eb43ae74b701,memory,6,10,0.6,97,0,mid,1776834484.0,1776834581.0,2026-04-22 05:09:41.968+00,2026-04-22 05:09:43.481039+00,9,10,10,hard,Digit Analysis,15,7,False,1,2,0,0,4,90.0,97.0,1776834574.0,1776834581.0,ESTIMATE_ONLY_inter_question_gaps_unknown
05e7a833-b51f-4f80-b08c-e74849c6e93b,038c88b9-98c6-4009-810c-b905483f4baf,pattern,8,10,0.8,48,1,high,1776850699.0,1776850747.0,2026-04-22 09:39:07.745+00,2026-04-22 09:39:08.116287+00,0,1,1,easy,Arithmetic Sequence,15,,False,2,2,1,0,3,0.0,0.0,1776850699.0,1776850699.0,ESTIMATE_ONLY_inter_question_gaps_unknown
05e7a833-b51f-4f80-b08c-e74849c6e93b,038c88b9-98c6-4009-810c-b905483f4baf,pattern,8,10,0.8,48,1,high,1776850699.0,1776850747.0,2026-04-22 09:39:07.745+00,2026-04-22 09:39:08.116287+00,1,2,2,easy,Arithmetic Sequence,15,,False,0,0,1,0,4,3.0,3.0,1776850702.0,1776850702.0,ESTIMATE_ONLY_inter_question_gaps_unknown
05e7a833-b51f-4f80-b08c-e74849c6e93b,038c88b9-98c6-4009-810c-b905483f4baf,pattern,8,10,0.8,48,1,high,1776850699.0,1776850747.0,2026-04-22 09:39:07.745+00,2026-04-22 09:39:08.116287+00,2,3,3,easy,Odd Numbers,15,,False,1,1,1,0,3,7.0,7.0,1776850706.0,1776850706.0,ESTIMATE_ONLY_inter_question_gaps_unknown
05e7a833-b51f-4f80-b08c-e74849c6e93b,038c88b9-98c6-4009-810c-b905483f4baf,pattern,8,10,0.8,48,1,high,1776850699.0,1776850747.0,2026-04-22 09:39:07.745+00,2026-04-22 09:39:08.116287+00,3,4,4,easy,Decreasing Sequence,15,,False,2,2,1,0,3,10.0,10.0,1776850709.0,1776850709.0,ESTIMATE_ONLY_inter_question_gaps_unknown
05e7a833-b51f-4f80-b08c-e74849c6e93b,038c88b9-98c6-4009-810c-b905483f4baf,pattern,8,10,0.8,48,1,high,1776850699.0,1776850747.0,2026-04-22 09:39:07.745+00,2026-04-22 09:39:08.116287+00,4,5,5,medium,Perfect Squares,20,,False,2,2,1,0,7,13.0,13.0,1776850712.0,1776850712.0,ESTIMATE_ONLY_inter_question_gaps_unknown
05e7a833-b51f-4f80-b08c-e74849c6e93b,038c88b9-98c6-4009-810c-b905483f4baf,pattern,8,10,0.8,48,1,high,1776850699.0,1776850747.0,2026-04-22 09:39:07.745+00,2026-04-22 09:39:08.116287+00,5,6,6,medium,Fibonacci,20,,False,1,1,1,0,6,20.0,20.0,1776850719.0,1776850719.0,ESTIMATE_ONLY_inter_question_gaps_unknown
05e7a833-b51f-4f80-b08c-e74849c6e93b,038c88b9-98c6-4009-810c-b905483f4baf,pattern,8,10,0.8,48,1,high,1776850699.0,1776850747.0,2026-04-22 09:39:07.745+00,2026-04-22 09:39:08.116287+00,6,7,7,medium,Perfect Cubes,20,,False,2,2,1,0,6,26.0,26.0,1776850725.0,1776850725.0,ESTIMATE_ONLY_inter_question_gaps_unknown
05e7a833-b51f-4f80-b08c-e74849c6e93b,038c88b9-98c6-4009-810c-b905483f4baf,pattern,8,10,0.8,48,1,high,1776850699.0,1776850747.0,2026-04-22 09:39:07.745+00,2026-04-22 09:39:08.116287+00,7,8,8,hard,Triangular Differences,30,,False,1,2,0,0,6,32.0,32.0,1776850731.0,1776850731.0,ESTIMATE_ONLY_inter_question_gaps_unknown
05e7a833-b51f-4f80-b08c-e74849c6e93b,038c88b9-98c6-4009-810c-b905483f4baf,pattern,8,10,0.8,48,1,high,1776850699.0,1776850747.0,2026-04-22 09:39:07.745+00,2026-04-22 09:39:08.116287+00,8,9,9,hard,Squares,30,,False,0,0,1,0,7,38.0,38.0,1776850737.0,1776850737.0,ESTIMATE_ONLY_inter_question_gaps_unknown
05e7a833-b51f-4f80-b08c-e74849c6e93b,038c88b9-98c6-4009-810c-b905483f4baf,pattern,8,10,0.8,48,1,high,1776850699.0,1776850747.0,2026-04-22 09:39:07.745+00,2026-04-22 09:39:08.116287+00,9,10,10,hard,n(n+1),30,,False,1,0,0,0,10,45.0,45.0,1776850744.0,1776850744.0,ESTIMATE_ONLY_inter_question_gaps_unknown
06826aa8-2102-4d15-ac5d-c0975ecd84f3,e1f19955-0fdb-4bdd-9131-707c165021f0,memory,6,10,0.6,98,0,mid,1776761182.0,1776761280.0,2026-04-21 08:48:00.221+00,2026-04-21 08:48:00.940699+00,0,1,1,easy,Digit Recall,10,5,False,1,0,0,0,2,0.0,5.0,1776761182.0,1776761187.0,ESTIMATE_ONLY_inter_question_gaps_unknown
06826aa8-2102-4d15-ac5d-c0975ecd84f3,e1f19955-0fdb-4bdd-9131-707c165021f0,memory,6,10,0.6,98,0,mid,1776761182.0,1776761280.0,2026-04-21 08:48:00.221+00,2026-04-21 08:48:00.940699+00,1,2,2,easy,Word Recall,10,5,False,2,2,1,0,3,7.0,12.0,1776761189.0,1776761194.0,ESTIMATE_ONLY_inter_question_gaps_unknown
06826aa8-2102-4d15-ac5d-c0975ecd84f3,e1f19955-0fdb-4bdd-9131-707c165021f0,memory,6,10,0.6,98,0,mid,1776761182.0,1776761280.0,2026-04-21 08:48:00.221+00,2026-04-21 08:48:00.940699+00,2,3,3,easy,Digit Recall,10,5,False,1,1,1,0,5,15.0,20.0,1776761197.0,1776761202.0,ESTIMATE_ONLY_inter_question_gaps_unknown
06826aa8-2102-4d15-ac5d-c0975ecd84f3,e1f19955-0fdb-4bdd-9131-707c165021f0,memory,6,10,0.6,98,0,mid,1776761182.0,1776761280.0,2026-04-21 08:48:00.221+00,2026-04-21 08:48:00.940699+00,3,4,4,easy,Word Recall,10,5,False,0,0,1,0,4,25.0,30.0,1776761207.0,1776761212.0,ESTIMATE_ONLY_inter_question_gaps_unknown
06826aa8-2102-4d15-ac5d-c0975ecd84f3,e1f19955-0fdb-4bdd-9131-707c165021f0,memory,6,10,0.6,98,0,mid,1776761182.0,1776761280.0,2026-04-21 08:48:00.221+00,2026-04-21 08:48:00.940699+00,4,5,5,medium,Digit Recall,12,6,False,0,0,1,0,4,34.0,40.0,1776761216.0,1776761222.0,ESTIMATE_ONLY_inter_question_gaps_unknown
06826aa8-2102-4d15-ac5d-c0975ecd84f3,e1f19955-0fdb-4bdd-9131-707c165021f0,memory,6,10,0.6,98,0,mid,1776761182.0,1776761280.0,2026-04-21 08:48:00.221+00,2026-04-21 08:48:00.940699+00,5,6,6,medium,Position Recall,12,6,False,1,1,1,0,5,44.0,50.0,1776761226.0,1776761232.0,ESTIMATE_ONLY_inter_question_gaps_unknown
06826aa8-2102-4d15-ac5d-c0975ecd84f3,e1f19955-0fdb-4bdd-9131-707c165021f0,memory,6,10,0.6,98,0,mid,1776761182.0,1776761280.0,2026-04-21 08:48:00.221+00,2026-04-21 08:48:00.940699+00,6,7,7,medium,Position Recall,12,6,False,0,2,0,0,6,55.0,61.0,1776761237.0,1776761243.0,ESTIMATE_ONLY_inter_question_gaps_unknown
06826aa8-2102-4d15-ac5d-c0975ecd84f3,e1f19955-0fdb-4bdd-9131-707c165021f0,memory,6,10,0.6,98,0,mid,1776761182.0,1776761280.0,2026-04-21 08:48:00.221+00,2026-04-21 08:48:00.940699+00,7,8,8,hard,Sequence Recall,15,7,False,1,0,0,0,4,67.0,74.0,1776761249.0,1776761256.0,ESTIMATE_ONLY_inter_question_gaps_unknown
06826aa8-2102-4d15-ac5d-c0975ecd84f3,e1f19955-0fdb-4bdd-9131-707c165021f0,memory,6,10,0.6,98,0,mid,1776761182.0,1776761280.0,2026-04-21 08:48:00.221+00,2026-04-21 08:48:00.940699+00,8,9,9,hard,Position Recall,15,7,False,1,1,1,0,6,78.0,85.0,1776761260.0,1776761267.0,ESTIMATE_ONLY_inter_question_gaps_unknown
06826aa8-2102-4d15-ac5d-c0975ecd84f3,e1f19955-0fdb-4bdd-9131-707c165021f0,memory,6,10,0.6,98,0,mid,1776761182.0,1776761280.0,2026-04-21 08:48:00.221+00,2026-04-21 08:48:00.940699+00,9,10,10,hard,Digit Analysis,15,7,False,1,2,0,0,6,91.0,98.0,1776761273.0,1776761280.0,ESTIMATE_ONLY_inter_question_gaps_unknown
09317ad6-1a21-4207-9ddc-a19984e0ca52,15f6773b-607d-4409-a94f-78d24eac8e34,arithmetic,7,10,0.7,67,1,mid,1776331499.0,1776331566.0,2026-04-16 09:26:06.834+00,2026-04-16 09:26:15.198549+00,0,1,1,easy,Addition,15,,False,0,0,1,0,4,0.0,0.0,1776331499.0,1776331499.0,ESTIMATE_ONLY_inter_question_gaps_unknown
09317ad6-1a21-4207-9ddc-a19984e0ca52,15f6773b-607d-4409-a94f-78d24eac8e34,arithmetic,7,10,0.7,67,1,mid,1776331499.0,1776331566.0,2026-04-16 09:26:06.834+00,2026-04-16 09:26:15.198549+00,1,2,2,easy,Division,15,,False,2,2,1,0,5,4.0,4.0,1776331503.0,1776331503.0,ESTIMATE_ONLY_inter_question_gaps_unknown
09317ad6-1a21-4207-9ddc-a19984e0ca52,15f6773b-607d-4409-a94f-78d24eac8e34,arithmetic,7,10,0.7,67,1,mid,1776331499.0,1776331566.0,2026-04-16 09:26:06.834+00,2026-04-16 09:26:15.198549+00,2,3,3,easy,Addition,15,,False,0,0,1,0,7,9.0,9.0,1776331508.0,1776331508.0,ESTIMATE_ONLY_inter_question_gaps_unknown
09317ad6-1a21-4207-9ddc-a19984e0ca52,15f6773b-607d-4409-a94f-78d24eac8e34,arithmetic,7,10,0.7,67,1,mid,1776331499.0,1776331566.0,2026-04-16 09:26:06.834+00,2026-04-16 09:26:15.198549+00,3,4,4,easy,Subtraction,15,,False,0,0,1,0,4,16.0,16.0,1776331515.0,1776331515.0,ESTIMATE_ONLY_inter_question_gaps_unknown
09317ad6-1a21-4207-9ddc-a19984e0ca52,15f6773b-607d-4409-a94f-78d24eac8e34,arithmetic,7,10,0.7,67,1,mid,1776331499.0,1776331566.0,2026-04-16 09:26:06.834+00,2026-04-16 09:26:15.198549+00,4,5,5,medium,Addition,20,,False,0,2,0,0,8,20.0,20.0,1776331519.0,1776331519.0,ESTIMATE_ONLY_inter_question_gaps_unknown
09317ad6-1a21-4207-9ddc-a19984e0ca52,15f6773b-607d-4409-a94f-78d24eac8e34,arithmetic,7,10,0.7,67,1,mid,1776331499.0,1776331566.0,2026-04-16 09:26:06.834+00,2026-04-16 09:26:15.198549+00,5,6,6,medium,Multiplication,20,,False,0,0,1,0,9,28.0,28.0,1776331527.0,1776331527.0,ESTIMATE_ONLY_inter_question_gaps_unknown
09317ad6-1a21-4207-9ddc-a19984e0ca52,15f6773b-607d-4409-a94f-78d24eac8e34,arithmetic,7,10,0.7,67,1,mid,1776331499.0,1776331566.0,2026-04-16 09:26:06.834+00,2026-04-16 09:26:15.198549+00,6,7,7,medium,Division,20,,False,1,1,1,0,5,37.0,37.0,1776331536.0,1776331536.0,ESTIMATE_ONLY_inter_question_gaps_unknown
09317ad6-1a21-4207-9ddc-a19984e0ca52,15f6773b-607d-4409-a94f-78d24eac8e34,arithmetic,7,10,0.7,67,1,mid,1776331499.0,1776331566.0,2026-04-16 09:26:06.834+00,2026-04-16 09:26:15.198549+00,7,8,8,hard,Percentage,30,,False,2,2,1,0,4,42.0,42.0,1776331541.0,1776331541.0,ESTIMATE_ONLY_inter_question_gaps_unknown
09317ad6-1a21-4207-9ddc-a19984e0ca52,15f6773b-607d-4409-a94f-78d24eac8e34,arithmetic,7,10,0.7,67,1,mid,1776331499.0,1776331566.0,2026-04-16 09:26:06.834+00,2026-04-16 09:26:15.198549+00,8,9,9,hard,Multiplication,30,,False,2,0,0,0,6,46.0,46.0,1776331545.0,1776331545.0,ESTIMATE_ONLY_inter_question_gaps_unknown
09317ad6-1a21-4207-9ddc-a19984e0ca52,15f6773b-607d-4409-a94f-78d24eac8e34,arithmetic,7,10,0.7,67,1,mid,1776331499.0,1776331566.0,2026-04-16 09:26:06.834+00,2026-04-16 09:26:15.198549+00,9,10,10,hard,Multi-step,30,,False,2,1,0,0,19,52.0,52.0,1776331551.0,1776331551.0,ESTIMATE_ONLY_inter_question_gaps_unknown
0ce876b9-0bd2-4322-b1e7-ea5a8fc3edec,182b236c-a543-4d7f-b121-473dc33918f2,comprehension,10,10,1.0,97,1,high,1777372472.0,1777372569.0,2026-04-28 10:36:09.918+00,2026-04-28 10:36:10.272967+00,0,1,1,easy,Fact Extraction,25,,True,0,0,1,0,3,0.0,0.0,1777372472.0,1777372472.0,ESTIMATE_ONLY_reading_phase_duration_unknown
0ce876b9-0bd2-4322-b1e7-ea5a8fc3edec,182b236c-a543-4d7f-b121-473dc33918f2,comprehension,10,10,1.0,97,1,high,1777372472.0,1777372569.0,2026-04-28 10:36:09.918+00,2026-04-28 10:36:10.272967+00,1,2,2,medium,Detail Recall,25,,False,0,0,1,0,3,3.0,3.0,1777372475.0,1777372475.0,ESTIMATE_ONLY_inter_question_gaps_unknown
0ce876b9-0bd2-4322-b1e7-ea5a8fc3edec,182b236c-a543-4d7f-b121-473dc33918f2,comprehension,10,10,1.0,97,1,high,1777372472.0,1777372569.0,2026-04-28 10:36:09.918+00,2026-04-28 10:36:10.272967+00,2,3,3,easy,Fact Extraction,25,,False,0,0,1,0,3,6.0,6.0,1777372478.0,1777372478.0,ESTIMATE_ONLY_inter_question_gaps_unknown
0ce876b9-0bd2-4322-b1e7-ea5a8fc3edec,182b236c-a543-4d7f-b121-473dc33918f2,comprehension,10,10,1.0,97,1,high,1777372472.0,1777372569.0,2026-04-28 10:36:09.918+00,2026-04-28 10:36:10.272967+00,3,4,4,medium,Inference,25,,False,1,1,1,0,5,9.0,9.0,1777372481.0,1777372481.0,ESTIMATE_ONLY_inter_question_gaps_unknown
0ce876b9-0bd2-4322-b1e7-ea5a8fc3edec,182b236c-a543-4d7f-b121-473dc33918f2,comprehension,10,10,1.0,97,1,high,1777372472.0,1777372569.0,2026-04-28 10:36:09.918+00,2026-04-28 10:36:10.272967+00,4,5,5,easy,Detail Recall,25,,False,0,0,1,0,5,14.0,14.0,1777372486.0,1777372486.0,ESTIMATE_ONLY_inter_question_gaps_unknown
0ce876b9-0bd2-4322-b1e7-ea5a8fc3edec,182b236c-a543-4d7f-b121-473dc33918f2,comprehension,10,10,1.0,97,1,high,1777372472.0,1777372569.0,2026-04-28 10:36:09.918+00,2026-04-28 10:36:10.272967+00,5,6,6,easy,Fact Extraction,25,,True,1,1,1,0,3,19.0,19.0,1777372491.0,1777372491.0,ESTIMATE_ONLY_reading_phase_duration_unknown
0ce876b9-0bd2-4322-b1e7-ea5a8fc3edec,182b236c-a543-4d7f-b121-473dc33918f2,comprehension,10,10,1.0,97,1,high,1777372472.0,1777372569.0,2026-04-28 10:36:09.918+00,2026-04-28 10:36:10.272967+00,6,7,7,easy,Detail Recall,25,,False,2,2,1,0,3,22.0,22.0,1777372494.0,1777372494.0,ESTIMATE_ONLY_inter_question_gaps_unknown
0ce876b9-0bd2-4322-b1e7-ea5a8fc3edec,182b236c-a543-4d7f-b121-473dc33918f2,comprehension,10,10,1.0,97,1,high,1777372472.0,1777372569.0,2026-04-28 10:36:09.918+00,2026-04-28 10:36:10.272967+00,7,8,8,medium,Detail Recall,25,,False,0,0,1,0,5,25.0,25.0,1777372497.0,1777372497.0,ESTIMATE_ONLY_inter_question_gaps_unknown
0ce876b9-0bd2-4322-b1e7-ea5a8fc3edec,182b236c-a543-4d7f-b121-473dc33918f2,comprehension,10,10,1.0,97,1,high,1777372472.0,1777372569.0,2026-04-28 10:36:09.918+00,2026-04-28 10:36:10.272967+00,8,9,9,medium,Inference,25,,False,1,1,1,0,5,30.0,30.0,1777372502.0,1777372502.0,ESTIMATE_ONLY_inter_question_gaps_unknown
0ce876b9-0bd2-4322-b1e7-ea5a8fc3edec,182b236c-a543-4d7f-b121-473dc33918f2,comprehension,10,10,1.0,97,1,high,1777372472.0,1777372569.0,2026-04-28 10:36:09.918+00,2026-04-28 10:36:10.272967+00,9,10,10,easy,Fact Extraction,25,,False,1,1,1,0,4,35.0,35.0,1777372507.0,1777372507.0,ESTIMATE_ONLY_inter_question_gaps_unknown
0d285f67-b953-4f30-9474-19804ccb9d6d,a32edb5b-8092-4f01-add0-35bbaf8e88b3,arithmetic,6,10,0.6,46,0,mid,1777006009.0,1777006055.0,2026-04-24 04:47:35.55+00,2026-04-24 04:47:36.036871+00,0,1,1,easy,Addition,15,,False,0,0,1,0,2,0.0,0.0,1777006009.0,1777006009.0,ESTIMATE_ONLY_inter_question_gaps_unknown
0d285f67-b953-4f30-9474-19804ccb9d6d,a32edb5b-8092-4f01-add0-35bbaf8e88b3,arithmetic,6,10,0.6,46,0,mid,1777006009.0,1777006055.0,2026-04-24 04:47:35.55+00,2026-04-24 04:47:36.036871+00,1,2,2,easy,Division,15,,False,2,2,1,0,3,2.0,2.0,1777006011.0,1777006011.0,ESTIMATE_ONLY_inter_question_gaps_unknown
0d285f67-b953-4f30-9474-19804ccb9d6d,a32edb5b-8092-4f01-add0-35bbaf8e88b3,arithmetic,6,10,0.6,46,0,mid,1777006009.0,1777006055.0,2026-04-24 04:47:35.55+00,2026-04-24 04:47:36.036871+00,2,3,3,easy,Addition,15,,False,0,0,1,0,4,5.0,5.0,1777006014.0,1777006014.0,ESTIMATE_ONLY_inter_question_gaps_unknown
0d285f67-b953-4f30-9474-19804ccb9d6d,a32edb5b-8092-4f01-add0-35bbaf8e88b3,arithmetic,6,10,0.6,46,0,mid,1777006009.0,1777006055.0,2026-04-24 04:47:35.55+00,2026-04-24 04:47:36.036871+00,3,4,4,easy,Subtraction,15,,False,1,0,0,0,4,9.0,9.0,1777006018.0,1777006018.0,ESTIMATE_ONLY_inter_question_gaps_unknown
0d285f67-b953-4f30-9474-19804ccb9d6d,a32edb5b-8092-4f01-add0-35bbaf8e88b3,arithmetic,6,10,0.6,46,0,mid,1777006009.0,1777006055.0,2026-04-24 04:47:35.55+00,2026-04-24 04:47:36.036871+00,4,5,5,medium,Addition,20,,False,2,2,1,0,6,13.0,13.0,1777006022.0,1777006022.0,ESTIMATE_ONLY_inter_question_gaps_unknown
0d285f67-b953-4f30-9474-19804ccb9d6d,a32edb5b-8092-4f01-add0-35bbaf8e88b3,arithmetic,6,10,0.6,46,0,mid,1777006009.0,1777006055.0,2026-04-24 04:47:35.55+00,2026-04-24 04:47:36.036871+00,5,6,6,medium,Multiplication,20,,False,0,0,1,0,6,19.0,19.0,1777006028.0,1777006028.0,ESTIMATE_ONLY_inter_question_gaps_unknown
0d285f67-b953-4f30-9474-19804ccb9d6d,a32edb5b-8092-4f01-add0-35bbaf8e88b3,arithmetic,6,10,0.6,46,0,mid,1777006009.0,1777006055.0,2026-04-24 04:47:35.55+00,2026-04-24 04:47:36.036871+00,6,7,7,medium,Division,20,,False,2,1,0,0,4,25.0,25.0,1777006034.0,1777006034.0,ESTIMATE_ONLY_inter_question_gaps_unknown
0d285f67-b953-4f30-9474-19804ccb9d6d,a32edb5b-8092-4f01-add0-35bbaf8e88b3,arithmetic,6,10,0.6,46,0,mid,1777006009.0,1777006055.0,2026-04-24 04:47:35.55+00,2026-04-24 04:47:36.036871+00,7,8,8,hard,Percentage,30,,False,0,2,0,0,7,29.0,29.0,1777006038.0,1777006038.0,ESTIMATE_ONLY_inter_question_gaps_unknown
0d285f67-b953-4f30-9474-19804ccb9d6d,a32edb5b-8092-4f01-add0-35bbaf8e88b3,arithmetic,6,10,0.6,46,0,mid,1777006009.0,1777006055.0,2026-04-24 04:47:35.55+00,2026-04-24 04:47:36.036871+00,8,9,9,hard,Multiplication,30,,False,1,0,0,0,3,36.0,36.0,1777006045.0,1777006045.0,ESTIMATE_ONLY_inter_question_gaps_unknown
0d285f67-b953-4f30-9474-19804ccb9d6d,a32edb5b-8092-4f01-add0-35bbaf8e88b3,arithmetic,6,10,0.6,46,0,mid,1777006009.0,1777006055.0,2026-04-24 04:47:35.55+00,2026-04-24 04:47:36.036871+00,9,10,10,hard,Multi-step,30,,False,1,1,1,0,12,39.0,39.0,1777006048.0,1777006048.0,ESTIMATE_ONLY_inter_question_gaps_unknown
0d5ffbda-cbd9-4234-909d-536a9dcc57b8,617c750a-6289-4403-8ead-1ee0ff4fcf88,comprehension,7,10,0.7,169,1,mid,1776747068.0,1776747237.0,2026-04-21 04:53:57.154+00,2026-04-21 04:53:58.061357+00,0,1,1,easy,Fact Extraction,25,,True,1,0,0,0,7,0.0,0.0,1776747068.0,1776747068.0,ESTIMATE_ONLY_reading_phase_duration_unknown
0d5ffbda-cbd9-4234-909d-536a9dcc57b8,617c750a-6289-4403-8ead-1ee0ff4fcf88,comprehension,7,10,0.7,169,1,mid,1776747068.0,1776747237.0,2026-04-21 04:53:57.154+00,2026-04-21 04:53:58.061357+00,1,2,2,medium,Detail Recall,25,,False,0,0,1,0,3,7.0,7.0,1776747075.0,1776747075.0,ESTIMATE_ONLY_inter_question_gaps_unknown
0d5ffbda-cbd9-4234-909d-536a9dcc57b8,617c750a-6289-4403-8ead-1ee0ff4fcf88,comprehension,7,10,0.7,169,1,mid,1776747068.0,1776747237.0,2026-04-21 04:53:57.154+00,2026-04-21 04:53:58.061357+00,2,3,3,easy,Fact Extraction,25,,False,0,0,1,0,3,10.0,10.0,1776747078.0,1776747078.0,ESTIMATE_ONLY_inter_question_gaps_unknown
0d5ffbda-cbd9-4234-909d-536a9dcc57b8,617c750a-6289-4403-8ead-1ee0ff4fcf88,comprehension,7,10,0.7,169,1,mid,1776747068.0,1776747237.0,2026-04-21 04:53:57.154+00,2026-04-21 04:53:58.061357+00,3,4,4,medium,Inference,25,,False,1,1,1,0,10,13.0,13.0,1776747081.0,1776747081.0,ESTIMATE_ONLY_inter_question_gaps_unknown
0d5ffbda-cbd9-4234-909d-536a9dcc57b8,617c750a-6289-4403-8ead-1ee0ff4fcf88,comprehension,7,10,0.7,169,1,mid,1776747068.0,1776747237.0,2026-04-21 04:53:57.154+00,2026-04-21 04:53:58.061357+00,4,5,5,easy,Detail Recall,25,,False,0,0,1,0,8,23.0,23.0,1776747091.0,1776747091.0,ESTIMATE_ONLY_inter_question_gaps_unknown
0d5ffbda-cbd9-4234-909d-536a9dcc57b8,617c750a-6289-4403-8ead-1ee0ff4fcf88,comprehension,7,10,0.7,169,1,mid,1776747068.0,1776747237.0,2026-04-21 04:53:57.154+00,2026-04-21 04:53:58.061357+00,5,6,6,easy,Fact Extraction,25,,True,0,1,0,0,4,31.0,31.0,1776747099.0,1776747099.0,ESTIMATE_ONLY_reading_phase_duration_unknown
0d5ffbda-cbd9-4234-909d-536a9dcc57b8,617c750a-6289-4403-8ead-1ee0ff4fcf88,comprehension,7,10,0.7,169,1,mid,1776747068.0,1776747237.0,2026-04-21 04:53:57.154+00,2026-04-21 04:53:58.061357+00,6,7,7,easy,Detail Recall,25,,False,2,2,1,0,10,35.0,35.0,1776747103.0,1776747103.0,ESTIMATE_ONLY_inter_question_gaps_unknown
0d5ffbda-cbd9-4234-909d-536a9dcc57b8,617c750a-6289-4403-8ead-1ee0ff4fcf88,comprehension,7,10,0.7,169,1,mid,1776747068.0,1776747237.0,2026-04-21 04:53:57.154+00,2026-04-21 04:53:58.061357+00,7,8,8,medium,Detail Recall,25,,False,1,0,0,0,8,45.0,45.0,1776747113.0,1776747113.0,ESTIMATE_ONLY_inter_question_gaps_unknown
0d5ffbda-cbd9-4234-909d-536a9dcc57b8,617c750a-6289-4403-8ead-1ee0ff4fcf88,comprehension,7,10,0.7,169,1,mid,1776747068.0,1776747237.0,2026-04-21 04:53:57.154+00,2026-04-21 04:53:58.061357+00,8,9,9,medium,Inference,25,,False,1,1,1,0,11,53.0,53.0,1776747121.0,1776747121.0,ESTIMATE_ONLY_inter_question_gaps_unknown
0d5ffbda-cbd9-4234-909d-536a9dcc57b8,617c750a-6289-4403-8ead-1ee0ff4fcf88,comprehension,7,10,0.7,169,1,mid,1776747068.0,1776747237.0,2026-04-21 04:53:57.154+00,2026-04-21 04:53:58.061357+00,9,10,10,easy,Fact Extraction,25,,False,1,1,1,0,8,64.0,64.0,1776747132.0,1776747132.0,ESTIMATE_ONLY_inter_question_gaps_unknown
0d898c25-96d2-4d4b-a3bf-ddb7783b14b5,a9fa0a9e-4c99-49b4-b75f-ba925babb6f9,attention,6,10,0.6,96,0,mid,1776228845.0,1776228941.0,2026-04-15 04:55:41.406+00,2026-04-15 04:55:40.501123+00,0,1,1,easy,Oddball Detection,8,5,False,2,2,1,0,3,0.0,5.0,1776228845.0,1776228850.0,ESTIMATE_ONLY_inter_question_gaps_unknown
0d898c25-96d2-4d4b-a3bf-ddb7783b14b5,a9fa0a9e-4c99-49b4-b75f-ba925babb6f9,attention,6,10,0.6,96,0,mid,1776228845.0,1776228941.0,2026-04-15 04:55:41.406+00,2026-04-15 04:55:40.501123+00,1,2,2,easy,Count Target,8,5,False,1,0,0,0,7,8.0,13.0,1776228853.0,1776228858.0,ESTIMATE_ONLY_inter_question_gaps_unknown
0d898c25-96d2-4d4b-a3bf-ddb7783b14b5,a9fa0a9e-4c99-49b4-b75f-ba925babb6f9,attention,6,10,0.6,96,0,mid,1776228845.0,1776228941.0,2026-04-15 04:55:41.406+00,2026-04-15 04:55:40.501123+00,2,3,3,easy,Pattern Break,8,5,False,2,2,1,0,3,20.0,25.0,1776228865.0,1776228870.0,ESTIMATE_ONLY_inter_question_gaps_unknown
0d898c25-96d2-4d4b-a3bf-ddb7783b14b5,a9fa0a9e-4c99-49b4-b75f-ba925babb6f9,attention,6,10,0.6,96,0,mid,1776228845.0,1776228941.0,2026-04-15 04:55:41.406+00,2026-04-15 04:55:40.501123+00,3,4,4,easy,Position Detect,8,5,False,1,1,1,0,3,28.0,33.0,1776228873.0,1776228878.0,ESTIMATE_ONLY_inter_question_gaps_unknown
0d898c25-96d2-4d4b-a3bf-ddb7783b14b5,a9fa0a9e-4c99-49b4-b75f-ba925babb6f9,attention,6,10,0.6,96,0,mid,1776228845.0,1776228941.0,2026-04-15 04:55:41.406+00,2026-04-15 04:55:40.501123+00,4,5,5,medium,Rule Violation,10,6,False,2,2,1,0,4,36.0,42.0,1776228881.0,1776228887.0,ESTIMATE_ONLY_inter_question_gaps_unknown
0d898c25-96d2-4d4b-a3bf-ddb7783b14b5,a9fa0a9e-4c99-49b4-b75f-ba925babb6f9,attention,6,10,0.6,96,0,mid,1776228845.0,1776228941.0,2026-04-15 04:55:41.406+00,2026-04-15 04:55:40.501123+00,5,6,6,medium,Count Target,10,6,False,2,0,0,0,7,46.0,52.0,1776228891.0,1776228897.0,ESTIMATE_ONLY_inter_question_gaps_unknown
0d898c25-96d2-4d4b-a3bf-ddb7783b14b5,a9fa0a9e-4c99-49b4-b75f-ba925babb6f9,attention,6,10,0.6,96,0,mid,1776228845.0,1776228941.0,2026-04-15 04:55:41.406+00,2026-04-15 04:55:40.501123+00,6,7,7,medium,Count Target,10,6,False,2,2,1,0,5,59.0,65.0,1776228904.0,1776228910.0,ESTIMATE_ONLY_inter_question_gaps_unknown
0d898c25-96d2-4d4b-a3bf-ddb7783b14b5,a9fa0a9e-4c99-49b4-b75f-ba925babb6f9,attention,6,10,0.6,96,0,mid,1776228845.0,1776228941.0,2026-04-15 04:55:41.406+00,2026-04-15 04:55:40.501123+00,7,8,8,hard,Count Target,12,7,False,0,2,0,0,3,70.0,77.0,1776228915.0,1776228922.0,ESTIMATE_ONLY_inter_question_gaps_unknown
0d898c25-96d2-4d4b-a3bf-ddb7783b14b5,a9fa0a9e-4c99-49b4-b75f-ba925babb6f9,attention,6,10,0.6,96,0,mid,1776228845.0,1776228941.0,2026-04-15 04:55:41.406+00,2026-04-15 04:55:40.501123+00,8,9,9,hard,Rule Violation,12,7,False,0,2,0,0,5,80.0,87.0,1776228925.0,1776228932.0,ESTIMATE_ONLY_inter_question_gaps_unknown
0d898c25-96d2-4d4b-a3bf-ddb7783b14b5,a9fa0a9e-4c99-49b4-b75f-ba925babb6f9,attention,6,10,0.6,96,0,mid,1776228845.0,1776228941.0,2026-04-15 04:55:41.406+00,2026-04-15 04:55:40.501123+00,9,10,10,hard,Pattern Break,12,7,False,2,2,1,0,4,92.0,99.0,1776228937.0,1776228944.0,ESTIMATE_ONLY_inter_question_gaps_unknown
0e415e0f-881d-4ed5-8b8a-480ccf0dcce2,38486085-f824-4b7b-82b0-ebfd7c8629e4,arithmetic,8,10,0.8,119,1,high,1776768170.0,1776768289.0,2026-04-21 10:44:49.357+00,2026-04-21 10:44:49.934642+00,0,1,1,easy,Addition,15,,False,0,0,1,0,4,0.0,0.0,1776768170.0,1776768170.0,ESTIMATE_ONLY_inter_question_gaps_unknown
0e415e0f-881d-4ed5-8b8a-480ccf0dcce2,38486085-f824-4b7b-82b0-ebfd7c8629e4,arithmetic,8,10,0.8,119,1,high,1776768170.0,1776768289.0,2026-04-21 10:44:49.357+00,2026-04-21 10:44:49.934642+00,1,2,2,easy,Division,15,,False,2,2,1,0,4,4.0,4.0,1776768174.0,1776768174.0,ESTIMATE_ONLY_inter_question_gaps_unknown
0e415e0f-881d-4ed5-8b8a-480ccf0dcce2,38486085-f824-4b7b-82b0-ebfd7c8629e4,arithmetic,8,10,0.8,119,1,high,1776768170.0,1776768289.0,2026-04-21 10:44:49.357+00,2026-04-21 10:44:49.934642+00,2,3,3,easy,Addition,15,,False,0,0,1,0,4,8.0,8.0,1776768178.0,1776768178.0,ESTIMATE_ONLY_inter_question_gaps_unknown
0e415e0f-881d-4ed5-8b8a-480ccf0dcce2,38486085-f824-4b7b-82b0-ebfd7c8629e4,arithmetic,8,10,0.8,119,1,high,1776768170.0,1776768289.0,2026-04-21 10:44:49.357+00,2026-04-21 10:44:49.934642+00,3,4,4,easy,Subtraction,15,,False,0,0,1,0,3,12.0,12.0,1776768182.0,1776768182.0,ESTIMATE_ONLY_inter_question_gaps_unknown
0e415e0f-881d-4ed5-8b8a-480ccf0dcce2,38486085-f824-4b7b-82b0-ebfd7c8629e4,arithmetic,8,10,0.8,119,1,high,1776768170.0,1776768289.0,2026-04-21 10:44:49.357+00,2026-04-21 10:44:49.934642+00,4,5,5,medium,Addition,20,,False,2,2,1,0,14,15.0,15.0,1776768185.0,1776768185.0,ESTIMATE_ONLY_inter_question_gaps_unknown
0e415e0f-881d-4ed5-8b8a-480ccf0dcce2,38486085-f824-4b7b-82b0-ebfd7c8629e4,arithmetic,8,10,0.8,119,1,high,1776768170.0,1776768289.0,2026-04-21 10:44:49.357+00,2026-04-21 10:44:49.934642+00,5,6,6,medium,Multiplication,20,,False,0,0,1,0,4,29.0,29.0,1776768199.0,1776768199.0,ESTIMATE_ONLY_inter_question_gaps_unknown
0e415e0f-881d-4ed5-8b8a-480ccf0dcce2,38486085-f824-4b7b-82b0-ebfd7c8629e4,arithmetic,8,10,0.8,119,1,high,1776768170.0,1776768289.0,2026-04-21 10:44:49.357+00,2026-04-21 10:44:49.934642+00,6,7,7,medium,Division,20,,False,1,1,1,0,15,33.0,33.0,1776768203.0,1776768203.0,ESTIMATE_ONLY_inter_question_gaps_unknown
0e415e0f-881d-4ed5-8b8a-480ccf0dcce2,38486085-f824-4b7b-82b0-ebfd7c8629e4,arithmetic,8,10,0.8,119,1,high,1776768170.0,1776768289.0,2026-04-21 10:44:49.357+00,2026-04-21 10:44:49.934642+00,7,8,8,hard,Percentage,30,,False,2,2,1,0,25,48.0,48.0,1776768218.0,1776768218.0,ESTIMATE_ONLY_inter_question_gaps_unknown
0e415e0f-881d-4ed5-8b8a-480ccf0dcce2,38486085-f824-4b7b-82b0-ebfd7c8629e4,arithmetic,8,10,0.8,119,1,high,1776768170.0,1776768289.0,2026-04-21 10:44:49.357+00,2026-04-21 10:44:49.934642+00,8,9,9,hard,Multiplication,30,,False,1,0,0,0,23,73.0,73.0,1776768243.0,1776768243.0,ESTIMATE_ONLY_inter_question_gaps_unknown
0e415e0f-881d-4ed5-8b8a-480ccf0dcce2,38486085-f824-4b7b-82b0-ebfd7c8629e4,arithmetic,8,10,0.8,119,1,high,1776768170.0,1776768289.0,2026-04-21 10:44:49.357+00,2026-04-21 10:44:49.934642+00,9,10,10,hard,Multi-step,30,,False,,1,0,1,30,96.0,96.0,1776768266.0,1776768266.0,ESTIMATE_ONLY_inter_question_gaps_unknown
0e5d35a6-4dda-43af-9ce9-0c3fab99dff8,8c27a478-52f0-442d-a434-fe798e047585,comprehension,10,10,1.0,125,1,high,1776940005.0,1776940130.0,2026-04-23 10:28:50.436+00,2026-04-23 10:28:50.222818+00,0,1,1,easy,Fact Extraction,25,,True,0,0,1,0,3,0.0,0.0,1776940005.0,1776940005.0,ESTIMATE_ONLY_reading_phase_duration_unknown
0e5d35a6-4dda-43af-9ce9-0c3fab99dff8,8c27a478-52f0-442d-a434-fe798e047585,comprehension,10,10,1.0,125,1,high,1776940005.0,1776940130.0,2026-04-23 10:28:50.436+00,2026-04-23 10:28:50.222818+00,1,2,2,medium,Detail Recall,25,,False,0,0,1,0,4,3.0,3.0,1776940008.0,1776940008.0,ESTIMATE_ONLY_inter_question_gaps_unknown
0e5d35a6-4dda-43af-9ce9-0c3fab99dff8,8c27a478-52f0-442d-a434-fe798e047585,comprehension,10,10,1.0,125,1,high,1776940005.0,1776940130.0,2026-04-23 10:28:50.436+00,2026-04-23 10:28:50.222818+00,2,3,3,easy,Fact Extraction,25,,False,0,0,1,0,2,7.0,7.0,1776940012.0,1776940012.0,ESTIMATE_ONLY_inter_question_gaps_unknown
0e5d35a6-4dda-43af-9ce9-0c3fab99dff8,8c27a478-52f0-442d-a434-fe798e047585,comprehension,10,10,1.0,125,1,high,1776940005.0,1776940130.0,2026-04-23 10:28:50.436+00,2026-04-23 10:28:50.222818+00,3,4,4,medium,Inference,25,,False,1,1,1,0,4,9.0,9.0,1776940014.0,1776940014.0,ESTIMATE_ONLY_inter_question_gaps_unknown
0e5d35a6-4dda-43af-9ce9-0c3fab99dff8,8c27a478-52f0-442d-a434-fe798e047585,comprehension,10,10,1.0,125,1,high,1776940005.0,1776940130.0,2026-04-23 10:28:50.436+00,2026-04-23 10:28:50.222818+00,4,5,5,easy,Detail Recall,25,,False,0,0,1,0,4,13.0,13.0,1776940018.0,1776940018.0,ESTIMATE_ONLY_inter_question_gaps_unknown
0e5d35a6-4dda-43af-9ce9-0c3fab99dff8,8c27a478-52f0-442d-a434-fe798e047585,comprehension,10,10,1.0,125,1,high,1776940005.0,1776940130.0,2026-04-23 10:28:50.436+00,2026-04-23 10:28:50.222818+00,5,6,6,easy,Fact Extraction,25,,True,1,1,1,0,2,17.0,17.0,1776940022.0,1776940022.0,ESTIMATE_ONLY_reading_phase_duration_unknown
0e5d35a6-4dda-43af-9ce9-0c3fab99dff8,8c27a478-52f0-442d-a434-fe798e047585,comprehension,10,10,1.0,125,1,high,1776940005.0,1776940130.0,2026-04-23 10:28:50.436+00,2026-04-23 10:28:50.222818+00,6,7,7,easy,Detail Recall,25,,False,2,2,1,0,3,19.0,19.0,1776940024.0,1776940024.0,ESTIMATE_ONLY_inter_question_gaps_unknown
0e5d35a6-4dda-43af-9ce9-0c3fab99dff8,8c27a478-52f0-442d-a434-fe798e047585,comprehension,10,10,1.0,125,1,high,1776940005.0,1776940130.0,2026-04-23 10:28:50.436+00,2026-04-23 10:28:50.222818+00,7,8,8,medium,Detail Recall,25,,False,0,0,1,0,2,22.0,22.0,1776940027.0,1776940027.0,ESTIMATE_ONLY_inter_question_gaps_unknown
0e5d35a6-4dda-43af-9ce9-0c3fab99dff8,8c27a478-52f0-442d-a434-fe798e047585,comprehension,10,10,1.0,125,1,high,1776940005.0,1776940130.0,2026-04-23 10:28:50.436+00,2026-04-23 10:28:50.222818+00,8,9,9,medium,Inference,25,,False,1,1,1,0,5,24.0,24.0,1776940029.0,1776940029.0,ESTIMATE_ONLY_inter_question_gaps_unknown
0e5d35a6-4dda-43af-9ce9-0c3fab99dff8,8c27a478-52f0-442d-a434-fe798e047585,comprehension,10,10,1.0,125,1,high,1776940005.0,1776940130.0,2026-04-23 10:28:50.436+00,2026-04-23 10:28:50.222818+00,9,10,10,easy,Fact Extraction,25,,False,1,1,1,0,5,29.0,29.0,1776940034.0,1776940034.0,ESTIMATE_ONLY_inter_question_gaps_unknown
0eb773be-0f09-4eb8-960e-b1f02f628c69,3cebc90b-7bb9-4438-bb6d-00b1b897bdf9,arithmetic,5,10,0.5,60,0,mid,1777543997.0,1777544057.0,2026-04-30 10:14:17.092+00,2026-04-30 10:14:17.543632+00,0,1,1,easy,Addition,15,,False,0,0,1,0,3,0.0,0.0,1777543997.0,1777543997.0,ESTIMATE_ONLY_inter_question_gaps_unknown
0eb773be-0f09-4eb8-960e-b1f02f628c69,3cebc90b-7bb9-4438-bb6d-00b1b897bdf9,arithmetic,5,10,0.5,60,0,mid,1777543997.0,1777544057.0,2026-04-30 10:14:17.092+00,2026-04-30 10:14:17.543632+00,1,2,2,easy,Division,15,,False,2,2,1,0,3,3.0,3.0,1777544000.0,1777544000.0,ESTIMATE_ONLY_inter_question_gaps_unknown
0eb773be-0f09-4eb8-960e-b1f02f628c69,3cebc90b-7bb9-4438-bb6d-00b1b897bdf9,arithmetic,5,10,0.5,60,0,mid,1777543997.0,1777544057.0,2026-04-30 10:14:17.092+00,2026-04-30 10:14:17.543632+00,2,3,3,easy,Addition,15,,False,0,0,1,0,5,6.0,6.0,1777544003.0,1777544003.0,ESTIMATE_ONLY_inter_question_gaps_unknown
0eb773be-0f09-4eb8-960e-b1f02f628c69,3cebc90b-7bb9-4438-bb6d-00b1b897bdf9,arithmetic,5,10,0.5,60,0,mid,1777543997.0,1777544057.0,2026-04-30 10:14:17.092+00,2026-04-30 10:14:17.543632+00,3,4,4,easy,Subtraction,15,,False,1,0,0,0,4,11.0,11.0,1777544008.0,1777544008.0,ESTIMATE_ONLY_inter_question_gaps_unknown
0eb773be-0f09-4eb8-960e-b1f02f628c69,3cebc90b-7bb9-4438-bb6d-00b1b897bdf9,arithmetic,5,10,0.5,60,0,mid,1777543997.0,1777544057.0,2026-04-30 10:14:17.092+00,2026-04-30 10:14:17.543632+00,4,5,5,medium,Addition,20,,False,0,2,0,0,5,15.0,15.0,1777544012.0,1777544012.0,ESTIMATE_ONLY_inter_question_gaps_unknown
0eb773be-0f09-4eb8-960e-b1f02f628c69,3cebc90b-7bb9-4438-bb6d-00b1b897bdf9,arithmetic,5,10,0.5,60,0,mid,1777543997.0,1777544057.0,2026-04-30 10:14:17.092+00,2026-04-30 10:14:17.543632+00,5,6,6,medium,Multiplication,20,,False,1,0,0,0,7,20.0,20.0,1777544017.0,1777544017.0,ESTIMATE_ONLY_inter_question_gaps_unknown
0eb773be-0f09-4eb8-960e-b1f02f628c69,3cebc90b-7bb9-4438-bb6d-00b1b897bdf9,arithmetic,5,10,0.5,60,0,mid,1777543997.0,1777544057.0,2026-04-30 10:14:17.092+00,2026-04-30 10:14:17.543632+00,6,7,7,medium,Division,20,,False,1,1,1,0,3,27.0,27.0,1777544024.0,1777544024.0,ESTIMATE_ONLY_inter_question_gaps_unknown
0eb773be-0f09-4eb8-960e-b1f02f628c69,3cebc90b-7bb9-4438-bb6d-00b1b897bdf9,arithmetic,5,10,0.5,60,0,mid,1777543997.0,1777544057.0,2026-04-30 10:14:17.092+00,2026-04-30 10:14:17.543632+00,7,8,8,hard,Percentage,30,,False,2,2,1,0,6,30.0,30.0,1777544027.0,1777544027.0,ESTIMATE_ONLY_inter_question_gaps_unknown
0eb773be-0f09-4eb8-960e-b1f02f628c69,3cebc90b-7bb9-4438-bb6d-00b1b897bdf9,arithmetic,5,10,0.5,60,0,mid,1777543997.0,1777544057.0,2026-04-30 10:14:17.092+00,2026-04-30 10:14:17.543632+00,8,9,9,hard,Multiplication,30,,False,1,0,0,0,16,36.0,36.0,1777544033.0,1777544033.0,ESTIMATE_ONLY_inter_question_gaps_unknown
0eb773be-0f09-4eb8-960e-b1f02f628c69,3cebc90b-7bb9-4438-bb6d-00b1b897bdf9,arithmetic,5,10,0.5,60,0,mid,1777543997.0,1777544057.0,2026-04-30 10:14:17.092+00,2026-04-30 10:14:17.543632+00,9,10,10,hard,Multi-step,30,,False,0,1,0,0,14,52.0,52.0,1777544049.0,1777544049.0,ESTIMATE_ONLY_inter_question_gaps_unknown
10bfc74a-0aa4-4b27-8d80-47c3d719c1a3,038c88b9-98c6-4009-810c-b905483f4baf,attention,8,10,0.8,84,1,high,1776850999.0,1776851083.0,2026-04-22 09:44:43.268+00,2026-04-22 09:44:43.826627+00,0,1,1,easy,Oddball Detection,8,5,False,2,2,1,0,2,0.0,5.0,1776850999.0,1776851004.0,ESTIMATE_ONLY_inter_question_gaps_unknown
10bfc74a-0aa4-4b27-8d80-47c3d719c1a3,038c88b9-98c6-4009-810c-b905483f4baf,attention,8,10,0.8,84,1,high,1776850999.0,1776851083.0,2026-04-22 09:44:43.268+00,2026-04-22 09:44:43.826627+00,1,2,2,easy,Count Target,8,5,False,0,0,1,0,3,7.0,12.0,1776851006.0,1776851011.0,ESTIMATE_ONLY_inter_question_gaps_unknown
10bfc74a-0aa4-4b27-8d80-47c3d719c1a3,038c88b9-98c6-4009-810c-b905483f4baf,attention,8,10,0.8,84,1,high,1776850999.0,1776851083.0,2026-04-22 09:44:43.268+00,2026-04-22 09:44:43.826627+00,2,3,3,easy,Pattern Break,8,5,False,2,2,1,0,2,15.0,20.0,1776851014.0,1776851019.0,ESTIMATE_ONLY_inter_question_gaps_unknown
10bfc74a-0aa4-4b27-8d80-47c3d719c1a3,038c88b9-98c6-4009-810c-b905483f4baf,attention,8,10,0.8,84,1,high,1776850999.0,1776851083.0,2026-04-22 09:44:43.268+00,2026-04-22 09:44:43.826627+00,3,4,4,easy,Position Detect,8,5,False,1,1,1,0,4,22.0,27.0,1776851021.0,1776851026.0,ESTIMATE_ONLY_inter_question_gaps_unknown
10bfc74a-0aa4-4b27-8d80-47c3d719c1a3,038c88b9-98c6-4009-810c-b905483f4baf,attention,8,10,0.8,84,1,high,1776850999.0,1776851083.0,2026-04-22 09:44:43.268+00,2026-04-22 09:44:43.826627+00,4,5,5,medium,Rule Violation,10,6,False,2,2,1,0,4,31.0,37.0,1776851030.0,1776851036.0,ESTIMATE_ONLY_inter_question_gaps_unknown
10bfc74a-0aa4-4b27-8d80-47c3d719c1a3,038c88b9-98c6-4009-810c-b905483f4baf,attention,8,10,0.8,84,1,high,1776850999.0,1776851083.0,2026-04-22 09:44:43.268+00,2026-04-22 09:44:43.826627+00,5,6,6,medium,Count Target,10,6,False,2,0,0,0,3,41.0,47.0,1776851040.0,1776851046.0,ESTIMATE_ONLY_inter_question_gaps_unknown
10bfc74a-0aa4-4b27-8d80-47c3d719c1a3,038c88b9-98c6-4009-810c-b905483f4baf,attention,8,10,0.8,84,1,high,1776850999.0,1776851083.0,2026-04-22 09:44:43.268+00,2026-04-22 09:44:43.826627+00,6,7,7,medium,Count Target,10,6,False,2,2,1,0,2,50.0,56.0,1776851049.0,1776851055.0,ESTIMATE_ONLY_inter_question_gaps_unknown
10bfc74a-0aa4-4b27-8d80-47c3d719c1a3,038c88b9-98c6-4009-810c-b905483f4baf,attention,8,10,0.8,84,1,high,1776850999.0,1776851083.0,2026-04-22 09:44:43.268+00,2026-04-22 09:44:43.826627+00,7,8,8,hard,Count Target,12,7,False,1,2,0,0,3,58.0,65.0,1776851057.0,1776851064.0,ESTIMATE_ONLY_inter_question_gaps_unknown
10bfc74a-0aa4-4b27-8d80-47c3d719c1a3,038c88b9-98c6-4009-810c-b905483f4baf,attention,8,10,0.8,84,1,high,1776850999.0,1776851083.0,2026-04-22 09:44:43.268+00,2026-04-22 09:44:43.826627+00,8,9,9,hard,Rule Violation,12,7,False,2,2,1,0,2,68.0,75.0,1776851067.0,1776851074.0,ESTIMATE_ONLY_inter_question_gaps_unknown
10bfc74a-0aa4-4b27-8d80-47c3d719c1a3,038c88b9-98c6-4009-810c-b905483f4baf,attention,8,10,0.8,84,1,high,1776850999.0,1776851083.0,2026-04-22 09:44:43.268+00,2026-04-22 09:44:43.826627+00,9,10,10,hard,Pattern Break,12,7,False,2,2,1,0,3,77.0,84.0,1776851076.0,1776851083.0,ESTIMATE_ONLY_inter_question_gaps_unknown
11789692-2bf9-44ed-b95d-1b04a2dce8fd,4b00bcd7-936b-42d2-99b5-c0b8b78272c9,comprehension,10,10,1.0,198,1,high,1776330388.0,1776330586.0,2026-04-16 09:09:46.092+00,2026-04-16 09:09:59.082249+00,0,1,1,easy,Fact Extraction,25,,True,0,0,1,0,6,0.0,0.0,1776330388.0,1776330388.0,ESTIMATE_ONLY_reading_phase_duration_unknown
11789692-2bf9-44ed-b95d-1b04a2dce8fd,4b00bcd7-936b-42d2-99b5-c0b8b78272c9,comprehension,10,10,1.0,198,1,high,1776330388.0,1776330586.0,2026-04-16 09:09:46.092+00,2026-04-16 09:09:59.082249+00,1,2,2,medium,Detail Recall,25,,False,0,0,1,0,8,6.0,6.0,1776330394.0,1776330394.0,ESTIMATE_ONLY_inter_question_gaps_unknown
11789692-2bf9-44ed-b95d-1b04a2dce8fd,4b00bcd7-936b-42d2-99b5-c0b8b78272c9,comprehension,10,10,1.0,198,1,high,1776330388.0,1776330586.0,2026-04-16 09:09:46.092+00,2026-04-16 09:09:59.082249+00,2,3,3,easy,Fact Extraction,25,,False,0,0,1,0,7,14.0,14.0,1776330402.0,1776330402.0,ESTIMATE_ONLY_inter_question_gaps_unknown
11789692-2bf9-44ed-b95d-1b04a2dce8fd,4b00bcd7-936b-42d2-99b5-c0b8b78272c9,comprehension,10,10,1.0,198,1,high,1776330388.0,1776330586.0,2026-04-16 09:09:46.092+00,2026-04-16 09:09:59.082249+00,3,4,4,medium,Inference,25,,False,1,1,1,0,7,21.0,21.0,1776330409.0,1776330409.0,ESTIMATE_ONLY_inter_question_gaps_unknown
11789692-2bf9-44ed-b95d-1b04a2dce8fd,4b00bcd7-936b-42d2-99b5-c0b8b78272c9,comprehension,10,10,1.0,198,1,high,1776330388.0,1776330586.0,2026-04-16 09:09:46.092+00,2026-04-16 09:09:59.082249+00,4,5,5,easy,Detail Recall,25,,False,0,0,1,0,8,28.0,28.0,1776330416.0,1776330416.0,ESTIMATE_ONLY_inter_question_gaps_unknown
11789692-2bf9-44ed-b95d-1b04a2dce8fd,4b00bcd7-936b-42d2-99b5-c0b8b78272c9,comprehension,10,10,1.0,198,1,high,1776330388.0,1776330586.0,2026-04-16 09:09:46.092+00,2026-04-16 09:09:59.082249+00,5,6,6,easy,Fact Extraction,25,,True,1,1,1,0,5,36.0,36.0,1776330424.0,1776330424.0,ESTIMATE_ONLY_reading_phase_duration_unknown
11789692-2bf9-44ed-b95d-1b04a2dce8fd,4b00bcd7-936b-42d2-99b5-c0b8b78272c9,comprehension,10,10,1.0,198,1,high,1776330388.0,1776330586.0,2026-04-16 09:09:46.092+00,2026-04-16 09:09:59.082249+00,6,7,7,easy,Detail Recall,25,,False,2,2,1,0,6,41.0,41.0,1776330429.0,1776330429.0,ESTIMATE_ONLY_inter_question_gaps_unknown
11789692-2bf9-44ed-b95d-1b04a2dce8fd,4b00bcd7-936b-42d2-99b5-c0b8b78272c9,comprehension,10,10,1.0,198,1,high,1776330388.0,1776330586.0,2026-04-16 09:09:46.092+00,2026-04-16 09:09:59.082249+00,7,8,8,medium,Detail Recall,25,,False,0,0,1,0,6,47.0,47.0,1776330435.0,1776330435.0,ESTIMATE_ONLY_inter_question_gaps_unknown
11789692-2bf9-44ed-b95d-1b04a2dce8fd,4b00bcd7-936b-42d2-99b5-c0b8b78272c9,comprehension,10,10,1.0,198,1,high,1776330388.0,1776330586.0,2026-04-16 09:09:46.092+00,2026-04-16 09:09:59.082249+00,8,9,9,medium,Inference,25,,False,1,1,1,0,7,53.0,53.0,1776330441.0,1776330441.0,ESTIMATE_ONLY_inter_question_gaps_unknown
11789692-2bf9-44ed-b95d-1b04a2dce8fd,4b00bcd7-936b-42d2-99b5-c0b8b78272c9,comprehension,10,10,1.0,198,1,high,1776330388.0,1776330586.0,2026-04-16 09:09:46.092+00,2026-04-16 09:09:59.082249+00,9,10,10,easy,Fact Extraction,25,,False,1,1,1,0,8,60.0,60.0,1776330448.0,1776330448.0,ESTIMATE_ONLY_inter_question_gaps_unknown
121692ac-e45b-4e5b-a433-1d1dd73326fa,617c750a-6289-4403-8ead-1ee0ff4fcf88,comprehension,7,10,0.7,169,1,mid,1776747069.0,1776747238.0,2026-04-21 04:53:58.94+00,2026-04-21 04:53:58.578892+00,0,1,1,easy,Fact Extraction,25,,True,1,0,0,0,7,0.0,0.0,1776747069.0,1776747069.0,ESTIMATE_ONLY_reading_phase_duration_unknown
121692ac-e45b-4e5b-a433-1d1dd73326fa,617c750a-6289-4403-8ead-1ee0ff4fcf88,comprehension,7,10,0.7,169,1,mid,1776747069.0,1776747238.0,2026-04-21 04:53:58.94+00,2026-04-21 04:53:58.578892+00,1,2,2,medium,Detail Recall,25,,False,0,0,1,0,3,7.0,7.0,1776747076.0,1776747076.0,ESTIMATE_ONLY_inter_question_gaps_unknown
121692ac-e45b-4e5b-a433-1d1dd73326fa,617c750a-6289-4403-8ead-1ee0ff4fcf88,comprehension,7,10,0.7,169,1,mid,1776747069.0,1776747238.0,2026-04-21 04:53:58.94+00,2026-04-21 04:53:58.578892+00,2,3,3,easy,Fact Extraction,25,,False,0,0,1,0,3,10.0,10.0,1776747079.0,1776747079.0,ESTIMATE_ONLY_inter_question_gaps_unknown
121692ac-e45b-4e5b-a433-1d1dd73326fa,617c750a-6289-4403-8ead-1ee0ff4fcf88,comprehension,7,10,0.7,169,1,mid,1776747069.0,1776747238.0,2026-04-21 04:53:58.94+00,2026-04-21 04:53:58.578892+00,3,4,4,medium,Inference,25,,False,1,1,1,0,10,13.0,13.0,1776747082.0,1776747082.0,ESTIMATE_ONLY_inter_question_gaps_unknown
121692ac-e45b-4e5b-a433-1d1dd73326fa,617c750a-6289-4403-8ead-1ee0ff4fcf88,comprehension,7,10,0.7,169,1,mid,1776747069.0,1776747238.0,2026-04-21 04:53:58.94+00,2026-04-21 04:53:58.578892+00,4,5,5,easy,Detail Recall,25,,False,0,0,1,0,8,23.0,23.0,1776747092.0,1776747092.0,ESTIMATE_ONLY_inter_question_gaps_unknown
121692ac-e45b-4e5b-a433-1d1dd73326fa,617c750a-6289-4403-8ead-1ee0ff4fcf88,comprehension,7,10,0.7,169,1,mid,1776747069.0,1776747238.0,2026-04-21 04:53:58.94+00,2026-04-21 04:53:58.578892+00,5,6,6,easy,Fact Extraction,25,,True,0,1,0,0,4,31.0,31.0,1776747100.0,1776747100.0,ESTIMATE_ONLY_reading_phase_duration_unknown
121692ac-e45b-4e5b-a433-1d1dd73326fa,617c750a-6289-4403-8ead-1ee0ff4fcf88,comprehension,7,10,0.7,169,1,mid,1776747069.0,1776747238.0,2026-04-21 04:53:58.94+00,2026-04-21 04:53:58.578892+00,6,7,7,easy,Detail Recall,25,,False,2,2,1,0,10,35.0,35.0,1776747104.0,1776747104.0,ESTIMATE_ONLY_inter_question_gaps_unknown
121692ac-e45b-4e5b-a433-1d1dd73326fa,617c750a-6289-4403-8ead-1ee0ff4fcf88,comprehension,7,10,0.7,169,1,mid,1776747069.0,1776747238.0,2026-04-21 04:53:58.94+00,2026-04-21 04:53:58.578892+00,7,8,8,medium,Detail Recall,25,,False,1,0,0,0,8,45.0,45.0,1776747114.0,1776747114.0,ESTIMATE_ONLY_inter_question_gaps_unknown
121692ac-e45b-4e5b-a433-1d1dd73326fa,617c750a-6289-4403-8ead-1ee0ff4fcf88,comprehension,7,10,0.7,169,1,mid,1776747069.0,1776747238.0,2026-04-21 04:53:58.94+00,2026-04-21 04:53:58.578892+00,8,9,9,medium,Inference,25,,False,1,1,1,0,11,53.0,53.0,1776747122.0,1776747122.0,ESTIMATE_ONLY_inter_question_gaps_unknown
121692ac-e45b-4e5b-a433-1d1dd73326fa,617c750a-6289-4403-8ead-1ee0ff4fcf88,comprehension,7,10,0.7,169,1,mid,1776747069.0,1776747238.0,2026-04-21 04:53:58.94+00,2026-04-21 04:53:58.578892+00,9,10,10,easy,Fact Extraction,25,,False,1,1,1,0,8,64.0,64.0,1776747133.0,1776747133.0,ESTIMATE_ONLY_inter_question_gaps_unknown
141631a8-1dff-4e92-bfa5-f628d236d46c,b17134fc-8dcf-4a39-b251-3e8e95b21315,memory,10,10,1.0,94,1,high,1776847194.0,1776847288.0,2026-04-22 08:41:28.65+00,2026-04-22 08:41:29.039238+00,0,1,1,easy,Digit Recall,10,5,False,0,0,1,0,2,0.0,5.0,1776847194.0,1776847199.0,ESTIMATE_ONLY_inter_question_gaps_unknown
141631a8-1dff-4e92-bfa5-f628d236d46c,b17134fc-8dcf-4a39-b251-3e8e95b21315,memory,10,10,1.0,94,1,high,1776847194.0,1776847288.0,2026-04-22 08:41:28.65+00,2026-04-22 08:41:29.039238+00,1,2,2,easy,Word Recall,10,5,False,2,2,1,0,2,7.0,12.0,1776847201.0,1776847206.0,ESTIMATE_ONLY_inter_question_gaps_unknown
141631a8-1dff-4e92-bfa5-f628d236d46c,b17134fc-8dcf-4a39-b251-3e8e95b21315,memory,10,10,1.0,94,1,high,1776847194.0,1776847288.0,2026-04-22 08:41:28.65+00,2026-04-22 08:41:29.039238+00,2,3,3,easy,Digit Recall,10,5,False,1,1,1,0,3,14.0,19.0,1776847208.0,1776847213.0,ESTIMATE_ONLY_inter_question_gaps_unknown
141631a8-1dff-4e92-bfa5-f628d236d46c,b17134fc-8dcf-4a39-b251-3e8e95b21315,memory,10,10,1.0,94,1,high,1776847194.0,1776847288.0,2026-04-22 08:41:28.65+00,2026-04-22 08:41:29.039238+00,3,4,4,easy,Word Recall,10,5,False,0,0,1,0,2,22.0,27.0,1776847216.0,1776847221.0,ESTIMATE_ONLY_inter_question_gaps_unknown
141631a8-1dff-4e92-bfa5-f628d236d46c,b17134fc-8dcf-4a39-b251-3e8e95b21315,memory,10,10,1.0,94,1,high,1776847194.0,1776847288.0,2026-04-22 08:41:28.65+00,2026-04-22 08:41:29.039238+00,4,5,5,medium,Digit Recall,12,6,False,0,0,1,0,2,29.0,35.0,1776847223.0,1776847229.0,ESTIMATE_ONLY_inter_question_gaps_unknown
141631a8-1dff-4e92-bfa5-f628d236d46c,b17134fc-8dcf-4a39-b251-3e8e95b21315,memory,10,10,1.0,94,1,high,1776847194.0,1776847288.0,2026-04-22 08:41:28.65+00,2026-04-22 08:41:29.039238+00,5,6,6,medium,Position Recall,12,6,False,1,1,1,0,5,37.0,43.0,1776847231.0,1776847237.0,ESTIMATE_ONLY_inter_question_gaps_unknown
141631a8-1dff-4e92-bfa5-f628d236d46c,b17134fc-8dcf-4a39-b251-3e8e95b21315,memory,10,10,1.0,94,1,high,1776847194.0,1776847288.0,2026-04-22 08:41:28.65+00,2026-04-22 08:41:29.039238+00,6,7,7,medium,Position Recall,12,6,False,2,2,1,0,5,48.0,54.0,1776847242.0,1776847248.0,ESTIMATE_ONLY_inter_question_gaps_unknown
141631a8-1dff-4e92-bfa5-f628d236d46c,b17134fc-8dcf-4a39-b251-3e8e95b21315,memory,10,10,1.0,94,1,high,1776847194.0,1776847288.0,2026-04-22 08:41:28.65+00,2026-04-22 08:41:29.039238+00,7,8,8,hard,Sequence Recall,15,7,False,0,0,1,0,10,59.0,66.0,1776847253.0,1776847260.0,ESTIMATE_ONLY_inter_question_gaps_unknown
141631a8-1dff-4e92-bfa5-f628d236d46c,b17134fc-8dcf-4a39-b251-3e8e95b21315,memory,10,10,1.0,94,1,high,1776847194.0,1776847288.0,2026-04-22 08:41:28.65+00,2026-04-22 08:41:29.039238+00,8,9,9,hard,Position Recall,15,7,False,1,1,1,0,3,76.0,83.0,1776847270.0,1776847277.0,ESTIMATE_ONLY_inter_question_gaps_unknown
141631a8-1dff-4e92-bfa5-f628d236d46c,b17134fc-8dcf-4a39-b251-3e8e95b21315,memory,10,10,1.0,94,1,high,1776847194.0,1776847288.0,2026-04-22 08:41:28.65+00,2026-04-22 08:41:29.039238+00,9,10,10,hard,Digit Analysis,15,7,False,2,2,1,0,5,86.0,93.0,1776847280.0,1776847287.0,ESTIMATE_ONLY_inter_question_gaps_unknown
14a7d0b8-9749-4498-bdaf-49365e9bcf43,4b00bcd7-936b-42d2-99b5-c0b8b78272c9,attention,7,10,0.7,116,1,mid,1776330628.0,1776330744.0,2026-04-16 09:12:24.264+00,2026-04-16 09:12:36.550389+00,0,1,1,easy,Oddball Detection,8,5,False,2,2,1,0,5,0.0,5.0,1776330628.0,1776330633.0,ESTIMATE_ONLY_inter_question_gaps_unknown
14a7d0b8-9749-4498-bdaf-49365e9bcf43,4b00bcd7-936b-42d2-99b5-c0b8b78272c9,attention,7,10,0.7,116,1,mid,1776330628.0,1776330744.0,2026-04-16 09:12:24.264+00,2026-04-16 09:12:36.550389+00,1,2,2,easy,Count Target,8,5,False,0,0,1,0,4,10.0,15.0,1776330638.0,1776330643.0,ESTIMATE_ONLY_inter_question_gaps_unknown
14a7d0b8-9749-4498-bdaf-49365e9bcf43,4b00bcd7-936b-42d2-99b5-c0b8b78272c9,attention,7,10,0.7,116,1,mid,1776330628.0,1776330744.0,2026-04-16 09:12:24.264+00,2026-04-16 09:12:36.550389+00,2,3,3,easy,Pattern Break,8,5,False,2,2,1,0,5,19.0,24.0,1776330647.0,1776330652.0,ESTIMATE_ONLY_inter_question_gaps_unknown
14a7d0b8-9749-4498-bdaf-49365e9bcf43,4b00bcd7-936b-42d2-99b5-c0b8b78272c9,attention,7,10,0.7,116,1,mid,1776330628.0,1776330744.0,2026-04-16 09:12:24.264+00,2026-04-16 09:12:36.550389+00,3,4,4,easy,Position Detect,8,5,False,2,1,0,0,6,29.0,34.0,1776330657.0,1776330662.0,ESTIMATE_ONLY_inter_question_gaps_unknown
14a7d0b8-9749-4498-bdaf-49365e9bcf43,4b00bcd7-936b-42d2-99b5-c0b8b78272c9,attention,7,10,0.7,116,1,mid,1776330628.0,1776330744.0,2026-04-16 09:12:24.264+00,2026-04-16 09:12:36.550389+00,4,5,5,medium,Rule Violation,10,6,False,2,2,1,0,9,40.0,46.0,1776330668.0,1776330674.0,ESTIMATE_ONLY_inter_question_gaps_unknown
14a7d0b8-9749-4498-bdaf-49365e9bcf43,4b00bcd7-936b-42d2-99b5-c0b8b78272c9,attention,7,10,0.7,116,1,mid,1776330628.0,1776330744.0,2026-04-16 09:12:24.264+00,2026-04-16 09:12:36.550389+00,5,6,6,medium,Count Target,10,6,False,2,0,0,0,6,55.0,61.0,1776330683.0,1776330689.0,ESTIMATE_ONLY_inter_question_gaps_unknown
14a7d0b8-9749-4498-bdaf-49365e9bcf43,4b00bcd7-936b-42d2-99b5-c0b8b78272c9,attention,7,10,0.7,116,1,mid,1776330628.0,1776330744.0,2026-04-16 09:12:24.264+00,2026-04-16 09:12:36.550389+00,6,7,7,medium,Count Target,10,6,False,2,2,1,0,7,67.0,73.0,1776330695.0,1776330701.0,ESTIMATE_ONLY_inter_question_gaps_unknown
14a7d0b8-9749-4498-bdaf-49365e9bcf43,4b00bcd7-936b-42d2-99b5-c0b8b78272c9,attention,7,10,0.7,116,1,mid,1776330628.0,1776330744.0,2026-04-16 09:12:24.264+00,2026-04-16 09:12:36.550389+00,7,8,8,hard,Count Target,12,7,False,1,2,0,0,4,80.0,87.0,1776330708.0,1776330715.0,ESTIMATE_ONLY_inter_question_gaps_unknown
14a7d0b8-9749-4498-bdaf-49365e9bcf43,4b00bcd7-936b-42d2-99b5-c0b8b78272c9,attention,7,10,0.7,116,1,mid,1776330628.0,1776330744.0,2026-04-16 09:12:24.264+00,2026-04-16 09:12:36.550389+00,8,9,9,hard,Rule Violation,12,7,False,2,2,1,0,8,91.0,98.0,1776330719.0,1776330726.0,ESTIMATE_ONLY_inter_question_gaps_unknown
14a7d0b8-9749-4498-bdaf-49365e9bcf43,4b00bcd7-936b-42d2-99b5-c0b8b78272c9,attention,7,10,0.7,116,1,mid,1776330628.0,1776330744.0,2026-04-16 09:12:24.264+00,2026-04-16 09:12:36.550389+00,9,10,10,hard,Pattern Break,12,7,False,2,2,1,0,6,106.0,113.0,1776330734.0,1776330741.0,ESTIMATE_ONLY_inter_question_gaps_unknown
15ad6373-ccf7-4c0f-8d65-1bdbf603389b,c33adeeb-6609-4bd1-8fbc-9b3562dea1d0,pattern,8,10,0.8,55,1,high,1776937524.0,1776937579.0,2026-04-23 09:46:19.908+00,2026-04-23 09:46:20.1082+00,0,1,1,easy,Arithmetic Sequence,15,,False,2,2,1,0,4,0.0,0.0,1776937524.0,1776937524.0,ESTIMATE_ONLY_inter_question_gaps_unknown
15ad6373-ccf7-4c0f-8d65-1bdbf603389b,c33adeeb-6609-4bd1-8fbc-9b3562dea1d0,pattern,8,10,0.8,55,1,high,1776937524.0,1776937579.0,2026-04-23 09:46:19.908+00,2026-04-23 09:46:20.1082+00,1,2,2,easy,Arithmetic Sequence,15,,False,0,0,1,0,3,4.0,4.0,1776937528.0,1776937528.0,ESTIMATE_ONLY_inter_question_gaps_unknown
15ad6373-ccf7-4c0f-8d65-1bdbf603389b,c33adeeb-6609-4bd1-8fbc-9b3562dea1d0,pattern,8,10,0.8,55,1,high,1776937524.0,1776937579.0,2026-04-23 09:46:19.908+00,2026-04-23 09:46:20.1082+00,2,3,3,easy,Odd Numbers,15,,False,1,1,1,0,2,7.0,7.0,1776937531.0,1776937531.0,ESTIMATE_ONLY_inter_question_gaps_unknown
15ad6373-ccf7-4c0f-8d65-1bdbf603389b,c33adeeb-6609-4bd1-8fbc-9b3562dea1d0,pattern,8,10,0.8,55,1,high,1776937524.0,1776937579.0,2026-04-23 09:46:19.908+00,2026-04-23 09:46:20.1082+00,3,4,4,easy,Decreasing Sequence,15,,False,2,2,1,0,5,9.0,9.0,1776937533.0,1776937533.0,ESTIMATE_ONLY_inter_question_gaps_unknown
15ad6373-ccf7-4c0f-8d65-1bdbf603389b,c33adeeb-6609-4bd1-8fbc-9b3562dea1d0,pattern,8,10,0.8,55,1,high,1776937524.0,1776937579.0,2026-04-23 09:46:19.908+00,2026-04-23 09:46:20.1082+00,4,5,5,medium,Perfect Squares,20,,False,0,2,0,0,4,14.0,14.0,1776937538.0,1776937538.0,ESTIMATE_ONLY_inter_question_gaps_unknown
15ad6373-ccf7-4c0f-8d65-1bdbf603389b,c33adeeb-6609-4bd1-8fbc-9b3562dea1d0,pattern,8,10,0.8,55,1,high,1776937524.0,1776937579.0,2026-04-23 09:46:19.908+00,2026-04-23 09:46:20.1082+00,5,6,6,medium,Fibonacci,20,,False,1,1,1,0,5,18.0,18.0,1776937542.0,1776937542.0,ESTIMATE_ONLY_inter_question_gaps_unknown
15ad6373-ccf7-4c0f-8d65-1bdbf603389b,c33adeeb-6609-4bd1-8fbc-9b3562dea1d0,pattern,8,10,0.8,55,1,high,1776937524.0,1776937579.0,2026-04-23 09:46:19.908+00,2026-04-23 09:46:20.1082+00,6,7,7,medium,Perfect Cubes,20,,False,2,2,1,0,3,23.0,23.0,1776937547.0,1776937547.0,ESTIMATE_ONLY_inter_question_gaps_unknown
15ad6373-ccf7-4c0f-8d65-1bdbf603389b,c33adeeb-6609-4bd1-8fbc-9b3562dea1d0,pattern,8,10,0.8,55,1,high,1776937524.0,1776937579.0,2026-04-23 09:46:19.908+00,2026-04-23 09:46:20.1082+00,7,8,8,hard,Triangular Differences,30,,False,0,2,0,0,5,26.0,26.0,1776937550.0,1776937550.0,ESTIMATE_ONLY_inter_question_gaps_unknown
15ad6373-ccf7-4c0f-8d65-1bdbf603389b,c33adeeb-6609-4bd1-8fbc-9b3562dea1d0,pattern,8,10,0.8,55,1,high,1776937524.0,1776937579.0,2026-04-23 09:46:19.908+00,2026-04-23 09:46:20.1082+00,8,9,9,hard,Squares,30,,False,0,0,1,0,17,31.0,31.0,1776937555.0,1776937555.0,ESTIMATE_ONLY_inter_question_gaps_unknown
15ad6373-ccf7-4c0f-8d65-1bdbf603389b,c33adeeb-6609-4bd1-8fbc-9b3562dea1d0,pattern,8,10,0.8,55,1,high,1776937524.0,1776937579.0,2026-04-23 09:46:19.908+00,2026-04-23 09:46:20.1082+00,9,10,10,hard,n(n+1),30,,False,0,0,1,0,11,48.0,48.0,1776937572.0,1776937572.0,ESTIMATE_ONLY_inter_question_gaps_unknown
15fe0aec-a408-40c6-a050-7fb14e1e57b9,8c27a478-52f0-442d-a434-fe798e047585,attention,7,10,0.7,93,1,mid,1776940157.0,1776940250.0,2026-04-23 10:30:50.626+00,2026-04-23 10:30:50.38337+00,0,1,1,easy,Oddball Detection,8,5,False,2,2,1,0,5,0.0,5.0,1776940157.0,1776940162.0,ESTIMATE_ONLY_inter_question_gaps_unknown
15fe0aec-a408-40c6-a050-7fb14e1e57b9,8c27a478-52f0-442d-a434-fe798e047585,attention,7,10,0.7,93,1,mid,1776940157.0,1776940250.0,2026-04-23 10:30:50.626+00,2026-04-23 10:30:50.38337+00,1,2,2,easy,Count Target,8,5,False,2,0,0,0,6,10.0,15.0,1776940167.0,1776940172.0,ESTIMATE_ONLY_inter_question_gaps_unknown
15fe0aec-a408-40c6-a050-7fb14e1e57b9,8c27a478-52f0-442d-a434-fe798e047585,attention,7,10,0.7,93,1,mid,1776940157.0,1776940250.0,2026-04-23 10:30:50.626+00,2026-04-23 10:30:50.38337+00,2,3,3,easy,Pattern Break,8,5,False,2,2,1,0,4,21.0,26.0,1776940178.0,1776940183.0,ESTIMATE_ONLY_inter_question_gaps_unknown
15fe0aec-a408-40c6-a050-7fb14e1e57b9,8c27a478-52f0-442d-a434-fe798e047585,attention,7,10,0.7,93,1,mid,1776940157.0,1776940250.0,2026-04-23 10:30:50.626+00,2026-04-23 10:30:50.38337+00,3,4,4,easy,Position Detect,8,5,False,1,1,1,0,2,30.0,35.0,1776940187.0,1776940192.0,ESTIMATE_ONLY_inter_question_gaps_unknown
15fe0aec-a408-40c6-a050-7fb14e1e57b9,8c27a478-52f0-442d-a434-fe798e047585,attention,7,10,0.7,93,1,mid,1776940157.0,1776940250.0,2026-04-23 10:30:50.626+00,2026-04-23 10:30:50.38337+00,4,5,5,medium,Rule Violation,10,6,False,2,2,1,0,2,37.0,43.0,1776940194.0,1776940200.0,ESTIMATE_ONLY_inter_question_gaps_unknown
15fe0aec-a408-40c6-a050-7fb14e1e57b9,8c27a478-52f0-442d-a434-fe798e047585,attention,7,10,0.7,93,1,mid,1776940157.0,1776940250.0,2026-04-23 10:30:50.626+00,2026-04-23 10:30:50.38337+00,5,6,6,medium,Count Target,10,6,False,0,0,1,0,10,45.0,51.0,1776940202.0,1776940208.0,ESTIMATE_ONLY_inter_question_gaps_unknown
15fe0aec-a408-40c6-a050-7fb14e1e57b9,8c27a478-52f0-442d-a434-fe798e047585,attention,7,10,0.7,93,1,mid,1776940157.0,1776940250.0,2026-04-23 10:30:50.626+00,2026-04-23 10:30:50.38337+00,6,7,7,medium,Count Target,10,6,False,0,2,0,0,3,61.0,67.0,1776940218.0,1776940224.0,ESTIMATE_ONLY_inter_question_gaps_unknown
15fe0aec-a408-40c6-a050-7fb14e1e57b9,8c27a478-52f0-442d-a434-fe798e047585,attention,7,10,0.7,93,1,mid,1776940157.0,1776940250.0,2026-04-23 10:30:50.626+00,2026-04-23 10:30:50.38337+00,7,8,8,hard,Count Target,12,7,False,1,2,0,0,2,70.0,77.0,1776940227.0,1776940234.0,ESTIMATE_ONLY_inter_question_gaps_unknown
15fe0aec-a408-40c6-a050-7fb14e1e57b9,8c27a478-52f0-442d-a434-fe798e047585,attention,7,10,0.7,93,1,mid,1776940157.0,1776940250.0,2026-04-23 10:30:50.626+00,2026-04-23 10:30:50.38337+00,8,9,9,hard,Rule Violation,12,7,False,2,2,1,0,2,79.0,86.0,1776940236.0,1776940243.0,ESTIMATE_ONLY_inter_question_gaps_unknown
15fe0aec-a408-40c6-a050-7fb14e1e57b9,8c27a478-52f0-442d-a434-fe798e047585,attention,7,10,0.7,93,1,mid,1776940157.0,1776940250.0,2026-04-23 10:30:50.626+00,2026-04-23 10:30:50.38337+00,9,10,10,hard,Pattern Break,12,7,False,2,2,1,0,2,88.0,95.0,1776940245.0,1776940252.0,ESTIMATE_ONLY_inter_question_gaps_unknown
16203624-2026-49b2-8d75-3e5f6411e655,cbdba92c-9740-49a5-8627-91d15f9db8f9,arithmetic,6,10,0.6,118,0,mid,1776064410.0,1776064528.0,2026-04-13 07:15:28.989+00,2026-04-13 07:15:30.660355+00,0,1,1,easy,Addition,15,,False,0,0,1,0,4,0.0,0.0,1776064410.0,1776064410.0,ESTIMATE_ONLY_inter_question_gaps_unknown
16203624-2026-49b2-8d75-3e5f6411e655,cbdba92c-9740-49a5-8627-91d15f9db8f9,arithmetic,6,10,0.6,118,0,mid,1776064410.0,1776064528.0,2026-04-13 07:15:28.989+00,2026-04-13 07:15:30.660355+00,1,2,2,easy,Division,15,,False,2,2,1,0,3,4.0,4.0,1776064414.0,1776064414.0,ESTIMATE_ONLY_inter_question_gaps_unknown
16203624-2026-49b2-8d75-3e5f6411e655,cbdba92c-9740-49a5-8627-91d15f9db8f9,arithmetic,6,10,0.6,118,0,mid,1776064410.0,1776064528.0,2026-04-13 07:15:28.989+00,2026-04-13 07:15:30.660355+00,2,3,3,easy,Addition,15,,False,0,0,1,0,8,7.0,7.0,1776064417.0,1776064417.0,ESTIMATE_ONLY_inter_question_gaps_unknown
16203624-2026-49b2-8d75-3e5f6411e655,cbdba92c-9740-49a5-8627-91d15f9db8f9,arithmetic,6,10,0.6,118,0,mid,1776064410.0,1776064528.0,2026-04-13 07:15:28.989+00,2026-04-13 07:15:30.660355+00,3,4,4,easy,Subtraction,15,,False,1,0,0,0,4,15.0,15.0,1776064425.0,1776064425.0,ESTIMATE_ONLY_inter_question_gaps_unknown
16203624-2026-49b2-8d75-3e5f6411e655,cbdba92c-9740-49a5-8627-91d15f9db8f9,arithmetic,6,10,0.6,118,0,mid,1776064410.0,1776064528.0,2026-04-13 07:15:28.989+00,2026-04-13 07:15:30.660355+00,4,5,5,medium,Addition,20,,False,,2,0,1,20,19.0,19.0,1776064429.0,1776064429.0,ESTIMATE_ONLY_inter_question_gaps_unknown
16203624-2026-49b2-8d75-3e5f6411e655,cbdba92c-9740-49a5-8627-91d15f9db8f9,arithmetic,6,10,0.6,118,0,mid,1776064410.0,1776064528.0,2026-04-13 07:15:28.989+00,2026-04-13 07:15:30.660355+00,5,6,6,medium,Multiplication,20,,False,0,0,1,0,11,39.0,39.0,1776064449.0,1776064449.0,ESTIMATE_ONLY_inter_question_gaps_unknown
16203624-2026-49b2-8d75-3e5f6411e655,cbdba92c-9740-49a5-8627-91d15f9db8f9,arithmetic,6,10,0.6,118,0,mid,1776064410.0,1776064528.0,2026-04-13 07:15:28.989+00,2026-04-13 07:15:30.660355+00,6,7,7,medium,Division,20,,False,2,1,0,0,7,50.0,50.0,1776064460.0,1776064460.0,ESTIMATE_ONLY_inter_question_gaps_unknown
16203624-2026-49b2-8d75-3e5f6411e655,cbdba92c-9740-49a5-8627-91d15f9db8f9,arithmetic,6,10,0.6,118,0,mid,1776064410.0,1776064528.0,2026-04-13 07:15:28.989+00,2026-04-13 07:15:30.660355+00,7,8,8,hard,Percentage,30,,False,0,2,0,0,24,57.0,57.0,1776064467.0,1776064467.0,ESTIMATE_ONLY_inter_question_gaps_unknown
16203624-2026-49b2-8d75-3e5f6411e655,cbdba92c-9740-49a5-8627-91d15f9db8f9,arithmetic,6,10,0.6,118,0,mid,1776064410.0,1776064528.0,2026-04-13 07:15:28.989+00,2026-04-13 07:15:30.660355+00,8,9,9,hard,Multiplication,30,,False,0,0,1,0,29,81.0,81.0,1776064491.0,1776064491.0,ESTIMATE_ONLY_inter_question_gaps_unknown
16203624-2026-49b2-8d75-3e5f6411e655,cbdba92c-9740-49a5-8627-91d15f9db8f9,arithmetic,6,10,0.6,118,0,mid,1776064410.0,1776064528.0,2026-04-13 07:15:28.989+00,2026-04-13 07:15:30.660355+00,9,10,10,hard,Multi-step,30,,False,1,1,1,0,11,110.0,110.0,1776064520.0,1776064520.0,ESTIMATE_ONLY_inter_question_gaps_unknown
17f22ad3-f3d0-4e3a-97da-7cfbca42c0e5,4b00bcd7-936b-42d2-99b5-c0b8b78272c9,attention,7,10,0.7,116,1,mid,1776330646.0,1776330762.0,2026-04-16 09:12:42.991+00,2026-04-16 09:12:46.040665+00,0,1,1,easy,Oddball Detection,8,5,False,2,2,1,0,5,0.0,5.0,1776330646.0,1776330651.0,ESTIMATE_ONLY_inter_question_gaps_unknown
17f22ad3-f3d0-4e3a-97da-7cfbca42c0e5,4b00bcd7-936b-42d2-99b5-c0b8b78272c9,attention,7,10,0.7,116,1,mid,1776330646.0,1776330762.0,2026-04-16 09:12:42.991+00,2026-04-16 09:12:46.040665+00,1,2,2,easy,Count Target,8,5,False,0,0,1,0,4,10.0,15.0,1776330656.0,1776330661.0,ESTIMATE_ONLY_inter_question_gaps_unknown
17f22ad3-f3d0-4e3a-97da-7cfbca42c0e5,4b00bcd7-936b-42d2-99b5-c0b8b78272c9,attention,7,10,0.7,116,1,mid,1776330646.0,1776330762.0,2026-04-16 09:12:42.991+00,2026-04-16 09:12:46.040665+00,2,3,3,easy,Pattern Break,8,5,False,2,2,1,0,5,19.0,24.0,1776330665.0,1776330670.0,ESTIMATE_ONLY_inter_question_gaps_unknown
17f22ad3-f3d0-4e3a-97da-7cfbca42c0e5,4b00bcd7-936b-42d2-99b5-c0b8b78272c9,attention,7,10,0.7,116,1,mid,1776330646.0,1776330762.0,2026-04-16 09:12:42.991+00,2026-04-16 09:12:46.040665+00,3,4,4,easy,Position Detect,8,5,False,2,1,0,0,6,29.0,34.0,1776330675.0,1776330680.0,ESTIMATE_ONLY_inter_question_gaps_unknown
17f22ad3-f3d0-4e3a-97da-7cfbca42c0e5,4b00bcd7-936b-42d2-99b5-c0b8b78272c9,attention,7,10,0.7,116,1,mid,1776330646.0,1776330762.0,2026-04-16 09:12:42.991+00,2026-04-16 09:12:46.040665+00,4,5,5,medium,Rule Violation,10,6,False,2,2,1,0,9,40.0,46.0,1776330686.0,1776330692.0,ESTIMATE_ONLY_inter_question_gaps_unknown
17f22ad3-f3d0-4e3a-97da-7cfbca42c0e5,4b00bcd7-936b-42d2-99b5-c0b8b78272c9,attention,7,10,0.7,116,1,mid,1776330646.0,1776330762.0,2026-04-16 09:12:42.991+00,2026-04-16 09:12:46.040665+00,5,6,6,medium,Count Target,10,6,False,2,0,0,0,6,55.0,61.0,1776330701.0,1776330707.0,ESTIMATE_ONLY_inter_question_gaps_unknown
17f22ad3-f3d0-4e3a-97da-7cfbca42c0e5,4b00bcd7-936b-42d2-99b5-c0b8b78272c9,attention,7,10,0.7,116,1,mid,1776330646.0,1776330762.0,2026-04-16 09:12:42.991+00,2026-04-16 09:12:46.040665+00,6,7,7,medium,Count Target,10,6,False,2,2,1,0,7,67.0,73.0,1776330713.0,1776330719.0,ESTIMATE_ONLY_inter_question_gaps_unknown
17f22ad3-f3d0-4e3a-97da-7cfbca42c0e5,4b00bcd7-936b-42d2-99b5-c0b8b78272c9,attention,7,10,0.7,116,1,mid,1776330646.0,1776330762.0,2026-04-16 09:12:42.991+00,2026-04-16 09:12:46.040665+00,7,8,8,hard,Count Target,12,7,False,1,2,0,0,4,80.0,87.0,1776330726.0,1776330733.0,ESTIMATE_ONLY_inter_question_gaps_unknown
17f22ad3-f3d0-4e3a-97da-7cfbca42c0e5,4b00bcd7-936b-42d2-99b5-c0b8b78272c9,attention,7,10,0.7,116,1,mid,1776330646.0,1776330762.0,2026-04-16 09:12:42.991+00,2026-04-16 09:12:46.040665+00,8,9,9,hard,Rule Violation,12,7,False,2,2,1,0,8,91.0,98.0,1776330737.0,1776330744.0,ESTIMATE_ONLY_inter_question_gaps_unknown
17f22ad3-f3d0-4e3a-97da-7cfbca42c0e5,4b00bcd7-936b-42d2-99b5-c0b8b78272c9,attention,7,10,0.7,116,1,mid,1776330646.0,1776330762.0,2026-04-16 09:12:42.991+00,2026-04-16 09:12:46.040665+00,9,10,10,hard,Pattern Break,12,7,False,2,2,1,0,6,106.0,113.0,1776330752.0,1776330759.0,ESTIMATE_ONLY_inter_question_gaps_unknown
19359bcd-8122-44d4-874b-52529bd363ec,699dd060-e5d3-4dfb-bd49-1e58c9a7801d,pattern,7,10,0.7,43,1,mid,1776492844.0,1776492887.0,2026-04-18 06:14:47.544+00,2026-04-18 06:14:48.15847+00,0,1,1,easy,Arithmetic Sequence,15,,False,2,2,1,0,5,0.0,0.0,1776492844.0,1776492844.0,ESTIMATE_ONLY_inter_question_gaps_unknown
19359bcd-8122-44d4-874b-52529bd363ec,699dd060-e5d3-4dfb-bd49-1e58c9a7801d,pattern,7,10,0.7,43,1,mid,1776492844.0,1776492887.0,2026-04-18 06:14:47.544+00,2026-04-18 06:14:48.15847+00,1,2,2,easy,Arithmetic Sequence,15,,False,0,0,1,0,3,5.0,5.0,1776492849.0,1776492849.0,ESTIMATE_ONLY_inter_question_gaps_unknown
19359bcd-8122-44d4-874b-52529bd363ec,699dd060-e5d3-4dfb-bd49-1e58c9a7801d,pattern,7,10,0.7,43,1,mid,1776492844.0,1776492887.0,2026-04-18 06:14:47.544+00,2026-04-18 06:14:48.15847+00,2,3,3,easy,Odd Numbers,15,,False,1,1,1,0,3,8.0,8.0,1776492852.0,1776492852.0,ESTIMATE_ONLY_inter_question_gaps_unknown
19359bcd-8122-44d4-874b-52529bd363ec,699dd060-e5d3-4dfb-bd49-1e58c9a7801d,pattern,7,10,0.7,43,1,mid,1776492844.0,1776492887.0,2026-04-18 06:14:47.544+00,2026-04-18 06:14:48.15847+00,3,4,4,easy,Decreasing Sequence,15,,False,2,2,1,0,4,11.0,11.0,1776492855.0,1776492855.0,ESTIMATE_ONLY_inter_question_gaps_unknown
19359bcd-8122-44d4-874b-52529bd363ec,699dd060-e5d3-4dfb-bd49-1e58c9a7801d,pattern,7,10,0.7,43,1,mid,1776492844.0,1776492887.0,2026-04-18 06:14:47.544+00,2026-04-18 06:14:48.15847+00,4,5,5,medium,Perfect Squares,20,,False,0,2,0,0,5,15.0,15.0,1776492859.0,1776492859.0,ESTIMATE_ONLY_inter_question_gaps_unknown
19359bcd-8122-44d4-874b-52529bd363ec,699dd060-e5d3-4dfb-bd49-1e58c9a7801d,pattern,7,10,0.7,43,1,mid,1776492844.0,1776492887.0,2026-04-18 06:14:47.544+00,2026-04-18 06:14:48.15847+00,5,6,6,medium,Fibonacci,20,,False,1,1,1,0,5,20.0,20.0,1776492864.0,1776492864.0,ESTIMATE_ONLY_inter_question_gaps_unknown
19359bcd-8122-44d4-874b-52529bd363ec,699dd060-e5d3-4dfb-bd49-1e58c9a7801d,pattern,7,10,0.7,43,1,mid,1776492844.0,1776492887.0,2026-04-18 06:14:47.544+00,2026-04-18 06:14:48.15847+00,6,7,7,medium,Perfect Cubes,20,,False,2,2,1,0,3,25.0,25.0,1776492869.0,1776492869.0,ESTIMATE_ONLY_inter_question_gaps_unknown
19359bcd-8122-44d4-874b-52529bd363ec,699dd060-e5d3-4dfb-bd49-1e58c9a7801d,pattern,7,10,0.7,43,1,mid,1776492844.0,1776492887.0,2026-04-18 06:14:47.544+00,2026-04-18 06:14:48.15847+00,7,8,8,hard,Triangular Differences,30,,False,2,2,1,0,6,28.0,28.0,1776492872.0,1776492872.0,ESTIMATE_ONLY_inter_question_gaps_unknown
19359bcd-8122-44d4-874b-52529bd363ec,699dd060-e5d3-4dfb-bd49-1e58c9a7801d,pattern,7,10,0.7,43,1,mid,1776492844.0,1776492887.0,2026-04-18 06:14:47.544+00,2026-04-18 06:14:48.15847+00,8,9,9,hard,Squares,30,,False,2,0,0,0,7,34.0,34.0,1776492878.0,1776492878.0,ESTIMATE_ONLY_inter_question_gaps_unknown
19359bcd-8122-44d4-874b-52529bd363ec,699dd060-e5d3-4dfb-bd49-1e58c9a7801d,pattern,7,10,0.7,43,1,mid,1776492844.0,1776492887.0,2026-04-18 06:14:47.544+00,2026-04-18 06:14:48.15847+00,9,10,10,hard,n(n+1),30,,False,2,0,0,0,7,41.0,41.0,1776492885.0,1776492885.0,ESTIMATE_ONLY_inter_question_gaps_unknown
1981a944-0b90-4ed3-9e6a-d45ca19b404f,e1f19955-0fdb-4bdd-9131-707c165021f0,attention,5,10,0.5,103,0,mid,1776761617.0,1776761720.0,2026-04-21 08:55:20.503+00,2026-04-21 08:55:21.221817+00,0,1,1,easy,Oddball Detection,8,5,False,2,2,1,0,7,0.0,5.0,1776761617.0,1776761622.0,ESTIMATE_ONLY_inter_question_gaps_unknown
1981a944-0b90-4ed3-9e6a-d45ca19b404f,e1f19955-0fdb-4bdd-9131-707c165021f0,attention,5,10,0.5,103,0,mid,1776761617.0,1776761720.0,2026-04-21 08:55:20.503+00,2026-04-21 08:55:21.221817+00,1,2,2,easy,Count Target,8,5,False,0,0,1,0,4,12.0,17.0,1776761629.0,1776761634.0,ESTIMATE_ONLY_inter_question_gaps_unknown
1981a944-0b90-4ed3-9e6a-d45ca19b404f,e1f19955-0fdb-4bdd-9131-707c165021f0,attention,5,10,0.5,103,0,mid,1776761617.0,1776761720.0,2026-04-21 08:55:20.503+00,2026-04-21 08:55:21.221817+00,2,3,3,easy,Pattern Break,8,5,False,,2,0,1,8,21.0,26.0,1776761638.0,1776761643.0,ESTIMATE_ONLY_inter_question_gaps_unknown
1981a944-0b90-4ed3-9e6a-d45ca19b404f,e1f19955-0fdb-4bdd-9131-707c165021f0,attention,5,10,0.5,103,0,mid,1776761617.0,1776761720.0,2026-04-21 08:55:20.503+00,2026-04-21 08:55:21.221817+00,3,4,4,easy,Position Detect,8,5,False,1,1,1,0,5,34.0,39.0,1776761651.0,1776761656.0,ESTIMATE_ONLY_inter_question_gaps_unknown
1981a944-0b90-4ed3-9e6a-d45ca19b404f,e1f19955-0fdb-4bdd-9131-707c165021f0,attention,5,10,0.5,103,0,mid,1776761617.0,1776761720.0,2026-04-21 08:55:20.503+00,2026-04-21 08:55:21.221817+00,4,5,5,medium,Rule Violation,10,6,False,2,2,1,0,5,44.0,50.0,1776761661.0,1776761667.0,ESTIMATE_ONLY_inter_question_gaps_unknown
1981a944-0b90-4ed3-9e6a-d45ca19b404f,e1f19955-0fdb-4bdd-9131-707c165021f0,attention,5,10,0.5,103,0,mid,1776761617.0,1776761720.0,2026-04-21 08:55:20.503+00,2026-04-21 08:55:21.221817+00,5,6,6,medium,Count Target,10,6,False,1,0,0,0,6,55.0,61.0,1776761672.0,1776761678.0,ESTIMATE_ONLY_inter_question_gaps_unknown
1981a944-0b90-4ed3-9e6a-d45ca19b404f,e1f19955-0fdb-4bdd-9131-707c165021f0,attention,5,10,0.5,103,0,mid,1776761617.0,1776761720.0,2026-04-21 08:55:20.503+00,2026-04-21 08:55:21.221817+00,6,7,7,medium,Count Target,10,6,False,2,2,1,0,2,67.0,73.0,1776761684.0,1776761690.0,ESTIMATE_ONLY_inter_question_gaps_unknown
1981a944-0b90-4ed3-9e6a-d45ca19b404f,e1f19955-0fdb-4bdd-9131-707c165021f0,attention,5,10,0.5,103,0,mid,1776761617.0,1776761720.0,2026-04-21 08:55:20.503+00,2026-04-21 08:55:21.221817+00,7,8,8,hard,Count Target,12,7,False,0,2,0,0,4,75.0,82.0,1776761692.0,1776761699.0,ESTIMATE_ONLY_inter_question_gaps_unknown
1981a944-0b90-4ed3-9e6a-d45ca19b404f,e1f19955-0fdb-4bdd-9131-707c165021f0,attention,5,10,0.5,103,0,mid,1776761617.0,1776761720.0,2026-04-21 08:55:20.503+00,2026-04-21 08:55:21.221817+00,8,9,9,hard,Rule Violation,12,7,False,0,2,0,0,5,86.0,93.0,1776761703.0,1776761710.0,ESTIMATE_ONLY_inter_question_gaps_unknown
1981a944-0b90-4ed3-9e6a-d45ca19b404f,e1f19955-0fdb-4bdd-9131-707c165021f0,attention,5,10,0.5,103,0,mid,1776761617.0,1776761720.0,2026-04-21 08:55:20.503+00,2026-04-21 08:55:21.221817+00,9,10,10,hard,Pattern Break,12,7,False,1,2,0,0,3,98.0,105.0,1776761715.0,1776761722.0,ESTIMATE_ONLY_inter_question_gaps_unknown
19b1c0c2-90e6-4f2d-b10d-b05d7cb1e12d,1a3a8d1d-950a-441c-a128-58d9d18de7bc,pattern,10,10,1.0,37,1,high,1776917332.0,1776917369.0,2026-04-23 04:09:29.755+00,2026-04-23 04:09:29.80937+00,0,1,1,easy,Arithmetic Sequence,15,,False,2,2,1,0,2,0.0,0.0,1776917332.0,1776917332.0,ESTIMATE_ONLY_inter_question_gaps_unknown
19b1c0c2-90e6-4f2d-b10d-b05d7cb1e12d,1a3a8d1d-950a-441c-a128-58d9d18de7bc,pattern,10,10,1.0,37,1,high,1776917332.0,1776917369.0,2026-04-23 04:09:29.755+00,2026-04-23 04:09:29.80937+00,1,2,2,easy,Arithmetic Sequence,15,,False,0,0,1,0,3,2.0,2.0,1776917334.0,1776917334.0,ESTIMATE_ONLY_inter_question_gaps_unknown
19b1c0c2-90e6-4f2d-b10d-b05d7cb1e12d,1a3a8d1d-950a-441c-a128-58d9d18de7bc,pattern,10,10,1.0,37,1,high,1776917332.0,1776917369.0,2026-04-23 04:09:29.755+00,2026-04-23 04:09:29.80937+00,2,3,3,easy,Odd Numbers,15,,False,1,1,1,0,2,5.0,5.0,1776917337.0,1776917337.0,ESTIMATE_ONLY_inter_question_gaps_unknown
19b1c0c2-90e6-4f2d-b10d-b05d7cb1e12d,1a3a8d1d-950a-441c-a128-58d9d18de7bc,pattern,10,10,1.0,37,1,high,1776917332.0,1776917369.0,2026-04-23 04:09:29.755+00,2026-04-23 04:09:29.80937+00,3,4,4,easy,Decreasing Sequence,15,,False,2,2,1,0,3,7.0,7.0,1776917339.0,1776917339.0,ESTIMATE_ONLY_inter_question_gaps_unknown
19b1c0c2-90e6-4f2d-b10d-b05d7cb1e12d,1a3a8d1d-950a-441c-a128-58d9d18de7bc,pattern,10,10,1.0,37,1,high,1776917332.0,1776917369.0,2026-04-23 04:09:29.755+00,2026-04-23 04:09:29.80937+00,4,5,5,medium,Perfect Squares,20,,False,2,2,1,0,3,10.0,10.0,1776917342.0,1776917342.0,ESTIMATE_ONLY_inter_question_gaps_unknown
19b1c0c2-90e6-4f2d-b10d-b05d7cb1e12d,1a3a8d1d-950a-441c-a128-58d9d18de7bc,pattern,10,10,1.0,37,1,high,1776917332.0,1776917369.0,2026-04-23 04:09:29.755+00,2026-04-23 04:09:29.80937+00,5,6,6,medium,Fibonacci,20,,False,1,1,1,0,8,13.0,13.0,1776917345.0,1776917345.0,ESTIMATE_ONLY_inter_question_gaps_unknown
19b1c0c2-90e6-4f2d-b10d-b05d7cb1e12d,1a3a8d1d-950a-441c-a128-58d9d18de7bc,pattern,10,10,1.0,37,1,high,1776917332.0,1776917369.0,2026-04-23 04:09:29.755+00,2026-04-23 04:09:29.80937+00,6,7,7,medium,Perfect Cubes,20,,False,2,2,1,0,3,21.0,21.0,1776917353.0,1776917353.0,ESTIMATE_ONLY_inter_question_gaps_unknown
19b1c0c2-90e6-4f2d-b10d-b05d7cb1e12d,1a3a8d1d-950a-441c-a128-58d9d18de7bc,pattern,10,10,1.0,37,1,high,1776917332.0,1776917369.0,2026-04-23 04:09:29.755+00,2026-04-23 04:09:29.80937+00,7,8,8,hard,Triangular Differences,30,,False,2,2,1,0,8,24.0,24.0,1776917356.0,1776917356.0,ESTIMATE_ONLY_inter_question_gaps_unknown
19b1c0c2-90e6-4f2d-b10d-b05d7cb1e12d,1a3a8d1d-950a-441c-a128-58d9d18de7bc,pattern,10,10,1.0,37,1,high,1776917332.0,1776917369.0,2026-04-23 04:09:29.755+00,2026-04-23 04:09:29.80937+00,8,9,9,hard,Squares,30,,False,0,0,1,0,4,32.0,32.0,1776917364.0,1776917364.0,ESTIMATE_ONLY_inter_question_gaps_unknown
19b1c0c2-90e6-4f2d-b10d-b05d7cb1e12d,1a3a8d1d-950a-441c-a128-58d9d18de7bc,pattern,10,10,1.0,37,1,high,1776917332.0,1776917369.0,2026-04-23 04:09:29.755+00,2026-04-23 04:09:29.80937+00,9,10,10,hard,n(n+1),30,,False,0,0,1,0,7,36.0,36.0,1776917368.0,1776917368.0,ESTIMATE_ONLY_inter_question_gaps_unknown
1a43bc66-9eb2-4277-bc83-12fb80a7fae0,d129448b-a4c5-49ee-9795-d4463d27334a,attention,8,10,0.8,91,1,high,1776408497.0,1776408588.0,2026-04-17 06:49:48.04+00,2026-04-17 06:49:48.390967+00,0,1,1,easy,Oddball Detection,8,5,False,2,2,1,0,4,0.0,5.0,1776408497.0,1776408502.0,ESTIMATE_ONLY_inter_question_gaps_unknown
1a43bc66-9eb2-4277-bc83-12fb80a7fae0,d129448b-a4c5-49ee-9795-d4463d27334a,attention,8,10,0.8,91,1,high,1776408497.0,1776408588.0,2026-04-17 06:49:48.04+00,2026-04-17 06:49:48.390967+00,1,2,2,easy,Count Target,8,5,False,0,0,1,0,2,9.0,14.0,1776408506.0,1776408511.0,ESTIMATE_ONLY_inter_question_gaps_unknown
1a43bc66-9eb2-4277-bc83-12fb80a7fae0,d129448b-a4c5-49ee-9795-d4463d27334a,attention,8,10,0.8,91,1,high,1776408497.0,1776408588.0,2026-04-17 06:49:48.04+00,2026-04-17 06:49:48.390967+00,2,3,3,easy,Pattern Break,8,5,False,2,2,1,0,3,16.0,21.0,1776408513.0,1776408518.0,ESTIMATE_ONLY_inter_question_gaps_unknown
1a43bc66-9eb2-4277-bc83-12fb80a7fae0,d129448b-a4c5-49ee-9795-d4463d27334a,attention,8,10,0.8,91,1,high,1776408497.0,1776408588.0,2026-04-17 06:49:48.04+00,2026-04-17 06:49:48.390967+00,3,4,4,easy,Position Detect,8,5,False,1,1,1,0,3,24.0,29.0,1776408521.0,1776408526.0,ESTIMATE_ONLY_inter_question_gaps_unknown
1a43bc66-9eb2-4277-bc83-12fb80a7fae0,d129448b-a4c5-49ee-9795-d4463d27334a,attention,8,10,0.8,91,1,high,1776408497.0,1776408588.0,2026-04-17 06:49:48.04+00,2026-04-17 06:49:48.390967+00,4,5,5,medium,Rule Violation,10,6,False,2,2,1,0,1,32.0,38.0,1776408529.0,1776408535.0,ESTIMATE_ONLY_inter_question_gaps_unknown
1a43bc66-9eb2-4277-bc83-12fb80a7fae0,d129448b-a4c5-49ee-9795-d4463d27334a,attention,8,10,0.8,91,1,high,1776408497.0,1776408588.0,2026-04-17 06:49:48.04+00,2026-04-17 06:49:48.390967+00,5,6,6,medium,Count Target,10,6,False,0,0,1,0,3,39.0,45.0,1776408536.0,1776408542.0,ESTIMATE_ONLY_inter_question_gaps_unknown
1a43bc66-9eb2-4277-bc83-12fb80a7fae0,d129448b-a4c5-49ee-9795-d4463d27334a,attention,8,10,0.8,91,1,high,1776408497.0,1776408588.0,2026-04-17 06:49:48.04+00,2026-04-17 06:49:48.390967+00,6,7,7,medium,Count Target,10,6,False,1,2,0,0,6,48.0,54.0,1776408545.0,1776408551.0,ESTIMATE_ONLY_inter_question_gaps_unknown
1a43bc66-9eb2-4277-bc83-12fb80a7fae0,d129448b-a4c5-49ee-9795-d4463d27334a,attention,8,10,0.8,91,1,high,1776408497.0,1776408588.0,2026-04-17 06:49:48.04+00,2026-04-17 06:49:48.390967+00,7,8,8,hard,Count Target,12,7,False,0,2,0,0,4,60.0,67.0,1776408557.0,1776408564.0,ESTIMATE_ONLY_inter_question_gaps_unknown
1a43bc66-9eb2-4277-bc83-12fb80a7fae0,d129448b-a4c5-49ee-9795-d4463d27334a,attention,8,10,0.8,91,1,high,1776408497.0,1776408588.0,2026-04-17 06:49:48.04+00,2026-04-17 06:49:48.390967+00,8,9,9,hard,Rule Violation,12,7,False,2,2,1,0,8,71.0,78.0,1776408568.0,1776408575.0,ESTIMATE_ONLY_inter_question_gaps_unknown
1a43bc66-9eb2-4277-bc83-12fb80a7fae0,d129448b-a4c5-49ee-9795-d4463d27334a,attention,8,10,0.8,91,1,high,1776408497.0,1776408588.0,2026-04-17 06:49:48.04+00,2026-04-17 06:49:48.390967+00,9,10,10,hard,Pattern Break,12,7,False,2,2,1,0,2,86.0,93.0,1776408583.0,1776408590.0,ESTIMATE_ONLY_inter_question_gaps_unknown
1b341d41-f9e8-42e6-b1ce-57fede4bcf93,daa69244-ed2c-41a5-883b-3352a4c9284b,attention,4,10,0.4,99,0,low,1776426073.0,1776426172.0,2026-04-17 11:42:52.72+00,2026-04-17 11:42:52.874889+00,0,1,1,easy,Oddball Detection,8,5,False,2,2,1,0,3,0.0,5.0,1776426073.0,1776426078.0,ESTIMATE_ONLY_inter_question_gaps_unknown
1b341d41-f9e8-42e6-b1ce-57fede4bcf93,daa69244-ed2c-41a5-883b-3352a4c9284b,attention,4,10,0.4,99,0,low,1776426073.0,1776426172.0,2026-04-17 11:42:52.72+00,2026-04-17 11:42:52.874889+00,1,2,2,easy,Count Target,8,5,False,0,0,1,0,2,8.0,13.0,1776426081.0,1776426086.0,ESTIMATE_ONLY_inter_question_gaps_unknown
1b341d41-f9e8-42e6-b1ce-57fede4bcf93,daa69244-ed2c-41a5-883b-3352a4c9284b,attention,4,10,0.4,99,0,low,1776426073.0,1776426172.0,2026-04-17 11:42:52.72+00,2026-04-17 11:42:52.874889+00,2,3,3,easy,Pattern Break,8,5,False,1,2,0,0,3,15.0,20.0,1776426088.0,1776426093.0,ESTIMATE_ONLY_inter_question_gaps_unknown
1b341d41-f9e8-42e6-b1ce-57fede4bcf93,daa69244-ed2c-41a5-883b-3352a4c9284b,attention,4,10,0.4,99,0,low,1776426073.0,1776426172.0,2026-04-17 11:42:52.72+00,2026-04-17 11:42:52.874889+00,3,4,4,easy,Position Detect,8,5,False,,1,0,1,8,23.0,28.0,1776426096.0,1776426101.0,ESTIMATE_ONLY_inter_question_gaps_unknown
1b341d41-f9e8-42e6-b1ce-57fede4bcf93,daa69244-ed2c-41a5-883b-3352a4c9284b,attention,4,10,0.4,99,0,low,1776426073.0,1776426172.0,2026-04-17 11:42:52.72+00,2026-04-17 11:42:52.874889+00,4,5,5,medium,Rule Violation,10,6,False,2,2,1,0,8,36.0,42.0,1776426109.0,1776426115.0,ESTIMATE_ONLY_inter_question_gaps_unknown
1b341d41-f9e8-42e6-b1ce-57fede4bcf93,daa69244-ed2c-41a5-883b-3352a4c9284b,attention,4,10,0.4,99,0,low,1776426073.0,1776426172.0,2026-04-17 11:42:52.72+00,2026-04-17 11:42:52.874889+00,5,6,6,medium,Count Target,10,6,False,1,0,0,0,3,50.0,56.0,1776426123.0,1776426129.0,ESTIMATE_ONLY_inter_question_gaps_unknown
1b341d41-f9e8-42e6-b1ce-57fede4bcf93,daa69244-ed2c-41a5-883b-3352a4c9284b,attention,4,10,0.4,99,0,low,1776426073.0,1776426172.0,2026-04-17 11:42:52.72+00,2026-04-17 11:42:52.874889+00,6,7,7,medium,Count Target,10,6,False,1,2,0,0,2,59.0,65.0,1776426132.0,1776426138.0,ESTIMATE_ONLY_inter_question_gaps_unknown
1b341d41-f9e8-42e6-b1ce-57fede4bcf93,daa69244-ed2c-41a5-883b-3352a4c9284b,attention,4,10,0.4,99,0,low,1776426073.0,1776426172.0,2026-04-17 11:42:52.72+00,2026-04-17 11:42:52.874889+00,7,8,8,hard,Count Target,12,7,False,1,2,0,0,3,67.0,74.0,1776426140.0,1776426147.0,ESTIMATE_ONLY_inter_question_gaps_unknown
1b341d41-f9e8-42e6-b1ce-57fede4bcf93,daa69244-ed2c-41a5-883b-3352a4c9284b,attention,4,10,0.4,99,0,low,1776426073.0,1776426172.0,2026-04-17 11:42:52.72+00,2026-04-17 11:42:52.874889+00,8,9,9,hard,Rule Violation,12,7,False,0,2,0,0,11,77.0,84.0,1776426150.0,1776426157.0,ESTIMATE_ONLY_inter_question_gaps_unknown
1b341d41-f9e8-42e6-b1ce-57fede4bcf93,daa69244-ed2c-41a5-883b-3352a4c9284b,attention,4,10,0.4,99,0,low,1776426073.0,1776426172.0,2026-04-17 11:42:52.72+00,2026-04-17 11:42:52.874889+00,9,10,10,hard,Pattern Break,12,7,False,2,2,1,0,4,95.0,102.0,1776426168.0,1776426175.0,ESTIMATE_ONLY_inter_question_gaps_unknown
1b6b1a9e-0dc9-4c88-8c32-588a387a7585,1a3a8d1d-950a-441c-a128-58d9d18de7bc,attention,10,10,1.0,86,1,high,1776917650.0,1776917736.0,2026-04-23 04:15:36.782+00,2026-04-23 04:15:36.925013+00,0,1,1,easy,Oddball Detection,8,5,False,2,2,1,0,3,0.0,5.0,1776917650.0,1776917655.0,ESTIMATE_ONLY_inter_question_gaps_unknown
1b6b1a9e-0dc9-4c88-8c32-588a387a7585,1a3a8d1d-950a-441c-a128-58d9d18de7bc,attention,10,10,1.0,86,1,high,1776917650.0,1776917736.0,2026-04-23 04:15:36.782+00,2026-04-23 04:15:36.925013+00,1,2,2,easy,Count Target,8,5,False,0,0,1,0,2,8.0,13.0,1776917658.0,1776917663.0,ESTIMATE_ONLY_inter_question_gaps_unknown
1b6b1a9e-0dc9-4c88-8c32-588a387a7585,1a3a8d1d-950a-441c-a128-58d9d18de7bc,attention,10,10,1.0,86,1,high,1776917650.0,1776917736.0,2026-04-23 04:15:36.782+00,2026-04-23 04:15:36.925013+00,2,3,3,easy,Pattern Break,8,5,False,2,2,1,0,3,15.0,20.0,1776917665.0,1776917670.0,ESTIMATE_ONLY_inter_question_gaps_unknown
1b6b1a9e-0dc9-4c88-8c32-588a387a7585,1a3a8d1d-950a-441c-a128-58d9d18de7bc,attention,10,10,1.0,86,1,high,1776917650.0,1776917736.0,2026-04-23 04:15:36.782+00,2026-04-23 04:15:36.925013+00,3,4,4,easy,Position Detect,8,5,False,1,1,1,0,3,23.0,28.0,1776917673.0,1776917678.0,ESTIMATE_ONLY_inter_question_gaps_unknown
1b6b1a9e-0dc9-4c88-8c32-588a387a7585,1a3a8d1d-950a-441c-a128-58d9d18de7bc,attention,10,10,1.0,86,1,high,1776917650.0,1776917736.0,2026-04-23 04:15:36.782+00,2026-04-23 04:15:36.925013+00,4,5,5,medium,Rule Violation,10,6,False,2,2,1,0,2,31.0,37.0,1776917681.0,1776917687.0,ESTIMATE_ONLY_inter_question_gaps_unknown
1b6b1a9e-0dc9-4c88-8c32-588a387a7585,1a3a8d1d-950a-441c-a128-58d9d18de7bc,attention,10,10,1.0,86,1,high,1776917650.0,1776917736.0,2026-04-23 04:15:36.782+00,2026-04-23 04:15:36.925013+00,5,6,6,medium,Count Target,10,6,False,0,0,1,0,8,39.0,45.0,1776917689.0,1776917695.0,ESTIMATE_ONLY_inter_question_gaps_unknown
1b6b1a9e-0dc9-4c88-8c32-588a387a7585,1a3a8d1d-950a-441c-a128-58d9d18de7bc,attention,10,10,1.0,86,1,high,1776917650.0,1776917736.0,2026-04-23 04:15:36.782+00,2026-04-23 04:15:36.925013+00,6,7,7,medium,Count Target,10,6,False,2,2,1,0,3,53.0,59.0,1776917703.0,1776917709.0,ESTIMATE_ONLY_inter_question_gaps_unknown
1b6b1a9e-0dc9-4c88-8c32-588a387a7585,1a3a8d1d-950a-441c-a128-58d9d18de7bc,attention,10,10,1.0,86,1,high,1776917650.0,1776917736.0,2026-04-23 04:15:36.782+00,2026-04-23 04:15:36.925013+00,7,8,8,hard,Count Target,12,7,False,2,2,1,0,2,62.0,69.0,1776917712.0,1776917719.0,ESTIMATE_ONLY_inter_question_gaps_unknown
1b6b1a9e-0dc9-4c88-8c32-588a387a7585,1a3a8d1d-950a-441c-a128-58d9d18de7bc,attention,10,10,1.0,86,1,high,1776917650.0,1776917736.0,2026-04-23 04:15:36.782+00,2026-04-23 04:15:36.925013+00,8,9,9,hard,Rule Violation,12,7,False,2,2,1,0,4,71.0,78.0,1776917721.0,1776917728.0,ESTIMATE_ONLY_inter_question_gaps_unknown
1b6b1a9e-0dc9-4c88-8c32-588a387a7585,1a3a8d1d-950a-441c-a128-58d9d18de7bc,attention,10,10,1.0,86,1,high,1776917650.0,1776917736.0,2026-04-23 04:15:36.782+00,2026-04-23 04:15:36.925013+00,9,10,10,hard,Pattern Break,12,7,False,2,2,1,0,4,82.0,89.0,1776917732.0,1776917739.0,ESTIMATE_ONLY_inter_question_gaps_unknown
1c3002e7-5c95-4868-bfeb-4a97afa57dfc,3cebc90b-7bb9-4438-bb6d-00b1b897bdf9,pattern,9,10,0.9,52,1,high,1777544081.0,1777544133.0,2026-04-30 10:15:33.123+00,2026-04-30 10:15:33.476345+00,0,1,1,easy,Arithmetic Sequence,15,,False,2,2,1,0,3,0.0,0.0,1777544081.0,1777544081.0,ESTIMATE_ONLY_inter_question_gaps_unknown
1c3002e7-5c95-4868-bfeb-4a97afa57dfc,3cebc90b-7bb9-4438-bb6d-00b1b897bdf9,pattern,9,10,0.9,52,1,high,1777544081.0,1777544133.0,2026-04-30 10:15:33.123+00,2026-04-30 10:15:33.476345+00,1,2,2,easy,Arithmetic Sequence,15,,False,0,0,1,0,3,3.0,3.0,1777544084.0,1777544084.0,ESTIMATE_ONLY_inter_question_gaps_unknown
1c3002e7-5c95-4868-bfeb-4a97afa57dfc,3cebc90b-7bb9-4438-bb6d-00b1b897bdf9,pattern,9,10,0.9,52,1,high,1777544081.0,1777544133.0,2026-04-30 10:15:33.123+00,2026-04-30 10:15:33.476345+00,2,3,3,easy,Odd Numbers,15,,False,1,1,1,0,2,6.0,6.0,1777544087.0,1777544087.0,ESTIMATE_ONLY_inter_question_gaps_unknown
1c3002e7-5c95-4868-bfeb-4a97afa57dfc,3cebc90b-7bb9-4438-bb6d-00b1b897bdf9,pattern,9,10,0.9,52,1,high,1777544081.0,1777544133.0,2026-04-30 10:15:33.123+00,2026-04-30 10:15:33.476345+00,3,4,4,easy,Decreasing Sequence,15,,False,2,2,1,0,2,8.0,8.0,1777544089.0,1777544089.0,ESTIMATE_ONLY_inter_question_gaps_unknown
1c3002e7-5c95-4868-bfeb-4a97afa57dfc,3cebc90b-7bb9-4438-bb6d-00b1b897bdf9,pattern,9,10,0.9,52,1,high,1777544081.0,1777544133.0,2026-04-30 10:15:33.123+00,2026-04-30 10:15:33.476345+00,4,5,5,medium,Perfect Squares,20,,False,2,2,1,0,4,10.0,10.0,1777544091.0,1777544091.0,ESTIMATE_ONLY_inter_question_gaps_unknown
1c3002e7-5c95-4868-bfeb-4a97afa57dfc,3cebc90b-7bb9-4438-bb6d-00b1b897bdf9,pattern,9,10,0.9,52,1,high,1777544081.0,1777544133.0,2026-04-30 10:15:33.123+00,2026-04-30 10:15:33.476345+00,5,6,6,medium,Fibonacci,20,,False,1,1,1,0,4,14.0,14.0,1777544095.0,1777544095.0,ESTIMATE_ONLY_inter_question_gaps_unknown
1c3002e7-5c95-4868-bfeb-4a97afa57dfc,3cebc90b-7bb9-4438-bb6d-00b1b897bdf9,pattern,9,10,0.9,52,1,high,1777544081.0,1777544133.0,2026-04-30 10:15:33.123+00,2026-04-30 10:15:33.476345+00,6,7,7,medium,Perfect Cubes,20,,False,2,2,1,0,9,18.0,18.0,1777544099.0,1777544099.0,ESTIMATE_ONLY_inter_question_gaps_unknown
1c3002e7-5c95-4868-bfeb-4a97afa57dfc,3cebc90b-7bb9-4438-bb6d-00b1b897bdf9,pattern,9,10,0.9,52,1,high,1777544081.0,1777544133.0,2026-04-30 10:15:33.123+00,2026-04-30 10:15:33.476345+00,7,8,8,hard,Triangular Differences,30,,False,1,2,0,0,9,27.0,27.0,1777544108.0,1777544108.0,ESTIMATE_ONLY_inter_question_gaps_unknown
1c3002e7-5c95-4868-bfeb-4a97afa57dfc,3cebc90b-7bb9-4438-bb6d-00b1b897bdf9,pattern,9,10,0.9,52,1,high,1777544081.0,1777544133.0,2026-04-30 10:15:33.123+00,2026-04-30 10:15:33.476345+00,8,9,9,hard,Squares,30,,False,0,0,1,0,5,36.0,36.0,1777544117.0,1777544117.0,ESTIMATE_ONLY_inter_question_gaps_unknown
1c3002e7-5c95-4868-bfeb-4a97afa57dfc,3cebc90b-7bb9-4438-bb6d-00b1b897bdf9,pattern,9,10,0.9,52,1,high,1777544081.0,1777544133.0,2026-04-30 10:15:33.123+00,2026-04-30 10:15:33.476345+00,9,10,10,hard,n(n+1),30,,False,0,0,1,0,14,41.0,41.0,1777544122.0,1777544122.0,ESTIMATE_ONLY_inter_question_gaps_unknown
1cc2d90e-805d-46ca-97b6-e77711876de9,fed10af2-13dd-4f5a-9910-0c156c024547,memory,8,10,0.8,77,1,high,1776941199.0,1776941276.0,2026-04-23 10:47:56.817+00,2026-04-23 10:47:56.613222+00,0,1,1,easy,Digit Recall,10,5,False,0,0,1,0,2,0.0,5.0,1776941199.0,1776941204.0,ESTIMATE_ONLY_inter_question_gaps_unknown
1cc2d90e-805d-46ca-97b6-e77711876de9,fed10af2-13dd-4f5a-9910-0c156c024547,memory,8,10,0.8,77,1,high,1776941199.0,1776941276.0,2026-04-23 10:47:56.817+00,2026-04-23 10:47:56.613222+00,1,2,2,easy,Word Recall,10,5,False,2,2,1,0,2,7.0,12.0,1776941206.0,1776941211.0,ESTIMATE_ONLY_inter_question_gaps_unknown
1cc2d90e-805d-46ca-97b6-e77711876de9,fed10af2-13dd-4f5a-9910-0c156c024547,memory,8,10,0.8,77,1,high,1776941199.0,1776941276.0,2026-04-23 10:47:56.817+00,2026-04-23 10:47:56.613222+00,2,3,3,easy,Digit Recall,10,5,False,1,1,1,0,3,14.0,19.0,1776941213.0,1776941218.0,ESTIMATE_ONLY_inter_question_gaps_unknown
1cc2d90e-805d-46ca-97b6-e77711876de9,fed10af2-13dd-4f5a-9910-0c156c024547,memory,8,10,0.8,77,1,high,1776941199.0,1776941276.0,2026-04-23 10:47:56.817+00,2026-04-23 10:47:56.613222+00,3,4,4,easy,Word Recall,10,5,False,0,0,1,0,2,22.0,27.0,1776941221.0,1776941226.0,ESTIMATE_ONLY_inter_question_gaps_unknown
1cc2d90e-805d-46ca-97b6-e77711876de9,fed10af2-13dd-4f5a-9910-0c156c024547,memory,8,10,0.8,77,1,high,1776941199.0,1776941276.0,2026-04-23 10:47:56.817+00,2026-04-23 10:47:56.613222+00,4,5,5,medium,Digit Recall,12,6,False,1,0,0,0,4,29.0,35.0,1776941228.0,1776941234.0,ESTIMATE_ONLY_inter_question_gaps_unknown
1cc2d90e-805d-46ca-97b6-e77711876de9,fed10af2-13dd-4f5a-9910-0c156c024547,memory,8,10,0.8,77,1,high,1776941199.0,1776941276.0,2026-04-23 10:47:56.817+00,2026-04-23 10:47:56.613222+00,5,6,6,medium,Position Recall,12,6,False,1,1,1,0,3,39.0,45.0,1776941238.0,1776941244.0,ESTIMATE_ONLY_inter_question_gaps_unknown
1cc2d90e-805d-46ca-97b6-e77711876de9,fed10af2-13dd-4f5a-9910-0c156c024547,memory,8,10,0.8,77,1,high,1776941199.0,1776941276.0,2026-04-23 10:47:56.817+00,2026-04-23 10:47:56.613222+00,6,7,7,medium,Position Recall,12,6,False,2,2,1,0,3,48.0,54.0,1776941247.0,1776941253.0,ESTIMATE_ONLY_inter_question_gaps_unknown
1cc2d90e-805d-46ca-97b6-e77711876de9,fed10af2-13dd-4f5a-9910-0c156c024547,memory,8,10,0.8,77,1,high,1776941199.0,1776941276.0,2026-04-23 10:47:56.817+00,2026-04-23 10:47:56.613222+00,7,8,8,hard,Sequence Recall,15,7,False,0,0,1,0,3,57.0,64.0,1776941256.0,1776941263.0,ESTIMATE_ONLY_inter_question_gaps_unknown
1cc2d90e-805d-46ca-97b6-e77711876de9,fed10af2-13dd-4f5a-9910-0c156c024547,memory,8,10,0.8,77,1,high,1776941199.0,1776941276.0,2026-04-23 10:47:56.817+00,2026-04-23 10:47:56.613222+00,8,9,9,hard,Position Recall,15,7,False,1,1,1,0,2,67.0,74.0,1776941266.0,1776941273.0,ESTIMATE_ONLY_inter_question_gaps_unknown
1cc2d90e-805d-46ca-97b6-e77711876de9,fed10af2-13dd-4f5a-9910-0c156c024547,memory,8,10,0.8,77,1,high,1776941199.0,1776941276.0,2026-04-23 10:47:56.817+00,2026-04-23 10:47:56.613222+00,9,10,10,hard,Digit Analysis,15,7,False,0,2,0,0,3,76.0,83.0,1776941275.0,1776941282.0,ESTIMATE_ONLY_inter_question_gaps_unknown
1d80e63c-60f5-445b-84d4-aa0dac4800e6,6f2c1a12-a0ec-4367-92f6-b0403cc5b56c,comprehension,6,10,0.6,190,0,mid,1776583592.0,1776583782.0,2026-04-19 07:29:42.638+00,2026-04-19 07:29:43.49078+00,0,1,1,easy,Fact Extraction,25,,True,2,0,0,0,9,0.0,0.0,1776583592.0,1776583592.0,ESTIMATE_ONLY_reading_phase_duration_unknown
1d80e63c-60f5-445b-84d4-aa0dac4800e6,6f2c1a12-a0ec-4367-92f6-b0403cc5b56c,comprehension,6,10,0.6,190,0,mid,1776583592.0,1776583782.0,2026-04-19 07:29:42.638+00,2026-04-19 07:29:43.49078+00,1,2,2,medium,Detail Recall,25,,False,1,0,0,0,7,9.0,9.0,1776583601.0,1776583601.0,ESTIMATE_ONLY_inter_question_gaps_unknown
1d80e63c-60f5-445b-84d4-aa0dac4800e6,6f2c1a12-a0ec-4367-92f6-b0403cc5b56c,comprehension,6,10,0.6,190,0,mid,1776583592.0,1776583782.0,2026-04-19 07:29:42.638+00,2026-04-19 07:29:43.49078+00,2,3,3,easy,Fact Extraction,25,,False,0,0,1,0,8,16.0,16.0,1776583608.0,1776583608.0,ESTIMATE_ONLY_inter_question_gaps_unknown
1d80e63c-60f5-445b-84d4-aa0dac4800e6,6f2c1a12-a0ec-4367-92f6-b0403cc5b56c,comprehension,6,10,0.6,190,0,mid,1776583592.0,1776583782.0,2026-04-19 07:29:42.638+00,2026-04-19 07:29:43.49078+00,3,4,4,medium,Inference,25,,False,1,1,1,0,8,24.0,24.0,1776583616.0,1776583616.0,ESTIMATE_ONLY_inter_question_gaps_unknown
1d80e63c-60f5-445b-84d4-aa0dac4800e6,6f2c1a12-a0ec-4367-92f6-b0403cc5b56c,comprehension,6,10,0.6,190,0,mid,1776583592.0,1776583782.0,2026-04-19 07:29:42.638+00,2026-04-19 07:29:43.49078+00,4,5,5,easy,Detail Recall,25,,False,2,0,0,0,12,32.0,32.0,1776583624.0,1776583624.0,ESTIMATE_ONLY_inter_question_gaps_unknown
1d80e63c-60f5-445b-84d4-aa0dac4800e6,6f2c1a12-a0ec-4367-92f6-b0403cc5b56c,comprehension,6,10,0.6,190,0,mid,1776583592.0,1776583782.0,2026-04-19 07:29:42.638+00,2026-04-19 07:29:43.49078+00,5,6,6,easy,Fact Extraction,25,,True,1,1,1,0,5,44.0,44.0,1776583636.0,1776583636.0,ESTIMATE_ONLY_reading_phase_duration_unknown
1d80e63c-60f5-445b-84d4-aa0dac4800e6,6f2c1a12-a0ec-4367-92f6-b0403cc5b56c,comprehension,6,10,0.6,190,0,mid,1776583592.0,1776583782.0,2026-04-19 07:29:42.638+00,2026-04-19 07:29:43.49078+00,6,7,7,easy,Detail Recall,25,,False,2,2,1,0,6,49.0,49.0,1776583641.0,1776583641.0,ESTIMATE_ONLY_inter_question_gaps_unknown
1d80e63c-60f5-445b-84d4-aa0dac4800e6,6f2c1a12-a0ec-4367-92f6-b0403cc5b56c,comprehension,6,10,0.6,190,0,mid,1776583592.0,1776583782.0,2026-04-19 07:29:42.638+00,2026-04-19 07:29:43.49078+00,7,8,8,medium,Detail Recall,25,,False,0,0,1,0,7,55.0,55.0,1776583647.0,1776583647.0,ESTIMATE_ONLY_inter_question_gaps_unknown
1d80e63c-60f5-445b-84d4-aa0dac4800e6,6f2c1a12-a0ec-4367-92f6-b0403cc5b56c,comprehension,6,10,0.6,190,0,mid,1776583592.0,1776583782.0,2026-04-19 07:29:42.638+00,2026-04-19 07:29:43.49078+00,8,9,9,medium,Inference,25,,False,0,1,0,0,9,62.0,62.0,1776583654.0,1776583654.0,ESTIMATE_ONLY_inter_question_gaps_unknown
1d80e63c-60f5-445b-84d4-aa0dac4800e6,6f2c1a12-a0ec-4367-92f6-b0403cc5b56c,comprehension,6,10,0.6,190,0,mid,1776583592.0,1776583782.0,2026-04-19 07:29:42.638+00,2026-04-19 07:29:43.49078+00,9,10,10,easy,Fact Extraction,25,,False,1,1,1,0,8,71.0,71.0,1776583663.0,1776583663.0,ESTIMATE_ONLY_inter_question_gaps_unknown
1eac5033-dd7d-42de-97e5-3336b322382a,1f689b55-55b1-4553-b9a0-f2b4d3f74b9e,memory,14,20,0.7,145,1,high,1771100831.0,1771100976.0,2026-02-14 20:29:36.81+00,2026-02-14 20:29:36.886048+00,0,1,1,easy,Digit Recall,10,5,False,1,1,1,0,4,0.0,5.0,1771100831.0,1771100836.0,ESTIMATE_ONLY_inter_question_gaps_unknown
1eac5033-dd7d-42de-97e5-3336b322382a,1f689b55-55b1-4553-b9a0-f2b4d3f74b9e,memory,14,20,0.7,145,1,high,1771100831.0,1771100976.0,2026-02-14 20:29:36.81+00,2026-02-14 20:29:36.886048+00,1,2,2,easy,Word Recall,10,5,False,1,1,1,0,4,9.0,14.0,1771100840.0,1771100845.0,ESTIMATE_ONLY_inter_question_gaps_unknown
1eac5033-dd7d-42de-97e5-3336b322382a,1f689b55-55b1-4553-b9a0-f2b4d3f74b9e,memory,14,20,0.7,145,1,high,1771100831.0,1771100976.0,2026-02-14 20:29:36.81+00,2026-02-14 20:29:36.886048+00,2,3,3,easy,Digit Recall,10,5,False,1,1,1,0,3,18.0,23.0,1771100849.0,1771100854.0,ESTIMATE_ONLY_inter_question_gaps_unknown
1eac5033-dd7d-42de-97e5-3336b322382a,1f689b55-55b1-4553-b9a0-f2b4d3f74b9e,memory,14,20,0.7,145,1,high,1771100831.0,1771100976.0,2026-02-14 20:29:36.81+00,2026-02-14 20:29:36.886048+00,3,4,4,easy,Word Recall,10,5,False,2,2,1,0,2,26.0,31.0,1771100857.0,1771100862.0,ESTIMATE_ONLY_inter_question_gaps_unknown
1eac5033-dd7d-42de-97e5-3336b322382a,1f689b55-55b1-4553-b9a0-f2b4d3f74b9e,memory,14,20,0.7,145,1,high,1771100831.0,1771100976.0,2026-02-14 20:29:36.81+00,2026-02-14 20:29:36.886048+00,4,5,5,medium,Digit Recall,12,6,False,1,1,1,0,4,33.0,39.0,1771100864.0,1771100870.0,ESTIMATE_ONLY_inter_question_gaps_unknown
1eac5033-dd7d-42de-97e5-3336b322382a,1f689b55-55b1-4553-b9a0-f2b4d3f74b9e,memory,14,20,0.7,145,1,high,1771100831.0,1771100976.0,2026-02-14 20:29:36.81+00,2026-02-14 20:29:36.886048+00,5,6,6,medium,Position Recall,12,6,False,1,1,1,0,1,43.0,49.0,1771100874.0,1771100880.0,ESTIMATE_ONLY_inter_question_gaps_unknown
1eac5033-dd7d-42de-97e5-3336b322382a,1f689b55-55b1-4553-b9a0-f2b4d3f74b9e,memory,14,20,0.7,145,1,high,1771100831.0,1771100976.0,2026-02-14 20:29:36.81+00,2026-02-14 20:29:36.886048+00,6,7,7,medium,Position Recall,12,6,False,0,0,1,0,1,50.0,56.0,1771100881.0,1771100887.0,ESTIMATE_ONLY_inter_question_gaps_unknown
1eac5033-dd7d-42de-97e5-3336b322382a,1f689b55-55b1-4553-b9a0-f2b4d3f74b9e,memory,14,20,0.7,145,1,high,1771100831.0,1771100976.0,2026-02-14 20:29:36.81+00,2026-02-14 20:29:36.886048+00,7,8,8,hard,Sequence Recall,15,7,False,1,1,1,0,1,57.0,64.0,1771100888.0,1771100895.0,ESTIMATE_ONLY_inter_question_gaps_unknown
1eac5033-dd7d-42de-97e5-3336b322382a,1f689b55-55b1-4553-b9a0-f2b4d3f74b9e,memory,14,20,0.7,145,1,high,1771100831.0,1771100976.0,2026-02-14 20:29:36.81+00,2026-02-14 20:29:36.886048+00,8,9,9,hard,Position Recall,15,7,False,1,1,1,0,3,65.0,72.0,1771100896.0,1771100903.0,ESTIMATE_ONLY_inter_question_gaps_unknown
1eac5033-dd7d-42de-97e5-3336b322382a,1f689b55-55b1-4553-b9a0-f2b4d3f74b9e,memory,14,20,0.7,145,1,high,1771100831.0,1771100976.0,2026-02-14 20:29:36.81+00,2026-02-14 20:29:36.886048+00,9,10,10,hard,Digit Analysis,15,7,False,2,1,0,0,1,75.0,82.0,1771100906.0,1771100913.0,ESTIMATE_ONLY_inter_question_gaps_unknown
1eac5033-dd7d-42de-97e5-3336b322382a,1f689b55-55b1-4553-b9a0-f2b4d3f74b9e,memory,14,20,0.7,145,1,high,1771100831.0,1771100976.0,2026-02-14 20:29:36.81+00,2026-02-14 20:29:36.886048+00,10,11,11,unknown,unknown,,,False,1,2,0,0,1,83.0,83.0,1771100914.0,1771100914.0,ESTIMATE_ONLY_inter_question_gaps_unknown
1eac5033-dd7d-42de-97e5-3336b322382a,1f689b55-55b1-4553-b9a0-f2b4d3f74b9e,memory,14,20,0.7,145,1,high,1771100831.0,1771100976.0,2026-02-14 20:29:36.81+00,2026-02-14 20:29:36.886048+00,11,12,12,unknown,unknown,,,False,1,1,1,0,1,84.0,84.0,1771100915.0,1771100915.0,ESTIMATE_ONLY_inter_question_gaps_unknown
1eac5033-dd7d-42de-97e5-3336b322382a,1f689b55-55b1-4553-b9a0-f2b4d3f74b9e,memory,14,20,0.7,145,1,high,1771100831.0,1771100976.0,2026-02-14 20:29:36.81+00,2026-02-14 20:29:36.886048+00,12,13,13,unknown,unknown,,,False,1,1,1,0,1,85.0,85.0,1771100916.0,1771100916.0,ESTIMATE_ONLY_inter_question_gaps_unknown
1eac5033-dd7d-42de-97e5-3336b322382a,1f689b55-55b1-4553-b9a0-f2b4d3f74b9e,memory,14,20,0.7,145,1,high,1771100831.0,1771100976.0,2026-02-14 20:29:36.81+00,2026-02-14 20:29:36.886048+00,13,14,14,unknown,unknown,,,False,1,1,1,0,1,86.0,86.0,1771100917.0,1771100917.0,ESTIMATE_ONLY_inter_question_gaps_unknown
1eac5033-dd7d-42de-97e5-3336b322382a,1f689b55-55b1-4553-b9a0-f2b4d3f74b9e,memory,14,20,0.7,145,1,high,1771100831.0,1771100976.0,2026-02-14 20:29:36.81+00,2026-02-14 20:29:36.886048+00,14,15,15,unknown,unknown,,,False,1,0,0,0,2,87.0,87.0,1771100918.0,1771100918.0,ESTIMATE_ONLY_inter_question_gaps_unknown
1eac5033-dd7d-42de-97e5-3336b322382a,1f689b55-55b1-4553-b9a0-f2b4d3f74b9e,memory,14,20,0.7,145,1,high,1771100831.0,1771100976.0,2026-02-14 20:29:36.81+00,2026-02-14 20:29:36.886048+00,15,16,16,unknown,unknown,,,False,0,1,0,0,3,89.0,89.0,1771100920.0,1771100920.0,ESTIMATE_ONLY_inter_question_gaps_unknown
1eac5033-dd7d-42de-97e5-3336b322382a,1f689b55-55b1-4553-b9a0-f2b4d3f74b9e,memory,14,20,0.7,145,1,high,1771100831.0,1771100976.0,2026-02-14 20:29:36.81+00,2026-02-14 20:29:36.886048+00,16,17,17,unknown,unknown,,,False,1,1,1,0,2,92.0,92.0,1771100923.0,1771100923.0,ESTIMATE_ONLY_inter_question_gaps_unknown
1eac5033-dd7d-42de-97e5-3336b322382a,1f689b55-55b1-4553-b9a0-f2b4d3f74b9e,memory,14,20,0.7,145,1,high,1771100831.0,1771100976.0,2026-02-14 20:29:36.81+00,2026-02-14 20:29:36.886048+00,17,18,18,unknown,unknown,,,False,1,1,1,0,2,94.0,94.0,1771100925.0,1771100925.0,ESTIMATE_ONLY_inter_question_gaps_unknown
1eac5033-dd7d-42de-97e5-3336b322382a,1f689b55-55b1-4553-b9a0-f2b4d3f74b9e,memory,14,20,0.7,145,1,high,1771100831.0,1771100976.0,2026-02-14 20:29:36.81+00,2026-02-14 20:29:36.886048+00,18,19,19,unknown,unknown,,,False,1,2,0,0,1,96.0,96.0,1771100927.0,1771100927.0,ESTIMATE_ONLY_inter_question_gaps_unknown
1eac5033-dd7d-42de-97e5-3336b322382a,1f689b55-55b1-4553-b9a0-f2b4d3f74b9e,memory,14,20,0.7,145,1,high,1771100831.0,1771100976.0,2026-02-14 20:29:36.81+00,2026-02-14 20:29:36.886048+00,19,20,20,unknown,unknown,,,False,2,1,0,0,1,97.0,97.0,1771100928.0,1771100928.0,ESTIMATE_ONLY_inter_question_gaps_unknown
1f942500-b97c-4c36-bf8c-db76dabac319,b17134fc-8dcf-4a39-b251-3e8e95b21315,arithmetic,7,10,0.7,90,1,mid,1776847002.0,1776847092.0,2026-04-22 08:38:12.169+00,2026-04-22 08:38:12.598004+00,0,1,1,easy,Addition,15,,False,0,0,1,0,5,0.0,0.0,1776847002.0,1776847002.0,ESTIMATE_ONLY_inter_question_gaps_unknown
1f942500-b97c-4c36-bf8c-db76dabac319,b17134fc-8dcf-4a39-b251-3e8e95b21315,arithmetic,7,10,0.7,90,1,mid,1776847002.0,1776847092.0,2026-04-22 08:38:12.169+00,2026-04-22 08:38:12.598004+00,1,2,2,easy,Division,15,,False,2,2,1,0,3,5.0,5.0,1776847007.0,1776847007.0,ESTIMATE_ONLY_inter_question_gaps_unknown
1f942500-b97c-4c36-bf8c-db76dabac319,b17134fc-8dcf-4a39-b251-3e8e95b21315,arithmetic,7,10,0.7,90,1,mid,1776847002.0,1776847092.0,2026-04-22 08:38:12.169+00,2026-04-22 08:38:12.598004+00,2,3,3,easy,Addition,15,,False,0,0,1,0,4,8.0,8.0,1776847010.0,1776847010.0,ESTIMATE_ONLY_inter_question_gaps_unknown
1f942500-b97c-4c36-bf8c-db76dabac319,b17134fc-8dcf-4a39-b251-3e8e95b21315,arithmetic,7,10,0.7,90,1,mid,1776847002.0,1776847092.0,2026-04-22 08:38:12.169+00,2026-04-22 08:38:12.598004+00,3,4,4,easy,Subtraction,15,,False,0,0,1,0,6,12.0,12.0,1776847014.0,1776847014.0,ESTIMATE_ONLY_inter_question_gaps_unknown
1f942500-b97c-4c36-bf8c-db76dabac319,b17134fc-8dcf-4a39-b251-3e8e95b21315,arithmetic,7,10,0.7,90,1,mid,1776847002.0,1776847092.0,2026-04-22 08:38:12.169+00,2026-04-22 08:38:12.598004+00,4,5,5,medium,Addition,20,,False,2,2,1,0,6,18.0,18.0,1776847020.0,1776847020.0,ESTIMATE_ONLY_inter_question_gaps_unknown
1f942500-b97c-4c36-bf8c-db76dabac319,b17134fc-8dcf-4a39-b251-3e8e95b21315,arithmetic,7,10,0.7,90,1,mid,1776847002.0,1776847092.0,2026-04-22 08:38:12.169+00,2026-04-22 08:38:12.598004+00,5,6,6,medium,Multiplication,20,,False,1,0,0,0,13,24.0,24.0,1776847026.0,1776847026.0,ESTIMATE_ONLY_inter_question_gaps_unknown
1f942500-b97c-4c36-bf8c-db76dabac319,b17134fc-8dcf-4a39-b251-3e8e95b21315,arithmetic,7,10,0.7,90,1,mid,1776847002.0,1776847092.0,2026-04-22 08:38:12.169+00,2026-04-22 08:38:12.598004+00,6,7,7,medium,Division,20,,False,0,1,0,0,15,37.0,37.0,1776847039.0,1776847039.0,ESTIMATE_ONLY_inter_question_gaps_unknown
1f942500-b97c-4c36-bf8c-db76dabac319,b17134fc-8dcf-4a39-b251-3e8e95b21315,arithmetic,7,10,0.7,90,1,mid,1776847002.0,1776847092.0,2026-04-22 08:38:12.169+00,2026-04-22 08:38:12.598004+00,7,8,8,hard,Percentage,30,,False,0,2,0,0,24,52.0,52.0,1776847054.0,1776847054.0,ESTIMATE_ONLY_inter_question_gaps_unknown
1f942500-b97c-4c36-bf8c-db76dabac319,b17134fc-8dcf-4a39-b251-3e8e95b21315,arithmetic,7,10,0.7,90,1,mid,1776847002.0,1776847092.0,2026-04-22 08:38:12.169+00,2026-04-22 08:38:12.598004+00,8,9,9,hard,Multiplication,30,,False,0,0,1,0,7,76.0,76.0,1776847078.0,1776847078.0,ESTIMATE_ONLY_inter_question_gaps_unknown
1f942500-b97c-4c36-bf8c-db76dabac319,b17134fc-8dcf-4a39-b251-3e8e95b21315,arithmetic,7,10,0.7,90,1,mid,1776847002.0,1776847092.0,2026-04-22 08:38:12.169+00,2026-04-22 08:38:12.598004+00,9,10,10,hard,Multi-step,30,,False,1,1,1,0,14,83.0,83.0,1776847085.0,1776847085.0,ESTIMATE_ONLY_inter_question_gaps_unknown
2096a6a1-cd23-4d61-8eac-3d1712001b64,50e80c06-aaf0-4193-90cb-eb43ae74b701,pattern,8,10,0.8,59,1,high,1776834396.0,1776834455.0,2026-04-22 05:07:35.63+00,2026-04-22 05:07:37.242866+00,0,1,1,easy,Arithmetic Sequence,15,,False,2,2,1,0,5,0.0,0.0,1776834396.0,1776834396.0,ESTIMATE_ONLY_inter_question_gaps_unknown
2096a6a1-cd23-4d61-8eac-3d1712001b64,50e80c06-aaf0-4193-90cb-eb43ae74b701,pattern,8,10,0.8,59,1,high,1776834396.0,1776834455.0,2026-04-22 05:07:35.63+00,2026-04-22 05:07:37.242866+00,1,2,2,easy,Arithmetic Sequence,15,,False,0,0,1,0,3,5.0,5.0,1776834401.0,1776834401.0,ESTIMATE_ONLY_inter_question_gaps_unknown
2096a6a1-cd23-4d61-8eac-3d1712001b64,50e80c06-aaf0-4193-90cb-eb43ae74b701,pattern,8,10,0.8,59,1,high,1776834396.0,1776834455.0,2026-04-22 05:07:35.63+00,2026-04-22 05:07:37.242866+00,2,3,3,easy,Odd Numbers,15,,False,1,1,1,0,4,8.0,8.0,1776834404.0,1776834404.0,ESTIMATE_ONLY_inter_question_gaps_unknown
2096a6a1-cd23-4d61-8eac-3d1712001b64,50e80c06-aaf0-4193-90cb-eb43ae74b701,pattern,8,10,0.8,59,1,high,1776834396.0,1776834455.0,2026-04-22 05:07:35.63+00,2026-04-22 05:07:37.242866+00,3,4,4,easy,Decreasing Sequence,15,,False,2,2,1,0,5,12.0,12.0,1776834408.0,1776834408.0,ESTIMATE_ONLY_inter_question_gaps_unknown
2096a6a1-cd23-4d61-8eac-3d1712001b64,50e80c06-aaf0-4193-90cb-eb43ae74b701,pattern,8,10,0.8,59,1,high,1776834396.0,1776834455.0,2026-04-22 05:07:35.63+00,2026-04-22 05:07:37.242866+00,4,5,5,medium,Perfect Squares,20,,False,2,2,1,0,4,17.0,17.0,1776834413.0,1776834413.0,ESTIMATE_ONLY_inter_question_gaps_unknown
2096a6a1-cd23-4d61-8eac-3d1712001b64,50e80c06-aaf0-4193-90cb-eb43ae74b701,pattern,8,10,0.8,59,1,high,1776834396.0,1776834455.0,2026-04-22 05:07:35.63+00,2026-04-22 05:07:37.242866+00,5,6,6,medium,Fibonacci,20,,False,1,1,1,0,9,21.0,21.0,1776834417.0,1776834417.0,ESTIMATE_ONLY_inter_question_gaps_unknown
2096a6a1-cd23-4d61-8eac-3d1712001b64,50e80c06-aaf0-4193-90cb-eb43ae74b701,pattern,8,10,0.8,59,1,high,1776834396.0,1776834455.0,2026-04-22 05:07:35.63+00,2026-04-22 05:07:37.242866+00,6,7,7,medium,Perfect Cubes,20,,False,2,2,1,0,8,30.0,30.0,1776834426.0,1776834426.0,ESTIMATE_ONLY_inter_question_gaps_unknown
2096a6a1-cd23-4d61-8eac-3d1712001b64,50e80c06-aaf0-4193-90cb-eb43ae74b701,pattern,8,10,0.8,59,1,high,1776834396.0,1776834455.0,2026-04-22 05:07:35.63+00,2026-04-22 05:07:37.242866+00,7,8,8,hard,Triangular Differences,30,,False,1,2,0,0,11,38.0,38.0,1776834434.0,1776834434.0,ESTIMATE_ONLY_inter_question_gaps_unknown
2096a6a1-cd23-4d61-8eac-3d1712001b64,50e80c06-aaf0-4193-90cb-eb43ae74b701,pattern,8,10,0.8,59,1,high,1776834396.0,1776834455.0,2026-04-22 05:07:35.63+00,2026-04-22 05:07:37.242866+00,8,9,9,hard,Squares,30,,False,2,0,0,0,4,49.0,49.0,1776834445.0,1776834445.0,ESTIMATE_ONLY_inter_question_gaps_unknown
2096a6a1-cd23-4d61-8eac-3d1712001b64,50e80c06-aaf0-4193-90cb-eb43ae74b701,pattern,8,10,0.8,59,1,high,1776834396.0,1776834455.0,2026-04-22 05:07:35.63+00,2026-04-22 05:07:37.242866+00,9,10,10,hard,n(n+1),30,,False,0,0,1,0,11,53.0,53.0,1776834449.0,1776834449.0,ESTIMATE_ONLY_inter_question_gaps_unknown
20a033c6-4a02-4fd7-8da1-7b42889d9f8b,4b00bcd7-936b-42d2-99b5-c0b8b78272c9,comprehension,10,10,1.0,198,1,high,1776330393.0,1776330591.0,2026-04-16 09:09:51.077+00,2026-04-16 09:09:59.116054+00,0,1,1,easy,Fact Extraction,25,,True,0,0,1,0,6,0.0,0.0,1776330393.0,1776330393.0,ESTIMATE_ONLY_reading_phase_duration_unknown
20a033c6-4a02-4fd7-8da1-7b42889d9f8b,4b00bcd7-936b-42d2-99b5-c0b8b78272c9,comprehension,10,10,1.0,198,1,high,1776330393.0,1776330591.0,2026-04-16 09:09:51.077+00,2026-04-16 09:09:59.116054+00,1,2,2,medium,Detail Recall,25,,False,0,0,1,0,8,6.0,6.0,1776330399.0,1776330399.0,ESTIMATE_ONLY_inter_question_gaps_unknown
20a033c6-4a02-4fd7-8da1-7b42889d9f8b,4b00bcd7-936b-42d2-99b5-c0b8b78272c9,comprehension,10,10,1.0,198,1,high,1776330393.0,1776330591.0,2026-04-16 09:09:51.077+00,2026-04-16 09:09:59.116054+00,2,3,3,easy,Fact Extraction,25,,False,0,0,1,0,7,14.0,14.0,1776330407.0,1776330407.0,ESTIMATE_ONLY_inter_question_gaps_unknown
20a033c6-4a02-4fd7-8da1-7b42889d9f8b,4b00bcd7-936b-42d2-99b5-c0b8b78272c9,comprehension,10,10,1.0,198,1,high,1776330393.0,1776330591.0,2026-04-16 09:09:51.077+00,2026-04-16 09:09:59.116054+00,3,4,4,medium,Inference,25,,False,1,1,1,0,7,21.0,21.0,1776330414.0,1776330414.0,ESTIMATE_ONLY_inter_question_gaps_unknown
20a033c6-4a02-4fd7-8da1-7b42889d9f8b,4b00bcd7-936b-42d2-99b5-c0b8b78272c9,comprehension,10,10,1.0,198,1,high,1776330393.0,1776330591.0,2026-04-16 09:09:51.077+00,2026-04-16 09:09:59.116054+00,4,5,5,easy,Detail Recall,25,,False,0,0,1,0,8,28.0,28.0,1776330421.0,1776330421.0,ESTIMATE_ONLY_inter_question_gaps_unknown
20a033c6-4a02-4fd7-8da1-7b42889d9f8b,4b00bcd7-936b-42d2-99b5-c0b8b78272c9,comprehension,10,10,1.0,198,1,high,1776330393.0,1776330591.0,2026-04-16 09:09:51.077+00,2026-04-16 09:09:59.116054+00,5,6,6,easy,Fact Extraction,25,,True,1,1,1,0,5,36.0,36.0,1776330429.0,1776330429.0,ESTIMATE_ONLY_reading_phase_duration_unknown
20a033c6-4a02-4fd7-8da1-7b42889d9f8b,4b00bcd7-936b-42d2-99b5-c0b8b78272c9,comprehension,10,10,1.0,198,1,high,1776330393.0,1776330591.0,2026-04-16 09:09:51.077+00,2026-04-16 09:09:59.116054+00,6,7,7,easy,Detail Recall,25,,False,2,2,1,0,6,41.0,41.0,1776330434.0,1776330434.0,ESTIMATE_ONLY_inter_question_gaps_unknown
20a033c6-4a02-4fd7-8da1-7b42889d9f8b,4b00bcd7-936b-42d2-99b5-c0b8b78272c9,comprehension,10,10,1.0,198,1,high,1776330393.0,1776330591.0,2026-04-16 09:09:51.077+00,2026-04-16 09:09:59.116054+00,7,8,8,medium,Detail Recall,25,,False,0,0,1,0,6,47.0,47.0,1776330440.0,1776330440.0,ESTIMATE_ONLY_inter_question_gaps_unknown
20a033c6-4a02-4fd7-8da1-7b42889d9f8b,4b00bcd7-936b-42d2-99b5-c0b8b78272c9,comprehension,10,10,1.0,198,1,high,1776330393.0,1776330591.0,2026-04-16 09:09:51.077+00,2026-04-16 09:09:59.116054+00,8,9,9,medium,Inference,25,,False,1,1,1,0,7,53.0,53.0,1776330446.0,1776330446.0,ESTIMATE_ONLY_inter_question_gaps_unknown
20a033c6-4a02-4fd7-8da1-7b42889d9f8b,4b00bcd7-936b-42d2-99b5-c0b8b78272c9,comprehension,10,10,1.0,198,1,high,1776330393.0,1776330591.0,2026-04-16 09:09:51.077+00,2026-04-16 09:09:59.116054+00,9,10,10,easy,Fact Extraction,25,,False,1,1,1,0,8,60.0,60.0,1776330453.0,1776330453.0,ESTIMATE_ONLY_inter_question_gaps_unknown
20ac445a-ff0c-4a22-9093-31db0b5555e1,4b00bcd7-936b-42d2-99b5-c0b8b78272c9,attention,7,10,0.7,116,1,mid,1776330649.0,1776330765.0,2026-04-16 09:12:45.194+00,2026-04-16 09:12:46.278431+00,0,1,1,easy,Oddball Detection,8,5,False,2,2,1,0,5,0.0,5.0,1776330649.0,1776330654.0,ESTIMATE_ONLY_inter_question_gaps_unknown
20ac445a-ff0c-4a22-9093-31db0b5555e1,4b00bcd7-936b-42d2-99b5-c0b8b78272c9,attention,7,10,0.7,116,1,mid,1776330649.0,1776330765.0,2026-04-16 09:12:45.194+00,2026-04-16 09:12:46.278431+00,1,2,2,easy,Count Target,8,5,False,0,0,1,0,4,10.0,15.0,1776330659.0,1776330664.0,ESTIMATE_ONLY_inter_question_gaps_unknown
20ac445a-ff0c-4a22-9093-31db0b5555e1,4b00bcd7-936b-42d2-99b5-c0b8b78272c9,attention,7,10,0.7,116,1,mid,1776330649.0,1776330765.0,2026-04-16 09:12:45.194+00,2026-04-16 09:12:46.278431+00,2,3,3,easy,Pattern Break,8,5,False,2,2,1,0,5,19.0,24.0,1776330668.0,1776330673.0,ESTIMATE_ONLY_inter_question_gaps_unknown
20ac445a-ff0c-4a22-9093-31db0b5555e1,4b00bcd7-936b-42d2-99b5-c0b8b78272c9,attention,7,10,0.7,116,1,mid,1776330649.0,1776330765.0,2026-04-16 09:12:45.194+00,2026-04-16 09:12:46.278431+00,3,4,4,easy,Position Detect,8,5,False,2,1,0,0,6,29.0,34.0,1776330678.0,1776330683.0,ESTIMATE_ONLY_inter_question_gaps_unknown
20ac445a-ff0c-4a22-9093-31db0b5555e1,4b00bcd7-936b-42d2-99b5-c0b8b78272c9,attention,7,10,0.7,116,1,mid,1776330649.0,1776330765.0,2026-04-16 09:12:45.194+00,2026-04-16 09:12:46.278431+00,4,5,5,medium,Rule Violation,10,6,False,2,2,1,0,9,40.0,46.0,1776330689.0,1776330695.0,ESTIMATE_ONLY_inter_question_gaps_unknown
20ac445a-ff0c-4a22-9093-31db0b5555e1,4b00bcd7-936b-42d2-99b5-c0b8b78272c9,attention,7,10,0.7,116,1,mid,1776330649.0,1776330765.0,2026-04-16 09:12:45.194+00,2026-04-16 09:12:46.278431+00,5,6,6,medium,Count Target,10,6,False,2,0,0,0,6,55.0,61.0,1776330704.0,1776330710.0,ESTIMATE_ONLY_inter_question_gaps_unknown
20ac445a-ff0c-4a22-9093-31db0b5555e1,4b00bcd7-936b-42d2-99b5-c0b8b78272c9,attention,7,10,0.7,116,1,mid,1776330649.0,1776330765.0,2026-04-16 09:12:45.194+00,2026-04-16 09:12:46.278431+00,6,7,7,medium,Count Target,10,6,False,2,2,1,0,7,67.0,73.0,1776330716.0,1776330722.0,ESTIMATE_ONLY_inter_question_gaps_unknown
20ac445a-ff0c-4a22-9093-31db0b5555e1,4b00bcd7-936b-42d2-99b5-c0b8b78272c9,attention,7,10,0.7,116,1,mid,1776330649.0,1776330765.0,2026-04-16 09:12:45.194+00,2026-04-16 09:12:46.278431+00,7,8,8,hard,Count Target,12,7,False,1,2,0,0,4,80.0,87.0,1776330729.0,1776330736.0,ESTIMATE_ONLY_inter_question_gaps_unknown
20ac445a-ff0c-4a22-9093-31db0b5555e1,4b00bcd7-936b-42d2-99b5-c0b8b78272c9,attention,7,10,0.7,116,1,mid,1776330649.0,1776330765.0,2026-04-16 09:12:45.194+00,2026-04-16 09:12:46.278431+00,8,9,9,hard,Rule Violation,12,7,False,2,2,1,0,8,91.0,98.0,1776330740.0,1776330747.0,ESTIMATE_ONLY_inter_question_gaps_unknown
20ac445a-ff0c-4a22-9093-31db0b5555e1,4b00bcd7-936b-42d2-99b5-c0b8b78272c9,attention,7,10,0.7,116,1,mid,1776330649.0,1776330765.0,2026-04-16 09:12:45.194+00,2026-04-16 09:12:46.278431+00,9,10,10,hard,Pattern Break,12,7,False,2,2,1,0,6,106.0,113.0,1776330755.0,1776330762.0,ESTIMATE_ONLY_inter_question_gaps_unknown
218a7b28-e618-4d5c-b4b4-0af84be011bc,4b00bcd7-936b-42d2-99b5-c0b8b78272c9,attention,7,10,0.7,116,1,mid,1776330648.0,1776330764.0,2026-04-16 09:12:44.847+00,2026-04-16 09:12:46.279211+00,0,1,1,easy,Oddball Detection,8,5,False,2,2,1,0,5,0.0,5.0,1776330648.0,1776330653.0,ESTIMATE_ONLY_inter_question_gaps_unknown
218a7b28-e618-4d5c-b4b4-0af84be011bc,4b00bcd7-936b-42d2-99b5-c0b8b78272c9,attention,7,10,0.7,116,1,mid,1776330648.0,1776330764.0,2026-04-16 09:12:44.847+00,2026-04-16 09:12:46.279211+00,1,2,2,easy,Count Target,8,5,False,0,0,1,0,4,10.0,15.0,1776330658.0,1776330663.0,ESTIMATE_ONLY_inter_question_gaps_unknown
218a7b28-e618-4d5c-b4b4-0af84be011bc,4b00bcd7-936b-42d2-99b5-c0b8b78272c9,attention,7,10,0.7,116,1,mid,1776330648.0,1776330764.0,2026-04-16 09:12:44.847+00,2026-04-16 09:12:46.279211+00,2,3,3,easy,Pattern Break,8,5,False,2,2,1,0,5,19.0,24.0,1776330667.0,1776330672.0,ESTIMATE_ONLY_inter_question_gaps_unknown
218a7b28-e618-4d5c-b4b4-0af84be011bc,4b00bcd7-936b-42d2-99b5-c0b8b78272c9,attention,7,10,0.7,116,1,mid,1776330648.0,1776330764.0,2026-04-16 09:12:44.847+00,2026-04-16 09:12:46.279211+00,3,4,4,easy,Position Detect,8,5,False,2,1,0,0,6,29.0,34.0,1776330677.0,1776330682.0,ESTIMATE_ONLY_inter_question_gaps_unknown
218a7b28-e618-4d5c-b4b4-0af84be011bc,4b00bcd7-936b-42d2-99b5-c0b8b78272c9,attention,7,10,0.7,116,1,mid,1776330648.0,1776330764.0,2026-04-16 09:12:44.847+00,2026-04-16 09:12:46.279211+00,4,5,5,medium,Rule Violation,10,6,False,2,2,1,0,9,40.0,46.0,1776330688.0,1776330694.0,ESTIMATE_ONLY_inter_question_gaps_unknown
218a7b28-e618-4d5c-b4b4-0af84be011bc,4b00bcd7-936b-42d2-99b5-c0b8b78272c9,attention,7,10,0.7,116,1,mid,1776330648.0,1776330764.0,2026-04-16 09:12:44.847+00,2026-04-16 09:12:46.279211+00,5,6,6,medium,Count Target,10,6,False,2,0,0,0,6,55.0,61.0,1776330703.0,1776330709.0,ESTIMATE_ONLY_inter_question_gaps_unknown
218a7b28-e618-4d5c-b4b4-0af84be011bc,4b00bcd7-936b-42d2-99b5-c0b8b78272c9,attention,7,10,0.7,116,1,mid,1776330648.0,1776330764.0,2026-04-16 09:12:44.847+00,2026-04-16 09:12:46.279211+00,6,7,7,medium,Count Target,10,6,False,2,2,1,0,7,67.0,73.0,1776330715.0,1776330721.0,ESTIMATE_ONLY_inter_question_gaps_unknown
218a7b28-e618-4d5c-b4b4-0af84be011bc,4b00bcd7-936b-42d2-99b5-c0b8b78272c9,attention,7,10,0.7,116,1,mid,1776330648.0,1776330764.0,2026-04-16 09:12:44.847+00,2026-04-16 09:12:46.279211+00,7,8,8,hard,Count Target,12,7,False,1,2,0,0,4,80.0,87.0,1776330728.0,1776330735.0,ESTIMATE_ONLY_inter_question_gaps_unknown
218a7b28-e618-4d5c-b4b4-0af84be011bc,4b00bcd7-936b-42d2-99b5-c0b8b78272c9,attention,7,10,0.7,116,1,mid,1776330648.0,1776330764.0,2026-04-16 09:12:44.847+00,2026-04-16 09:12:46.279211+00,8,9,9,hard,Rule Violation,12,7,False,2,2,1,0,8,91.0,98.0,1776330739.0,1776330746.0,ESTIMATE_ONLY_inter_question_gaps_unknown
218a7b28-e618-4d5c-b4b4-0af84be011bc,4b00bcd7-936b-42d2-99b5-c0b8b78272c9,attention,7,10,0.7,116,1,mid,1776330648.0,1776330764.0,2026-04-16 09:12:44.847+00,2026-04-16 09:12:46.279211+00,9,10,10,hard,Pattern Break,12,7,False,2,2,1,0,6,106.0,113.0,1776330754.0,1776330761.0,ESTIMATE_ONLY_inter_question_gaps_unknown
220ef695-d487-45a1-984e-902c2e8917f3,b60e1ae3-b420-4c8c-b2f5-fe145674e306,arithmetic,6,10,0.6,54,0,mid,1776230771.0,1776230825.0,2026-04-15 05:27:05.147+00,2026-04-15 05:27:04.9427+00,0,1,1,easy,Addition,15,,False,0,0,1,0,6,0.0,0.0,1776230771.0,1776230771.0,ESTIMATE_ONLY_inter_question_gaps_unknown
220ef695-d487-45a1-984e-902c2e8917f3,b60e1ae3-b420-4c8c-b2f5-fe145674e306,arithmetic,6,10,0.6,54,0,mid,1776230771.0,1776230825.0,2026-04-15 05:27:05.147+00,2026-04-15 05:27:04.9427+00,1,2,2,easy,Division,15,,False,2,2,1,0,5,6.0,6.0,1776230777.0,1776230777.0,ESTIMATE_ONLY_inter_question_gaps_unknown
220ef695-d487-45a1-984e-902c2e8917f3,b60e1ae3-b420-4c8c-b2f5-fe145674e306,arithmetic,6,10,0.6,54,0,mid,1776230771.0,1776230825.0,2026-04-15 05:27:05.147+00,2026-04-15 05:27:04.9427+00,2,3,3,easy,Addition,15,,False,2,0,0,0,8,11.0,11.0,1776230782.0,1776230782.0,ESTIMATE_ONLY_inter_question_gaps_unknown
220ef695-d487-45a1-984e-902c2e8917f3,b60e1ae3-b420-4c8c-b2f5-fe145674e306,arithmetic,6,10,0.6,54,0,mid,1776230771.0,1776230825.0,2026-04-15 05:27:05.147+00,2026-04-15 05:27:04.9427+00,3,4,4,easy,Subtraction,15,,False,0,0,1,0,7,19.0,19.0,1776230790.0,1776230790.0,ESTIMATE_ONLY_inter_question_gaps_unknown
220ef695-d487-45a1-984e-902c2e8917f3,b60e1ae3-b420-4c8c-b2f5-fe145674e306,arithmetic,6,10,0.6,54,0,mid,1776230771.0,1776230825.0,2026-04-15 05:27:05.147+00,2026-04-15 05:27:04.9427+00,4,5,5,medium,Addition,20,,False,1,2,0,0,8,26.0,26.0,1776230797.0,1776230797.0,ESTIMATE_ONLY_inter_question_gaps_unknown
220ef695-d487-45a1-984e-902c2e8917f3,b60e1ae3-b420-4c8c-b2f5-fe145674e306,arithmetic,6,10,0.6,54,0,mid,1776230771.0,1776230825.0,2026-04-15 05:27:05.147+00,2026-04-15 05:27:04.9427+00,5,6,6,medium,Multiplication,20,,False,0,0,1,0,7,34.0,34.0,1776230805.0,1776230805.0,ESTIMATE_ONLY_inter_question_gaps_unknown
220ef695-d487-45a1-984e-902c2e8917f3,b60e1ae3-b420-4c8c-b2f5-fe145674e306,arithmetic,6,10,0.6,54,0,mid,1776230771.0,1776230825.0,2026-04-15 05:27:05.147+00,2026-04-15 05:27:04.9427+00,6,7,7,medium,Division,20,,False,1,1,1,0,4,41.0,41.0,1776230812.0,1776230812.0,ESTIMATE_ONLY_inter_question_gaps_unknown
220ef695-d487-45a1-984e-902c2e8917f3,b60e1ae3-b420-4c8c-b2f5-fe145674e306,arithmetic,6,10,0.6,54,0,mid,1776230771.0,1776230825.0,2026-04-15 05:27:05.147+00,2026-04-15 05:27:04.9427+00,7,8,8,hard,Percentage,30,,False,2,2,1,0,4,45.0,45.0,1776230816.0,1776230816.0,ESTIMATE_ONLY_inter_question_gaps_unknown
220ef695-d487-45a1-984e-902c2e8917f3,b60e1ae3-b420-4c8c-b2f5-fe145674e306,arithmetic,6,10,0.6,54,0,mid,1776230771.0,1776230825.0,2026-04-15 05:27:05.147+00,2026-04-15 05:27:04.9427+00,8,9,9,hard,Multiplication,30,,False,1,0,0,0,4,49.0,49.0,1776230820.0,1776230820.0,ESTIMATE_ONLY_inter_question_gaps_unknown
220ef695-d487-45a1-984e-902c2e8917f3,b60e1ae3-b420-4c8c-b2f5-fe145674e306,arithmetic,6,10,0.6,54,0,mid,1776230771.0,1776230825.0,2026-04-15 05:27:05.147+00,2026-04-15 05:27:04.9427+00,9,10,10,hard,Multi-step,30,,False,2,1,0,0,7,53.0,53.0,1776230824.0,1776230824.0,ESTIMATE_ONLY_inter_question_gaps_unknown
22121288-a8e9-48ca-974f-2d645ceeb7a7,bef21b19-9f14-46fd-983e-519cd076d499,comprehension,10,10,1.0,124,1,high,1776852469.0,1776852593.0,2026-04-22 10:09:53.205+00,2026-04-22 10:09:53.683476+00,0,1,1,easy,Fact Extraction,25,,True,0,0,1,0,4,0.0,0.0,1776852469.0,1776852469.0,ESTIMATE_ONLY_reading_phase_duration_unknown
22121288-a8e9-48ca-974f-2d645ceeb7a7,bef21b19-9f14-46fd-983e-519cd076d499,comprehension,10,10,1.0,124,1,high,1776852469.0,1776852593.0,2026-04-22 10:09:53.205+00,2026-04-22 10:09:53.683476+00,1,2,2,medium,Detail Recall,25,,False,0,0,1,0,2,4.0,4.0,1776852473.0,1776852473.0,ESTIMATE_ONLY_inter_question_gaps_unknown
22121288-a8e9-48ca-974f-2d645ceeb7a7,bef21b19-9f14-46fd-983e-519cd076d499,comprehension,10,10,1.0,124,1,high,1776852469.0,1776852593.0,2026-04-22 10:09:53.205+00,2026-04-22 10:09:53.683476+00,2,3,3,easy,Fact Extraction,25,,False,0,0,1,0,2,6.0,6.0,1776852475.0,1776852475.0,ESTIMATE_ONLY_inter_question_gaps_unknown
22121288-a8e9-48ca-974f-2d645ceeb7a7,bef21b19-9f14-46fd-983e-519cd076d499,comprehension,10,10,1.0,124,1,high,1776852469.0,1776852593.0,2026-04-22 10:09:53.205+00,2026-04-22 10:09:53.683476+00,3,4,4,medium,Inference,25,,False,1,1,1,0,5,8.0,8.0,1776852477.0,1776852477.0,ESTIMATE_ONLY_inter_question_gaps_unknown
22121288-a8e9-48ca-974f-2d645ceeb7a7,bef21b19-9f14-46fd-983e-519cd076d499,comprehension,10,10,1.0,124,1,high,1776852469.0,1776852593.0,2026-04-22 10:09:53.205+00,2026-04-22 10:09:53.683476+00,4,5,5,easy,Detail Recall,25,,False,0,0,1,0,5,13.0,13.0,1776852482.0,1776852482.0,ESTIMATE_ONLY_inter_question_gaps_unknown
22121288-a8e9-48ca-974f-2d645ceeb7a7,bef21b19-9f14-46fd-983e-519cd076d499,comprehension,10,10,1.0,124,1,high,1776852469.0,1776852593.0,2026-04-22 10:09:53.205+00,2026-04-22 10:09:53.683476+00,5,6,6,easy,Fact Extraction,25,,True,1,1,1,0,3,18.0,18.0,1776852487.0,1776852487.0,ESTIMATE_ONLY_reading_phase_duration_unknown
22121288-a8e9-48ca-974f-2d645ceeb7a7,bef21b19-9f14-46fd-983e-519cd076d499,comprehension,10,10,1.0,124,1,high,1776852469.0,1776852593.0,2026-04-22 10:09:53.205+00,2026-04-22 10:09:53.683476+00,6,7,7,easy,Detail Recall,25,,False,2,2,1,0,6,21.0,21.0,1776852490.0,1776852490.0,ESTIMATE_ONLY_inter_question_gaps_unknown
22121288-a8e9-48ca-974f-2d645ceeb7a7,bef21b19-9f14-46fd-983e-519cd076d499,comprehension,10,10,1.0,124,1,high,1776852469.0,1776852593.0,2026-04-22 10:09:53.205+00,2026-04-22 10:09:53.683476+00,7,8,8,medium,Detail Recall,25,,False,0,0,1,0,5,27.0,27.0,1776852496.0,1776852496.0,ESTIMATE_ONLY_inter_question_gaps_unknown
22121288-a8e9-48ca-974f-2d645ceeb7a7,bef21b19-9f14-46fd-983e-519cd076d499,comprehension,10,10,1.0,124,1,high,1776852469.0,1776852593.0,2026-04-22 10:09:53.205+00,2026-04-22 10:09:53.683476+00,8,9,9,medium,Inference,25,,False,1,1,1,0,5,32.0,32.0,1776852501.0,1776852501.0,ESTIMATE_ONLY_inter_question_gaps_unknown
22121288-a8e9-48ca-974f-2d645ceeb7a7,bef21b19-9f14-46fd-983e-519cd076d499,comprehension,10,10,1.0,124,1,high,1776852469.0,1776852593.0,2026-04-22 10:09:53.205+00,2026-04-22 10:09:53.683476+00,9,10,10,easy,Fact Extraction,25,,False,1,1,1,0,6,37.0,37.0,1776852506.0,1776852506.0,ESTIMATE_ONLY_inter_question_gaps_unknown
23337499-3c33-4464-a197-0fa22b6a9da7,50e80c06-aaf0-4193-90cb-eb43ae74b701,arithmetic,8,10,0.8,68,1,high,1776834297.0,1776834365.0,2026-04-22 05:06:05.501+00,2026-04-22 05:06:07.842978+00,0,1,1,easy,Addition,15,,False,0,0,1,0,3,0.0,0.0,1776834297.0,1776834297.0,ESTIMATE_ONLY_inter_question_gaps_unknown
23337499-3c33-4464-a197-0fa22b6a9da7,50e80c06-aaf0-4193-90cb-eb43ae74b701,arithmetic,8,10,0.8,68,1,high,1776834297.0,1776834365.0,2026-04-22 05:06:05.501+00,2026-04-22 05:06:07.842978+00,1,2,2,easy,Division,15,,False,2,2,1,0,2,3.0,3.0,1776834300.0,1776834300.0,ESTIMATE_ONLY_inter_question_gaps_unknown
23337499-3c33-4464-a197-0fa22b6a9da7,50e80c06-aaf0-4193-90cb-eb43ae74b701,arithmetic,8,10,0.8,68,1,high,1776834297.0,1776834365.0,2026-04-22 05:06:05.501+00,2026-04-22 05:06:07.842978+00,2,3,3,easy,Addition,15,,False,0,0,1,0,6,5.0,5.0,1776834302.0,1776834302.0,ESTIMATE_ONLY_inter_question_gaps_unknown
23337499-3c33-4464-a197-0fa22b6a9da7,50e80c06-aaf0-4193-90cb-eb43ae74b701,arithmetic,8,10,0.8,68,1,high,1776834297.0,1776834365.0,2026-04-22 05:06:05.501+00,2026-04-22 05:06:07.842978+00,3,4,4,easy,Subtraction,15,,False,0,0,1,0,5,11.0,11.0,1776834308.0,1776834308.0,ESTIMATE_ONLY_inter_question_gaps_unknown
23337499-3c33-4464-a197-0fa22b6a9da7,50e80c06-aaf0-4193-90cb-eb43ae74b701,arithmetic,8,10,0.8,68,1,high,1776834297.0,1776834365.0,2026-04-22 05:06:05.501+00,2026-04-22 05:06:07.842978+00,4,5,5,medium,Addition,20,,False,2,2,1,0,8,16.0,16.0,1776834313.0,1776834313.0,ESTIMATE_ONLY_inter_question_gaps_unknown
23337499-3c33-4464-a197-0fa22b6a9da7,50e80c06-aaf0-4193-90cb-eb43ae74b701,arithmetic,8,10,0.8,68,1,high,1776834297.0,1776834365.0,2026-04-22 05:06:05.501+00,2026-04-22 05:06:07.842978+00,5,6,6,medium,Multiplication,20,,False,0,0,1,0,6,24.0,24.0,1776834321.0,1776834321.0,ESTIMATE_ONLY_inter_question_gaps_unknown
23337499-3c33-4464-a197-0fa22b6a9da7,50e80c06-aaf0-4193-90cb-eb43ae74b701,arithmetic,8,10,0.8,68,1,high,1776834297.0,1776834365.0,2026-04-22 05:06:05.501+00,2026-04-22 05:06:07.842978+00,6,7,7,medium,Division,20,,False,1,1,1,0,5,30.0,30.0,1776834327.0,1776834327.0,ESTIMATE_ONLY_inter_question_gaps_unknown
23337499-3c33-4464-a197-0fa22b6a9da7,50e80c06-aaf0-4193-90cb-eb43ae74b701,arithmetic,8,10,0.8,68,1,high,1776834297.0,1776834365.0,2026-04-22 05:06:05.501+00,2026-04-22 05:06:07.842978+00,7,8,8,hard,Percentage,30,,False,0,2,0,0,11,35.0,35.0,1776834332.0,1776834332.0,ESTIMATE_ONLY_inter_question_gaps_unknown
23337499-3c33-4464-a197-0fa22b6a9da7,50e80c06-aaf0-4193-90cb-eb43ae74b701,arithmetic,8,10,0.8,68,1,high,1776834297.0,1776834365.0,2026-04-22 05:06:05.501+00,2026-04-22 05:06:07.842978+00,8,9,9,hard,Multiplication,30,,False,1,0,0,0,11,46.0,46.0,1776834343.0,1776834343.0,ESTIMATE_ONLY_inter_question_gaps_unknown
23337499-3c33-4464-a197-0fa22b6a9da7,50e80c06-aaf0-4193-90cb-eb43ae74b701,arithmetic,8,10,0.8,68,1,high,1776834297.0,1776834365.0,2026-04-22 05:06:05.501+00,2026-04-22 05:06:07.842978+00,9,10,10,hard,Multi-step,30,,False,1,1,1,0,14,57.0,57.0,1776834354.0,1776834354.0,ESTIMATE_ONLY_inter_question_gaps_unknown
23d15dbd-e26e-4e21-8995-cf130737c772,ad1b69f4-c7df-4d3a-bc43-55840a73478f,pattern,7,10,0.7,80,1,mid,1777459271.0,1777459351.0,2026-04-29 10:42:31.777+00,2026-04-29 10:42:32.459569+00,0,1,1,easy,Arithmetic Sequence,15,,False,2,2,1,0,4,0.0,0.0,1777459271.0,1777459271.0,ESTIMATE_ONLY_inter_question_gaps_unknown
23d15dbd-e26e-4e21-8995-cf130737c772,ad1b69f4-c7df-4d3a-bc43-55840a73478f,pattern,7,10,0.7,80,1,mid,1777459271.0,1777459351.0,2026-04-29 10:42:31.777+00,2026-04-29 10:42:32.459569+00,1,2,2,easy,Arithmetic Sequence,15,,False,0,0,1,0,3,4.0,4.0,1777459275.0,1777459275.0,ESTIMATE_ONLY_inter_question_gaps_unknown
23d15dbd-e26e-4e21-8995-cf130737c772,ad1b69f4-c7df-4d3a-bc43-55840a73478f,pattern,7,10,0.7,80,1,mid,1777459271.0,1777459351.0,2026-04-29 10:42:31.777+00,2026-04-29 10:42:32.459569+00,2,3,3,easy,Odd Numbers,15,,False,1,1,1,0,3,7.0,7.0,1777459278.0,1777459278.0,ESTIMATE_ONLY_inter_question_gaps_unknown
23d15dbd-e26e-4e21-8995-cf130737c772,ad1b69f4-c7df-4d3a-bc43-55840a73478f,pattern,7,10,0.7,80,1,mid,1777459271.0,1777459351.0,2026-04-29 10:42:31.777+00,2026-04-29 10:42:32.459569+00,3,4,4,easy,Decreasing Sequence,15,,False,2,2,1,0,9,10.0,10.0,1777459281.0,1777459281.0,ESTIMATE_ONLY_inter_question_gaps_unknown
23d15dbd-e26e-4e21-8995-cf130737c772,ad1b69f4-c7df-4d3a-bc43-55840a73478f,pattern,7,10,0.7,80,1,mid,1777459271.0,1777459351.0,2026-04-29 10:42:31.777+00,2026-04-29 10:42:32.459569+00,4,5,5,medium,Perfect Squares,20,,False,0,2,0,0,9,19.0,19.0,1777459290.0,1777459290.0,ESTIMATE_ONLY_inter_question_gaps_unknown
23d15dbd-e26e-4e21-8995-cf130737c772,ad1b69f4-c7df-4d3a-bc43-55840a73478f,pattern,7,10,0.7,80,1,mid,1777459271.0,1777459351.0,2026-04-29 10:42:31.777+00,2026-04-29 10:42:32.459569+00,5,6,6,medium,Fibonacci,20,,False,1,1,1,0,14,28.0,28.0,1777459299.0,1777459299.0,ESTIMATE_ONLY_inter_question_gaps_unknown
23d15dbd-e26e-4e21-8995-cf130737c772,ad1b69f4-c7df-4d3a-bc43-55840a73478f,pattern,7,10,0.7,80,1,mid,1777459271.0,1777459351.0,2026-04-29 10:42:31.777+00,2026-04-29 10:42:32.459569+00,6,7,7,medium,Perfect Cubes,20,,False,2,2,1,0,12,42.0,42.0,1777459313.0,1777459313.0,ESTIMATE_ONLY_inter_question_gaps_unknown
23d15dbd-e26e-4e21-8995-cf130737c772,ad1b69f4-c7df-4d3a-bc43-55840a73478f,pattern,7,10,0.7,80,1,mid,1777459271.0,1777459351.0,2026-04-29 10:42:31.777+00,2026-04-29 10:42:32.459569+00,7,8,8,hard,Triangular Differences,30,,False,2,2,1,0,12,54.0,54.0,1777459325.0,1777459325.0,ESTIMATE_ONLY_inter_question_gaps_unknown
23d15dbd-e26e-4e21-8995-cf130737c772,ad1b69f4-c7df-4d3a-bc43-55840a73478f,pattern,7,10,0.7,80,1,mid,1777459271.0,1777459351.0,2026-04-29 10:42:31.777+00,2026-04-29 10:42:32.459569+00,8,9,9,hard,Squares,30,,False,2,0,0,0,10,66.0,66.0,1777459337.0,1777459337.0,ESTIMATE_ONLY_inter_question_gaps_unknown
23d15dbd-e26e-4e21-8995-cf130737c772,ad1b69f4-c7df-4d3a-bc43-55840a73478f,pattern,7,10,0.7,80,1,mid,1777459271.0,1777459351.0,2026-04-29 10:42:31.777+00,2026-04-29 10:42:32.459569+00,9,10,10,hard,n(n+1),30,,False,1,0,0,0,10,76.0,76.0,1777459347.0,1777459347.0,ESTIMATE_ONLY_inter_question_gaps_unknown
25062e63-20ec-4f9e-aa21-acec77242b95,6d998d08-a10e-4432-b8a1-84e619128b08,memory,8,10,0.8,100,1,high,1777260860.0,1777260960.0,2026-04-27 03:36:00.864+00,2026-04-27 03:36:01.612365+00,0,1,1,easy,Digit Recall,10,5,False,0,0,1,0,5,0.0,5.0,1777260860.0,1777260865.0,ESTIMATE_ONLY_inter_question_gaps_unknown
25062e63-20ec-4f9e-aa21-acec77242b95,6d998d08-a10e-4432-b8a1-84e619128b08,memory,8,10,0.8,100,1,high,1777260860.0,1777260960.0,2026-04-27 03:36:00.864+00,2026-04-27 03:36:01.612365+00,1,2,2,easy,Word Recall,10,5,False,2,2,1,0,3,10.0,15.0,1777260870.0,1777260875.0,ESTIMATE_ONLY_inter_question_gaps_unknown
25062e63-20ec-4f9e-aa21-acec77242b95,6d998d08-a10e-4432-b8a1-84e619128b08,memory,8,10,0.8,100,1,high,1777260860.0,1777260960.0,2026-04-27 03:36:00.864+00,2026-04-27 03:36:01.612365+00,2,3,3,easy,Digit Recall,10,5,False,1,1,1,0,4,18.0,23.0,1777260878.0,1777260883.0,ESTIMATE_ONLY_inter_question_gaps_unknown
25062e63-20ec-4f9e-aa21-acec77242b95,6d998d08-a10e-4432-b8a1-84e619128b08,memory,8,10,0.8,100,1,high,1777260860.0,1777260960.0,2026-04-27 03:36:00.864+00,2026-04-27 03:36:01.612365+00,3,4,4,easy,Word Recall,10,5,False,0,0,1,0,6,27.0,32.0,1777260887.0,1777260892.0,ESTIMATE_ONLY_inter_question_gaps_unknown
25062e63-20ec-4f9e-aa21-acec77242b95,6d998d08-a10e-4432-b8a1-84e619128b08,memory,8,10,0.8,100,1,high,1777260860.0,1777260960.0,2026-04-27 03:36:00.864+00,2026-04-27 03:36:01.612365+00,4,5,5,medium,Digit Recall,12,6,False,0,0,1,0,3,38.0,44.0,1777260898.0,1777260904.0,ESTIMATE_ONLY_inter_question_gaps_unknown
25062e63-20ec-4f9e-aa21-acec77242b95,6d998d08-a10e-4432-b8a1-84e619128b08,memory,8,10,0.8,100,1,high,1777260860.0,1777260960.0,2026-04-27 03:36:00.864+00,2026-04-27 03:36:01.612365+00,5,6,6,medium,Position Recall,12,6,False,1,1,1,0,8,47.0,53.0,1777260907.0,1777260913.0,ESTIMATE_ONLY_inter_question_gaps_unknown
25062e63-20ec-4f9e-aa21-acec77242b95,6d998d08-a10e-4432-b8a1-84e619128b08,memory,8,10,0.8,100,1,high,1777260860.0,1777260960.0,2026-04-27 03:36:00.864+00,2026-04-27 03:36:01.612365+00,6,7,7,medium,Position Recall,12,6,False,2,2,1,0,3,61.0,67.0,1777260921.0,1777260927.0,ESTIMATE_ONLY_inter_question_gaps_unknown
25062e63-20ec-4f9e-aa21-acec77242b95,6d998d08-a10e-4432-b8a1-84e619128b08,memory,8,10,0.8,100,1,high,1777260860.0,1777260960.0,2026-04-27 03:36:00.864+00,2026-04-27 03:36:01.612365+00,7,8,8,hard,Sequence Recall,15,7,False,1,0,0,0,8,70.0,77.0,1777260930.0,1777260937.0,ESTIMATE_ONLY_inter_question_gaps_unknown
25062e63-20ec-4f9e-aa21-acec77242b95,6d998d08-a10e-4432-b8a1-84e619128b08,memory,8,10,0.8,100,1,high,1777260860.0,1777260960.0,2026-04-27 03:36:00.864+00,2026-04-27 03:36:01.612365+00,8,9,9,hard,Position Recall,15,7,False,1,1,1,0,3,85.0,92.0,1777260945.0,1777260952.0,ESTIMATE_ONLY_inter_question_gaps_unknown
25062e63-20ec-4f9e-aa21-acec77242b95,6d998d08-a10e-4432-b8a1-84e619128b08,memory,8,10,0.8,100,1,high,1777260860.0,1777260960.0,2026-04-27 03:36:00.864+00,2026-04-27 03:36:01.612365+00,9,10,10,hard,Digit Analysis,15,7,False,1,2,0,0,4,95.0,102.0,1777260955.0,1777260962.0,ESTIMATE_ONLY_inter_question_gaps_unknown
28a4dbfc-27f4-4108-918c-f51f4d24baea,617c750a-6289-4403-8ead-1ee0ff4fcf88,memory,7,10,0.7,96,1,mid,1776746935.0,1776747031.0,2026-04-21 04:50:31.22+00,2026-04-21 04:50:32.857117+00,0,1,1,easy,Digit Recall,10,5,False,0,0,1,0,3,0.0,5.0,1776746935.0,1776746940.0,ESTIMATE_ONLY_inter_question_gaps_unknown
28a4dbfc-27f4-4108-918c-f51f4d24baea,617c750a-6289-4403-8ead-1ee0ff4fcf88,memory,7,10,0.7,96,1,mid,1776746935.0,1776747031.0,2026-04-21 04:50:31.22+00,2026-04-21 04:50:32.857117+00,1,2,2,easy,Word Recall,10,5,False,2,2,1,0,4,8.0,13.0,1776746943.0,1776746948.0,ESTIMATE_ONLY_inter_question_gaps_unknown
28a4dbfc-27f4-4108-918c-f51f4d24baea,617c750a-6289-4403-8ead-1ee0ff4fcf88,memory,7,10,0.7,96,1,mid,1776746935.0,1776747031.0,2026-04-21 04:50:31.22+00,2026-04-21 04:50:32.857117+00,2,3,3,easy,Digit Recall,10,5,False,1,1,1,0,4,17.0,22.0,1776746952.0,1776746957.0,ESTIMATE_ONLY_inter_question_gaps_unknown
28a4dbfc-27f4-4108-918c-f51f4d24baea,617c750a-6289-4403-8ead-1ee0ff4fcf88,memory,7,10,0.7,96,1,mid,1776746935.0,1776747031.0,2026-04-21 04:50:31.22+00,2026-04-21 04:50:32.857117+00,3,4,4,easy,Word Recall,10,5,False,0,0,1,0,4,26.0,31.0,1776746961.0,1776746966.0,ESTIMATE_ONLY_inter_question_gaps_unknown
28a4dbfc-27f4-4108-918c-f51f4d24baea,617c750a-6289-4403-8ead-1ee0ff4fcf88,memory,7,10,0.7,96,1,mid,1776746935.0,1776747031.0,2026-04-21 04:50:31.22+00,2026-04-21 04:50:32.857117+00,4,5,5,medium,Digit Recall,12,6,False,0,0,1,0,3,35.0,41.0,1776746970.0,1776746976.0,ESTIMATE_ONLY_inter_question_gaps_unknown
28a4dbfc-27f4-4108-918c-f51f4d24baea,617c750a-6289-4403-8ead-1ee0ff4fcf88,memory,7,10,0.7,96,1,mid,1776746935.0,1776747031.0,2026-04-21 04:50:31.22+00,2026-04-21 04:50:32.857117+00,5,6,6,medium,Position Recall,12,6,False,0,1,0,0,6,44.0,50.0,1776746979.0,1776746985.0,ESTIMATE_ONLY_inter_question_gaps_unknown
28a4dbfc-27f4-4108-918c-f51f4d24baea,617c750a-6289-4403-8ead-1ee0ff4fcf88,memory,7,10,0.7,96,1,mid,1776746935.0,1776747031.0,2026-04-21 04:50:31.22+00,2026-04-21 04:50:32.857117+00,6,7,7,medium,Position Recall,12,6,False,2,2,1,0,4,56.0,62.0,1776746991.0,1776746997.0,ESTIMATE_ONLY_inter_question_gaps_unknown
28a4dbfc-27f4-4108-918c-f51f4d24baea,617c750a-6289-4403-8ead-1ee0ff4fcf88,memory,7,10,0.7,96,1,mid,1776746935.0,1776747031.0,2026-04-21 04:50:31.22+00,2026-04-21 04:50:32.857117+00,7,8,8,hard,Sequence Recall,15,7,False,1,0,0,0,8,66.0,73.0,1776747001.0,1776747008.0,ESTIMATE_ONLY_inter_question_gaps_unknown
28a4dbfc-27f4-4108-918c-f51f4d24baea,617c750a-6289-4403-8ead-1ee0ff4fcf88,memory,7,10,0.7,96,1,mid,1776746935.0,1776747031.0,2026-04-21 04:50:31.22+00,2026-04-21 04:50:32.857117+00,8,9,9,hard,Position Recall,15,7,False,1,1,1,0,3,81.0,88.0,1776747016.0,1776747023.0,ESTIMATE_ONLY_inter_question_gaps_unknown
28a4dbfc-27f4-4108-918c-f51f4d24baea,617c750a-6289-4403-8ead-1ee0ff4fcf88,memory,7,10,0.7,96,1,mid,1776746935.0,1776747031.0,2026-04-21 04:50:31.22+00,2026-04-21 04:50:32.857117+00,9,10,10,hard,Digit Analysis,15,7,False,1,2,0,0,4,91.0,98.0,1776747026.0,1776747033.0,ESTIMATE_ONLY_inter_question_gaps_unknown
28a8b7f3-9b08-4161-b662-d1c0564e2299,7aff8ec5-acae-493c-a6b3-9d61b98ba0b4,memory,6,10,0.6,93,0,mid,1777545496.0,1777545589.0,2026-04-30 10:39:49.946+00,2026-04-30 10:39:50.465604+00,0,1,1,easy,Digit Recall,10,5,False,1,0,0,0,2,0.0,5.0,1777545496.0,1777545501.0,ESTIMATE_ONLY_inter_question_gaps_unknown
28a8b7f3-9b08-4161-b662-d1c0564e2299,7aff8ec5-acae-493c-a6b3-9d61b98ba0b4,memory,6,10,0.6,93,0,mid,1777545496.0,1777545589.0,2026-04-30 10:39:49.946+00,2026-04-30 10:39:50.465604+00,1,2,2,easy,Word Recall,10,5,False,2,2,1,0,2,7.0,12.0,1777545503.0,1777545508.0,ESTIMATE_ONLY_inter_question_gaps_unknown
28a8b7f3-9b08-4161-b662-d1c0564e2299,7aff8ec5-acae-493c-a6b3-9d61b98ba0b4,memory,6,10,0.6,93,0,mid,1777545496.0,1777545589.0,2026-04-30 10:39:49.946+00,2026-04-30 10:39:50.465604+00,2,3,3,easy,Digit Recall,10,5,False,1,1,1,0,3,14.0,19.0,1777545510.0,1777545515.0,ESTIMATE_ONLY_inter_question_gaps_unknown
28a8b7f3-9b08-4161-b662-d1c0564e2299,7aff8ec5-acae-493c-a6b3-9d61b98ba0b4,memory,6,10,0.6,93,0,mid,1777545496.0,1777545589.0,2026-04-30 10:39:49.946+00,2026-04-30 10:39:50.465604+00,3,4,4,easy,Word Recall,10,5,False,0,0,1,0,3,22.0,27.0,1777545518.0,1777545523.0,ESTIMATE_ONLY_inter_question_gaps_unknown
28a8b7f3-9b08-4161-b662-d1c0564e2299,7aff8ec5-acae-493c-a6b3-9d61b98ba0b4,memory,6,10,0.6,93,0,mid,1777545496.0,1777545589.0,2026-04-30 10:39:49.946+00,2026-04-30 10:39:50.465604+00,4,5,5,medium,Digit Recall,12,6,False,1,0,0,0,4,30.0,36.0,1777545526.0,1777545532.0,ESTIMATE_ONLY_inter_question_gaps_unknown
28a8b7f3-9b08-4161-b662-d1c0564e2299,7aff8ec5-acae-493c-a6b3-9d61b98ba0b4,memory,6,10,0.6,93,0,mid,1777545496.0,1777545589.0,2026-04-30 10:39:49.946+00,2026-04-30 10:39:50.465604+00,5,6,6,medium,Position Recall,12,6,False,1,1,1,0,4,40.0,46.0,1777545536.0,1777545542.0,ESTIMATE_ONLY_inter_question_gaps_unknown
28a8b7f3-9b08-4161-b662-d1c0564e2299,7aff8ec5-acae-493c-a6b3-9d61b98ba0b4,memory,6,10,0.6,93,0,mid,1777545496.0,1777545589.0,2026-04-30 10:39:49.946+00,2026-04-30 10:39:50.465604+00,6,7,7,medium,Position Recall,12,6,False,0,2,0,0,3,50.0,56.0,1777545546.0,1777545552.0,ESTIMATE_ONLY_inter_question_gaps_unknown
28a8b7f3-9b08-4161-b662-d1c0564e2299,7aff8ec5-acae-493c-a6b3-9d61b98ba0b4,memory,6,10,0.6,93,0,mid,1777545496.0,1777545589.0,2026-04-30 10:39:49.946+00,2026-04-30 10:39:50.465604+00,7,8,8,hard,Sequence Recall,15,7,False,1,0,0,0,8,59.0,66.0,1777545555.0,1777545562.0,ESTIMATE_ONLY_inter_question_gaps_unknown
28a8b7f3-9b08-4161-b662-d1c0564e2299,7aff8ec5-acae-493c-a6b3-9d61b98ba0b4,memory,6,10,0.6,93,0,mid,1777545496.0,1777545589.0,2026-04-30 10:39:49.946+00,2026-04-30 10:39:50.465604+00,8,9,9,hard,Position Recall,15,7,False,1,1,1,0,4,74.0,81.0,1777545570.0,1777545577.0,ESTIMATE_ONLY_inter_question_gaps_unknown
28a8b7f3-9b08-4161-b662-d1c0564e2299,7aff8ec5-acae-493c-a6b3-9d61b98ba0b4,memory,6,10,0.6,93,0,mid,1777545496.0,1777545589.0,2026-04-30 10:39:49.946+00,2026-04-30 10:39:50.465604+00,9,10,10,hard,Digit Analysis,15,7,False,2,2,1,0,3,85.0,92.0,1777545581.0,1777545588.0,ESTIMATE_ONLY_inter_question_gaps_unknown
2914d339-a6c1-41a8-9036-9250a6a72e46,4cfb4306-1fd2-4cac-b1a4-e605da568d7e,arithmetic,15,20,0.75,195,1,high,1771581710.0,1771581905.0,2026-02-20 10:05:05.368+00,2026-02-20 10:05:07.802128+00,0,1,1,easy,Addition,15,,False,0,0,1,0,4,0.0,0.0,1771581710.0,1771581710.0,ESTIMATE_ONLY_inter_question_gaps_unknown
2914d339-a6c1-41a8-9036-9250a6a72e46,4cfb4306-1fd2-4cac-b1a4-e605da568d7e,arithmetic,15,20,0.75,195,1,high,1771581710.0,1771581905.0,2026-02-20 10:05:05.368+00,2026-02-20 10:05:07.802128+00,1,2,2,easy,Division,15,,False,2,2,1,0,3,4.0,4.0,1771581714.0,1771581714.0,ESTIMATE_ONLY_inter_question_gaps_unknown
2914d339-a6c1-41a8-9036-9250a6a72e46,4cfb4306-1fd2-4cac-b1a4-e605da568d7e,arithmetic,15,20,0.75,195,1,high,1771581710.0,1771581905.0,2026-02-20 10:05:05.368+00,2026-02-20 10:05:07.802128+00,2,3,3,easy,Addition,15,,False,1,1,1,0,2,7.0,7.0,1771581717.0,1771581717.0,ESTIMATE_ONLY_inter_question_gaps_unknown
2914d339-a6c1-41a8-9036-9250a6a72e46,4cfb4306-1fd2-4cac-b1a4-e605da568d7e,arithmetic,15,20,0.75,195,1,high,1771581710.0,1771581905.0,2026-02-20 10:05:05.368+00,2026-02-20 10:05:07.802128+00,3,4,4,easy,Subtraction,15,,False,2,2,1,0,2,9.0,9.0,1771581719.0,1771581719.0,ESTIMATE_ONLY_inter_question_gaps_unknown
2914d339-a6c1-41a8-9036-9250a6a72e46,4cfb4306-1fd2-4cac-b1a4-e605da568d7e,arithmetic,15,20,0.75,195,1,high,1771581710.0,1771581905.0,2026-02-20 10:05:05.368+00,2026-02-20 10:05:07.802128+00,4,5,5,medium,Addition,20,,False,0,0,1,0,4,11.0,11.0,1771581721.0,1771581721.0,ESTIMATE_ONLY_inter_question_gaps_unknown
2914d339-a6c1-41a8-9036-9250a6a72e46,4cfb4306-1fd2-4cac-b1a4-e605da568d7e,arithmetic,15,20,0.75,195,1,high,1771581710.0,1771581905.0,2026-02-20 10:05:05.368+00,2026-02-20 10:05:07.802128+00,5,6,6,medium,Multiplication,20,,False,2,2,1,0,7,15.0,15.0,1771581725.0,1771581725.0,ESTIMATE_ONLY_inter_question_gaps_unknown
2914d339-a6c1-41a8-9036-9250a6a72e46,4cfb4306-1fd2-4cac-b1a4-e605da568d7e,arithmetic,15,20,0.75,195,1,high,1771581710.0,1771581905.0,2026-02-20 10:05:05.368+00,2026-02-20 10:05:07.802128+00,6,7,7,medium,Division,20,,False,0,0,1,0,4,22.0,22.0,1771581732.0,1771581732.0,ESTIMATE_ONLY_inter_question_gaps_unknown
2914d339-a6c1-41a8-9036-9250a6a72e46,4cfb4306-1fd2-4cac-b1a4-e605da568d7e,arithmetic,15,20,0.75,195,1,high,1771581710.0,1771581905.0,2026-02-20 10:05:05.368+00,2026-02-20 10:05:07.802128+00,7,8,8,hard,Percentage,30,,False,2,2,1,0,11,26.0,26.0,1771581736.0,1771581736.0,ESTIMATE_ONLY_inter_question_gaps_unknown
2914d339-a6c1-41a8-9036-9250a6a72e46,4cfb4306-1fd2-4cac-b1a4-e605da568d7e,arithmetic,15,20,0.75,195,1,high,1771581710.0,1771581905.0,2026-02-20 10:05:05.368+00,2026-02-20 10:05:07.802128+00,8,9,9,hard,Multiplication,30,,False,2,0,0,0,7,37.0,37.0,1771581747.0,1771581747.0,ESTIMATE_ONLY_inter_question_gaps_unknown
2914d339-a6c1-41a8-9036-9250a6a72e46,4cfb4306-1fd2-4cac-b1a4-e605da568d7e,arithmetic,15,20,0.75,195,1,high,1771581710.0,1771581905.0,2026-02-20 10:05:05.368+00,2026-02-20 10:05:07.802128+00,9,10,10,hard,Multi-step,30,,False,1,1,1,0,12,44.0,44.0,1771581754.0,1771581754.0,ESTIMATE_ONLY_inter_question_gaps_unknown
2914d339-a6c1-41a8-9036-9250a6a72e46,4cfb4306-1fd2-4cac-b1a4-e605da568d7e,arithmetic,15,20,0.75,195,1,high,1771581710.0,1771581905.0,2026-02-20 10:05:05.368+00,2026-02-20 10:05:07.802128+00,10,11,11,unknown,unknown,,,False,0,2,0,0,17,56.0,56.0,1771581766.0,1771581766.0,ESTIMATE_ONLY_inter_question_gaps_unknown
2914d339-a6c1-41a8-9036-9250a6a72e46,4cfb4306-1fd2-4cac-b1a4-e605da568d7e,arithmetic,15,20,0.75,195,1,high,1771581710.0,1771581905.0,2026-02-20 10:05:05.368+00,2026-02-20 10:05:07.802128+00,11,12,12,unknown,unknown,,,False,0,0,1,0,11,73.0,73.0,1771581783.0,1771581783.0,ESTIMATE_ONLY_inter_question_gaps_unknown
2914d339-a6c1-41a8-9036-9250a6a72e46,4cfb4306-1fd2-4cac-b1a4-e605da568d7e,arithmetic,15,20,0.75,195,1,high,1771581710.0,1771581905.0,2026-02-20 10:05:05.368+00,2026-02-20 10:05:07.802128+00,12,13,13,unknown,unknown,,,False,2,2,1,0,10,84.0,84.0,1771581794.0,1771581794.0,ESTIMATE_ONLY_inter_question_gaps_unknown
2914d339-a6c1-41a8-9036-9250a6a72e46,4cfb4306-1fd2-4cac-b1a4-e605da568d7e,arithmetic,15,20,0.75,195,1,high,1771581710.0,1771581905.0,2026-02-20 10:05:05.368+00,2026-02-20 10:05:07.802128+00,13,14,14,unknown,unknown,,,False,1,1,1,0,2,94.0,94.0,1771581804.0,1771581804.0,ESTIMATE_ONLY_inter_question_gaps_unknown
2914d339-a6c1-41a8-9036-9250a6a72e46,4cfb4306-1fd2-4cac-b1a4-e605da568d7e,arithmetic,15,20,0.75,195,1,high,1771581710.0,1771581905.0,2026-02-20 10:05:05.368+00,2026-02-20 10:05:07.802128+00,14,15,15,unknown,unknown,,,False,0,2,0,0,18,96.0,96.0,1771581806.0,1771581806.0,ESTIMATE_ONLY_inter_question_gaps_unknown
2914d339-a6c1-41a8-9036-9250a6a72e46,4cfb4306-1fd2-4cac-b1a4-e605da568d7e,arithmetic,15,20,0.75,195,1,high,1771581710.0,1771581905.0,2026-02-20 10:05:05.368+00,2026-02-20 10:05:07.802128+00,15,16,16,unknown,unknown,,,False,0,0,1,0,11,114.0,114.0,1771581824.0,1771581824.0,ESTIMATE_ONLY_inter_question_gaps_unknown
2914d339-a6c1-41a8-9036-9250a6a72e46,4cfb4306-1fd2-4cac-b1a4-e605da568d7e,arithmetic,15,20,0.75,195,1,high,1771581710.0,1771581905.0,2026-02-20 10:05:05.368+00,2026-02-20 10:05:07.802128+00,16,17,17,unknown,unknown,,,False,1,1,1,0,21,125.0,125.0,1771581835.0,1771581835.0,ESTIMATE_ONLY_inter_question_gaps_unknown
2914d339-a6c1-41a8-9036-9250a6a72e46,4cfb4306-1fd2-4cac-b1a4-e605da568d7e,arithmetic,15,20,0.75,195,1,high,1771581710.0,1771581905.0,2026-02-20 10:05:05.368+00,2026-02-20 10:05:07.802128+00,17,18,18,unknown,unknown,,,False,2,2,1,0,19,146.0,146.0,1771581856.0,1771581856.0,ESTIMATE_ONLY_inter_question_gaps_unknown
2914d339-a6c1-41a8-9036-9250a6a72e46,4cfb4306-1fd2-4cac-b1a4-e605da568d7e,arithmetic,15,20,0.75,195,1,high,1771581710.0,1771581905.0,2026-02-20 10:05:05.368+00,2026-02-20 10:05:07.802128+00,18,19,19,unknown,unknown,,,False,1,0,0,0,20,165.0,165.0,1771581875.0,1771581875.0,ESTIMATE_ONLY_inter_question_gaps_unknown
2914d339-a6c1-41a8-9036-9250a6a72e46,4cfb4306-1fd2-4cac-b1a4-e605da568d7e,arithmetic,15,20,0.75,195,1,high,1771581710.0,1771581905.0,2026-02-20 10:05:05.368+00,2026-02-20 10:05:07.802128+00,19,20,20,unknown,unknown,,,False,0,1,0,0,19,185.0,185.0,1771581895.0,1771581895.0,ESTIMATE_ONLY_inter_question_gaps_unknown
2a75afe5-2d54-4579-883c-6a1951163109,b60e1ae3-b420-4c8c-b2f5-fe145674e306,pattern,7,10,0.7,57,1,mid,1776230866.0,1776230923.0,2026-04-15 05:28:43.314+00,2026-04-15 05:28:42.280224+00,0,1,1,easy,Arithmetic Sequence,15,,False,1,2,0,0,6,0.0,0.0,1776230866.0,1776230866.0,ESTIMATE_ONLY_inter_question_gaps_unknown
2a75afe5-2d54-4579-883c-6a1951163109,b60e1ae3-b420-4c8c-b2f5-fe145674e306,pattern,7,10,0.7,57,1,mid,1776230866.0,1776230923.0,2026-04-15 05:28:43.314+00,2026-04-15 05:28:42.280224+00,1,2,2,easy,Arithmetic Sequence,15,,False,0,0,1,0,5,6.0,6.0,1776230872.0,1776230872.0,ESTIMATE_ONLY_inter_question_gaps_unknown
2a75afe5-2d54-4579-883c-6a1951163109,b60e1ae3-b420-4c8c-b2f5-fe145674e306,pattern,7,10,0.7,57,1,mid,1776230866.0,1776230923.0,2026-04-15 05:28:43.314+00,2026-04-15 05:28:42.280224+00,2,3,3,easy,Odd Numbers,15,,False,1,1,1,0,5,11.0,11.0,1776230877.0,1776230877.0,ESTIMATE_ONLY_inter_question_gaps_unknown
2a75afe5-2d54-4579-883c-6a1951163109,b60e1ae3-b420-4c8c-b2f5-fe145674e306,pattern,7,10,0.7,57,1,mid,1776230866.0,1776230923.0,2026-04-15 05:28:43.314+00,2026-04-15 05:28:42.280224+00,3,4,4,easy,Decreasing Sequence,15,,False,2,2,1,0,7,16.0,16.0,1776230882.0,1776230882.0,ESTIMATE_ONLY_inter_question_gaps_unknown
2a75afe5-2d54-4579-883c-6a1951163109,b60e1ae3-b420-4c8c-b2f5-fe145674e306,pattern,7,10,0.7,57,1,mid,1776230866.0,1776230923.0,2026-04-15 05:28:43.314+00,2026-04-15 05:28:42.280224+00,4,5,5,medium,Perfect Squares,20,,False,1,2,0,0,8,23.0,23.0,1776230889.0,1776230889.0,ESTIMATE_ONLY_inter_question_gaps_unknown
2a75afe5-2d54-4579-883c-6a1951163109,b60e1ae3-b420-4c8c-b2f5-fe145674e306,pattern,7,10,0.7,57,1,mid,1776230866.0,1776230923.0,2026-04-15 05:28:43.314+00,2026-04-15 05:28:42.280224+00,5,6,6,medium,Fibonacci,20,,False,1,1,1,0,5,31.0,31.0,1776230897.0,1776230897.0,ESTIMATE_ONLY_inter_question_gaps_unknown
2a75afe5-2d54-4579-883c-6a1951163109,b60e1ae3-b420-4c8c-b2f5-fe145674e306,pattern,7,10,0.7,57,1,mid,1776230866.0,1776230923.0,2026-04-15 05:28:43.314+00,2026-04-15 05:28:42.280224+00,6,7,7,medium,Perfect Cubes,20,,False,2,2,1,0,5,36.0,36.0,1776230902.0,1776230902.0,ESTIMATE_ONLY_inter_question_gaps_unknown
2a75afe5-2d54-4579-883c-6a1951163109,b60e1ae3-b420-4c8c-b2f5-fe145674e306,pattern,7,10,0.7,57,1,mid,1776230866.0,1776230923.0,2026-04-15 05:28:43.314+00,2026-04-15 05:28:42.280224+00,7,8,8,hard,Triangular Differences,30,,False,2,2,1,0,4,41.0,41.0,1776230907.0,1776230907.0,ESTIMATE_ONLY_inter_question_gaps_unknown
2a75afe5-2d54-4579-883c-6a1951163109,b60e1ae3-b420-4c8c-b2f5-fe145674e306,pattern,7,10,0.7,57,1,mid,1776230866.0,1776230923.0,2026-04-15 05:28:43.314+00,2026-04-15 05:28:42.280224+00,8,9,9,hard,Squares,30,,False,1,0,0,0,7,45.0,45.0,1776230911.0,1776230911.0,ESTIMATE_ONLY_inter_question_gaps_unknown
2a75afe5-2d54-4579-883c-6a1951163109,b60e1ae3-b420-4c8c-b2f5-fe145674e306,pattern,7,10,0.7,57,1,mid,1776230866.0,1776230923.0,2026-04-15 05:28:43.314+00,2026-04-15 05:28:42.280224+00,9,10,10,hard,n(n+1),30,,False,0,0,1,0,10,52.0,52.0,1776230918.0,1776230918.0,ESTIMATE_ONLY_inter_question_gaps_unknown
2be75ff7-b141-4b66-a430-107fcd56cb9c,9ba91b50-1617-4060-b1c1-bddeb2407671,attention,18,20,0.9,196,1,high,1771166904.0,1771167100.0,2026-02-15 14:51:40.907+00,2026-02-15 14:51:41.537126+00,0,1,1,easy,Oddball Detection,8,5,False,2,2,1,0,3,0.0,5.0,1771166904.0,1771166909.0,ESTIMATE_ONLY_inter_question_gaps_unknown
2be75ff7-b141-4b66-a430-107fcd56cb9c,9ba91b50-1617-4060-b1c1-bddeb2407671,attention,18,20,0.9,196,1,high,1771166904.0,1771167100.0,2026-02-15 14:51:40.907+00,2026-02-15 14:51:41.537126+00,1,2,2,easy,Count Target,8,5,False,0,0,1,0,3,8.0,13.0,1771166912.0,1771166917.0,ESTIMATE_ONLY_inter_question_gaps_unknown
2be75ff7-b141-4b66-a430-107fcd56cb9c,9ba91b50-1617-4060-b1c1-bddeb2407671,attention,18,20,0.9,196,1,high,1771166904.0,1771167100.0,2026-02-15 14:51:40.907+00,2026-02-15 14:51:41.537126+00,2,3,3,easy,Pattern Break,8,5,False,2,2,1,0,2,16.0,21.0,1771166920.0,1771166925.0,ESTIMATE_ONLY_inter_question_gaps_unknown
2be75ff7-b141-4b66-a430-107fcd56cb9c,9ba91b50-1617-4060-b1c1-bddeb2407671,attention,18,20,0.9,196,1,high,1771166904.0,1771167100.0,2026-02-15 14:51:40.907+00,2026-02-15 14:51:41.537126+00,3,4,4,easy,Position Detect,8,5,False,1,1,1,0,3,23.0,28.0,1771166927.0,1771166932.0,ESTIMATE_ONLY_inter_question_gaps_unknown
2be75ff7-b141-4b66-a430-107fcd56cb9c,9ba91b50-1617-4060-b1c1-bddeb2407671,attention,18,20,0.9,196,1,high,1771166904.0,1771167100.0,2026-02-15 14:51:40.907+00,2026-02-15 14:51:41.537126+00,4,5,5,medium,Rule Violation,10,6,False,0,0,1,0,3,31.0,37.0,1771166935.0,1771166941.0,ESTIMATE_ONLY_inter_question_gaps_unknown
2be75ff7-b141-4b66-a430-107fcd56cb9c,9ba91b50-1617-4060-b1c1-bddeb2407671,attention,18,20,0.9,196,1,high,1771166904.0,1771167100.0,2026-02-15 14:51:40.907+00,2026-02-15 14:51:41.537126+00,5,6,6,medium,Count Target,10,6,False,0,2,0,0,2,40.0,46.0,1771166944.0,1771166950.0,ESTIMATE_ONLY_inter_question_gaps_unknown
2be75ff7-b141-4b66-a430-107fcd56cb9c,9ba91b50-1617-4060-b1c1-bddeb2407671,attention,18,20,0.9,196,1,high,1771166904.0,1771167100.0,2026-02-15 14:51:40.907+00,2026-02-15 14:51:41.537126+00,6,7,7,medium,Count Target,10,6,False,1,1,1,0,5,48.0,54.0,1771166952.0,1771166958.0,ESTIMATE_ONLY_inter_question_gaps_unknown
2be75ff7-b141-4b66-a430-107fcd56cb9c,9ba91b50-1617-4060-b1c1-bddeb2407671,attention,18,20,0.9,196,1,high,1771166904.0,1771167100.0,2026-02-15 14:51:40.907+00,2026-02-15 14:51:41.537126+00,7,8,8,hard,Count Target,12,7,False,2,2,1,0,3,59.0,66.0,1771166963.0,1771166970.0,ESTIMATE_ONLY_inter_question_gaps_unknown
2be75ff7-b141-4b66-a430-107fcd56cb9c,9ba91b50-1617-4060-b1c1-bddeb2407671,attention,18,20,0.9,196,1,high,1771166904.0,1771167100.0,2026-02-15 14:51:40.907+00,2026-02-15 14:51:41.537126+00,8,9,9,hard,Rule Violation,12,7,False,0,0,1,0,8,69.0,76.0,1771166973.0,1771166980.0,ESTIMATE_ONLY_inter_question_gaps_unknown
2be75ff7-b141-4b66-a430-107fcd56cb9c,9ba91b50-1617-4060-b1c1-bddeb2407671,attention,18,20,0.9,196,1,high,1771166904.0,1771167100.0,2026-02-15 14:51:40.907+00,2026-02-15 14:51:41.537126+00,9,10,10,hard,Pattern Break,12,7,False,1,1,1,0,5,84.0,91.0,1771166988.0,1771166995.0,ESTIMATE_ONLY_inter_question_gaps_unknown
2be75ff7-b141-4b66-a430-107fcd56cb9c,9ba91b50-1617-4060-b1c1-bddeb2407671,attention,18,20,0.9,196,1,high,1771166904.0,1771167100.0,2026-02-15 14:51:40.907+00,2026-02-15 14:51:41.537126+00,10,11,11,unknown,unknown,,,False,2,2,1,0,10,96.0,96.0,1771167000.0,1771167000.0,ESTIMATE_ONLY_inter_question_gaps_unknown
2be75ff7-b141-4b66-a430-107fcd56cb9c,9ba91b50-1617-4060-b1c1-bddeb2407671,attention,18,20,0.9,196,1,high,1771166904.0,1771167100.0,2026-02-15 14:51:40.907+00,2026-02-15 14:51:41.537126+00,11,12,12,unknown,unknown,,,False,0,0,1,0,8,106.0,106.0,1771167010.0,1771167010.0,ESTIMATE_ONLY_inter_question_gaps_unknown
2be75ff7-b141-4b66-a430-107fcd56cb9c,9ba91b50-1617-4060-b1c1-bddeb2407671,attention,18,20,0.9,196,1,high,1771166904.0,1771167100.0,2026-02-15 14:51:40.907+00,2026-02-15 14:51:41.537126+00,12,13,13,unknown,unknown,,,False,1,1,1,0,2,114.0,114.0,1771167018.0,1771167018.0,ESTIMATE_ONLY_inter_question_gaps_unknown
2be75ff7-b141-4b66-a430-107fcd56cb9c,9ba91b50-1617-4060-b1c1-bddeb2407671,attention,18,20,0.9,196,1,high,1771166904.0,1771167100.0,2026-02-15 14:51:40.907+00,2026-02-15 14:51:41.537126+00,13,14,14,unknown,unknown,,,False,2,2,1,0,5,116.0,116.0,1771167020.0,1771167020.0,ESTIMATE_ONLY_inter_question_gaps_unknown
2be75ff7-b141-4b66-a430-107fcd56cb9c,9ba91b50-1617-4060-b1c1-bddeb2407671,attention,18,20,0.9,196,1,high,1771166904.0,1771167100.0,2026-02-15 14:51:40.907+00,2026-02-15 14:51:41.537126+00,14,15,15,unknown,unknown,,,False,2,2,1,0,3,121.0,121.0,1771167025.0,1771167025.0,ESTIMATE_ONLY_inter_question_gaps_unknown
2be75ff7-b141-4b66-a430-107fcd56cb9c,9ba91b50-1617-4060-b1c1-bddeb2407671,attention,18,20,0.9,196,1,high,1771166904.0,1771167100.0,2026-02-15 14:51:40.907+00,2026-02-15 14:51:41.537126+00,15,16,16,unknown,unknown,,,False,0,0,1,0,5,124.0,124.0,1771167028.0,1771167028.0,ESTIMATE_ONLY_inter_question_gaps_unknown
2be75ff7-b141-4b66-a430-107fcd56cb9c,9ba91b50-1617-4060-b1c1-bddeb2407671,attention,18,20,0.9,196,1,high,1771166904.0,1771167100.0,2026-02-15 14:51:40.907+00,2026-02-15 14:51:41.537126+00,16,17,17,unknown,unknown,,,False,2,2,1,0,3,129.0,129.0,1771167033.0,1771167033.0,ESTIMATE_ONLY_inter_question_gaps_unknown
2be75ff7-b141-4b66-a430-107fcd56cb9c,9ba91b50-1617-4060-b1c1-bddeb2407671,attention,18,20,0.9,196,1,high,1771166904.0,1771167100.0,2026-02-15 14:51:40.907+00,2026-02-15 14:51:41.537126+00,17,18,18,unknown,unknown,,,False,1,2,0,0,3,132.0,132.0,1771167036.0,1771167036.0,ESTIMATE_ONLY_inter_question_gaps_unknown
2be75ff7-b141-4b66-a430-107fcd56cb9c,9ba91b50-1617-4060-b1c1-bddeb2407671,attention,18,20,0.9,196,1,high,1771166904.0,1771167100.0,2026-02-15 14:51:40.907+00,2026-02-15 14:51:41.537126+00,18,19,19,unknown,unknown,,,False,0,0,1,0,11,135.0,135.0,1771167039.0,1771167039.0,ESTIMATE_ONLY_inter_question_gaps_unknown
2be75ff7-b141-4b66-a430-107fcd56cb9c,9ba91b50-1617-4060-b1c1-bddeb2407671,attention,18,20,0.9,196,1,high,1771166904.0,1771167100.0,2026-02-15 14:51:40.907+00,2026-02-15 14:51:41.537126+00,19,20,20,unknown,unknown,,,False,2,2,1,0,3,146.0,146.0,1771167050.0,1771167050.0,ESTIMATE_ONLY_inter_question_gaps_unknown
2c0c2af0-53e1-495f-ae08-cbf7d5011cfc,077f1f73-3786-4d01-8c77-d40cf7f07ae1,arithmetic,6,10,0.6,111,0,mid,1776751413.0,1776751524.0,2026-04-21 06:05:24.92+00,2026-04-21 06:05:26.235532+00,0,1,1,easy,Addition,15,,False,1,0,0,0,6,0.0,0.0,1776751413.0,1776751413.0,ESTIMATE_ONLY_inter_question_gaps_unknown
2c0c2af0-53e1-495f-ae08-cbf7d5011cfc,077f1f73-3786-4d01-8c77-d40cf7f07ae1,arithmetic,6,10,0.6,111,0,mid,1776751413.0,1776751524.0,2026-04-21 06:05:24.92+00,2026-04-21 06:05:26.235532+00,1,2,2,easy,Division,15,,False,2,2,1,0,2,6.0,6.0,1776751419.0,1776751419.0,ESTIMATE_ONLY_inter_question_gaps_unknown
2c0c2af0-53e1-495f-ae08-cbf7d5011cfc,077f1f73-3786-4d01-8c77-d40cf7f07ae1,arithmetic,6,10,0.6,111,0,mid,1776751413.0,1776751524.0,2026-04-21 06:05:24.92+00,2026-04-21 06:05:26.235532+00,2,3,3,easy,Addition,15,,False,0,0,1,0,9,8.0,8.0,1776751421.0,1776751421.0,ESTIMATE_ONLY_inter_question_gaps_unknown
2c0c2af0-53e1-495f-ae08-cbf7d5011cfc,077f1f73-3786-4d01-8c77-d40cf7f07ae1,arithmetic,6,10,0.6,111,0,mid,1776751413.0,1776751524.0,2026-04-21 06:05:24.92+00,2026-04-21 06:05:26.235532+00,3,4,4,easy,Subtraction,15,,False,0,0,1,0,4,17.0,17.0,1776751430.0,1776751430.0,ESTIMATE_ONLY_inter_question_gaps_unknown
2c0c2af0-53e1-495f-ae08-cbf7d5011cfc,077f1f73-3786-4d01-8c77-d40cf7f07ae1,arithmetic,6,10,0.6,111,0,mid,1776751413.0,1776751524.0,2026-04-21 06:05:24.92+00,2026-04-21 06:05:26.235532+00,4,5,5,medium,Addition,20,,False,2,2,1,0,13,21.0,21.0,1776751434.0,1776751434.0,ESTIMATE_ONLY_inter_question_gaps_unknown
2c0c2af0-53e1-495f-ae08-cbf7d5011cfc,077f1f73-3786-4d01-8c77-d40cf7f07ae1,arithmetic,6,10,0.6,111,0,mid,1776751413.0,1776751524.0,2026-04-21 06:05:24.92+00,2026-04-21 06:05:26.235532+00,5,6,6,medium,Multiplication,20,,False,2,0,0,0,11,34.0,34.0,1776751447.0,1776751447.0,ESTIMATE_ONLY_inter_question_gaps_unknown
2c0c2af0-53e1-495f-ae08-cbf7d5011cfc,077f1f73-3786-4d01-8c77-d40cf7f07ae1,arithmetic,6,10,0.6,111,0,mid,1776751413.0,1776751524.0,2026-04-21 06:05:24.92+00,2026-04-21 06:05:26.235532+00,6,7,7,medium,Division,20,,False,1,1,1,0,13,45.0,45.0,1776751458.0,1776751458.0,ESTIMATE_ONLY_inter_question_gaps_unknown
2c0c2af0-53e1-495f-ae08-cbf7d5011cfc,077f1f73-3786-4d01-8c77-d40cf7f07ae1,arithmetic,6,10,0.6,111,0,mid,1776751413.0,1776751524.0,2026-04-21 06:05:24.92+00,2026-04-21 06:05:26.235532+00,7,8,8,hard,Percentage,30,,False,2,2,1,0,11,58.0,58.0,1776751471.0,1776751471.0,ESTIMATE_ONLY_inter_question_gaps_unknown
2c0c2af0-53e1-495f-ae08-cbf7d5011cfc,077f1f73-3786-4d01-8c77-d40cf7f07ae1,arithmetic,6,10,0.6,111,0,mid,1776751413.0,1776751524.0,2026-04-21 06:05:24.92+00,2026-04-21 06:05:26.235532+00,8,9,9,hard,Multiplication,30,,False,1,0,0,0,22,69.0,69.0,1776751482.0,1776751482.0,ESTIMATE_ONLY_inter_question_gaps_unknown
2c0c2af0-53e1-495f-ae08-cbf7d5011cfc,077f1f73-3786-4d01-8c77-d40cf7f07ae1,arithmetic,6,10,0.6,111,0,mid,1776751413.0,1776751524.0,2026-04-21 06:05:24.92+00,2026-04-21 06:05:26.235532+00,9,10,10,hard,Multi-step,30,,False,2,1,0,0,26,91.0,91.0,1776751504.0,1776751504.0,ESTIMATE_ONLY_inter_question_gaps_unknown
2c187428-6a73-4459-aab7-a990c4e399fa,1295d8c1-c3fa-424a-a3ac-86e227c3a8de,comprehension,4,10,0.4,50,0,low,1776424707.0,1776424757.0,2026-04-17 11:19:17.849+00,2026-04-17 11:19:17.454699+00,0,1,1,easy,Fact Extraction,25,,True,1,0,0,0,4,0.0,0.0,1776424707.0,1776424707.0,ESTIMATE_ONLY_reading_phase_duration_unknown
2c187428-6a73-4459-aab7-a990c4e399fa,1295d8c1-c3fa-424a-a3ac-86e227c3a8de,comprehension,4,10,0.4,50,0,low,1776424707.0,1776424757.0,2026-04-17 11:19:17.849+00,2026-04-17 11:19:17.454699+00,1,2,2,medium,Detail Recall,25,,False,0,0,1,0,4,4.0,4.0,1776424711.0,1776424711.0,ESTIMATE_ONLY_inter_question_gaps_unknown
2c187428-6a73-4459-aab7-a990c4e399fa,1295d8c1-c3fa-424a-a3ac-86e227c3a8de,comprehension,4,10,0.4,50,0,low,1776424707.0,1776424757.0,2026-04-17 11:19:17.849+00,2026-04-17 11:19:17.454699+00,2,3,3,easy,Fact Extraction,25,,False,0,0,1,0,3,8.0,8.0,1776424715.0,1776424715.0,ESTIMATE_ONLY_inter_question_gaps_unknown
2c187428-6a73-4459-aab7-a990c4e399fa,1295d8c1-c3fa-424a-a3ac-86e227c3a8de,comprehension,4,10,0.4,50,0,low,1776424707.0,1776424757.0,2026-04-17 11:19:17.849+00,2026-04-17 11:19:17.454699+00,3,4,4,medium,Inference,25,,False,1,1,1,0,12,11.0,11.0,1776424718.0,1776424718.0,ESTIMATE_ONLY_inter_question_gaps_unknown
2c187428-6a73-4459-aab7-a990c4e399fa,1295d8c1-c3fa-424a-a3ac-86e227c3a8de,comprehension,4,10,0.4,50,0,low,1776424707.0,1776424757.0,2026-04-17 11:19:17.849+00,2026-04-17 11:19:17.454699+00,4,5,5,easy,Detail Recall,25,,False,1,0,0,0,8,23.0,23.0,1776424730.0,1776424730.0,ESTIMATE_ONLY_inter_question_gaps_unknown
2c187428-6a73-4459-aab7-a990c4e399fa,1295d8c1-c3fa-424a-a3ac-86e227c3a8de,comprehension,4,10,0.4,50,0,low,1776424707.0,1776424757.0,2026-04-17 11:19:17.849+00,2026-04-17 11:19:17.454699+00,5,6,6,easy,Fact Extraction,25,,True,0,1,0,0,1,31.0,31.0,1776424738.0,1776424738.0,ESTIMATE_ONLY_reading_phase_duration_unknown
2c187428-6a73-4459-aab7-a990c4e399fa,1295d8c1-c3fa-424a-a3ac-86e227c3a8de,comprehension,4,10,0.4,50,0,low,1776424707.0,1776424757.0,2026-04-17 11:19:17.849+00,2026-04-17 11:19:17.454699+00,6,7,7,easy,Detail Recall,25,,False,0,2,0,0,2,32.0,32.0,1776424739.0,1776424739.0,ESTIMATE_ONLY_inter_question_gaps_unknown
2c187428-6a73-4459-aab7-a990c4e399fa,1295d8c1-c3fa-424a-a3ac-86e227c3a8de,comprehension,4,10,0.4,50,0,low,1776424707.0,1776424757.0,2026-04-17 11:19:17.849+00,2026-04-17 11:19:17.454699+00,7,8,8,medium,Detail Recall,25,,False,2,0,0,0,2,34.0,34.0,1776424741.0,1776424741.0,ESTIMATE_ONLY_inter_question_gaps_unknown
2c187428-6a73-4459-aab7-a990c4e399fa,1295d8c1-c3fa-424a-a3ac-86e227c3a8de,comprehension,4,10,0.4,50,0,low,1776424707.0,1776424757.0,2026-04-17 11:19:17.849+00,2026-04-17 11:19:17.454699+00,8,9,9,medium,Inference,25,,False,0,1,0,0,1,36.0,36.0,1776424743.0,1776424743.0,ESTIMATE_ONLY_inter_question_gaps_unknown
2c187428-6a73-4459-aab7-a990c4e399fa,1295d8c1-c3fa-424a-a3ac-86e227c3a8de,comprehension,4,10,0.4,50,0,low,1776424707.0,1776424757.0,2026-04-17 11:19:17.849+00,2026-04-17 11:19:17.454699+00,9,10,10,easy,Fact Extraction,25,,False,1,1,1,0,1,37.0,37.0,1776424744.0,1776424744.0,ESTIMATE_ONLY_inter_question_gaps_unknown
2d2259ce-8912-4f8c-8113-21c617579166,cbdba92c-9740-49a5-8627-91d15f9db8f9,arithmetic,6,10,0.6,118,0,mid,1776064413.0,1776064531.0,2026-04-13 07:15:31.401+00,2026-04-13 07:15:31.519782+00,0,1,1,easy,Addition,15,,False,0,0,1,0,4,0.0,0.0,1776064413.0,1776064413.0,ESTIMATE_ONLY_inter_question_gaps_unknown
2d2259ce-8912-4f8c-8113-21c617579166,cbdba92c-9740-49a5-8627-91d15f9db8f9,arithmetic,6,10,0.6,118,0,mid,1776064413.0,1776064531.0,2026-04-13 07:15:31.401+00,2026-04-13 07:15:31.519782+00,1,2,2,easy,Division,15,,False,2,2,1,0,3,4.0,4.0,1776064417.0,1776064417.0,ESTIMATE_ONLY_inter_question_gaps_unknown
2d2259ce-8912-4f8c-8113-21c617579166,cbdba92c-9740-49a5-8627-91d15f9db8f9,arithmetic,6,10,0.6,118,0,mid,1776064413.0,1776064531.0,2026-04-13 07:15:31.401+00,2026-04-13 07:15:31.519782+00,2,3,3,easy,Addition,15,,False,0,0,1,0,8,7.0,7.0,1776064420.0,1776064420.0,ESTIMATE_ONLY_inter_question_gaps_unknown
2d2259ce-8912-4f8c-8113-21c617579166,cbdba92c-9740-49a5-8627-91d15f9db8f9,arithmetic,6,10,0.6,118,0,mid,1776064413.0,1776064531.0,2026-04-13 07:15:31.401+00,2026-04-13 07:15:31.519782+00,3,4,4,easy,Subtraction,15,,False,1,0,0,0,4,15.0,15.0,1776064428.0,1776064428.0,ESTIMATE_ONLY_inter_question_gaps_unknown
2d2259ce-8912-4f8c-8113-21c617579166,cbdba92c-9740-49a5-8627-91d15f9db8f9,arithmetic,6,10,0.6,118,0,mid,1776064413.0,1776064531.0,2026-04-13 07:15:31.401+00,2026-04-13 07:15:31.519782+00,4,5,5,medium,Addition,20,,False,,2,0,1,20,19.0,19.0,1776064432.0,1776064432.0,ESTIMATE_ONLY_inter_question_gaps_unknown
2d2259ce-8912-4f8c-8113-21c617579166,cbdba92c-9740-49a5-8627-91d15f9db8f9,arithmetic,6,10,0.6,118,0,mid,1776064413.0,1776064531.0,2026-04-13 07:15:31.401+00,2026-04-13 07:15:31.519782+00,5,6,6,medium,Multiplication,20,,False,0,0,1,0,11,39.0,39.0,1776064452.0,1776064452.0,ESTIMATE_ONLY_inter_question_gaps_unknown
2d2259ce-8912-4f8c-8113-21c617579166,cbdba92c-9740-49a5-8627-91d15f9db8f9,arithmetic,6,10,0.6,118,0,mid,1776064413.0,1776064531.0,2026-04-13 07:15:31.401+00,2026-04-13 07:15:31.519782+00,6,7,7,medium,Division,20,,False,2,1,0,0,7,50.0,50.0,1776064463.0,1776064463.0,ESTIMATE_ONLY_inter_question_gaps_unknown
2d2259ce-8912-4f8c-8113-21c617579166,cbdba92c-9740-49a5-8627-91d15f9db8f9,arithmetic,6,10,0.6,118,0,mid,1776064413.0,1776064531.0,2026-04-13 07:15:31.401+00,2026-04-13 07:15:31.519782+00,7,8,8,hard,Percentage,30,,False,0,2,0,0,24,57.0,57.0,1776064470.0,1776064470.0,ESTIMATE_ONLY_inter_question_gaps_unknown
2d2259ce-8912-4f8c-8113-21c617579166,cbdba92c-9740-49a5-8627-91d15f9db8f9,arithmetic,6,10,0.6,118,0,mid,1776064413.0,1776064531.0,2026-04-13 07:15:31.401+00,2026-04-13 07:15:31.519782+00,8,9,9,hard,Multiplication,30,,False,0,0,1,0,29,81.0,81.0,1776064494.0,1776064494.0,ESTIMATE_ONLY_inter_question_gaps_unknown
2d2259ce-8912-4f8c-8113-21c617579166,cbdba92c-9740-49a5-8627-91d15f9db8f9,arithmetic,6,10,0.6,118,0,mid,1776064413.0,1776064531.0,2026-04-13 07:15:31.401+00,2026-04-13 07:15:31.519782+00,9,10,10,hard,Multi-step,30,,False,1,1,1,0,11,110.0,110.0,1776064523.0,1776064523.0,ESTIMATE_ONLY_inter_question_gaps_unknown
2e21fde0-349b-489f-84ee-cc8f4f849cdb,41e7ea84-ede5-4a76-8176-b877187f4b39,memory,5,10,0.5,104,0,mid,1776582468.0,1776582572.0,2026-04-19 07:09:32.725+00,2026-04-19 07:09:33.607487+00,0,1,1,easy,Digit Recall,10,5,False,0,0,1,0,5,0.0,5.0,1776582468.0,1776582473.0,ESTIMATE_ONLY_inter_question_gaps_unknown
2e21fde0-349b-489f-84ee-cc8f4f849cdb,41e7ea84-ede5-4a76-8176-b877187f4b39,memory,5,10,0.5,104,0,mid,1776582468.0,1776582572.0,2026-04-19 07:09:32.725+00,2026-04-19 07:09:33.607487+00,1,2,2,easy,Word Recall,10,5,False,2,2,1,0,4,10.0,15.0,1776582478.0,1776582483.0,ESTIMATE_ONLY_inter_question_gaps_unknown
2e21fde0-349b-489f-84ee-cc8f4f849cdb,41e7ea84-ede5-4a76-8176-b877187f4b39,memory,5,10,0.5,104,0,mid,1776582468.0,1776582572.0,2026-04-19 07:09:32.725+00,2026-04-19 07:09:33.607487+00,2,3,3,easy,Digit Recall,10,5,False,1,1,1,0,3,19.0,24.0,1776582487.0,1776582492.0,ESTIMATE_ONLY_inter_question_gaps_unknown
2e21fde0-349b-489f-84ee-cc8f4f849cdb,41e7ea84-ede5-4a76-8176-b877187f4b39,memory,5,10,0.5,104,0,mid,1776582468.0,1776582572.0,2026-04-19 07:09:32.725+00,2026-04-19 07:09:33.607487+00,3,4,4,easy,Word Recall,10,5,False,0,0,1,0,4,27.0,32.0,1776582495.0,1776582500.0,ESTIMATE_ONLY_inter_question_gaps_unknown
2e21fde0-349b-489f-84ee-cc8f4f849cdb,41e7ea84-ede5-4a76-8176-b877187f4b39,memory,5,10,0.5,104,0,mid,1776582468.0,1776582572.0,2026-04-19 07:09:32.725+00,2026-04-19 07:09:33.607487+00,4,5,5,medium,Digit Recall,12,6,False,0,0,1,0,7,36.0,42.0,1776582504.0,1776582510.0,ESTIMATE_ONLY_inter_question_gaps_unknown
2e21fde0-349b-489f-84ee-cc8f4f849cdb,41e7ea84-ede5-4a76-8176-b877187f4b39,memory,5,10,0.5,104,0,mid,1776582468.0,1776582572.0,2026-04-19 07:09:32.725+00,2026-04-19 07:09:33.607487+00,5,6,6,medium,Position Recall,12,6,False,2,1,0,0,5,49.0,55.0,1776582517.0,1776582523.0,ESTIMATE_ONLY_inter_question_gaps_unknown
2e21fde0-349b-489f-84ee-cc8f4f849cdb,41e7ea84-ede5-4a76-8176-b877187f4b39,memory,5,10,0.5,104,0,mid,1776582468.0,1776582572.0,2026-04-19 07:09:32.725+00,2026-04-19 07:09:33.607487+00,6,7,7,medium,Position Recall,12,6,False,0,2,0,0,5,60.0,66.0,1776582528.0,1776582534.0,ESTIMATE_ONLY_inter_question_gaps_unknown
2e21fde0-349b-489f-84ee-cc8f4f849cdb,41e7ea84-ede5-4a76-8176-b877187f4b39,memory,5,10,0.5,104,0,mid,1776582468.0,1776582572.0,2026-04-19 07:09:32.725+00,2026-04-19 07:09:33.607487+00,7,8,8,hard,Sequence Recall,15,7,False,1,0,0,0,9,71.0,78.0,1776582539.0,1776582546.0,ESTIMATE_ONLY_inter_question_gaps_unknown
2e21fde0-349b-489f-84ee-cc8f4f849cdb,41e7ea84-ede5-4a76-8176-b877187f4b39,memory,5,10,0.5,104,0,mid,1776582468.0,1776582572.0,2026-04-19 07:09:32.725+00,2026-04-19 07:09:33.607487+00,8,9,9,hard,Position Recall,15,7,False,2,1,0,0,5,87.0,94.0,1776582555.0,1776582562.0,ESTIMATE_ONLY_inter_question_gaps_unknown
2e21fde0-349b-489f-84ee-cc8f4f849cdb,41e7ea84-ede5-4a76-8176-b877187f4b39,memory,5,10,0.5,104,0,mid,1776582468.0,1776582572.0,2026-04-19 07:09:32.725+00,2026-04-19 07:09:33.607487+00,9,10,10,hard,Digit Analysis,15,7,False,0,2,0,0,4,99.0,106.0,1776582567.0,1776582574.0,ESTIMATE_ONLY_inter_question_gaps_unknown
2fe7f038-e5e9-462b-8103-f01c619013ec,077f1f73-3786-4d01-8c77-d40cf7f07ae1,arithmetic,6,10,0.6,111,0,mid,1776751415.0,1776751526.0,2026-04-21 06:05:26.246+00,2026-04-21 06:05:26.234966+00,0,1,1,easy,Addition,15,,False,1,0,0,0,6,0.0,0.0,1776751415.0,1776751415.0,ESTIMATE_ONLY_inter_question_gaps_unknown
2fe7f038-e5e9-462b-8103-f01c619013ec,077f1f73-3786-4d01-8c77-d40cf7f07ae1,arithmetic,6,10,0.6,111,0,mid,1776751415.0,1776751526.0,2026-04-21 06:05:26.246+00,2026-04-21 06:05:26.234966+00,1,2,2,easy,Division,15,,False,2,2,1,0,2,6.0,6.0,1776751421.0,1776751421.0,ESTIMATE_ONLY_inter_question_gaps_unknown
2fe7f038-e5e9-462b-8103-f01c619013ec,077f1f73-3786-4d01-8c77-d40cf7f07ae1,arithmetic,6,10,0.6,111,0,mid,1776751415.0,1776751526.0,2026-04-21 06:05:26.246+00,2026-04-21 06:05:26.234966+00,2,3,3,easy,Addition,15,,False,0,0,1,0,9,8.0,8.0,1776751423.0,1776751423.0,ESTIMATE_ONLY_inter_question_gaps_unknown
2fe7f038-e5e9-462b-8103-f01c619013ec,077f1f73-3786-4d01-8c77-d40cf7f07ae1,arithmetic,6,10,0.6,111,0,mid,1776751415.0,1776751526.0,2026-04-21 06:05:26.246+00,2026-04-21 06:05:26.234966+00,3,4,4,easy,Subtraction,15,,False,0,0,1,0,4,17.0,17.0,1776751432.0,1776751432.0,ESTIMATE_ONLY_inter_question_gaps_unknown
2fe7f038-e5e9-462b-8103-f01c619013ec,077f1f73-3786-4d01-8c77-d40cf7f07ae1,arithmetic,6,10,0.6,111,0,mid,1776751415.0,1776751526.0,2026-04-21 06:05:26.246+00,2026-04-21 06:05:26.234966+00,4,5,5,medium,Addition,20,,False,2,2,1,0,13,21.0,21.0,1776751436.0,1776751436.0,ESTIMATE_ONLY_inter_question_gaps_unknown
2fe7f038-e5e9-462b-8103-f01c619013ec,077f1f73-3786-4d01-8c77-d40cf7f07ae1,arithmetic,6,10,0.6,111,0,mid,1776751415.0,1776751526.0,2026-04-21 06:05:26.246+00,2026-04-21 06:05:26.234966+00,5,6,6,medium,Multiplication,20,,False,2,0,0,0,11,34.0,34.0,1776751449.0,1776751449.0,ESTIMATE_ONLY_inter_question_gaps_unknown
2fe7f038-e5e9-462b-8103-f01c619013ec,077f1f73-3786-4d01-8c77-d40cf7f07ae1,arithmetic,6,10,0.6,111,0,mid,1776751415.0,1776751526.0,2026-04-21 06:05:26.246+00,2026-04-21 06:05:26.234966+00,6,7,7,medium,Division,20,,False,1,1,1,0,13,45.0,45.0,1776751460.0,1776751460.0,ESTIMATE_ONLY_inter_question_gaps_unknown
2fe7f038-e5e9-462b-8103-f01c619013ec,077f1f73-3786-4d01-8c77-d40cf7f07ae1,arithmetic,6,10,0.6,111,0,mid,1776751415.0,1776751526.0,2026-04-21 06:05:26.246+00,2026-04-21 06:05:26.234966+00,7,8,8,hard,Percentage,30,,False,2,2,1,0,11,58.0,58.0,1776751473.0,1776751473.0,ESTIMATE_ONLY_inter_question_gaps_unknown
2fe7f038-e5e9-462b-8103-f01c619013ec,077f1f73-3786-4d01-8c77-d40cf7f07ae1,arithmetic,6,10,0.6,111,0,mid,1776751415.0,1776751526.0,2026-04-21 06:05:26.246+00,2026-04-21 06:05:26.234966+00,8,9,9,hard,Multiplication,30,,False,1,0,0,0,22,69.0,69.0,1776751484.0,1776751484.0,ESTIMATE_ONLY_inter_question_gaps_unknown
2fe7f038-e5e9-462b-8103-f01c619013ec,077f1f73-3786-4d01-8c77-d40cf7f07ae1,arithmetic,6,10,0.6,111,0,mid,1776751415.0,1776751526.0,2026-04-21 06:05:26.246+00,2026-04-21 06:05:26.234966+00,9,10,10,hard,Multi-step,30,,False,2,1,0,0,26,91.0,91.0,1776751506.0,1776751506.0,ESTIMATE_ONLY_inter_question_gaps_unknown
3006e03f-98d4-400c-ac9d-33eaa322ffa9,e1f19955-0fdb-4bdd-9131-707c165021f0,arithmetic,4,10,0.4,78,0,low,1776760944.0,1776761022.0,2026-04-21 08:43:42.444+00,2026-04-21 08:43:43.34957+00,0,1,1,easy,Addition,15,,False,0,0,1,0,3,0.0,0.0,1776760944.0,1776760944.0,ESTIMATE_ONLY_inter_question_gaps_unknown
3006e03f-98d4-400c-ac9d-33eaa322ffa9,e1f19955-0fdb-4bdd-9131-707c165021f0,arithmetic,4,10,0.4,78,0,low,1776760944.0,1776761022.0,2026-04-21 08:43:42.444+00,2026-04-21 08:43:43.34957+00,1,2,2,easy,Division,15,,False,2,2,1,0,8,3.0,3.0,1776760947.0,1776760947.0,ESTIMATE_ONLY_inter_question_gaps_unknown
3006e03f-98d4-400c-ac9d-33eaa322ffa9,e1f19955-0fdb-4bdd-9131-707c165021f0,arithmetic,4,10,0.4,78,0,low,1776760944.0,1776761022.0,2026-04-21 08:43:42.444+00,2026-04-21 08:43:43.34957+00,2,3,3,easy,Addition,15,,False,0,0,1,0,5,11.0,11.0,1776760955.0,1776760955.0,ESTIMATE_ONLY_inter_question_gaps_unknown
3006e03f-98d4-400c-ac9d-33eaa322ffa9,e1f19955-0fdb-4bdd-9131-707c165021f0,arithmetic,4,10,0.4,78,0,low,1776760944.0,1776761022.0,2026-04-21 08:43:42.444+00,2026-04-21 08:43:43.34957+00,3,4,4,easy,Subtraction,15,,False,2,0,0,0,4,16.0,16.0,1776760960.0,1776760960.0,ESTIMATE_ONLY_inter_question_gaps_unknown
3006e03f-98d4-400c-ac9d-33eaa322ffa9,e1f19955-0fdb-4bdd-9131-707c165021f0,arithmetic,4,10,0.4,78,0,low,1776760944.0,1776761022.0,2026-04-21 08:43:42.444+00,2026-04-21 08:43:43.34957+00,4,5,5,medium,Addition,20,,False,1,2,0,0,6,20.0,20.0,1776760964.0,1776760964.0,ESTIMATE_ONLY_inter_question_gaps_unknown
3006e03f-98d4-400c-ac9d-33eaa322ffa9,e1f19955-0fdb-4bdd-9131-707c165021f0,arithmetic,4,10,0.4,78,0,low,1776760944.0,1776761022.0,2026-04-21 08:43:42.444+00,2026-04-21 08:43:43.34957+00,5,6,6,medium,Multiplication,20,,False,0,0,1,0,7,26.0,26.0,1776760970.0,1776760970.0,ESTIMATE_ONLY_inter_question_gaps_unknown
3006e03f-98d4-400c-ac9d-33eaa322ffa9,e1f19955-0fdb-4bdd-9131-707c165021f0,arithmetic,4,10,0.4,78,0,low,1776760944.0,1776761022.0,2026-04-21 08:43:42.444+00,2026-04-21 08:43:43.34957+00,6,7,7,medium,Division,20,,False,0,1,0,0,6,33.0,33.0,1776760977.0,1776760977.0,ESTIMATE_ONLY_inter_question_gaps_unknown
3006e03f-98d4-400c-ac9d-33eaa322ffa9,e1f19955-0fdb-4bdd-9131-707c165021f0,arithmetic,4,10,0.4,78,0,low,1776760944.0,1776761022.0,2026-04-21 08:43:42.444+00,2026-04-21 08:43:43.34957+00,7,8,8,hard,Percentage,30,,False,0,2,0,0,14,39.0,39.0,1776760983.0,1776760983.0,ESTIMATE_ONLY_inter_question_gaps_unknown
3006e03f-98d4-400c-ac9d-33eaa322ffa9,e1f19955-0fdb-4bdd-9131-707c165021f0,arithmetic,4,10,0.4,78,0,low,1776760944.0,1776761022.0,2026-04-21 08:43:42.444+00,2026-04-21 08:43:43.34957+00,8,9,9,hard,Multiplication,30,,False,1,0,0,0,18,53.0,53.0,1776760997.0,1776760997.0,ESTIMATE_ONLY_inter_question_gaps_unknown
3006e03f-98d4-400c-ac9d-33eaa322ffa9,e1f19955-0fdb-4bdd-9131-707c165021f0,arithmetic,4,10,0.4,78,0,low,1776760944.0,1776761022.0,2026-04-21 08:43:42.444+00,2026-04-21 08:43:43.34957+00,9,10,10,hard,Multi-step,30,,False,0,1,0,0,13,71.0,71.0,1776761015.0,1776761015.0,ESTIMATE_ONLY_inter_question_gaps_unknown
31f5b959-52f7-404b-9e91-6f7140bd2561,4b00bcd7-936b-42d2-99b5-c0b8b78272c9,attention,7,10,0.7,116,1,mid,1776330629.0,1776330745.0,2026-04-16 09:12:25.989+00,2026-04-16 09:12:37.453744+00,0,1,1,easy,Oddball Detection,8,5,False,2,2,1,0,5,0.0,5.0,1776330629.0,1776330634.0,ESTIMATE_ONLY_inter_question_gaps_unknown
31f5b959-52f7-404b-9e91-6f7140bd2561,4b00bcd7-936b-42d2-99b5-c0b8b78272c9,attention,7,10,0.7,116,1,mid,1776330629.0,1776330745.0,2026-04-16 09:12:25.989+00,2026-04-16 09:12:37.453744+00,1,2,2,easy,Count Target,8,5,False,0,0,1,0,4,10.0,15.0,1776330639.0,1776330644.0,ESTIMATE_ONLY_inter_question_gaps_unknown
31f5b959-52f7-404b-9e91-6f7140bd2561,4b00bcd7-936b-42d2-99b5-c0b8b78272c9,attention,7,10,0.7,116,1,mid,1776330629.0,1776330745.0,2026-04-16 09:12:25.989+00,2026-04-16 09:12:37.453744+00,2,3,3,easy,Pattern Break,8,5,False,2,2,1,0,5,19.0,24.0,1776330648.0,1776330653.0,ESTIMATE_ONLY_inter_question_gaps_unknown
31f5b959-52f7-404b-9e91-6f7140bd2561,4b00bcd7-936b-42d2-99b5-c0b8b78272c9,attention,7,10,0.7,116,1,mid,1776330629.0,1776330745.0,2026-04-16 09:12:25.989+00,2026-04-16 09:12:37.453744+00,3,4,4,easy,Position Detect,8,5,False,2,1,0,0,6,29.0,34.0,1776330658.0,1776330663.0,ESTIMATE_ONLY_inter_question_gaps_unknown
31f5b959-52f7-404b-9e91-6f7140bd2561,4b00bcd7-936b-42d2-99b5-c0b8b78272c9,attention,7,10,0.7,116,1,mid,1776330629.0,1776330745.0,2026-04-16 09:12:25.989+00,2026-04-16 09:12:37.453744+00,4,5,5,medium,Rule Violation,10,6,False,2,2,1,0,9,40.0,46.0,1776330669.0,1776330675.0,ESTIMATE_ONLY_inter_question_gaps_unknown
31f5b959-52f7-404b-9e91-6f7140bd2561,4b00bcd7-936b-42d2-99b5-c0b8b78272c9,attention,7,10,0.7,116,1,mid,1776330629.0,1776330745.0,2026-04-16 09:12:25.989+00,2026-04-16 09:12:37.453744+00,5,6,6,medium,Count Target,10,6,False,2,0,0,0,6,55.0,61.0,1776330684.0,1776330690.0,ESTIMATE_ONLY_inter_question_gaps_unknown
31f5b959-52f7-404b-9e91-6f7140bd2561,4b00bcd7-936b-42d2-99b5-c0b8b78272c9,attention,7,10,0.7,116,1,mid,1776330629.0,1776330745.0,2026-04-16 09:12:25.989+00,2026-04-16 09:12:37.453744+00,6,7,7,medium,Count Target,10,6,False,2,2,1,0,7,67.0,73.0,1776330696.0,1776330702.0,ESTIMATE_ONLY_inter_question_gaps_unknown
31f5b959-52f7-404b-9e91-6f7140bd2561,4b00bcd7-936b-42d2-99b5-c0b8b78272c9,attention,7,10,0.7,116,1,mid,1776330629.0,1776330745.0,2026-04-16 09:12:25.989+00,2026-04-16 09:12:37.453744+00,7,8,8,hard,Count Target,12,7,False,1,2,0,0,4,80.0,87.0,1776330709.0,1776330716.0,ESTIMATE_ONLY_inter_question_gaps_unknown
31f5b959-52f7-404b-9e91-6f7140bd2561,4b00bcd7-936b-42d2-99b5-c0b8b78272c9,attention,7,10,0.7,116,1,mid,1776330629.0,1776330745.0,2026-04-16 09:12:25.989+00,2026-04-16 09:12:37.453744+00,8,9,9,hard,Rule Violation,12,7,False,2,2,1,0,8,91.0,98.0,1776330720.0,1776330727.0,ESTIMATE_ONLY_inter_question_gaps_unknown
31f5b959-52f7-404b-9e91-6f7140bd2561,4b00bcd7-936b-42d2-99b5-c0b8b78272c9,attention,7,10,0.7,116,1,mid,1776330629.0,1776330745.0,2026-04-16 09:12:25.989+00,2026-04-16 09:12:37.453744+00,9,10,10,hard,Pattern Break,12,7,False,2,2,1,0,6,106.0,113.0,1776330735.0,1776330742.0,ESTIMATE_ONLY_inter_question_gaps_unknown
3202a4ce-85ec-4e20-9b2c-5277587a75df,d103eb77-fd3d-4b89-83f1-4f34ec8d6123,pattern,7,10,0.7,56,1,mid,1776415585.0,1776415641.0,2026-04-17 08:47:21.759+00,2026-04-17 08:47:23.083346+00,0,1,1,easy,Arithmetic Sequence,15,,False,2,2,1,0,4,0.0,0.0,1776415585.0,1776415585.0,ESTIMATE_ONLY_inter_question_gaps_unknown
3202a4ce-85ec-4e20-9b2c-5277587a75df,d103eb77-fd3d-4b89-83f1-4f34ec8d6123,pattern,7,10,0.7,56,1,mid,1776415585.0,1776415641.0,2026-04-17 08:47:21.759+00,2026-04-17 08:47:23.083346+00,1,2,2,easy,Arithmetic Sequence,15,,False,0,0,1,0,4,4.0,4.0,1776415589.0,1776415589.0,ESTIMATE_ONLY_inter_question_gaps_unknown
3202a4ce-85ec-4e20-9b2c-5277587a75df,d103eb77-fd3d-4b89-83f1-4f34ec8d6123,pattern,7,10,0.7,56,1,mid,1776415585.0,1776415641.0,2026-04-17 08:47:21.759+00,2026-04-17 08:47:23.083346+00,2,3,3,easy,Odd Numbers,15,,False,1,1,1,0,5,8.0,8.0,1776415593.0,1776415593.0,ESTIMATE_ONLY_inter_question_gaps_unknown
3202a4ce-85ec-4e20-9b2c-5277587a75df,d103eb77-fd3d-4b89-83f1-4f34ec8d6123,pattern,7,10,0.7,56,1,mid,1776415585.0,1776415641.0,2026-04-17 08:47:21.759+00,2026-04-17 08:47:23.083346+00,3,4,4,easy,Decreasing Sequence,15,,False,2,2,1,0,3,13.0,13.0,1776415598.0,1776415598.0,ESTIMATE_ONLY_inter_question_gaps_unknown
3202a4ce-85ec-4e20-9b2c-5277587a75df,d103eb77-fd3d-4b89-83f1-4f34ec8d6123,pattern,7,10,0.7,56,1,mid,1776415585.0,1776415641.0,2026-04-17 08:47:21.759+00,2026-04-17 08:47:23.083346+00,4,5,5,medium,Perfect Squares,20,,False,2,2,1,0,8,16.0,16.0,1776415601.0,1776415601.0,ESTIMATE_ONLY_inter_question_gaps_unknown
3202a4ce-85ec-4e20-9b2c-5277587a75df,d103eb77-fd3d-4b89-83f1-4f34ec8d6123,pattern,7,10,0.7,56,1,mid,1776415585.0,1776415641.0,2026-04-17 08:47:21.759+00,2026-04-17 08:47:23.083346+00,5,6,6,medium,Fibonacci,20,,False,1,1,1,0,7,24.0,24.0,1776415609.0,1776415609.0,ESTIMATE_ONLY_inter_question_gaps_unknown
3202a4ce-85ec-4e20-9b2c-5277587a75df,d103eb77-fd3d-4b89-83f1-4f34ec8d6123,pattern,7,10,0.7,56,1,mid,1776415585.0,1776415641.0,2026-04-17 08:47:21.759+00,2026-04-17 08:47:23.083346+00,6,7,7,medium,Perfect Cubes,20,,False,2,2,1,0,8,31.0,31.0,1776415616.0,1776415616.0,ESTIMATE_ONLY_inter_question_gaps_unknown
3202a4ce-85ec-4e20-9b2c-5277587a75df,d103eb77-fd3d-4b89-83f1-4f34ec8d6123,pattern,7,10,0.7,56,1,mid,1776415585.0,1776415641.0,2026-04-17 08:47:21.759+00,2026-04-17 08:47:23.083346+00,7,8,8,hard,Triangular Differences,30,,False,1,2,0,0,6,39.0,39.0,1776415624.0,1776415624.0,ESTIMATE_ONLY_inter_question_gaps_unknown
3202a4ce-85ec-4e20-9b2c-5277587a75df,d103eb77-fd3d-4b89-83f1-4f34ec8d6123,pattern,7,10,0.7,56,1,mid,1776415585.0,1776415641.0,2026-04-17 08:47:21.759+00,2026-04-17 08:47:23.083346+00,8,9,9,hard,Squares,30,,False,2,0,0,0,9,45.0,45.0,1776415630.0,1776415630.0,ESTIMATE_ONLY_inter_question_gaps_unknown
3202a4ce-85ec-4e20-9b2c-5277587a75df,d103eb77-fd3d-4b89-83f1-4f34ec8d6123,pattern,7,10,0.7,56,1,mid,1776415585.0,1776415641.0,2026-04-17 08:47:21.759+00,2026-04-17 08:47:23.083346+00,9,10,10,hard,n(n+1),30,,False,1,0,0,0,7,54.0,54.0,1776415639.0,1776415639.0,ESTIMATE_ONLY_inter_question_gaps_unknown
3430c539-5a63-41de-9f2e-8255901f169e,4b00bcd7-936b-42d2-99b5-c0b8b78272c9,attention,7,10,0.7,116,1,mid,1776330640.0,1776330756.0,2026-04-16 09:12:36.944+00,2026-04-16 09:12:44.855226+00,0,1,1,easy,Oddball Detection,8,5,False,2,2,1,0,5,0.0,5.0,1776330640.0,1776330645.0,ESTIMATE_ONLY_inter_question_gaps_unknown
3430c539-5a63-41de-9f2e-8255901f169e,4b00bcd7-936b-42d2-99b5-c0b8b78272c9,attention,7,10,0.7,116,1,mid,1776330640.0,1776330756.0,2026-04-16 09:12:36.944+00,2026-04-16 09:12:44.855226+00,1,2,2,easy,Count Target,8,5,False,0,0,1,0,4,10.0,15.0,1776330650.0,1776330655.0,ESTIMATE_ONLY_inter_question_gaps_unknown
3430c539-5a63-41de-9f2e-8255901f169e,4b00bcd7-936b-42d2-99b5-c0b8b78272c9,attention,7,10,0.7,116,1,mid,1776330640.0,1776330756.0,2026-04-16 09:12:36.944+00,2026-04-16 09:12:44.855226+00,2,3,3,easy,Pattern Break,8,5,False,2,2,1,0,5,19.0,24.0,1776330659.0,1776330664.0,ESTIMATE_ONLY_inter_question_gaps_unknown
3430c539-5a63-41de-9f2e-8255901f169e,4b00bcd7-936b-42d2-99b5-c0b8b78272c9,attention,7,10,0.7,116,1,mid,1776330640.0,1776330756.0,2026-04-16 09:12:36.944+00,2026-04-16 09:12:44.855226+00,3,4,4,easy,Position Detect,8,5,False,2,1,0,0,6,29.0,34.0,1776330669.0,1776330674.0,ESTIMATE_ONLY_inter_question_gaps_unknown
3430c539-5a63-41de-9f2e-8255901f169e,4b00bcd7-936b-42d2-99b5-c0b8b78272c9,attention,7,10,0.7,116,1,mid,1776330640.0,1776330756.0,2026-04-16 09:12:36.944+00,2026-04-16 09:12:44.855226+00,4,5,5,medium,Rule Violation,10,6,False,2,2,1,0,9,40.0,46.0,1776330680.0,1776330686.0,ESTIMATE_ONLY_inter_question_gaps_unknown
3430c539-5a63-41de-9f2e-8255901f169e,4b00bcd7-936b-42d2-99b5-c0b8b78272c9,attention,7,10,0.7,116,1,mid,1776330640.0,1776330756.0,2026-04-16 09:12:36.944+00,2026-04-16 09:12:44.855226+00,5,6,6,medium,Count Target,10,6,False,2,0,0,0,6,55.0,61.0,1776330695.0,1776330701.0,ESTIMATE_ONLY_inter_question_gaps_unknown
3430c539-5a63-41de-9f2e-8255901f169e,4b00bcd7-936b-42d2-99b5-c0b8b78272c9,attention,7,10,0.7,116,1,mid,1776330640.0,1776330756.0,2026-04-16 09:12:36.944+00,2026-04-16 09:12:44.855226+00,6,7,7,medium,Count Target,10,6,False,2,2,1,0,7,67.0,73.0,1776330707.0,1776330713.0,ESTIMATE_ONLY_inter_question_gaps_unknown
3430c539-5a63-41de-9f2e-8255901f169e,4b00bcd7-936b-42d2-99b5-c0b8b78272c9,attention,7,10,0.7,116,1,mid,1776330640.0,1776330756.0,2026-04-16 09:12:36.944+00,2026-04-16 09:12:44.855226+00,7,8,8,hard,Count Target,12,7,False,1,2,0,0,4,80.0,87.0,1776330720.0,1776330727.0,ESTIMATE_ONLY_inter_question_gaps_unknown
3430c539-5a63-41de-9f2e-8255901f169e,4b00bcd7-936b-42d2-99b5-c0b8b78272c9,attention,7,10,0.7,116,1,mid,1776330640.0,1776330756.0,2026-04-16 09:12:36.944+00,2026-04-16 09:12:44.855226+00,8,9,9,hard,Rule Violation,12,7,False,2,2,1,0,8,91.0,98.0,1776330731.0,1776330738.0,ESTIMATE_ONLY_inter_question_gaps_unknown
3430c539-5a63-41de-9f2e-8255901f169e,4b00bcd7-936b-42d2-99b5-c0b8b78272c9,attention,7,10,0.7,116,1,mid,1776330640.0,1776330756.0,2026-04-16 09:12:36.944+00,2026-04-16 09:12:44.855226+00,9,10,10,hard,Pattern Break,12,7,False,2,2,1,0,6,106.0,113.0,1776330746.0,1776330753.0,ESTIMATE_ONLY_inter_question_gaps_unknown
34ca95cb-7949-45f6-8b92-d80e63a57b20,bef21b19-9f14-46fd-983e-519cd076d499,attention,8,10,0.8,97,1,high,1776852619.0,1776852716.0,2026-04-22 10:11:56.763+00,2026-04-22 10:11:57.507737+00,0,1,1,easy,Oddball Detection,8,5,False,2,2,1,0,4,0.0,5.0,1776852619.0,1776852624.0,ESTIMATE_ONLY_inter_question_gaps_unknown
34ca95cb-7949-45f6-8b92-d80e63a57b20,bef21b19-9f14-46fd-983e-519cd076d499,attention,8,10,0.8,97,1,high,1776852619.0,1776852716.0,2026-04-22 10:11:56.763+00,2026-04-22 10:11:57.507737+00,1,2,2,easy,Count Target,8,5,False,0,0,1,0,2,9.0,14.0,1776852628.0,1776852633.0,ESTIMATE_ONLY_inter_question_gaps_unknown
34ca95cb-7949-45f6-8b92-d80e63a57b20,bef21b19-9f14-46fd-983e-519cd076d499,attention,8,10,0.8,97,1,high,1776852619.0,1776852716.0,2026-04-22 10:11:56.763+00,2026-04-22 10:11:57.507737+00,2,3,3,easy,Pattern Break,8,5,False,2,2,1,0,5,16.0,21.0,1776852635.0,1776852640.0,ESTIMATE_ONLY_inter_question_gaps_unknown
34ca95cb-7949-45f6-8b92-d80e63a57b20,bef21b19-9f14-46fd-983e-519cd076d499,attention,8,10,0.8,97,1,high,1776852619.0,1776852716.0,2026-04-22 10:11:56.763+00,2026-04-22 10:11:57.507737+00,3,4,4,easy,Position Detect,8,5,False,1,1,1,0,3,26.0,31.0,1776852645.0,1776852650.0,ESTIMATE_ONLY_inter_question_gaps_unknown
34ca95cb-7949-45f6-8b92-d80e63a57b20,bef21b19-9f14-46fd-983e-519cd076d499,attention,8,10,0.8,97,1,high,1776852619.0,1776852716.0,2026-04-22 10:11:56.763+00,2026-04-22 10:11:57.507737+00,4,5,5,medium,Rule Violation,10,6,False,2,2,1,0,5,34.0,40.0,1776852653.0,1776852659.0,ESTIMATE_ONLY_inter_question_gaps_unknown
34ca95cb-7949-45f6-8b92-d80e63a57b20,bef21b19-9f14-46fd-983e-519cd076d499,attention,8,10,0.8,97,1,high,1776852619.0,1776852716.0,2026-04-22 10:11:56.763+00,2026-04-22 10:11:57.507737+00,5,6,6,medium,Count Target,10,6,False,2,0,0,0,9,45.0,51.0,1776852664.0,1776852670.0,ESTIMATE_ONLY_inter_question_gaps_unknown
34ca95cb-7949-45f6-8b92-d80e63a57b20,bef21b19-9f14-46fd-983e-519cd076d499,attention,8,10,0.8,97,1,high,1776852619.0,1776852716.0,2026-04-22 10:11:56.763+00,2026-04-22 10:11:57.507737+00,6,7,7,medium,Count Target,10,6,False,2,2,1,0,6,60.0,66.0,1776852679.0,1776852685.0,ESTIMATE_ONLY_inter_question_gaps_unknown
34ca95cb-7949-45f6-8b92-d80e63a57b20,bef21b19-9f14-46fd-983e-519cd076d499,attention,8,10,0.8,97,1,high,1776852619.0,1776852716.0,2026-04-22 10:11:56.763+00,2026-04-22 10:11:57.507737+00,7,8,8,hard,Count Target,12,7,False,0,2,0,0,5,72.0,79.0,1776852691.0,1776852698.0,ESTIMATE_ONLY_inter_question_gaps_unknown
34ca95cb-7949-45f6-8b92-d80e63a57b20,bef21b19-9f14-46fd-983e-519cd076d499,attention,8,10,0.8,97,1,high,1776852619.0,1776852716.0,2026-04-22 10:11:56.763+00,2026-04-22 10:11:57.507737+00,8,9,9,hard,Rule Violation,12,7,False,2,2,1,0,3,84.0,91.0,1776852703.0,1776852710.0,ESTIMATE_ONLY_inter_question_gaps_unknown
34ca95cb-7949-45f6-8b92-d80e63a57b20,bef21b19-9f14-46fd-983e-519cd076d499,attention,8,10,0.8,97,1,high,1776852619.0,1776852716.0,2026-04-22 10:11:56.763+00,2026-04-22 10:11:57.507737+00,9,10,10,hard,Pattern Break,12,7,False,2,2,1,0,3,94.0,101.0,1776852713.0,1776852720.0,ESTIMATE_ONLY_inter_question_gaps_unknown
3577a717-df49-4fb9-84df-68bbb19f5c4e,4cfb4306-1fd2-4cac-b1a4-e605da568d7e,comprehension,6,10,0.6,244,0,mid,1771582310.0,1771582554.0,2026-02-20 10:15:54.968+00,2026-02-20 10:15:56.84372+00,0,1,1,easy,Fact Extraction,25,,True,0,0,1,0,6,0.0,0.0,1771582310.0,1771582310.0,ESTIMATE_ONLY_reading_phase_duration_unknown
3577a717-df49-4fb9-84df-68bbb19f5c4e,4cfb4306-1fd2-4cac-b1a4-e605da568d7e,comprehension,6,10,0.6,244,0,mid,1771582310.0,1771582554.0,2026-02-20 10:15:54.968+00,2026-02-20 10:15:56.84372+00,1,2,2,medium,Detail Recall,25,,False,0,2,0,0,6,6.0,6.0,1771582316.0,1771582316.0,ESTIMATE_ONLY_inter_question_gaps_unknown
3577a717-df49-4fb9-84df-68bbb19f5c4e,4cfb4306-1fd2-4cac-b1a4-e605da568d7e,comprehension,6,10,0.6,244,0,mid,1771582310.0,1771582554.0,2026-02-20 10:15:54.968+00,2026-02-20 10:15:56.84372+00,2,3,3,easy,Fact Extraction,25,,False,1,1,1,0,5,12.0,12.0,1771582322.0,1771582322.0,ESTIMATE_ONLY_inter_question_gaps_unknown
3577a717-df49-4fb9-84df-68bbb19f5c4e,4cfb4306-1fd2-4cac-b1a4-e605da568d7e,comprehension,6,10,0.6,244,0,mid,1771582310.0,1771582554.0,2026-02-20 10:15:54.968+00,2026-02-20 10:15:56.84372+00,3,4,4,medium,Inference,25,,False,2,2,1,0,9,17.0,17.0,1771582327.0,1771582327.0,ESTIMATE_ONLY_inter_question_gaps_unknown
3577a717-df49-4fb9-84df-68bbb19f5c4e,4cfb4306-1fd2-4cac-b1a4-e605da568d7e,comprehension,6,10,0.6,244,0,mid,1771582310.0,1771582554.0,2026-02-20 10:15:54.968+00,2026-02-20 10:15:56.84372+00,4,5,5,easy,Detail Recall,25,,False,0,0,1,0,7,26.0,26.0,1771582336.0,1771582336.0,ESTIMATE_ONLY_inter_question_gaps_unknown
3577a717-df49-4fb9-84df-68bbb19f5c4e,4cfb4306-1fd2-4cac-b1a4-e605da568d7e,comprehension,6,10,0.6,244,0,mid,1771582310.0,1771582554.0,2026-02-20 10:15:54.968+00,2026-02-20 10:15:56.84372+00,5,6,6,easy,Fact Extraction,25,,True,1,1,1,0,5,33.0,33.0,1771582343.0,1771582343.0,ESTIMATE_ONLY_reading_phase_duration_unknown
3577a717-df49-4fb9-84df-68bbb19f5c4e,4cfb4306-1fd2-4cac-b1a4-e605da568d7e,comprehension,6,10,0.6,244,0,mid,1771582310.0,1771582554.0,2026-02-20 10:15:54.968+00,2026-02-20 10:15:56.84372+00,6,7,7,easy,Detail Recall,25,,False,0,2,0,0,5,38.0,38.0,1771582348.0,1771582348.0,ESTIMATE_ONLY_inter_question_gaps_unknown
3577a717-df49-4fb9-84df-68bbb19f5c4e,4cfb4306-1fd2-4cac-b1a4-e605da568d7e,comprehension,6,10,0.6,244,0,mid,1771582310.0,1771582554.0,2026-02-20 10:15:54.968+00,2026-02-20 10:15:56.84372+00,7,8,8,medium,Detail Recall,25,,False,2,0,0,0,4,43.0,43.0,1771582353.0,1771582353.0,ESTIMATE_ONLY_inter_question_gaps_unknown
3577a717-df49-4fb9-84df-68bbb19f5c4e,4cfb4306-1fd2-4cac-b1a4-e605da568d7e,comprehension,6,10,0.6,244,0,mid,1771582310.0,1771582554.0,2026-02-20 10:15:54.968+00,2026-02-20 10:15:56.84372+00,8,9,9,medium,Inference,25,,False,1,1,1,0,6,47.0,47.0,1771582357.0,1771582357.0,ESTIMATE_ONLY_inter_question_gaps_unknown
3577a717-df49-4fb9-84df-68bbb19f5c4e,4cfb4306-1fd2-4cac-b1a4-e605da568d7e,comprehension,6,10,0.6,244,0,mid,1771582310.0,1771582554.0,2026-02-20 10:15:54.968+00,2026-02-20 10:15:56.84372+00,9,10,10,easy,Fact Extraction,25,,False,1,2,0,0,7,53.0,53.0,1771582363.0,1771582363.0,ESTIMATE_ONLY_inter_question_gaps_unknown
359d8035-1c5d-480f-b160-2299347399de,1295d8c1-c3fa-424a-a3ac-86e227c3a8de,memory,5,10,0.5,93,0,mid,1776424586.0,1776424679.0,2026-04-17 11:17:59+00,2026-04-17 11:17:58.472755+00,0,1,1,easy,Digit Recall,10,5,False,1,0,0,0,4,0.0,5.0,1776424586.0,1776424591.0,ESTIMATE_ONLY_inter_question_gaps_unknown
359d8035-1c5d-480f-b160-2299347399de,1295d8c1-c3fa-424a-a3ac-86e227c3a8de,memory,5,10,0.5,93,0,mid,1776424586.0,1776424679.0,2026-04-17 11:17:59+00,2026-04-17 11:17:58.472755+00,1,2,2,easy,Word Recall,10,5,False,2,2,1,0,3,9.0,14.0,1776424595.0,1776424600.0,ESTIMATE_ONLY_inter_question_gaps_unknown
359d8035-1c5d-480f-b160-2299347399de,1295d8c1-c3fa-424a-a3ac-86e227c3a8de,memory,5,10,0.5,93,0,mid,1776424586.0,1776424679.0,2026-04-17 11:17:59+00,2026-04-17 11:17:58.472755+00,2,3,3,easy,Digit Recall,10,5,False,1,1,1,0,4,17.0,22.0,1776424603.0,1776424608.0,ESTIMATE_ONLY_inter_question_gaps_unknown
359d8035-1c5d-480f-b160-2299347399de,1295d8c1-c3fa-424a-a3ac-86e227c3a8de,memory,5,10,0.5,93,0,mid,1776424586.0,1776424679.0,2026-04-17 11:17:59+00,2026-04-17 11:17:58.472755+00,3,4,4,easy,Word Recall,10,5,False,0,0,1,0,3,26.0,31.0,1776424612.0,1776424617.0,ESTIMATE_ONLY_inter_question_gaps_unknown
359d8035-1c5d-480f-b160-2299347399de,1295d8c1-c3fa-424a-a3ac-86e227c3a8de,memory,5,10,0.5,93,0,mid,1776424586.0,1776424679.0,2026-04-17 11:17:59+00,2026-04-17 11:17:58.472755+00,4,5,5,medium,Digit Recall,12,6,False,0,0,1,0,3,34.0,40.0,1776424620.0,1776424626.0,ESTIMATE_ONLY_inter_question_gaps_unknown
359d8035-1c5d-480f-b160-2299347399de,1295d8c1-c3fa-424a-a3ac-86e227c3a8de,memory,5,10,0.5,93,0,mid,1776424586.0,1776424679.0,2026-04-17 11:17:59+00,2026-04-17 11:17:58.472755+00,5,6,6,medium,Position Recall,12,6,False,2,1,0,0,4,43.0,49.0,1776424629.0,1776424635.0,ESTIMATE_ONLY_inter_question_gaps_unknown
359d8035-1c5d-480f-b160-2299347399de,1295d8c1-c3fa-424a-a3ac-86e227c3a8de,memory,5,10,0.5,93,0,mid,1776424586.0,1776424679.0,2026-04-17 11:17:59+00,2026-04-17 11:17:58.472755+00,6,7,7,medium,Position Recall,12,6,False,0,2,0,0,3,53.0,59.0,1776424639.0,1776424645.0,ESTIMATE_ONLY_inter_question_gaps_unknown
359d8035-1c5d-480f-b160-2299347399de,1295d8c1-c3fa-424a-a3ac-86e227c3a8de,memory,5,10,0.5,93,0,mid,1776424586.0,1776424679.0,2026-04-17 11:17:59+00,2026-04-17 11:17:58.472755+00,7,8,8,hard,Sequence Recall,15,7,False,1,0,0,0,4,62.0,69.0,1776424648.0,1776424655.0,ESTIMATE_ONLY_inter_question_gaps_unknown
359d8035-1c5d-480f-b160-2299347399de,1295d8c1-c3fa-424a-a3ac-86e227c3a8de,memory,5,10,0.5,93,0,mid,1776424586.0,1776424679.0,2026-04-17 11:17:59+00,2026-04-17 11:17:58.472755+00,8,9,9,hard,Position Recall,15,7,False,0,1,0,0,3,73.0,80.0,1776424659.0,1776424666.0,ESTIMATE_ONLY_inter_question_gaps_unknown
359d8035-1c5d-480f-b160-2299347399de,1295d8c1-c3fa-424a-a3ac-86e227c3a8de,memory,5,10,0.5,93,0,mid,1776424586.0,1776424679.0,2026-04-17 11:17:59+00,2026-04-17 11:17:58.472755+00,9,10,10,hard,Digit Analysis,15,7,False,2,2,1,0,6,83.0,90.0,1776424669.0,1776424676.0,ESTIMATE_ONLY_inter_question_gaps_unknown
35d00595-630b-4cde-a58e-fffd53e4d134,d103eb77-fd3d-4b89-83f1-4f34ec8d6123,comprehension,10,10,1.0,136,1,high,1776418760.0,1776418896.0,2026-04-17 09:41:36.311+00,2026-04-17 09:41:37.433379+00,0,1,1,easy,Fact Extraction,25,,True,0,0,1,0,4,0.0,0.0,1776418760.0,1776418760.0,ESTIMATE_ONLY_reading_phase_duration_unknown
35d00595-630b-4cde-a58e-fffd53e4d134,d103eb77-fd3d-4b89-83f1-4f34ec8d6123,comprehension,10,10,1.0,136,1,high,1776418760.0,1776418896.0,2026-04-17 09:41:36.311+00,2026-04-17 09:41:37.433379+00,1,2,2,medium,Detail Recall,25,,False,0,0,1,0,3,4.0,4.0,1776418764.0,1776418764.0,ESTIMATE_ONLY_inter_question_gaps_unknown
35d00595-630b-4cde-a58e-fffd53e4d134,d103eb77-fd3d-4b89-83f1-4f34ec8d6123,comprehension,10,10,1.0,136,1,high,1776418760.0,1776418896.0,2026-04-17 09:41:36.311+00,2026-04-17 09:41:37.433379+00,2,3,3,easy,Fact Extraction,25,,False,0,0,1,0,3,7.0,7.0,1776418767.0,1776418767.0,ESTIMATE_ONLY_inter_question_gaps_unknown
35d00595-630b-4cde-a58e-fffd53e4d134,d103eb77-fd3d-4b89-83f1-4f34ec8d6123,comprehension,10,10,1.0,136,1,high,1776418760.0,1776418896.0,2026-04-17 09:41:36.311+00,2026-04-17 09:41:37.433379+00,3,4,4,medium,Inference,25,,False,1,1,1,0,5,10.0,10.0,1776418770.0,1776418770.0,ESTIMATE_ONLY_inter_question_gaps_unknown
35d00595-630b-4cde-a58e-fffd53e4d134,d103eb77-fd3d-4b89-83f1-4f34ec8d6123,comprehension,10,10,1.0,136,1,high,1776418760.0,1776418896.0,2026-04-17 09:41:36.311+00,2026-04-17 09:41:37.433379+00,4,5,5,easy,Detail Recall,25,,False,0,0,1,0,6,15.0,15.0,1776418775.0,1776418775.0,ESTIMATE_ONLY_inter_question_gaps_unknown
35d00595-630b-4cde-a58e-fffd53e4d134,d103eb77-fd3d-4b89-83f1-4f34ec8d6123,comprehension,10,10,1.0,136,1,high,1776418760.0,1776418896.0,2026-04-17 09:41:36.311+00,2026-04-17 09:41:37.433379+00,5,6,6,easy,Fact Extraction,25,,True,1,1,1,0,6,21.0,21.0,1776418781.0,1776418781.0,ESTIMATE_ONLY_reading_phase_duration_unknown
35d00595-630b-4cde-a58e-fffd53e4d134,d103eb77-fd3d-4b89-83f1-4f34ec8d6123,comprehension,10,10,1.0,136,1,high,1776418760.0,1776418896.0,2026-04-17 09:41:36.311+00,2026-04-17 09:41:37.433379+00,6,7,7,easy,Detail Recall,25,,False,2,2,1,0,4,27.0,27.0,1776418787.0,1776418787.0,ESTIMATE_ONLY_inter_question_gaps_unknown
35d00595-630b-4cde-a58e-fffd53e4d134,d103eb77-fd3d-4b89-83f1-4f34ec8d6123,comprehension,10,10,1.0,136,1,high,1776418760.0,1776418896.0,2026-04-17 09:41:36.311+00,2026-04-17 09:41:37.433379+00,7,8,8,medium,Detail Recall,25,,False,0,0,1,0,6,31.0,31.0,1776418791.0,1776418791.0,ESTIMATE_ONLY_inter_question_gaps_unknown
35d00595-630b-4cde-a58e-fffd53e4d134,d103eb77-fd3d-4b89-83f1-4f34ec8d6123,comprehension,10,10,1.0,136,1,high,1776418760.0,1776418896.0,2026-04-17 09:41:36.311+00,2026-04-17 09:41:37.433379+00,8,9,9,medium,Inference,25,,False,1,1,1,0,5,37.0,37.0,1776418797.0,1776418797.0,ESTIMATE_ONLY_inter_question_gaps_unknown
35d00595-630b-4cde-a58e-fffd53e4d134,d103eb77-fd3d-4b89-83f1-4f34ec8d6123,comprehension,10,10,1.0,136,1,high,1776418760.0,1776418896.0,2026-04-17 09:41:36.311+00,2026-04-17 09:41:37.433379+00,9,10,10,easy,Fact Extraction,25,,False,1,1,1,0,5,42.0,42.0,1776418802.0,1776418802.0,ESTIMATE_ONLY_inter_question_gaps_unknown
371b0cd7-5af1-49bc-b30f-311bb280c38a,15f6773b-607d-4409-a94f-78d24eac8e34,attention,6,10,0.6,90,0,mid,1776332053.0,1776332143.0,2026-04-16 09:35:43.01+00,2026-04-16 09:35:43.7798+00,0,1,1,easy,Oddball Detection,8,5,False,2,2,1,0,3,0.0,5.0,1776332053.0,1776332058.0,ESTIMATE_ONLY_inter_question_gaps_unknown
371b0cd7-5af1-49bc-b30f-311bb280c38a,15f6773b-607d-4409-a94f-78d24eac8e34,attention,6,10,0.6,90,0,mid,1776332053.0,1776332143.0,2026-04-16 09:35:43.01+00,2026-04-16 09:35:43.7798+00,1,2,2,easy,Count Target,8,5,False,0,0,1,0,3,8.0,13.0,1776332061.0,1776332066.0,ESTIMATE_ONLY_inter_question_gaps_unknown
371b0cd7-5af1-49bc-b30f-311bb280c38a,15f6773b-607d-4409-a94f-78d24eac8e34,attention,6,10,0.6,90,0,mid,1776332053.0,1776332143.0,2026-04-16 09:35:43.01+00,2026-04-16 09:35:43.7798+00,2,3,3,easy,Pattern Break,8,5,False,1,2,0,0,7,16.0,21.0,1776332069.0,1776332074.0,ESTIMATE_ONLY_inter_question_gaps_unknown
371b0cd7-5af1-49bc-b30f-311bb280c38a,15f6773b-607d-4409-a94f-78d24eac8e34,attention,6,10,0.6,90,0,mid,1776332053.0,1776332143.0,2026-04-16 09:35:43.01+00,2026-04-16 09:35:43.7798+00,3,4,4,easy,Position Detect,8,5,False,1,1,1,0,2,28.0,33.0,1776332081.0,1776332086.0,ESTIMATE_ONLY_inter_question_gaps_unknown
371b0cd7-5af1-49bc-b30f-311bb280c38a,15f6773b-607d-4409-a94f-78d24eac8e34,attention,6,10,0.6,90,0,mid,1776332053.0,1776332143.0,2026-04-16 09:35:43.01+00,2026-04-16 09:35:43.7798+00,4,5,5,medium,Rule Violation,10,6,False,2,2,1,0,4,35.0,41.0,1776332088.0,1776332094.0,ESTIMATE_ONLY_inter_question_gaps_unknown
371b0cd7-5af1-49bc-b30f-311bb280c38a,15f6773b-607d-4409-a94f-78d24eac8e34,attention,6,10,0.6,90,0,mid,1776332053.0,1776332143.0,2026-04-16 09:35:43.01+00,2026-04-16 09:35:43.7798+00,5,6,6,medium,Count Target,10,6,False,1,0,0,0,3,45.0,51.0,1776332098.0,1776332104.0,ESTIMATE_ONLY_inter_question_gaps_unknown
371b0cd7-5af1-49bc-b30f-311bb280c38a,15f6773b-607d-4409-a94f-78d24eac8e34,attention,6,10,0.6,90,0,mid,1776332053.0,1776332143.0,2026-04-16 09:35:43.01+00,2026-04-16 09:35:43.7798+00,6,7,7,medium,Count Target,10,6,False,2,2,1,0,2,54.0,60.0,1776332107.0,1776332113.0,ESTIMATE_ONLY_inter_question_gaps_unknown
371b0cd7-5af1-49bc-b30f-311bb280c38a,15f6773b-607d-4409-a94f-78d24eac8e34,attention,6,10,0.6,90,0,mid,1776332053.0,1776332143.0,2026-04-16 09:35:43.01+00,2026-04-16 09:35:43.7798+00,7,8,8,hard,Count Target,12,7,False,2,2,1,0,2,62.0,69.0,1776332115.0,1776332122.0,ESTIMATE_ONLY_inter_question_gaps_unknown
371b0cd7-5af1-49bc-b30f-311bb280c38a,15f6773b-607d-4409-a94f-78d24eac8e34,attention,6,10,0.6,90,0,mid,1776332053.0,1776332143.0,2026-04-16 09:35:43.01+00,2026-04-16 09:35:43.7798+00,8,9,9,hard,Rule Violation,12,7,False,0,2,0,0,6,71.0,78.0,1776332124.0,1776332131.0,ESTIMATE_ONLY_inter_question_gaps_unknown
371b0cd7-5af1-49bc-b30f-311bb280c38a,15f6773b-607d-4409-a94f-78d24eac8e34,attention,6,10,0.6,90,0,mid,1776332053.0,1776332143.0,2026-04-16 09:35:43.01+00,2026-04-16 09:35:43.7798+00,9,10,10,hard,Pattern Break,12,7,False,1,2,0,0,2,84.0,91.0,1776332137.0,1776332144.0,ESTIMATE_ONLY_inter_question_gaps_unknown
371b6729-196f-4b3e-9fd2-23684c7373d5,d129448b-a4c5-49ee-9795-d4463d27334a,pattern,8,10,0.8,77,1,high,1776408144.0,1776408221.0,2026-04-17 06:43:41.641+00,2026-04-17 06:43:42.48084+00,0,1,1,easy,Arithmetic Sequence,15,,False,2,2,1,0,4,0.0,0.0,1776408144.0,1776408144.0,ESTIMATE_ONLY_inter_question_gaps_unknown
371b6729-196f-4b3e-9fd2-23684c7373d5,d129448b-a4c5-49ee-9795-d4463d27334a,pattern,8,10,0.8,77,1,high,1776408144.0,1776408221.0,2026-04-17 06:43:41.641+00,2026-04-17 06:43:42.48084+00,1,2,2,easy,Arithmetic Sequence,15,,False,0,0,1,0,3,4.0,4.0,1776408148.0,1776408148.0,ESTIMATE_ONLY_inter_question_gaps_unknown
371b6729-196f-4b3e-9fd2-23684c7373d5,d129448b-a4c5-49ee-9795-d4463d27334a,pattern,8,10,0.8,77,1,high,1776408144.0,1776408221.0,2026-04-17 06:43:41.641+00,2026-04-17 06:43:42.48084+00,2,3,3,easy,Odd Numbers,15,,False,1,1,1,0,13,7.0,7.0,1776408151.0,1776408151.0,ESTIMATE_ONLY_inter_question_gaps_unknown
371b6729-196f-4b3e-9fd2-23684c7373d5,d129448b-a4c5-49ee-9795-d4463d27334a,pattern,8,10,0.8,77,1,high,1776408144.0,1776408221.0,2026-04-17 06:43:41.641+00,2026-04-17 06:43:42.48084+00,3,4,4,easy,Decreasing Sequence,15,,False,2,2,1,0,4,20.0,20.0,1776408164.0,1776408164.0,ESTIMATE_ONLY_inter_question_gaps_unknown
371b6729-196f-4b3e-9fd2-23684c7373d5,d129448b-a4c5-49ee-9795-d4463d27334a,pattern,8,10,0.8,77,1,high,1776408144.0,1776408221.0,2026-04-17 06:43:41.641+00,2026-04-17 06:43:42.48084+00,4,5,5,medium,Perfect Squares,20,,False,2,2,1,0,6,24.0,24.0,1776408168.0,1776408168.0,ESTIMATE_ONLY_inter_question_gaps_unknown
371b6729-196f-4b3e-9fd2-23684c7373d5,d129448b-a4c5-49ee-9795-d4463d27334a,pattern,8,10,0.8,77,1,high,1776408144.0,1776408221.0,2026-04-17 06:43:41.641+00,2026-04-17 06:43:42.48084+00,5,6,6,medium,Fibonacci,20,,False,0,1,0,0,17,30.0,30.0,1776408174.0,1776408174.0,ESTIMATE_ONLY_inter_question_gaps_unknown
371b6729-196f-4b3e-9fd2-23684c7373d5,d129448b-a4c5-49ee-9795-d4463d27334a,pattern,8,10,0.8,77,1,high,1776408144.0,1776408221.0,2026-04-17 06:43:41.641+00,2026-04-17 06:43:42.48084+00,6,7,7,medium,Perfect Cubes,20,,False,2,2,1,0,4,47.0,47.0,1776408191.0,1776408191.0,ESTIMATE_ONLY_inter_question_gaps_unknown
371b6729-196f-4b3e-9fd2-23684c7373d5,d129448b-a4c5-49ee-9795-d4463d27334a,pattern,8,10,0.8,77,1,high,1776408144.0,1776408221.0,2026-04-17 06:43:41.641+00,2026-04-17 06:43:42.48084+00,7,8,8,hard,Triangular Differences,30,,False,1,2,0,0,14,51.0,51.0,1776408195.0,1776408195.0,ESTIMATE_ONLY_inter_question_gaps_unknown
371b6729-196f-4b3e-9fd2-23684c7373d5,d129448b-a4c5-49ee-9795-d4463d27334a,pattern,8,10,0.8,77,1,high,1776408144.0,1776408221.0,2026-04-17 06:43:41.641+00,2026-04-17 06:43:42.48084+00,8,9,9,hard,Squares,30,,False,0,0,1,0,5,65.0,65.0,1776408209.0,1776408209.0,ESTIMATE_ONLY_inter_question_gaps_unknown
371b6729-196f-4b3e-9fd2-23684c7373d5,d129448b-a4c5-49ee-9795-d4463d27334a,pattern,8,10,0.8,77,1,high,1776408144.0,1776408221.0,2026-04-17 06:43:41.641+00,2026-04-17 06:43:42.48084+00,9,10,10,hard,n(n+1),30,,False,0,0,1,0,14,70.0,70.0,1776408214.0,1776408214.0,ESTIMATE_ONLY_inter_question_gaps_unknown
37201ffc-db1b-449b-a6f1-3aa023b3dd59,1295d8c1-c3fa-424a-a3ac-86e227c3a8de,pattern,5,10,0.5,47,0,mid,1776424517.0,1776424564.0,2026-04-17 11:16:04.024+00,2026-04-17 11:16:03.603083+00,0,1,1,easy,Arithmetic Sequence,15,,False,2,2,1,0,3,0.0,0.0,1776424517.0,1776424517.0,ESTIMATE_ONLY_inter_question_gaps_unknown
37201ffc-db1b-449b-a6f1-3aa023b3dd59,1295d8c1-c3fa-424a-a3ac-86e227c3a8de,pattern,5,10,0.5,47,0,mid,1776424517.0,1776424564.0,2026-04-17 11:16:04.024+00,2026-04-17 11:16:03.603083+00,1,2,2,easy,Arithmetic Sequence,15,,False,0,0,1,0,6,3.0,3.0,1776424520.0,1776424520.0,ESTIMATE_ONLY_inter_question_gaps_unknown
37201ffc-db1b-449b-a6f1-3aa023b3dd59,1295d8c1-c3fa-424a-a3ac-86e227c3a8de,pattern,5,10,0.5,47,0,mid,1776424517.0,1776424564.0,2026-04-17 11:16:04.024+00,2026-04-17 11:16:03.603083+00,2,3,3,easy,Odd Numbers,15,,False,1,1,1,0,6,9.0,9.0,1776424526.0,1776424526.0,ESTIMATE_ONLY_inter_question_gaps_unknown
37201ffc-db1b-449b-a6f1-3aa023b3dd59,1295d8c1-c3fa-424a-a3ac-86e227c3a8de,pattern,5,10,0.5,47,0,mid,1776424517.0,1776424564.0,2026-04-17 11:16:04.024+00,2026-04-17 11:16:03.603083+00,3,4,4,easy,Decreasing Sequence,15,,False,2,2,1,0,3,15.0,15.0,1776424532.0,1776424532.0,ESTIMATE_ONLY_inter_question_gaps_unknown
37201ffc-db1b-449b-a6f1-3aa023b3dd59,1295d8c1-c3fa-424a-a3ac-86e227c3a8de,pattern,5,10,0.5,47,0,mid,1776424517.0,1776424564.0,2026-04-17 11:16:04.024+00,2026-04-17 11:16:03.603083+00,4,5,5,medium,Perfect Squares,20,,False,0,2,0,0,8,18.0,18.0,1776424535.0,1776424535.0,ESTIMATE_ONLY_inter_question_gaps_unknown
37201ffc-db1b-449b-a6f1-3aa023b3dd59,1295d8c1-c3fa-424a-a3ac-86e227c3a8de,pattern,5,10,0.5,47,0,mid,1776424517.0,1776424564.0,2026-04-17 11:16:04.024+00,2026-04-17 11:16:03.603083+00,5,6,6,medium,Fibonacci,20,,False,0,1,0,0,7,26.0,26.0,1776424543.0,1776424543.0,ESTIMATE_ONLY_inter_question_gaps_unknown
37201ffc-db1b-449b-a6f1-3aa023b3dd59,1295d8c1-c3fa-424a-a3ac-86e227c3a8de,pattern,5,10,0.5,47,0,mid,1776424517.0,1776424564.0,2026-04-17 11:16:04.024+00,2026-04-17 11:16:03.603083+00,6,7,7,medium,Perfect Cubes,20,,False,1,2,0,0,5,33.0,33.0,1776424550.0,1776424550.0,ESTIMATE_ONLY_inter_question_gaps_unknown
37201ffc-db1b-449b-a6f1-3aa023b3dd59,1295d8c1-c3fa-424a-a3ac-86e227c3a8de,pattern,5,10,0.5,47,0,mid,1776424517.0,1776424564.0,2026-04-17 11:16:04.024+00,2026-04-17 11:16:03.603083+00,7,8,8,hard,Triangular Differences,30,,False,2,2,1,0,5,38.0,38.0,1776424555.0,1776424555.0,ESTIMATE_ONLY_inter_question_gaps_unknown
37201ffc-db1b-449b-a6f1-3aa023b3dd59,1295d8c1-c3fa-424a-a3ac-86e227c3a8de,pattern,5,10,0.5,47,0,mid,1776424517.0,1776424564.0,2026-04-17 11:16:04.024+00,2026-04-17 11:16:03.603083+00,8,9,9,hard,Squares,30,,False,2,0,0,0,5,43.0,43.0,1776424560.0,1776424560.0,ESTIMATE_ONLY_inter_question_gaps_unknown
37201ffc-db1b-449b-a6f1-3aa023b3dd59,1295d8c1-c3fa-424a-a3ac-86e227c3a8de,pattern,5,10,0.5,47,0,mid,1776424517.0,1776424564.0,2026-04-17 11:16:04.024+00,2026-04-17 11:16:03.603083+00,9,10,10,hard,n(n+1),30,,False,1,0,0,0,6,48.0,48.0,1776424565.0,1776424565.0,ESTIMATE_ONLY_inter_question_gaps_unknown
3770d229-419c-444a-8927-b45652808249,1d7969e9-9d81-4b61-b5a4-102cab269db4,comprehension,9,10,0.9,197,1,high,1776334856.0,1776335053.0,2026-04-16 10:24:13.085+00,2026-04-16 10:24:13.862485+00,0,1,1,easy,Fact Extraction,25,,True,0,0,1,0,6,0.0,0.0,1776334856.0,1776334856.0,ESTIMATE_ONLY_reading_phase_duration_unknown
3770d229-419c-444a-8927-b45652808249,1d7969e9-9d81-4b61-b5a4-102cab269db4,comprehension,9,10,0.9,197,1,high,1776334856.0,1776335053.0,2026-04-16 10:24:13.085+00,2026-04-16 10:24:13.862485+00,1,2,2,medium,Detail Recall,25,,False,0,0,1,0,3,6.0,6.0,1776334862.0,1776334862.0,ESTIMATE_ONLY_inter_question_gaps_unknown
3770d229-419c-444a-8927-b45652808249,1d7969e9-9d81-4b61-b5a4-102cab269db4,comprehension,9,10,0.9,197,1,high,1776334856.0,1776335053.0,2026-04-16 10:24:13.085+00,2026-04-16 10:24:13.862485+00,2,3,3,easy,Fact Extraction,25,,False,0,0,1,0,4,9.0,9.0,1776334865.0,1776334865.0,ESTIMATE_ONLY_inter_question_gaps_unknown
3770d229-419c-444a-8927-b45652808249,1d7969e9-9d81-4b61-b5a4-102cab269db4,comprehension,9,10,0.9,197,1,high,1776334856.0,1776335053.0,2026-04-16 10:24:13.085+00,2026-04-16 10:24:13.862485+00,3,4,4,medium,Inference,25,,False,0,1,0,0,11,13.0,13.0,1776334869.0,1776334869.0,ESTIMATE_ONLY_inter_question_gaps_unknown
3770d229-419c-444a-8927-b45652808249,1d7969e9-9d81-4b61-b5a4-102cab269db4,comprehension,9,10,0.9,197,1,high,1776334856.0,1776335053.0,2026-04-16 10:24:13.085+00,2026-04-16 10:24:13.862485+00,4,5,5,easy,Detail Recall,25,,False,0,0,1,0,13,24.0,24.0,1776334880.0,1776334880.0,ESTIMATE_ONLY_inter_question_gaps_unknown
3770d229-419c-444a-8927-b45652808249,1d7969e9-9d81-4b61-b5a4-102cab269db4,comprehension,9,10,0.9,197,1,high,1776334856.0,1776335053.0,2026-04-16 10:24:13.085+00,2026-04-16 10:24:13.862485+00,5,6,6,easy,Fact Extraction,25,,True,1,1,1,0,2,37.0,37.0,1776334893.0,1776334893.0,ESTIMATE_ONLY_reading_phase_duration_unknown
3770d229-419c-444a-8927-b45652808249,1d7969e9-9d81-4b61-b5a4-102cab269db4,comprehension,9,10,0.9,197,1,high,1776334856.0,1776335053.0,2026-04-16 10:24:13.085+00,2026-04-16 10:24:13.862485+00,6,7,7,easy,Detail Recall,25,,False,2,2,1,0,5,39.0,39.0,1776334895.0,1776334895.0,ESTIMATE_ONLY_inter_question_gaps_unknown
3770d229-419c-444a-8927-b45652808249,1d7969e9-9d81-4b61-b5a4-102cab269db4,comprehension,9,10,0.9,197,1,high,1776334856.0,1776335053.0,2026-04-16 10:24:13.085+00,2026-04-16 10:24:13.862485+00,7,8,8,medium,Detail Recall,25,,False,0,0,1,0,7,44.0,44.0,1776334900.0,1776334900.0,ESTIMATE_ONLY_inter_question_gaps_unknown
3770d229-419c-444a-8927-b45652808249,1d7969e9-9d81-4b61-b5a4-102cab269db4,comprehension,9,10,0.9,197,1,high,1776334856.0,1776335053.0,2026-04-16 10:24:13.085+00,2026-04-16 10:24:13.862485+00,8,9,9,medium,Inference,25,,False,1,1,1,0,6,51.0,51.0,1776334907.0,1776334907.0,ESTIMATE_ONLY_inter_question_gaps_unknown
3770d229-419c-444a-8927-b45652808249,1d7969e9-9d81-4b61-b5a4-102cab269db4,comprehension,9,10,0.9,197,1,high,1776334856.0,1776335053.0,2026-04-16 10:24:13.085+00,2026-04-16 10:24:13.862485+00,9,10,10,easy,Fact Extraction,25,,False,1,1,1,0,8,57.0,57.0,1776334913.0,1776334913.0,ESTIMATE_ONLY_inter_question_gaps_unknown
37f549f6-b92e-49fe-ba4f-348825f54897,699dd060-e5d3-4dfb-bd49-1e58c9a7801d,comprehension,5,10,0.5,81,0,mid,1776493043.0,1776493124.0,2026-04-18 06:18:44.105+00,2026-04-18 06:18:44.86938+00,0,1,1,easy,Fact Extraction,25,,True,1,0,0,0,5,0.0,0.0,1776493043.0,1776493043.0,ESTIMATE_ONLY_reading_phase_duration_unknown
37f549f6-b92e-49fe-ba4f-348825f54897,699dd060-e5d3-4dfb-bd49-1e58c9a7801d,comprehension,5,10,0.5,81,0,mid,1776493043.0,1776493124.0,2026-04-18 06:18:44.105+00,2026-04-18 06:18:44.86938+00,1,2,2,medium,Detail Recall,25,,False,0,0,1,0,2,5.0,5.0,1776493048.0,1776493048.0,ESTIMATE_ONLY_inter_question_gaps_unknown
37f549f6-b92e-49fe-ba4f-348825f54897,699dd060-e5d3-4dfb-bd49-1e58c9a7801d,comprehension,5,10,0.5,81,0,mid,1776493043.0,1776493124.0,2026-04-18 06:18:44.105+00,2026-04-18 06:18:44.86938+00,2,3,3,easy,Fact Extraction,25,,False,0,0,1,0,3,7.0,7.0,1776493050.0,1776493050.0,ESTIMATE_ONLY_inter_question_gaps_unknown
37f549f6-b92e-49fe-ba4f-348825f54897,699dd060-e5d3-4dfb-bd49-1e58c9a7801d,comprehension,5,10,0.5,81,0,mid,1776493043.0,1776493124.0,2026-04-18 06:18:44.105+00,2026-04-18 06:18:44.86938+00,3,4,4,medium,Inference,25,,False,1,1,1,0,6,10.0,10.0,1776493053.0,1776493053.0,ESTIMATE_ONLY_inter_question_gaps_unknown
37f549f6-b92e-49fe-ba4f-348825f54897,699dd060-e5d3-4dfb-bd49-1e58c9a7801d,comprehension,5,10,0.5,81,0,mid,1776493043.0,1776493124.0,2026-04-18 06:18:44.105+00,2026-04-18 06:18:44.86938+00,4,5,5,easy,Detail Recall,25,,False,1,0,0,0,8,16.0,16.0,1776493059.0,1776493059.0,ESTIMATE_ONLY_inter_question_gaps_unknown
37f549f6-b92e-49fe-ba4f-348825f54897,699dd060-e5d3-4dfb-bd49-1e58c9a7801d,comprehension,5,10,0.5,81,0,mid,1776493043.0,1776493124.0,2026-04-18 06:18:44.105+00,2026-04-18 06:18:44.86938+00,5,6,6,easy,Fact Extraction,25,,True,0,1,0,0,9,24.0,24.0,1776493067.0,1776493067.0,ESTIMATE_ONLY_reading_phase_duration_unknown
37f549f6-b92e-49fe-ba4f-348825f54897,699dd060-e5d3-4dfb-bd49-1e58c9a7801d,comprehension,5,10,0.5,81,0,mid,1776493043.0,1776493124.0,2026-04-18 06:18:44.105+00,2026-04-18 06:18:44.86938+00,6,7,7,easy,Detail Recall,25,,False,1,2,0,0,5,33.0,33.0,1776493076.0,1776493076.0,ESTIMATE_ONLY_inter_question_gaps_unknown
37f549f6-b92e-49fe-ba4f-348825f54897,699dd060-e5d3-4dfb-bd49-1e58c9a7801d,comprehension,5,10,0.5,81,0,mid,1776493043.0,1776493124.0,2026-04-18 06:18:44.105+00,2026-04-18 06:18:44.86938+00,7,8,8,medium,Detail Recall,25,,False,2,0,0,0,6,38.0,38.0,1776493081.0,1776493081.0,ESTIMATE_ONLY_inter_question_gaps_unknown
37f549f6-b92e-49fe-ba4f-348825f54897,699dd060-e5d3-4dfb-bd49-1e58c9a7801d,comprehension,5,10,0.5,81,0,mid,1776493043.0,1776493124.0,2026-04-18 06:18:44.105+00,2026-04-18 06:18:44.86938+00,8,9,9,medium,Inference,25,,False,1,1,1,0,5,44.0,44.0,1776493087.0,1776493087.0,ESTIMATE_ONLY_inter_question_gaps_unknown
37f549f6-b92e-49fe-ba4f-348825f54897,699dd060-e5d3-4dfb-bd49-1e58c9a7801d,comprehension,5,10,0.5,81,0,mid,1776493043.0,1776493124.0,2026-04-18 06:18:44.105+00,2026-04-18 06:18:44.86938+00,9,10,10,easy,Fact Extraction,25,,False,1,1,1,0,4,49.0,49.0,1776493092.0,1776493092.0,ESTIMATE_ONLY_inter_question_gaps_unknown
3c4ca53c-a28a-47f5-b4ac-1b24245a27e0,9ba91b50-1617-4060-b1c1-bddeb2407671,pattern,17,20,0.85,180,1,high,1771166088.0,1771166268.0,2026-02-15 14:37:48.295+00,2026-02-15 14:37:49.19506+00,0,1,1,easy,Arithmetic Sequence,15,,False,2,2,1,0,3,0.0,0.0,1771166088.0,1771166088.0,ESTIMATE_ONLY_inter_question_gaps_unknown
3c4ca53c-a28a-47f5-b4ac-1b24245a27e0,9ba91b50-1617-4060-b1c1-bddeb2407671,pattern,17,20,0.85,180,1,high,1771166088.0,1771166268.0,2026-02-15 14:37:48.295+00,2026-02-15 14:37:49.19506+00,1,2,2,easy,Arithmetic Sequence,15,,False,0,0,1,0,3,3.0,3.0,1771166091.0,1771166091.0,ESTIMATE_ONLY_inter_question_gaps_unknown
3c4ca53c-a28a-47f5-b4ac-1b24245a27e0,9ba91b50-1617-4060-b1c1-bddeb2407671,pattern,17,20,0.85,180,1,high,1771166088.0,1771166268.0,2026-02-15 14:37:48.295+00,2026-02-15 14:37:49.19506+00,2,3,3,easy,Odd Numbers,15,,False,1,1,1,0,3,6.0,6.0,1771166094.0,1771166094.0,ESTIMATE_ONLY_inter_question_gaps_unknown
3c4ca53c-a28a-47f5-b4ac-1b24245a27e0,9ba91b50-1617-4060-b1c1-bddeb2407671,pattern,17,20,0.85,180,1,high,1771166088.0,1771166268.0,2026-02-15 14:37:48.295+00,2026-02-15 14:37:49.19506+00,3,4,4,easy,Decreasing Sequence,15,,False,2,2,1,0,3,9.0,9.0,1771166097.0,1771166097.0,ESTIMATE_ONLY_inter_question_gaps_unknown
3c4ca53c-a28a-47f5-b4ac-1b24245a27e0,9ba91b50-1617-4060-b1c1-bddeb2407671,pattern,17,20,0.85,180,1,high,1771166088.0,1771166268.0,2026-02-15 14:37:48.295+00,2026-02-15 14:37:49.19506+00,4,5,5,medium,Perfect Squares,20,,False,0,0,1,0,4,12.0,12.0,1771166100.0,1771166100.0,ESTIMATE_ONLY_inter_question_gaps_unknown
3c4ca53c-a28a-47f5-b4ac-1b24245a27e0,9ba91b50-1617-4060-b1c1-bddeb2407671,pattern,17,20,0.85,180,1,high,1771166088.0,1771166268.0,2026-02-15 14:37:48.295+00,2026-02-15 14:37:49.19506+00,5,6,6,medium,Fibonacci,20,,False,1,1,1,0,2,16.0,16.0,1771166104.0,1771166104.0,ESTIMATE_ONLY_inter_question_gaps_unknown
3c4ca53c-a28a-47f5-b4ac-1b24245a27e0,9ba91b50-1617-4060-b1c1-bddeb2407671,pattern,17,20,0.85,180,1,high,1771166088.0,1771166268.0,2026-02-15 14:37:48.295+00,2026-02-15 14:37:49.19506+00,6,7,7,medium,Perfect Cubes,20,,False,2,2,1,0,5,18.0,18.0,1771166106.0,1771166106.0,ESTIMATE_ONLY_inter_question_gaps_unknown
3c4ca53c-a28a-47f5-b4ac-1b24245a27e0,9ba91b50-1617-4060-b1c1-bddeb2407671,pattern,17,20,0.85,180,1,high,1771166088.0,1771166268.0,2026-02-15 14:37:48.295+00,2026-02-15 14:37:49.19506+00,7,8,8,hard,Triangular Differences,30,,False,1,0,0,0,8,23.0,23.0,1771166111.0,1771166111.0,ESTIMATE_ONLY_inter_question_gaps_unknown
3c4ca53c-a28a-47f5-b4ac-1b24245a27e0,9ba91b50-1617-4060-b1c1-bddeb2407671,pattern,17,20,0.85,180,1,high,1771166088.0,1771166268.0,2026-02-15 14:37:48.295+00,2026-02-15 14:37:49.19506+00,8,9,9,hard,Squares,30,,False,2,2,1,0,7,31.0,31.0,1771166119.0,1771166119.0,ESTIMATE_ONLY_inter_question_gaps_unknown
3c4ca53c-a28a-47f5-b4ac-1b24245a27e0,9ba91b50-1617-4060-b1c1-bddeb2407671,pattern,17,20,0.85,180,1,high,1771166088.0,1771166268.0,2026-02-15 14:37:48.295+00,2026-02-15 14:37:49.19506+00,9,10,10,hard,n(n+1),30,,False,1,1,1,0,7,38.0,38.0,1771166126.0,1771166126.0,ESTIMATE_ONLY_inter_question_gaps_unknown
3c4ca53c-a28a-47f5-b4ac-1b24245a27e0,9ba91b50-1617-4060-b1c1-bddeb2407671,pattern,17,20,0.85,180,1,high,1771166088.0,1771166268.0,2026-02-15 14:37:48.295+00,2026-02-15 14:37:49.19506+00,10,11,11,unknown,unknown,,,False,0,0,1,0,16,45.0,45.0,1771166133.0,1771166133.0,ESTIMATE_ONLY_inter_question_gaps_unknown
3c4ca53c-a28a-47f5-b4ac-1b24245a27e0,9ba91b50-1617-4060-b1c1-bddeb2407671,pattern,17,20,0.85,180,1,high,1771166088.0,1771166268.0,2026-02-15 14:37:48.295+00,2026-02-15 14:37:49.19506+00,11,12,12,unknown,unknown,,,False,2,2,1,0,14,61.0,61.0,1771166149.0,1771166149.0,ESTIMATE_ONLY_inter_question_gaps_unknown
3c4ca53c-a28a-47f5-b4ac-1b24245a27e0,9ba91b50-1617-4060-b1c1-bddeb2407671,pattern,17,20,0.85,180,1,high,1771166088.0,1771166268.0,2026-02-15 14:37:48.295+00,2026-02-15 14:37:49.19506+00,12,13,13,unknown,unknown,,,False,0,1,0,0,11,75.0,75.0,1771166163.0,1771166163.0,ESTIMATE_ONLY_inter_question_gaps_unknown
3c4ca53c-a28a-47f5-b4ac-1b24245a27e0,9ba91b50-1617-4060-b1c1-bddeb2407671,pattern,17,20,0.85,180,1,high,1771166088.0,1771166268.0,2026-02-15 14:37:48.295+00,2026-02-15 14:37:49.19506+00,13,14,14,unknown,unknown,,,False,0,0,1,0,11,86.0,86.0,1771166174.0,1771166174.0,ESTIMATE_ONLY_inter_question_gaps_unknown
3c4ca53c-a28a-47f5-b4ac-1b24245a27e0,9ba91b50-1617-4060-b1c1-bddeb2407671,pattern,17,20,0.85,180,1,high,1771166088.0,1771166268.0,2026-02-15 14:37:48.295+00,2026-02-15 14:37:49.19506+00,14,15,15,unknown,unknown,,,False,2,2,1,0,18,97.0,97.0,1771166185.0,1771166185.0,ESTIMATE_ONLY_inter_question_gaps_unknown
3c4ca53c-a28a-47f5-b4ac-1b24245a27e0,9ba91b50-1617-4060-b1c1-bddeb2407671,pattern,17,20,0.85,180,1,high,1771166088.0,1771166268.0,2026-02-15 14:37:48.295+00,2026-02-15 14:37:49.19506+00,15,16,16,unknown,unknown,,,False,1,1,1,0,21,115.0,115.0,1771166203.0,1771166203.0,ESTIMATE_ONLY_inter_question_gaps_unknown
3c4ca53c-a28a-47f5-b4ac-1b24245a27e0,9ba91b50-1617-4060-b1c1-bddeb2407671,pattern,17,20,0.85,180,1,high,1771166088.0,1771166268.0,2026-02-15 14:37:48.295+00,2026-02-15 14:37:49.19506+00,16,17,17,unknown,unknown,,,False,0,0,1,0,6,136.0,136.0,1771166224.0,1771166224.0,ESTIMATE_ONLY_inter_question_gaps_unknown
3c4ca53c-a28a-47f5-b4ac-1b24245a27e0,9ba91b50-1617-4060-b1c1-bddeb2407671,pattern,17,20,0.85,180,1,high,1771166088.0,1771166268.0,2026-02-15 14:37:48.295+00,2026-02-15 14:37:49.19506+00,17,18,18,unknown,unknown,,,False,1,1,1,0,12,142.0,142.0,1771166230.0,1771166230.0,ESTIMATE_ONLY_inter_question_gaps_unknown
3c4ca53c-a28a-47f5-b4ac-1b24245a27e0,9ba91b50-1617-4060-b1c1-bddeb2407671,pattern,17,20,0.85,180,1,high,1771166088.0,1771166268.0,2026-02-15 14:37:48.295+00,2026-02-15 14:37:49.19506+00,18,19,19,unknown,unknown,,,False,1,2,0,0,18,154.0,154.0,1771166242.0,1771166242.0,ESTIMATE_ONLY_inter_question_gaps_unknown
3c4ca53c-a28a-47f5-b4ac-1b24245a27e0,9ba91b50-1617-4060-b1c1-bddeb2407671,pattern,17,20,0.85,180,1,high,1771166088.0,1771166268.0,2026-02-15 14:37:48.295+00,2026-02-15 14:37:49.19506+00,19,20,20,unknown,unknown,,,False,0,0,1,0,19,172.0,172.0,1771166260.0,1771166260.0,ESTIMATE_ONLY_inter_question_gaps_unknown
3c700702-d937-40c1-ac50-503345228661,077f1f73-3786-4d01-8c77-d40cf7f07ae1,comprehension,9,10,0.9,120,1,high,1776751752.0,1776751872.0,2026-04-21 06:11:12.024+00,2026-04-21 06:11:11.849651+00,0,1,1,easy,Fact Extraction,25,,True,2,0,0,0,3,0.0,0.0,1776751752.0,1776751752.0,ESTIMATE_ONLY_reading_phase_duration_unknown
3c700702-d937-40c1-ac50-503345228661,077f1f73-3786-4d01-8c77-d40cf7f07ae1,comprehension,9,10,0.9,120,1,high,1776751752.0,1776751872.0,2026-04-21 06:11:12.024+00,2026-04-21 06:11:11.849651+00,1,2,2,medium,Detail Recall,25,,False,0,0,1,0,4,3.0,3.0,1776751755.0,1776751755.0,ESTIMATE_ONLY_inter_question_gaps_unknown
3c700702-d937-40c1-ac50-503345228661,077f1f73-3786-4d01-8c77-d40cf7f07ae1,comprehension,9,10,0.9,120,1,high,1776751752.0,1776751872.0,2026-04-21 06:11:12.024+00,2026-04-21 06:11:11.849651+00,2,3,3,easy,Fact Extraction,25,,False,0,0,1,0,5,7.0,7.0,1776751759.0,1776751759.0,ESTIMATE_ONLY_inter_question_gaps_unknown
3c700702-d937-40c1-ac50-503345228661,077f1f73-3786-4d01-8c77-d40cf7f07ae1,comprehension,9,10,0.9,120,1,high,1776751752.0,1776751872.0,2026-04-21 06:11:12.024+00,2026-04-21 06:11:11.849651+00,3,4,4,medium,Inference,25,,False,1,1,1,0,6,12.0,12.0,1776751764.0,1776751764.0,ESTIMATE_ONLY_inter_question_gaps_unknown
3c700702-d937-40c1-ac50-503345228661,077f1f73-3786-4d01-8c77-d40cf7f07ae1,comprehension,9,10,0.9,120,1,high,1776751752.0,1776751872.0,2026-04-21 06:11:12.024+00,2026-04-21 06:11:11.849651+00,4,5,5,easy,Detail Recall,25,,False,0,0,1,0,5,18.0,18.0,1776751770.0,1776751770.0,ESTIMATE_ONLY_inter_question_gaps_unknown
3c700702-d937-40c1-ac50-503345228661,077f1f73-3786-4d01-8c77-d40cf7f07ae1,comprehension,9,10,0.9,120,1,high,1776751752.0,1776751872.0,2026-04-21 06:11:12.024+00,2026-04-21 06:11:11.849651+00,5,6,6,easy,Fact Extraction,25,,True,1,1,1,0,2,23.0,23.0,1776751775.0,1776751775.0,ESTIMATE_ONLY_reading_phase_duration_unknown
3c700702-d937-40c1-ac50-503345228661,077f1f73-3786-4d01-8c77-d40cf7f07ae1,comprehension,9,10,0.9,120,1,high,1776751752.0,1776751872.0,2026-04-21 06:11:12.024+00,2026-04-21 06:11:11.849651+00,6,7,7,easy,Detail Recall,25,,False,2,2,1,0,5,25.0,25.0,1776751777.0,1776751777.0,ESTIMATE_ONLY_inter_question_gaps_unknown
3c700702-d937-40c1-ac50-503345228661,077f1f73-3786-4d01-8c77-d40cf7f07ae1,comprehension,9,10,0.9,120,1,high,1776751752.0,1776751872.0,2026-04-21 06:11:12.024+00,2026-04-21 06:11:11.849651+00,7,8,8,medium,Detail Recall,25,,False,0,0,1,0,3,30.0,30.0,1776751782.0,1776751782.0,ESTIMATE_ONLY_inter_question_gaps_unknown
3c700702-d937-40c1-ac50-503345228661,077f1f73-3786-4d01-8c77-d40cf7f07ae1,comprehension,9,10,0.9,120,1,high,1776751752.0,1776751872.0,2026-04-21 06:11:12.024+00,2026-04-21 06:11:11.849651+00,8,9,9,medium,Inference,25,,False,1,1,1,0,5,33.0,33.0,1776751785.0,1776751785.0,ESTIMATE_ONLY_inter_question_gaps_unknown
3c700702-d937-40c1-ac50-503345228661,077f1f73-3786-4d01-8c77-d40cf7f07ae1,comprehension,9,10,0.9,120,1,high,1776751752.0,1776751872.0,2026-04-21 06:11:12.024+00,2026-04-21 06:11:11.849651+00,9,10,10,easy,Fact Extraction,25,,False,1,1,1,0,16,38.0,38.0,1776751790.0,1776751790.0,ESTIMATE_ONLY_inter_question_gaps_unknown
3cedf4bc-5454-4b79-947b-e3c08689d87a,daa69244-ed2c-41a5-883b-3352a4c9284b,pattern,9,10,0.9,55,1,high,1776425760.0,1776425815.0,2026-04-17 11:36:55.091+00,2026-04-17 11:36:55.189416+00,0,1,1,easy,Arithmetic Sequence,15,,False,2,2,1,0,4,0.0,0.0,1776425760.0,1776425760.0,ESTIMATE_ONLY_inter_question_gaps_unknown
3cedf4bc-5454-4b79-947b-e3c08689d87a,daa69244-ed2c-41a5-883b-3352a4c9284b,pattern,9,10,0.9,55,1,high,1776425760.0,1776425815.0,2026-04-17 11:36:55.091+00,2026-04-17 11:36:55.189416+00,1,2,2,easy,Arithmetic Sequence,15,,False,0,0,1,0,2,4.0,4.0,1776425764.0,1776425764.0,ESTIMATE_ONLY_inter_question_gaps_unknown
3cedf4bc-5454-4b79-947b-e3c08689d87a,daa69244-ed2c-41a5-883b-3352a4c9284b,pattern,9,10,0.9,55,1,high,1776425760.0,1776425815.0,2026-04-17 11:36:55.091+00,2026-04-17 11:36:55.189416+00,2,3,3,easy,Odd Numbers,15,,False,1,1,1,0,3,6.0,6.0,1776425766.0,1776425766.0,ESTIMATE_ONLY_inter_question_gaps_unknown
3cedf4bc-5454-4b79-947b-e3c08689d87a,daa69244-ed2c-41a5-883b-3352a4c9284b,pattern,9,10,0.9,55,1,high,1776425760.0,1776425815.0,2026-04-17 11:36:55.091+00,2026-04-17 11:36:55.189416+00,3,4,4,easy,Decreasing Sequence,15,,False,2,2,1,0,3,9.0,9.0,1776425769.0,1776425769.0,ESTIMATE_ONLY_inter_question_gaps_unknown
3cedf4bc-5454-4b79-947b-e3c08689d87a,daa69244-ed2c-41a5-883b-3352a4c9284b,pattern,9,10,0.9,55,1,high,1776425760.0,1776425815.0,2026-04-17 11:36:55.091+00,2026-04-17 11:36:55.189416+00,4,5,5,medium,Perfect Squares,20,,False,2,2,1,0,5,12.0,12.0,1776425772.0,1776425772.0,ESTIMATE_ONLY_inter_question_gaps_unknown
3cedf4bc-5454-4b79-947b-e3c08689d87a,daa69244-ed2c-41a5-883b-3352a4c9284b,pattern,9,10,0.9,55,1,high,1776425760.0,1776425815.0,2026-04-17 11:36:55.091+00,2026-04-17 11:36:55.189416+00,5,6,6,medium,Fibonacci,20,,False,1,1,1,0,4,17.0,17.0,1776425777.0,1776425777.0,ESTIMATE_ONLY_inter_question_gaps_unknown
3cedf4bc-5454-4b79-947b-e3c08689d87a,daa69244-ed2c-41a5-883b-3352a4c9284b,pattern,9,10,0.9,55,1,high,1776425760.0,1776425815.0,2026-04-17 11:36:55.091+00,2026-04-17 11:36:55.189416+00,6,7,7,medium,Perfect Cubes,20,,False,2,2,1,0,6,21.0,21.0,1776425781.0,1776425781.0,ESTIMATE_ONLY_inter_question_gaps_unknown
3cedf4bc-5454-4b79-947b-e3c08689d87a,daa69244-ed2c-41a5-883b-3352a4c9284b,pattern,9,10,0.9,55,1,high,1776425760.0,1776425815.0,2026-04-17 11:36:55.091+00,2026-04-17 11:36:55.189416+00,7,8,8,hard,Triangular Differences,30,,False,1,2,0,0,17,27.0,27.0,1776425787.0,1776425787.0,ESTIMATE_ONLY_inter_question_gaps_unknown
3cedf4bc-5454-4b79-947b-e3c08689d87a,daa69244-ed2c-41a5-883b-3352a4c9284b,pattern,9,10,0.9,55,1,high,1776425760.0,1776425815.0,2026-04-17 11:36:55.091+00,2026-04-17 11:36:55.189416+00,8,9,9,hard,Squares,30,,False,0,0,1,0,5,44.0,44.0,1776425804.0,1776425804.0,ESTIMATE_ONLY_inter_question_gaps_unknown
3cedf4bc-5454-4b79-947b-e3c08689d87a,daa69244-ed2c-41a5-883b-3352a4c9284b,pattern,9,10,0.9,55,1,high,1776425760.0,1776425815.0,2026-04-17 11:36:55.091+00,2026-04-17 11:36:55.189416+00,9,10,10,hard,n(n+1),30,,False,0,0,1,0,10,49.0,49.0,1776425809.0,1776425809.0,ESTIMATE_ONLY_inter_question_gaps_unknown
3ea8ce59-a737-4669-b3e0-107c040b36ce,1a3a8d1d-950a-441c-a128-58d9d18de7bc,arithmetic,8,10,0.8,53,1,high,1776917256.0,1776917309.0,2026-04-23 04:08:29.36+00,2026-04-23 04:08:29.803612+00,0,1,1,easy,Addition,15,,False,0,0,1,0,2,0.0,0.0,1776917256.0,1776917256.0,ESTIMATE_ONLY_inter_question_gaps_unknown
3ea8ce59-a737-4669-b3e0-107c040b36ce,1a3a8d1d-950a-441c-a128-58d9d18de7bc,arithmetic,8,10,0.8,53,1,high,1776917256.0,1776917309.0,2026-04-23 04:08:29.36+00,2026-04-23 04:08:29.803612+00,1,2,2,easy,Division,15,,False,2,2,1,0,2,2.0,2.0,1776917258.0,1776917258.0,ESTIMATE_ONLY_inter_question_gaps_unknown
3ea8ce59-a737-4669-b3e0-107c040b36ce,1a3a8d1d-950a-441c-a128-58d9d18de7bc,arithmetic,8,10,0.8,53,1,high,1776917256.0,1776917309.0,2026-04-23 04:08:29.36+00,2026-04-23 04:08:29.803612+00,2,3,3,easy,Addition,15,,False,1,0,0,0,2,4.0,4.0,1776917260.0,1776917260.0,ESTIMATE_ONLY_inter_question_gaps_unknown
3ea8ce59-a737-4669-b3e0-107c040b36ce,1a3a8d1d-950a-441c-a128-58d9d18de7bc,arithmetic,8,10,0.8,53,1,high,1776917256.0,1776917309.0,2026-04-23 04:08:29.36+00,2026-04-23 04:08:29.803612+00,3,4,4,easy,Subtraction,15,,False,0,0,1,0,4,6.0,6.0,1776917262.0,1776917262.0,ESTIMATE_ONLY_inter_question_gaps_unknown
3ea8ce59-a737-4669-b3e0-107c040b36ce,1a3a8d1d-950a-441c-a128-58d9d18de7bc,arithmetic,8,10,0.8,53,1,high,1776917256.0,1776917309.0,2026-04-23 04:08:29.36+00,2026-04-23 04:08:29.803612+00,4,5,5,medium,Addition,20,,False,2,2,1,0,6,10.0,10.0,1776917266.0,1776917266.0,ESTIMATE_ONLY_inter_question_gaps_unknown
3ea8ce59-a737-4669-b3e0-107c040b36ce,1a3a8d1d-950a-441c-a128-58d9d18de7bc,arithmetic,8,10,0.8,53,1,high,1776917256.0,1776917309.0,2026-04-23 04:08:29.36+00,2026-04-23 04:08:29.803612+00,5,6,6,medium,Multiplication,20,,False,0,0,1,0,4,16.0,16.0,1776917272.0,1776917272.0,ESTIMATE_ONLY_inter_question_gaps_unknown
3ea8ce59-a737-4669-b3e0-107c040b36ce,1a3a8d1d-950a-441c-a128-58d9d18de7bc,arithmetic,8,10,0.8,53,1,high,1776917256.0,1776917309.0,2026-04-23 04:08:29.36+00,2026-04-23 04:08:29.803612+00,6,7,7,medium,Division,20,,False,1,1,1,0,5,20.0,20.0,1776917276.0,1776917276.0,ESTIMATE_ONLY_inter_question_gaps_unknown
3ea8ce59-a737-4669-b3e0-107c040b36ce,1a3a8d1d-950a-441c-a128-58d9d18de7bc,arithmetic,8,10,0.8,53,1,high,1776917256.0,1776917309.0,2026-04-23 04:08:29.36+00,2026-04-23 04:08:29.803612+00,7,8,8,hard,Percentage,30,,False,2,2,1,0,7,25.0,25.0,1776917281.0,1776917281.0,ESTIMATE_ONLY_inter_question_gaps_unknown
3ea8ce59-a737-4669-b3e0-107c040b36ce,1a3a8d1d-950a-441c-a128-58d9d18de7bc,arithmetic,8,10,0.8,53,1,high,1776917256.0,1776917309.0,2026-04-23 04:08:29.36+00,2026-04-23 04:08:29.803612+00,8,9,9,hard,Multiplication,30,,False,1,0,0,0,14,32.0,32.0,1776917288.0,1776917288.0,ESTIMATE_ONLY_inter_question_gaps_unknown
3ea8ce59-a737-4669-b3e0-107c040b36ce,1a3a8d1d-950a-441c-a128-58d9d18de7bc,arithmetic,8,10,0.8,53,1,high,1776917256.0,1776917309.0,2026-04-23 04:08:29.36+00,2026-04-23 04:08:29.803612+00,9,10,10,hard,Multi-step,30,,False,1,1,1,0,14,46.0,46.0,1776917302.0,1776917302.0,ESTIMATE_ONLY_inter_question_gaps_unknown
3f4c0e06-b2e1-4e94-a2c0-47fdc9d5d45c,d103eb77-fd3d-4b89-83f1-4f34ec8d6123,attention,8,10,0.8,101,1,high,1776415997.0,1776416098.0,2026-04-17 08:54:58.724+00,2026-04-17 08:54:59.985714+00,0,1,1,easy,Oddball Detection,8,5,False,2,2,1,0,4,0.0,5.0,1776415997.0,1776416002.0,ESTIMATE_ONLY_inter_question_gaps_unknown
3f4c0e06-b2e1-4e94-a2c0-47fdc9d5d45c,d103eb77-fd3d-4b89-83f1-4f34ec8d6123,attention,8,10,0.8,101,1,high,1776415997.0,1776416098.0,2026-04-17 08:54:58.724+00,2026-04-17 08:54:59.985714+00,1,2,2,easy,Count Target,8,5,False,0,0,1,0,3,9.0,14.0,1776416006.0,1776416011.0,ESTIMATE_ONLY_inter_question_gaps_unknown
3f4c0e06-b2e1-4e94-a2c0-47fdc9d5d45c,d103eb77-fd3d-4b89-83f1-4f34ec8d6123,attention,8,10,0.8,101,1,high,1776415997.0,1776416098.0,2026-04-17 08:54:58.724+00,2026-04-17 08:54:59.985714+00,2,3,3,easy,Pattern Break,8,5,False,2,2,1,0,5,17.0,22.0,1776416014.0,1776416019.0,ESTIMATE_ONLY_inter_question_gaps_unknown
3f4c0e06-b2e1-4e94-a2c0-47fdc9d5d45c,d103eb77-fd3d-4b89-83f1-4f34ec8d6123,attention,8,10,0.8,101,1,high,1776415997.0,1776416098.0,2026-04-17 08:54:58.724+00,2026-04-17 08:54:59.985714+00,3,4,4,easy,Position Detect,8,5,False,1,1,1,0,5,27.0,32.0,1776416024.0,1776416029.0,ESTIMATE_ONLY_inter_question_gaps_unknown
3f4c0e06-b2e1-4e94-a2c0-47fdc9d5d45c,d103eb77-fd3d-4b89-83f1-4f34ec8d6123,attention,8,10,0.8,101,1,high,1776415997.0,1776416098.0,2026-04-17 08:54:58.724+00,2026-04-17 08:54:59.985714+00,4,5,5,medium,Rule Violation,10,6,False,2,2,1,0,3,37.0,43.0,1776416034.0,1776416040.0,ESTIMATE_ONLY_inter_question_gaps_unknown
3f4c0e06-b2e1-4e94-a2c0-47fdc9d5d45c,d103eb77-fd3d-4b89-83f1-4f34ec8d6123,attention,8,10,0.8,101,1,high,1776415997.0,1776416098.0,2026-04-17 08:54:58.724+00,2026-04-17 08:54:59.985714+00,5,6,6,medium,Count Target,10,6,False,2,0,0,0,8,46.0,52.0,1776416043.0,1776416049.0,ESTIMATE_ONLY_inter_question_gaps_unknown
3f4c0e06-b2e1-4e94-a2c0-47fdc9d5d45c,d103eb77-fd3d-4b89-83f1-4f34ec8d6123,attention,8,10,0.8,101,1,high,1776415997.0,1776416098.0,2026-04-17 08:54:58.724+00,2026-04-17 08:54:59.985714+00,6,7,7,medium,Count Target,10,6,False,2,2,1,0,6,60.0,66.0,1776416057.0,1776416063.0,ESTIMATE_ONLY_inter_question_gaps_unknown
3f4c0e06-b2e1-4e94-a2c0-47fdc9d5d45c,d103eb77-fd3d-4b89-83f1-4f34ec8d6123,attention,8,10,0.8,101,1,high,1776415997.0,1776416098.0,2026-04-17 08:54:58.724+00,2026-04-17 08:54:59.985714+00,7,8,8,hard,Count Target,12,7,False,1,2,0,0,5,72.0,79.0,1776416069.0,1776416076.0,ESTIMATE_ONLY_inter_question_gaps_unknown
3f4c0e06-b2e1-4e94-a2c0-47fdc9d5d45c,d103eb77-fd3d-4b89-83f1-4f34ec8d6123,attention,8,10,0.8,101,1,high,1776415997.0,1776416098.0,2026-04-17 08:54:58.724+00,2026-04-17 08:54:59.985714+00,8,9,9,hard,Rule Violation,12,7,False,2,2,1,0,7,84.0,91.0,1776416081.0,1776416088.0,ESTIMATE_ONLY_inter_question_gaps_unknown
3f4c0e06-b2e1-4e94-a2c0-47fdc9d5d45c,d103eb77-fd3d-4b89-83f1-4f34ec8d6123,attention,8,10,0.8,101,1,high,1776415997.0,1776416098.0,2026-04-17 08:54:58.724+00,2026-04-17 08:54:59.985714+00,9,10,10,hard,Pattern Break,12,7,False,2,2,1,0,3,98.0,105.0,1776416095.0,1776416102.0,ESTIMATE_ONLY_inter_question_gaps_unknown
3f9ae9d6-da10-42a8-83b9-0407c0cc0cb0,4cfb4306-1fd2-4cac-b1a4-e605da568d7e,memory,13,20,0.65,190,1,high,1771582099.0,1771582289.0,2026-02-20 10:11:29.564+00,2026-02-20 10:11:31.863457+00,0,1,1,easy,Digit Recall,10,5,False,0,0,1,0,2,0.0,5.0,1771582099.0,1771582104.0,ESTIMATE_ONLY_inter_question_gaps_unknown
3f9ae9d6-da10-42a8-83b9-0407c0cc0cb0,4cfb4306-1fd2-4cac-b1a4-e605da568d7e,memory,13,20,0.65,190,1,high,1771582099.0,1771582289.0,2026-02-20 10:11:29.564+00,2026-02-20 10:11:31.863457+00,1,2,2,easy,Word Recall,10,5,False,2,2,1,0,2,7.0,12.0,1771582106.0,1771582111.0,ESTIMATE_ONLY_inter_question_gaps_unknown
3f9ae9d6-da10-42a8-83b9-0407c0cc0cb0,4cfb4306-1fd2-4cac-b1a4-e605da568d7e,memory,13,20,0.65,190,1,high,1771582099.0,1771582289.0,2026-02-20 10:11:29.564+00,2026-02-20 10:11:31.863457+00,2,3,3,easy,Digit Recall,10,5,False,1,1,1,0,2,14.0,19.0,1771582113.0,1771582118.0,ESTIMATE_ONLY_inter_question_gaps_unknown
3f9ae9d6-da10-42a8-83b9-0407c0cc0cb0,4cfb4306-1fd2-4cac-b1a4-e605da568d7e,memory,13,20,0.65,190,1,high,1771582099.0,1771582289.0,2026-02-20 10:11:29.564+00,2026-02-20 10:11:31.863457+00,3,4,4,easy,Word Recall,10,5,False,0,0,1,0,2,21.0,26.0,1771582120.0,1771582125.0,ESTIMATE_ONLY_inter_question_gaps_unknown
3f9ae9d6-da10-42a8-83b9-0407c0cc0cb0,4cfb4306-1fd2-4cac-b1a4-e605da568d7e,memory,13,20,0.65,190,1,high,1771582099.0,1771582289.0,2026-02-20 10:11:29.564+00,2026-02-20 10:11:31.863457+00,4,5,5,medium,Digit Recall,12,6,False,2,2,1,0,5,28.0,34.0,1771582127.0,1771582133.0,ESTIMATE_ONLY_inter_question_gaps_unknown
3f9ae9d6-da10-42a8-83b9-0407c0cc0cb0,4cfb4306-1fd2-4cac-b1a4-e605da568d7e,memory,13,20,0.65,190,1,high,1771582099.0,1771582289.0,2026-02-20 10:11:29.564+00,2026-02-20 10:11:31.863457+00,5,6,6,medium,Position Recall,12,6,False,1,1,1,0,2,39.0,45.0,1771582138.0,1771582144.0,ESTIMATE_ONLY_inter_question_gaps_unknown
3f9ae9d6-da10-42a8-83b9-0407c0cc0cb0,4cfb4306-1fd2-4cac-b1a4-e605da568d7e,memory,13,20,0.65,190,1,high,1771582099.0,1771582289.0,2026-02-20 10:11:29.564+00,2026-02-20 10:11:31.863457+00,6,7,7,medium,Position Recall,12,6,False,2,2,1,0,3,47.0,53.0,1771582146.0,1771582152.0,ESTIMATE_ONLY_inter_question_gaps_unknown
3f9ae9d6-da10-42a8-83b9-0407c0cc0cb0,4cfb4306-1fd2-4cac-b1a4-e605da568d7e,memory,13,20,0.65,190,1,high,1771582099.0,1771582289.0,2026-02-20 10:11:29.564+00,2026-02-20 10:11:31.863457+00,7,8,8,hard,Sequence Recall,15,7,False,0,0,1,0,2,56.0,63.0,1771582155.0,1771582162.0,ESTIMATE_ONLY_inter_question_gaps_unknown
3f9ae9d6-da10-42a8-83b9-0407c0cc0cb0,4cfb4306-1fd2-4cac-b1a4-e605da568d7e,memory,13,20,0.65,190,1,high,1771582099.0,1771582289.0,2026-02-20 10:11:29.564+00,2026-02-20 10:11:31.863457+00,8,9,9,hard,Position Recall,15,7,False,2,2,1,0,2,65.0,72.0,1771582164.0,1771582171.0,ESTIMATE_ONLY_inter_question_gaps_unknown
3f9ae9d6-da10-42a8-83b9-0407c0cc0cb0,4cfb4306-1fd2-4cac-b1a4-e605da568d7e,memory,13,20,0.65,190,1,high,1771582099.0,1771582289.0,2026-02-20 10:11:29.564+00,2026-02-20 10:11:31.863457+00,9,10,10,hard,Digit Analysis,15,7,False,2,1,0,0,7,74.0,81.0,1771582173.0,1771582180.0,ESTIMATE_ONLY_inter_question_gaps_unknown
3f9ae9d6-da10-42a8-83b9-0407c0cc0cb0,4cfb4306-1fd2-4cac-b1a4-e605da568d7e,memory,13,20,0.65,190,1,high,1771582099.0,1771582289.0,2026-02-20 10:11:29.564+00,2026-02-20 10:11:31.863457+00,10,11,11,unknown,unknown,,,False,1,0,0,0,2,88.0,88.0,1771582187.0,1771582187.0,ESTIMATE_ONLY_inter_question_gaps_unknown
3f9ae9d6-da10-42a8-83b9-0407c0cc0cb0,4cfb4306-1fd2-4cac-b1a4-e605da568d7e,memory,13,20,0.65,190,1,high,1771582099.0,1771582289.0,2026-02-20 10:11:29.564+00,2026-02-20 10:11:31.863457+00,11,12,12,unknown,unknown,,,False,2,2,1,0,9,90.0,90.0,1771582189.0,1771582189.0,ESTIMATE_ONLY_inter_question_gaps_unknown
3f9ae9d6-da10-42a8-83b9-0407c0cc0cb0,4cfb4306-1fd2-4cac-b1a4-e605da568d7e,memory,13,20,0.65,190,1,high,1771582099.0,1771582289.0,2026-02-20 10:11:29.564+00,2026-02-20 10:11:31.863457+00,12,13,13,unknown,unknown,,,False,0,1,0,0,5,99.0,99.0,1771582198.0,1771582198.0,ESTIMATE_ONLY_inter_question_gaps_unknown
3f9ae9d6-da10-42a8-83b9-0407c0cc0cb0,4cfb4306-1fd2-4cac-b1a4-e605da568d7e,memory,13,20,0.65,190,1,high,1771582099.0,1771582289.0,2026-02-20 10:11:29.564+00,2026-02-20 10:11:31.863457+00,13,14,14,unknown,unknown,,,False,1,2,0,0,7,104.0,104.0,1771582203.0,1771582203.0,ESTIMATE_ONLY_inter_question_gaps_unknown
3f9ae9d6-da10-42a8-83b9-0407c0cc0cb0,4cfb4306-1fd2-4cac-b1a4-e605da568d7e,memory,13,20,0.65,190,1,high,1771582099.0,1771582289.0,2026-02-20 10:11:29.564+00,2026-02-20 10:11:31.863457+00,14,15,15,unknown,unknown,,,False,0,0,1,0,5,111.0,111.0,1771582210.0,1771582210.0,ESTIMATE_ONLY_inter_question_gaps_unknown
3f9ae9d6-da10-42a8-83b9-0407c0cc0cb0,4cfb4306-1fd2-4cac-b1a4-e605da568d7e,memory,13,20,0.65,190,1,high,1771582099.0,1771582289.0,2026-02-20 10:11:29.564+00,2026-02-20 10:11:31.863457+00,15,16,16,unknown,unknown,,,False,2,2,1,0,10,116.0,116.0,1771582215.0,1771582215.0,ESTIMATE_ONLY_inter_question_gaps_unknown
3f9ae9d6-da10-42a8-83b9-0407c0cc0cb0,4cfb4306-1fd2-4cac-b1a4-e605da568d7e,memory,13,20,0.65,190,1,high,1771582099.0,1771582289.0,2026-02-20 10:11:29.564+00,2026-02-20 10:11:31.863457+00,16,17,17,unknown,unknown,,,False,1,1,1,0,4,126.0,126.0,1771582225.0,1771582225.0,ESTIMATE_ONLY_inter_question_gaps_unknown
3f9ae9d6-da10-42a8-83b9-0407c0cc0cb0,4cfb4306-1fd2-4cac-b1a4-e605da568d7e,memory,13,20,0.65,190,1,high,1771582099.0,1771582289.0,2026-02-20 10:11:29.564+00,2026-02-20 10:11:31.863457+00,17,18,18,unknown,unknown,,,False,2,0,0,0,5,130.0,130.0,1771582229.0,1771582229.0,ESTIMATE_ONLY_inter_question_gaps_unknown
3f9ae9d6-da10-42a8-83b9-0407c0cc0cb0,4cfb4306-1fd2-4cac-b1a4-e605da568d7e,memory,13,20,0.65,190,1,high,1771582099.0,1771582289.0,2026-02-20 10:11:29.564+00,2026-02-20 10:11:31.863457+00,18,19,19,unknown,unknown,,,False,0,2,0,0,2,135.0,135.0,1771582234.0,1771582234.0,ESTIMATE_ONLY_inter_question_gaps_unknown
3f9ae9d6-da10-42a8-83b9-0407c0cc0cb0,4cfb4306-1fd2-4cac-b1a4-e605da568d7e,memory,13,20,0.65,190,1,high,1771582099.0,1771582289.0,2026-02-20 10:11:29.564+00,2026-02-20 10:11:31.863457+00,19,20,20,unknown,unknown,,,False,1,2,0,0,5,137.0,137.0,1771582236.0,1771582236.0,ESTIMATE_ONLY_inter_question_gaps_unknown
402f175d-135e-4e67-9c0d-ed210d86a523,cbdba92c-9740-49a5-8627-91d15f9db8f9,attention,6,10,0.6,108,0,mid,1776065030.0,1776065138.0,2026-04-13 07:25:38.184+00,2026-04-13 07:25:38.546327+00,0,1,1,easy,Oddball Detection,8,5,False,1,2,0,0,6,0.0,5.0,1776065030.0,1776065035.0,ESTIMATE_ONLY_inter_question_gaps_unknown
402f175d-135e-4e67-9c0d-ed210d86a523,cbdba92c-9740-49a5-8627-91d15f9db8f9,attention,6,10,0.6,108,0,mid,1776065030.0,1776065138.0,2026-04-13 07:25:38.184+00,2026-04-13 07:25:38.546327+00,1,2,2,easy,Count Target,8,5,False,1,0,0,0,4,11.0,16.0,1776065041.0,1776065046.0,ESTIMATE_ONLY_inter_question_gaps_unknown
402f175d-135e-4e67-9c0d-ed210d86a523,cbdba92c-9740-49a5-8627-91d15f9db8f9,attention,6,10,0.6,108,0,mid,1776065030.0,1776065138.0,2026-04-13 07:25:38.184+00,2026-04-13 07:25:38.546327+00,2,3,3,easy,Pattern Break,8,5,False,2,2,1,0,4,20.0,25.0,1776065050.0,1776065055.0,ESTIMATE_ONLY_inter_question_gaps_unknown
402f175d-135e-4e67-9c0d-ed210d86a523,cbdba92c-9740-49a5-8627-91d15f9db8f9,attention,6,10,0.6,108,0,mid,1776065030.0,1776065138.0,2026-04-13 07:25:38.184+00,2026-04-13 07:25:38.546327+00,3,4,4,easy,Position Detect,8,5,False,1,1,1,0,5,29.0,34.0,1776065059.0,1776065064.0,ESTIMATE_ONLY_inter_question_gaps_unknown
402f175d-135e-4e67-9c0d-ed210d86a523,cbdba92c-9740-49a5-8627-91d15f9db8f9,attention,6,10,0.6,108,0,mid,1776065030.0,1776065138.0,2026-04-13 07:25:38.184+00,2026-04-13 07:25:38.546327+00,4,5,5,medium,Rule Violation,10,6,False,,2,0,1,10,39.0,45.0,1776065069.0,1776065075.0,ESTIMATE_ONLY_inter_question_gaps_unknown
402f175d-135e-4e67-9c0d-ed210d86a523,cbdba92c-9740-49a5-8627-91d15f9db8f9,attention,6,10,0.6,108,0,mid,1776065030.0,1776065138.0,2026-04-13 07:25:38.184+00,2026-04-13 07:25:38.546327+00,5,6,6,medium,Count Target,10,6,False,0,0,1,0,8,55.0,61.0,1776065085.0,1776065091.0,ESTIMATE_ONLY_inter_question_gaps_unknown
402f175d-135e-4e67-9c0d-ed210d86a523,cbdba92c-9740-49a5-8627-91d15f9db8f9,attention,6,10,0.6,108,0,mid,1776065030.0,1776065138.0,2026-04-13 07:25:38.184+00,2026-04-13 07:25:38.546327+00,6,7,7,medium,Count Target,10,6,False,2,2,1,0,5,69.0,75.0,1776065099.0,1776065105.0,ESTIMATE_ONLY_inter_question_gaps_unknown
402f175d-135e-4e67-9c0d-ed210d86a523,cbdba92c-9740-49a5-8627-91d15f9db8f9,attention,6,10,0.6,108,0,mid,1776065030.0,1776065138.0,2026-04-13 07:25:38.184+00,2026-04-13 07:25:38.546327+00,7,8,8,hard,Count Target,12,7,False,1,2,0,0,3,80.0,87.0,1776065110.0,1776065117.0,ESTIMATE_ONLY_inter_question_gaps_unknown
402f175d-135e-4e67-9c0d-ed210d86a523,cbdba92c-9740-49a5-8627-91d15f9db8f9,attention,6,10,0.6,108,0,mid,1776065030.0,1776065138.0,2026-04-13 07:25:38.184+00,2026-04-13 07:25:38.546327+00,8,9,9,hard,Rule Violation,12,7,False,2,2,1,0,5,90.0,97.0,1776065120.0,1776065127.0,ESTIMATE_ONLY_inter_question_gaps_unknown
402f175d-135e-4e67-9c0d-ed210d86a523,cbdba92c-9740-49a5-8627-91d15f9db8f9,attention,6,10,0.6,108,0,mid,1776065030.0,1776065138.0,2026-04-13 07:25:38.184+00,2026-04-13 07:25:38.546327+00,9,10,10,hard,Pattern Break,12,7,False,2,2,1,0,4,102.0,109.0,1776065132.0,1776065139.0,ESTIMATE_ONLY_inter_question_gaps_unknown
404ede79-9400-470f-80ec-2776b1c1cfea,fed10af2-13dd-4f5a-9910-0c156c024547,attention,9,10,0.9,91,1,high,1776941384.0,1776941475.0,2026-04-23 10:51:15.881+00,2026-04-23 10:51:15.61701+00,0,1,1,easy,Oddball Detection,8,5,False,2,2,1,0,2,0.0,5.0,1776941384.0,1776941389.0,ESTIMATE_ONLY_inter_question_gaps_unknown
404ede79-9400-470f-80ec-2776b1c1cfea,fed10af2-13dd-4f5a-9910-0c156c024547,attention,9,10,0.9,91,1,high,1776941384.0,1776941475.0,2026-04-23 10:51:15.881+00,2026-04-23 10:51:15.61701+00,1,2,2,easy,Count Target,8,5,False,0,0,1,0,3,7.0,12.0,1776941391.0,1776941396.0,ESTIMATE_ONLY_inter_question_gaps_unknown
404ede79-9400-470f-80ec-2776b1c1cfea,fed10af2-13dd-4f5a-9910-0c156c024547,attention,9,10,0.9,91,1,high,1776941384.0,1776941475.0,2026-04-23 10:51:15.881+00,2026-04-23 10:51:15.61701+00,2,3,3,easy,Pattern Break,8,5,False,2,2,1,0,2,15.0,20.0,1776941399.0,1776941404.0,ESTIMATE_ONLY_inter_question_gaps_unknown
404ede79-9400-470f-80ec-2776b1c1cfea,fed10af2-13dd-4f5a-9910-0c156c024547,attention,9,10,0.9,91,1,high,1776941384.0,1776941475.0,2026-04-23 10:51:15.881+00,2026-04-23 10:51:15.61701+00,3,4,4,easy,Position Detect,8,5,False,1,1,1,0,2,22.0,27.0,1776941406.0,1776941411.0,ESTIMATE_ONLY_inter_question_gaps_unknown
404ede79-9400-470f-80ec-2776b1c1cfea,fed10af2-13dd-4f5a-9910-0c156c024547,attention,9,10,0.9,91,1,high,1776941384.0,1776941475.0,2026-04-23 10:51:15.881+00,2026-04-23 10:51:15.61701+00,4,5,5,medium,Rule Violation,10,6,False,2,2,1,0,4,29.0,35.0,1776941413.0,1776941419.0,ESTIMATE_ONLY_inter_question_gaps_unknown
404ede79-9400-470f-80ec-2776b1c1cfea,fed10af2-13dd-4f5a-9910-0c156c024547,attention,9,10,0.9,91,1,high,1776941384.0,1776941475.0,2026-04-23 10:51:15.881+00,2026-04-23 10:51:15.61701+00,5,6,6,medium,Count Target,10,6,False,0,0,1,0,9,39.0,45.0,1776941423.0,1776941429.0,ESTIMATE_ONLY_inter_question_gaps_unknown
404ede79-9400-470f-80ec-2776b1c1cfea,fed10af2-13dd-4f5a-9910-0c156c024547,attention,9,10,0.9,91,1,high,1776941384.0,1776941475.0,2026-04-23 10:51:15.881+00,2026-04-23 10:51:15.61701+00,6,7,7,medium,Count Target,10,6,False,0,2,0,0,2,54.0,60.0,1776941438.0,1776941444.0,ESTIMATE_ONLY_inter_question_gaps_unknown
404ede79-9400-470f-80ec-2776b1c1cfea,fed10af2-13dd-4f5a-9910-0c156c024547,attention,9,10,0.9,91,1,high,1776941384.0,1776941475.0,2026-04-23 10:51:15.881+00,2026-04-23 10:51:15.61701+00,7,8,8,hard,Count Target,12,7,False,2,2,1,0,5,62.0,69.0,1776941446.0,1776941453.0,ESTIMATE_ONLY_inter_question_gaps_unknown
404ede79-9400-470f-80ec-2776b1c1cfea,fed10af2-13dd-4f5a-9910-0c156c024547,attention,9,10,0.9,91,1,high,1776941384.0,1776941475.0,2026-04-23 10:51:15.881+00,2026-04-23 10:51:15.61701+00,8,9,9,hard,Rule Violation,12,7,False,2,2,1,0,2,74.0,81.0,1776941458.0,1776941465.0,ESTIMATE_ONLY_inter_question_gaps_unknown
404ede79-9400-470f-80ec-2776b1c1cfea,fed10af2-13dd-4f5a-9910-0c156c024547,attention,9,10,0.9,91,1,high,1776941384.0,1776941475.0,2026-04-23 10:51:15.881+00,2026-04-23 10:51:15.61701+00,9,10,10,hard,Pattern Break,12,7,False,2,2,1,0,3,83.0,90.0,1776941467.0,1776941474.0,ESTIMATE_ONLY_inter_question_gaps_unknown
40fa09f9-d11e-4668-9513-b6831d3033cc,15f6773b-607d-4409-a94f-78d24eac8e34,arithmetic,7,10,0.7,67,1,mid,1776331500.0,1776331567.0,2026-04-16 09:26:07.66+00,2026-04-16 09:26:15.162461+00,0,1,1,easy,Addition,15,,False,0,0,1,0,4,0.0,0.0,1776331500.0,1776331500.0,ESTIMATE_ONLY_inter_question_gaps_unknown
40fa09f9-d11e-4668-9513-b6831d3033cc,15f6773b-607d-4409-a94f-78d24eac8e34,arithmetic,7,10,0.7,67,1,mid,1776331500.0,1776331567.0,2026-04-16 09:26:07.66+00,2026-04-16 09:26:15.162461+00,1,2,2,easy,Division,15,,False,2,2,1,0,5,4.0,4.0,1776331504.0,1776331504.0,ESTIMATE_ONLY_inter_question_gaps_unknown
40fa09f9-d11e-4668-9513-b6831d3033cc,15f6773b-607d-4409-a94f-78d24eac8e34,arithmetic,7,10,0.7,67,1,mid,1776331500.0,1776331567.0,2026-04-16 09:26:07.66+00,2026-04-16 09:26:15.162461+00,2,3,3,easy,Addition,15,,False,0,0,1,0,7,9.0,9.0,1776331509.0,1776331509.0,ESTIMATE_ONLY_inter_question_gaps_unknown
40fa09f9-d11e-4668-9513-b6831d3033cc,15f6773b-607d-4409-a94f-78d24eac8e34,arithmetic,7,10,0.7,67,1,mid,1776331500.0,1776331567.0,2026-04-16 09:26:07.66+00,2026-04-16 09:26:15.162461+00,3,4,4,easy,Subtraction,15,,False,0,0,1,0,4,16.0,16.0,1776331516.0,1776331516.0,ESTIMATE_ONLY_inter_question_gaps_unknown
40fa09f9-d11e-4668-9513-b6831d3033cc,15f6773b-607d-4409-a94f-78d24eac8e34,arithmetic,7,10,0.7,67,1,mid,1776331500.0,1776331567.0,2026-04-16 09:26:07.66+00,2026-04-16 09:26:15.162461+00,4,5,5,medium,Addition,20,,False,0,2,0,0,8,20.0,20.0,1776331520.0,1776331520.0,ESTIMATE_ONLY_inter_question_gaps_unknown
40fa09f9-d11e-4668-9513-b6831d3033cc,15f6773b-607d-4409-a94f-78d24eac8e34,arithmetic,7,10,0.7,67,1,mid,1776331500.0,1776331567.0,2026-04-16 09:26:07.66+00,2026-04-16 09:26:15.162461+00,5,6,6,medium,Multiplication,20,,False,0,0,1,0,9,28.0,28.0,1776331528.0,1776331528.0,ESTIMATE_ONLY_inter_question_gaps_unknown
40fa09f9-d11e-4668-9513-b6831d3033cc,15f6773b-607d-4409-a94f-78d24eac8e34,arithmetic,7,10,0.7,67,1,mid,1776331500.0,1776331567.0,2026-04-16 09:26:07.66+00,2026-04-16 09:26:15.162461+00,6,7,7,medium,Division,20,,False,1,1,1,0,5,37.0,37.0,1776331537.0,1776331537.0,ESTIMATE_ONLY_inter_question_gaps_unknown
40fa09f9-d11e-4668-9513-b6831d3033cc,15f6773b-607d-4409-a94f-78d24eac8e34,arithmetic,7,10,0.7,67,1,mid,1776331500.0,1776331567.0,2026-04-16 09:26:07.66+00,2026-04-16 09:26:15.162461+00,7,8,8,hard,Percentage,30,,False,2,2,1,0,4,42.0,42.0,1776331542.0,1776331542.0,ESTIMATE_ONLY_inter_question_gaps_unknown
40fa09f9-d11e-4668-9513-b6831d3033cc,15f6773b-607d-4409-a94f-78d24eac8e34,arithmetic,7,10,0.7,67,1,mid,1776331500.0,1776331567.0,2026-04-16 09:26:07.66+00,2026-04-16 09:26:15.162461+00,8,9,9,hard,Multiplication,30,,False,2,0,0,0,6,46.0,46.0,1776331546.0,1776331546.0,ESTIMATE_ONLY_inter_question_gaps_unknown
40fa09f9-d11e-4668-9513-b6831d3033cc,15f6773b-607d-4409-a94f-78d24eac8e34,arithmetic,7,10,0.7,67,1,mid,1776331500.0,1776331567.0,2026-04-16 09:26:07.66+00,2026-04-16 09:26:15.162461+00,9,10,10,hard,Multi-step,30,,False,2,1,0,0,19,52.0,52.0,1776331552.0,1776331552.0,ESTIMATE_ONLY_inter_question_gaps_unknown
4116d559-c89c-4700-a8e6-e0b2b0810165,50e80c06-aaf0-4193-90cb-eb43ae74b701,memory,6,10,0.6,97,0,mid,1776834483.0,1776834580.0,2026-04-22 05:09:40.735+00,2026-04-22 05:09:42.457998+00,0,1,1,easy,Digit Recall,10,5,False,0,0,1,0,4,0.0,5.0,1776834483.0,1776834488.0,ESTIMATE_ONLY_inter_question_gaps_unknown
4116d559-c89c-4700-a8e6-e0b2b0810165,50e80c06-aaf0-4193-90cb-eb43ae74b701,memory,6,10,0.6,97,0,mid,1776834483.0,1776834580.0,2026-04-22 05:09:40.735+00,2026-04-22 05:09:42.457998+00,1,2,2,easy,Word Recall,10,5,False,2,2,1,0,5,9.0,14.0,1776834492.0,1776834497.0,ESTIMATE_ONLY_inter_question_gaps_unknown
4116d559-c89c-4700-a8e6-e0b2b0810165,50e80c06-aaf0-4193-90cb-eb43ae74b701,memory,6,10,0.6,97,0,mid,1776834483.0,1776834580.0,2026-04-22 05:09:40.735+00,2026-04-22 05:09:42.457998+00,2,3,3,easy,Digit Recall,10,5,False,1,1,1,0,3,19.0,24.0,1776834502.0,1776834507.0,ESTIMATE_ONLY_inter_question_gaps_unknown
4116d559-c89c-4700-a8e6-e0b2b0810165,50e80c06-aaf0-4193-90cb-eb43ae74b701,memory,6,10,0.6,97,0,mid,1776834483.0,1776834580.0,2026-04-22 05:09:40.735+00,2026-04-22 05:09:42.457998+00,3,4,4,easy,Word Recall,10,5,False,0,0,1,0,3,27.0,32.0,1776834510.0,1776834515.0,ESTIMATE_ONLY_inter_question_gaps_unknown
4116d559-c89c-4700-a8e6-e0b2b0810165,50e80c06-aaf0-4193-90cb-eb43ae74b701,memory,6,10,0.6,97,0,mid,1776834483.0,1776834580.0,2026-04-22 05:09:40.735+00,2026-04-22 05:09:42.457998+00,4,5,5,medium,Digit Recall,12,6,False,0,0,1,0,2,35.0,41.0,1776834518.0,1776834524.0,ESTIMATE_ONLY_inter_question_gaps_unknown
4116d559-c89c-4700-a8e6-e0b2b0810165,50e80c06-aaf0-4193-90cb-eb43ae74b701,memory,6,10,0.6,97,0,mid,1776834483.0,1776834580.0,2026-04-22 05:09:40.735+00,2026-04-22 05:09:42.457998+00,5,6,6,medium,Position Recall,12,6,False,0,1,0,0,8,43.0,49.0,1776834526.0,1776834532.0,ESTIMATE_ONLY_inter_question_gaps_unknown
4116d559-c89c-4700-a8e6-e0b2b0810165,50e80c06-aaf0-4193-90cb-eb43ae74b701,memory,6,10,0.6,97,0,mid,1776834483.0,1776834580.0,2026-04-22 05:09:40.735+00,2026-04-22 05:09:42.457998+00,6,7,7,medium,Position Recall,12,6,False,0,2,0,0,2,57.0,63.0,1776834540.0,1776834546.0,ESTIMATE_ONLY_inter_question_gaps_unknown
4116d559-c89c-4700-a8e6-e0b2b0810165,50e80c06-aaf0-4193-90cb-eb43ae74b701,memory,6,10,0.6,97,0,mid,1776834483.0,1776834580.0,2026-04-22 05:09:40.735+00,2026-04-22 05:09:42.457998+00,7,8,8,hard,Sequence Recall,15,7,False,2,0,0,0,8,65.0,72.0,1776834548.0,1776834555.0,ESTIMATE_ONLY_inter_question_gaps_unknown
4116d559-c89c-4700-a8e6-e0b2b0810165,50e80c06-aaf0-4193-90cb-eb43ae74b701,memory,6,10,0.6,97,0,mid,1776834483.0,1776834580.0,2026-04-22 05:09:40.735+00,2026-04-22 05:09:42.457998+00,8,9,9,hard,Position Recall,15,7,False,1,1,1,0,3,80.0,87.0,1776834563.0,1776834570.0,ESTIMATE_ONLY_inter_question_gaps_unknown
4116d559-c89c-4700-a8e6-e0b2b0810165,50e80c06-aaf0-4193-90cb-eb43ae74b701,memory,6,10,0.6,97,0,mid,1776834483.0,1776834580.0,2026-04-22 05:09:40.735+00,2026-04-22 05:09:42.457998+00,9,10,10,hard,Digit Analysis,15,7,False,1,2,0,0,4,90.0,97.0,1776834573.0,1776834580.0,ESTIMATE_ONLY_inter_question_gaps_unknown
41caa39c-412f-405b-9bd5-602e1ca2557a,d103eb77-fd3d-4b89-83f1-4f34ec8d6123,arithmetic,7,10,0.7,81,1,mid,1776415481.0,1776415562.0,2026-04-17 08:46:02.365+00,2026-04-17 08:46:03.958542+00,0,1,1,easy,Addition,15,,False,2,0,0,0,6,0.0,0.0,1776415481.0,1776415481.0,ESTIMATE_ONLY_inter_question_gaps_unknown
41caa39c-412f-405b-9bd5-602e1ca2557a,d103eb77-fd3d-4b89-83f1-4f34ec8d6123,arithmetic,7,10,0.7,81,1,mid,1776415481.0,1776415562.0,2026-04-17 08:46:02.365+00,2026-04-17 08:46:03.958542+00,1,2,2,easy,Division,15,,False,2,2,1,0,3,6.0,6.0,1776415487.0,1776415487.0,ESTIMATE_ONLY_inter_question_gaps_unknown
41caa39c-412f-405b-9bd5-602e1ca2557a,d103eb77-fd3d-4b89-83f1-4f34ec8d6123,arithmetic,7,10,0.7,81,1,mid,1776415481.0,1776415562.0,2026-04-17 08:46:02.365+00,2026-04-17 08:46:03.958542+00,2,3,3,easy,Addition,15,,False,0,0,1,0,10,9.0,9.0,1776415490.0,1776415490.0,ESTIMATE_ONLY_inter_question_gaps_unknown
41caa39c-412f-405b-9bd5-602e1ca2557a,d103eb77-fd3d-4b89-83f1-4f34ec8d6123,arithmetic,7,10,0.7,81,1,mid,1776415481.0,1776415562.0,2026-04-17 08:46:02.365+00,2026-04-17 08:46:03.958542+00,3,4,4,easy,Subtraction,15,,False,0,0,1,0,8,19.0,19.0,1776415500.0,1776415500.0,ESTIMATE_ONLY_inter_question_gaps_unknown
41caa39c-412f-405b-9bd5-602e1ca2557a,d103eb77-fd3d-4b89-83f1-4f34ec8d6123,arithmetic,7,10,0.7,81,1,mid,1776415481.0,1776415562.0,2026-04-17 08:46:02.365+00,2026-04-17 08:46:03.958542+00,4,5,5,medium,Addition,20,,False,2,2,1,0,14,27.0,27.0,1776415508.0,1776415508.0,ESTIMATE_ONLY_inter_question_gaps_unknown
41caa39c-412f-405b-9bd5-602e1ca2557a,d103eb77-fd3d-4b89-83f1-4f34ec8d6123,arithmetic,7,10,0.7,81,1,mid,1776415481.0,1776415562.0,2026-04-17 08:46:02.365+00,2026-04-17 08:46:03.958542+00,5,6,6,medium,Multiplication,20,,False,1,0,0,0,12,41.0,41.0,1776415522.0,1776415522.0,ESTIMATE_ONLY_inter_question_gaps_unknown
41caa39c-412f-405b-9bd5-602e1ca2557a,d103eb77-fd3d-4b89-83f1-4f34ec8d6123,arithmetic,7,10,0.7,81,1,mid,1776415481.0,1776415562.0,2026-04-17 08:46:02.365+00,2026-04-17 08:46:03.958542+00,6,7,7,medium,Division,20,,False,1,1,1,0,5,53.0,53.0,1776415534.0,1776415534.0,ESTIMATE_ONLY_inter_question_gaps_unknown
41caa39c-412f-405b-9bd5-602e1ca2557a,d103eb77-fd3d-4b89-83f1-4f34ec8d6123,arithmetic,7,10,0.7,81,1,mid,1776415481.0,1776415562.0,2026-04-17 08:46:02.365+00,2026-04-17 08:46:03.958542+00,7,8,8,hard,Percentage,30,,False,1,2,0,0,6,58.0,58.0,1776415539.0,1776415539.0,ESTIMATE_ONLY_inter_question_gaps_unknown
41caa39c-412f-405b-9bd5-602e1ca2557a,d103eb77-fd3d-4b89-83f1-4f34ec8d6123,arithmetic,7,10,0.7,81,1,mid,1776415481.0,1776415562.0,2026-04-17 08:46:02.365+00,2026-04-17 08:46:03.958542+00,8,9,9,hard,Multiplication,30,,False,0,0,1,0,8,64.0,64.0,1776415545.0,1776415545.0,ESTIMATE_ONLY_inter_question_gaps_unknown
41caa39c-412f-405b-9bd5-602e1ca2557a,d103eb77-fd3d-4b89-83f1-4f34ec8d6123,arithmetic,7,10,0.7,81,1,mid,1776415481.0,1776415562.0,2026-04-17 08:46:02.365+00,2026-04-17 08:46:03.958542+00,9,10,10,hard,Multi-step,30,,False,1,1,1,0,16,72.0,72.0,1776415553.0,1776415553.0,ESTIMATE_ONLY_inter_question_gaps_unknown
4663d7b6-ac89-4877-96d0-00fa9c6b45f6,182b236c-a543-4d7f-b121-473dc33918f2,attention,6,10,0.6,94,0,mid,1777372594.0,1777372688.0,2026-04-28 10:38:08.654+00,2026-04-28 10:38:09.062353+00,0,1,1,easy,Oddball Detection,8,5,False,2,2,1,0,3,0.0,5.0,1777372594.0,1777372599.0,ESTIMATE_ONLY_inter_question_gaps_unknown
4663d7b6-ac89-4877-96d0-00fa9c6b45f6,182b236c-a543-4d7f-b121-473dc33918f2,attention,6,10,0.6,94,0,mid,1777372594.0,1777372688.0,2026-04-28 10:38:08.654+00,2026-04-28 10:38:09.062353+00,1,2,2,easy,Count Target,8,5,False,0,0,1,0,2,8.0,13.0,1777372602.0,1777372607.0,ESTIMATE_ONLY_inter_question_gaps_unknown
4663d7b6-ac89-4877-96d0-00fa9c6b45f6,182b236c-a543-4d7f-b121-473dc33918f2,attention,6,10,0.6,94,0,mid,1777372594.0,1777372688.0,2026-04-28 10:38:08.654+00,2026-04-28 10:38:09.062353+00,2,3,3,easy,Pattern Break,8,5,False,0,2,0,0,3,15.0,20.0,1777372609.0,1777372614.0,ESTIMATE_ONLY_inter_question_gaps_unknown
4663d7b6-ac89-4877-96d0-00fa9c6b45f6,182b236c-a543-4d7f-b121-473dc33918f2,attention,6,10,0.6,94,0,mid,1777372594.0,1777372688.0,2026-04-28 10:38:08.654+00,2026-04-28 10:38:09.062353+00,3,4,4,easy,Position Detect,8,5,False,1,1,1,0,3,23.0,28.0,1777372617.0,1777372622.0,ESTIMATE_ONLY_inter_question_gaps_unknown
4663d7b6-ac89-4877-96d0-00fa9c6b45f6,182b236c-a543-4d7f-b121-473dc33918f2,attention,6,10,0.6,94,0,mid,1777372594.0,1777372688.0,2026-04-28 10:38:08.654+00,2026-04-28 10:38:09.062353+00,4,5,5,medium,Rule Violation,10,6,False,2,2,1,0,4,31.0,37.0,1777372625.0,1777372631.0,ESTIMATE_ONLY_inter_question_gaps_unknown
4663d7b6-ac89-4877-96d0-00fa9c6b45f6,182b236c-a543-4d7f-b121-473dc33918f2,attention,6,10,0.6,94,0,mid,1777372594.0,1777372688.0,2026-04-28 10:38:08.654+00,2026-04-28 10:38:09.062353+00,5,6,6,medium,Count Target,10,6,False,2,0,0,0,6,41.0,47.0,1777372635.0,1777372641.0,ESTIMATE_ONLY_inter_question_gaps_unknown
4663d7b6-ac89-4877-96d0-00fa9c6b45f6,182b236c-a543-4d7f-b121-473dc33918f2,attention,6,10,0.6,94,0,mid,1777372594.0,1777372688.0,2026-04-28 10:38:08.654+00,2026-04-28 10:38:09.062353+00,6,7,7,medium,Count Target,10,6,False,1,2,0,0,6,53.0,59.0,1777372647.0,1777372653.0,ESTIMATE_ONLY_inter_question_gaps_unknown
4663d7b6-ac89-4877-96d0-00fa9c6b45f6,182b236c-a543-4d7f-b121-473dc33918f2,attention,6,10,0.6,94,0,mid,1777372594.0,1777372688.0,2026-04-28 10:38:08.654+00,2026-04-28 10:38:09.062353+00,7,8,8,hard,Count Target,12,7,False,1,2,0,0,2,65.0,72.0,1777372659.0,1777372666.0,ESTIMATE_ONLY_inter_question_gaps_unknown
4663d7b6-ac89-4877-96d0-00fa9c6b45f6,182b236c-a543-4d7f-b121-473dc33918f2,attention,6,10,0.6,94,0,mid,1777372594.0,1777372688.0,2026-04-28 10:38:08.654+00,2026-04-28 10:38:09.062353+00,8,9,9,hard,Rule Violation,12,7,False,2,2,1,0,5,74.0,81.0,1777372668.0,1777372675.0,ESTIMATE_ONLY_inter_question_gaps_unknown
4663d7b6-ac89-4877-96d0-00fa9c6b45f6,182b236c-a543-4d7f-b121-473dc33918f2,attention,6,10,0.6,94,0,mid,1777372594.0,1777372688.0,2026-04-28 10:38:08.654+00,2026-04-28 10:38:09.062353+00,9,10,10,hard,Pattern Break,12,7,False,2,2,1,0,5,86.0,93.0,1777372680.0,1777372687.0,ESTIMATE_ONLY_inter_question_gaps_unknown
474cb586-d436-494b-b176-7a53b13a541c,182b236c-a543-4d7f-b121-473dc33918f2,pattern,8,10,0.8,82,1,high,1777372248.0,1777372330.0,2026-04-28 10:32:10.717+00,2026-04-28 10:32:11.433181+00,0,1,1,easy,Arithmetic Sequence,15,,False,2,2,1,0,3,0.0,0.0,1777372248.0,1777372248.0,ESTIMATE_ONLY_inter_question_gaps_unknown
474cb586-d436-494b-b176-7a53b13a541c,182b236c-a543-4d7f-b121-473dc33918f2,pattern,8,10,0.8,82,1,high,1777372248.0,1777372330.0,2026-04-28 10:32:10.717+00,2026-04-28 10:32:11.433181+00,1,2,2,easy,Arithmetic Sequence,15,,False,0,0,1,0,4,3.0,3.0,1777372251.0,1777372251.0,ESTIMATE_ONLY_inter_question_gaps_unknown
474cb586-d436-494b-b176-7a53b13a541c,182b236c-a543-4d7f-b121-473dc33918f2,pattern,8,10,0.8,82,1,high,1777372248.0,1777372330.0,2026-04-28 10:32:10.717+00,2026-04-28 10:32:11.433181+00,2,3,3,easy,Odd Numbers,15,,False,1,1,1,0,3,7.0,7.0,1777372255.0,1777372255.0,ESTIMATE_ONLY_inter_question_gaps_unknown
474cb586-d436-494b-b176-7a53b13a541c,182b236c-a543-4d7f-b121-473dc33918f2,pattern,8,10,0.8,82,1,high,1777372248.0,1777372330.0,2026-04-28 10:32:10.717+00,2026-04-28 10:32:11.433181+00,3,4,4,easy,Decreasing Sequence,15,,False,2,2,1,0,6,10.0,10.0,1777372258.0,1777372258.0,ESTIMATE_ONLY_inter_question_gaps_unknown
474cb586-d436-494b-b176-7a53b13a541c,182b236c-a543-4d7f-b121-473dc33918f2,pattern,8,10,0.8,82,1,high,1777372248.0,1777372330.0,2026-04-28 10:32:10.717+00,2026-04-28 10:32:11.433181+00,4,5,5,medium,Perfect Squares,20,,False,2,2,1,0,4,16.0,16.0,1777372264.0,1777372264.0,ESTIMATE_ONLY_inter_question_gaps_unknown
474cb586-d436-494b-b176-7a53b13a541c,182b236c-a543-4d7f-b121-473dc33918f2,pattern,8,10,0.8,82,1,high,1777372248.0,1777372330.0,2026-04-28 10:32:10.717+00,2026-04-28 10:32:11.433181+00,5,6,6,medium,Fibonacci,20,,False,0,1,0,0,12,20.0,20.0,1777372268.0,1777372268.0,ESTIMATE_ONLY_inter_question_gaps_unknown
474cb586-d436-494b-b176-7a53b13a541c,182b236c-a543-4d7f-b121-473dc33918f2,pattern,8,10,0.8,82,1,high,1777372248.0,1777372330.0,2026-04-28 10:32:10.717+00,2026-04-28 10:32:11.433181+00,6,7,7,medium,Perfect Cubes,20,,False,1,2,0,0,9,32.0,32.0,1777372280.0,1777372280.0,ESTIMATE_ONLY_inter_question_gaps_unknown
474cb586-d436-494b-b176-7a53b13a541c,182b236c-a543-4d7f-b121-473dc33918f2,pattern,8,10,0.8,82,1,high,1777372248.0,1777372330.0,2026-04-28 10:32:10.717+00,2026-04-28 10:32:11.433181+00,7,8,8,hard,Triangular Differences,30,,False,2,2,1,0,22,41.0,41.0,1777372289.0,1777372289.0,ESTIMATE_ONLY_inter_question_gaps_unknown
474cb586-d436-494b-b176-7a53b13a541c,182b236c-a543-4d7f-b121-473dc33918f2,pattern,8,10,0.8,82,1,high,1777372248.0,1777372330.0,2026-04-28 10:32:10.717+00,2026-04-28 10:32:11.433181+00,8,9,9,hard,Squares,30,,False,0,0,1,0,9,63.0,63.0,1777372311.0,1777372311.0,ESTIMATE_ONLY_inter_question_gaps_unknown
474cb586-d436-494b-b176-7a53b13a541c,182b236c-a543-4d7f-b121-473dc33918f2,pattern,8,10,0.8,82,1,high,1777372248.0,1777372330.0,2026-04-28 10:32:10.717+00,2026-04-28 10:32:11.433181+00,9,10,10,hard,n(n+1),30,,False,0,0,1,0,18,72.0,72.0,1777372320.0,1777372320.0,ESTIMATE_ONLY_inter_question_gaps_unknown
48a34fe8-8df7-4db3-949e-412c517440fc,1295d8c1-c3fa-424a-a3ac-86e227c3a8de,attention,5,10,0.5,88,0,mid,1776424779.0,1776424867.0,2026-04-17 11:21:07.022+00,2026-04-17 11:21:06.526574+00,0,1,1,easy,Oddball Detection,8,5,False,2,2,1,0,3,0.0,5.0,1776424779.0,1776424784.0,ESTIMATE_ONLY_inter_question_gaps_unknown
48a34fe8-8df7-4db3-949e-412c517440fc,1295d8c1-c3fa-424a-a3ac-86e227c3a8de,attention,5,10,0.5,88,0,mid,1776424779.0,1776424867.0,2026-04-17 11:21:07.022+00,2026-04-17 11:21:06.526574+00,1,2,2,easy,Count Target,8,5,False,0,0,1,0,2,8.0,13.0,1776424787.0,1776424792.0,ESTIMATE_ONLY_inter_question_gaps_unknown
48a34fe8-8df7-4db3-949e-412c517440fc,1295d8c1-c3fa-424a-a3ac-86e227c3a8de,attention,5,10,0.5,88,0,mid,1776424779.0,1776424867.0,2026-04-17 11:21:07.022+00,2026-04-17 11:21:06.526574+00,2,3,3,easy,Pattern Break,8,5,False,2,2,1,0,5,15.0,20.0,1776424794.0,1776424799.0,ESTIMATE_ONLY_inter_question_gaps_unknown
48a34fe8-8df7-4db3-949e-412c517440fc,1295d8c1-c3fa-424a-a3ac-86e227c3a8de,attention,5,10,0.5,88,0,mid,1776424779.0,1776424867.0,2026-04-17 11:21:07.022+00,2026-04-17 11:21:06.526574+00,3,4,4,easy,Position Detect,8,5,False,2,1,0,0,3,25.0,30.0,1776424804.0,1776424809.0,ESTIMATE_ONLY_inter_question_gaps_unknown
48a34fe8-8df7-4db3-949e-412c517440fc,1295d8c1-c3fa-424a-a3ac-86e227c3a8de,attention,5,10,0.5,88,0,mid,1776424779.0,1776424867.0,2026-04-17 11:21:07.022+00,2026-04-17 11:21:06.526574+00,4,5,5,medium,Rule Violation,10,6,False,2,2,1,0,8,33.0,39.0,1776424812.0,1776424818.0,ESTIMATE_ONLY_inter_question_gaps_unknown
48a34fe8-8df7-4db3-949e-412c517440fc,1295d8c1-c3fa-424a-a3ac-86e227c3a8de,attention,5,10,0.5,88,0,mid,1776424779.0,1776424867.0,2026-04-17 11:21:07.022+00,2026-04-17 11:21:06.526574+00,5,6,6,medium,Count Target,10,6,False,1,0,0,0,4,47.0,53.0,1776424826.0,1776424832.0,ESTIMATE_ONLY_inter_question_gaps_unknown
48a34fe8-8df7-4db3-949e-412c517440fc,1295d8c1-c3fa-424a-a3ac-86e227c3a8de,attention,5,10,0.5,88,0,mid,1776424779.0,1776424867.0,2026-04-17 11:21:07.022+00,2026-04-17 11:21:06.526574+00,6,7,7,medium,Count Target,10,6,False,1,2,0,0,3,57.0,63.0,1776424836.0,1776424842.0,ESTIMATE_ONLY_inter_question_gaps_unknown
48a34fe8-8df7-4db3-949e-412c517440fc,1295d8c1-c3fa-424a-a3ac-86e227c3a8de,attention,5,10,0.5,88,0,mid,1776424779.0,1776424867.0,2026-04-17 11:21:07.022+00,2026-04-17 11:21:06.526574+00,7,8,8,hard,Count Target,12,7,False,0,2,0,0,1,66.0,73.0,1776424845.0,1776424852.0,ESTIMATE_ONLY_inter_question_gaps_unknown
48a34fe8-8df7-4db3-949e-412c517440fc,1295d8c1-c3fa-424a-a3ac-86e227c3a8de,attention,5,10,0.5,88,0,mid,1776424779.0,1776424867.0,2026-04-17 11:21:07.022+00,2026-04-17 11:21:06.526574+00,8,9,9,hard,Rule Violation,12,7,False,0,2,0,0,1,74.0,81.0,1776424853.0,1776424860.0,ESTIMATE_ONLY_inter_question_gaps_unknown
48a34fe8-8df7-4db3-949e-412c517440fc,1295d8c1-c3fa-424a-a3ac-86e227c3a8de,attention,5,10,0.5,88,0,mid,1776424779.0,1776424867.0,2026-04-17 11:21:07.022+00,2026-04-17 11:21:06.526574+00,9,10,10,hard,Pattern Break,12,7,False,2,2,1,0,3,82.0,89.0,1776424861.0,1776424868.0,ESTIMATE_ONLY_inter_question_gaps_unknown
4a15235c-2d35-4dce-8962-0a8b23c2f134,1a3a8d1d-950a-441c-a128-58d9d18de7bc,memory,9,10,0.9,84,1,high,1776917390.0,1776917474.0,2026-04-23 04:11:14.462+00,2026-04-23 04:11:14.651426+00,0,1,1,easy,Digit Recall,10,5,False,0,0,1,0,3,0.0,5.0,1776917390.0,1776917395.0,ESTIMATE_ONLY_inter_question_gaps_unknown
4a15235c-2d35-4dce-8962-0a8b23c2f134,1a3a8d1d-950a-441c-a128-58d9d18de7bc,memory,9,10,0.9,84,1,high,1776917390.0,1776917474.0,2026-04-23 04:11:14.462+00,2026-04-23 04:11:14.651426+00,1,2,2,easy,Word Recall,10,5,False,2,2,1,0,2,8.0,13.0,1776917398.0,1776917403.0,ESTIMATE_ONLY_inter_question_gaps_unknown
4a15235c-2d35-4dce-8962-0a8b23c2f134,1a3a8d1d-950a-441c-a128-58d9d18de7bc,memory,9,10,0.9,84,1,high,1776917390.0,1776917474.0,2026-04-23 04:11:14.462+00,2026-04-23 04:11:14.651426+00,2,3,3,easy,Digit Recall,10,5,False,1,1,1,0,3,15.0,20.0,1776917405.0,1776917410.0,ESTIMATE_ONLY_inter_question_gaps_unknown
4a15235c-2d35-4dce-8962-0a8b23c2f134,1a3a8d1d-950a-441c-a128-58d9d18de7bc,memory,9,10,0.9,84,1,high,1776917390.0,1776917474.0,2026-04-23 04:11:14.462+00,2026-04-23 04:11:14.651426+00,3,4,4,easy,Word Recall,10,5,False,0,0,1,0,2,23.0,28.0,1776917413.0,1776917418.0,ESTIMATE_ONLY_inter_question_gaps_unknown
4a15235c-2d35-4dce-8962-0a8b23c2f134,1a3a8d1d-950a-441c-a128-58d9d18de7bc,memory,9,10,0.9,84,1,high,1776917390.0,1776917474.0,2026-04-23 04:11:14.462+00,2026-04-23 04:11:14.651426+00,4,5,5,medium,Digit Recall,12,6,False,0,0,1,0,2,30.0,36.0,1776917420.0,1776917426.0,ESTIMATE_ONLY_inter_question_gaps_unknown
4a15235c-2d35-4dce-8962-0a8b23c2f134,1a3a8d1d-950a-441c-a128-58d9d18de7bc,memory,9,10,0.9,84,1,high,1776917390.0,1776917474.0,2026-04-23 04:11:14.462+00,2026-04-23 04:11:14.651426+00,5,6,6,medium,Position Recall,12,6,False,1,1,1,0,2,38.0,44.0,1776917428.0,1776917434.0,ESTIMATE_ONLY_inter_question_gaps_unknown
4a15235c-2d35-4dce-8962-0a8b23c2f134,1a3a8d1d-950a-441c-a128-58d9d18de7bc,memory,9,10,0.9,84,1,high,1776917390.0,1776917474.0,2026-04-23 04:11:14.462+00,2026-04-23 04:11:14.651426+00,6,7,7,medium,Position Recall,12,6,False,2,2,1,0,4,46.0,52.0,1776917436.0,1776917442.0,ESTIMATE_ONLY_inter_question_gaps_unknown
4a15235c-2d35-4dce-8962-0a8b23c2f134,1a3a8d1d-950a-441c-a128-58d9d18de7bc,memory,9,10,0.9,84,1,high,1776917390.0,1776917474.0,2026-04-23 04:11:14.462+00,2026-04-23 04:11:14.651426+00,7,8,8,hard,Sequence Recall,15,7,False,0,0,1,0,5,56.0,63.0,1776917446.0,1776917453.0,ESTIMATE_ONLY_inter_question_gaps_unknown
4a15235c-2d35-4dce-8962-0a8b23c2f134,1a3a8d1d-950a-441c-a128-58d9d18de7bc,memory,9,10,0.9,84,1,high,1776917390.0,1776917474.0,2026-04-23 04:11:14.462+00,2026-04-23 04:11:14.651426+00,8,9,9,hard,Position Recall,15,7,False,1,1,1,0,2,68.0,75.0,1776917458.0,1776917465.0,ESTIMATE_ONLY_inter_question_gaps_unknown
4a15235c-2d35-4dce-8962-0a8b23c2f134,1a3a8d1d-950a-441c-a128-58d9d18de7bc,memory,9,10,0.9,84,1,high,1776917390.0,1776917474.0,2026-04-23 04:11:14.462+00,2026-04-23 04:11:14.651426+00,9,10,10,hard,Digit Analysis,15,7,False,0,2,0,0,3,77.0,84.0,1776917467.0,1776917474.0,ESTIMATE_ONLY_inter_question_gaps_unknown
4e7586e9-9a6a-49b2-8088-fb394e670d99,4b00bcd7-936b-42d2-99b5-c0b8b78272c9,attention,7,10,0.7,116,1,mid,1776330629.0,1776330745.0,2026-04-16 09:12:25.668+00,2026-04-16 09:12:39.353029+00,0,1,1,easy,Oddball Detection,8,5,False,2,2,1,0,5,0.0,5.0,1776330629.0,1776330634.0,ESTIMATE_ONLY_inter_question_gaps_unknown
4e7586e9-9a6a-49b2-8088-fb394e670d99,4b00bcd7-936b-42d2-99b5-c0b8b78272c9,attention,7,10,0.7,116,1,mid,1776330629.0,1776330745.0,2026-04-16 09:12:25.668+00,2026-04-16 09:12:39.353029+00,1,2,2,easy,Count Target,8,5,False,0,0,1,0,4,10.0,15.0,1776330639.0,1776330644.0,ESTIMATE_ONLY_inter_question_gaps_unknown
4e7586e9-9a6a-49b2-8088-fb394e670d99,4b00bcd7-936b-42d2-99b5-c0b8b78272c9,attention,7,10,0.7,116,1,mid,1776330629.0,1776330745.0,2026-04-16 09:12:25.668+00,2026-04-16 09:12:39.353029+00,2,3,3,easy,Pattern Break,8,5,False,2,2,1,0,5,19.0,24.0,1776330648.0,1776330653.0,ESTIMATE_ONLY_inter_question_gaps_unknown
4e7586e9-9a6a-49b2-8088-fb394e670d99,4b00bcd7-936b-42d2-99b5-c0b8b78272c9,attention,7,10,0.7,116,1,mid,1776330629.0,1776330745.0,2026-04-16 09:12:25.668+00,2026-04-16 09:12:39.353029+00,3,4,4,easy,Position Detect,8,5,False,2,1,0,0,6,29.0,34.0,1776330658.0,1776330663.0,ESTIMATE_ONLY_inter_question_gaps_unknown
4e7586e9-9a6a-49b2-8088-fb394e670d99,4b00bcd7-936b-42d2-99b5-c0b8b78272c9,attention,7,10,0.7,116,1,mid,1776330629.0,1776330745.0,2026-04-16 09:12:25.668+00,2026-04-16 09:12:39.353029+00,4,5,5,medium,Rule Violation,10,6,False,2,2,1,0,9,40.0,46.0,1776330669.0,1776330675.0,ESTIMATE_ONLY_inter_question_gaps_unknown
4e7586e9-9a6a-49b2-8088-fb394e670d99,4b00bcd7-936b-42d2-99b5-c0b8b78272c9,attention,7,10,0.7,116,1,mid,1776330629.0,1776330745.0,2026-04-16 09:12:25.668+00,2026-04-16 09:12:39.353029+00,5,6,6,medium,Count Target,10,6,False,2,0,0,0,6,55.0,61.0,1776330684.0,1776330690.0,ESTIMATE_ONLY_inter_question_gaps_unknown
4e7586e9-9a6a-49b2-8088-fb394e670d99,4b00bcd7-936b-42d2-99b5-c0b8b78272c9,attention,7,10,0.7,116,1,mid,1776330629.0,1776330745.0,2026-04-16 09:12:25.668+00,2026-04-16 09:12:39.353029+00,6,7,7,medium,Count Target,10,6,False,2,2,1,0,7,67.0,73.0,1776330696.0,1776330702.0,ESTIMATE_ONLY_inter_question_gaps_unknown
4e7586e9-9a6a-49b2-8088-fb394e670d99,4b00bcd7-936b-42d2-99b5-c0b8b78272c9,attention,7,10,0.7,116,1,mid,1776330629.0,1776330745.0,2026-04-16 09:12:25.668+00,2026-04-16 09:12:39.353029+00,7,8,8,hard,Count Target,12,7,False,1,2,0,0,4,80.0,87.0,1776330709.0,1776330716.0,ESTIMATE_ONLY_inter_question_gaps_unknown
4e7586e9-9a6a-49b2-8088-fb394e670d99,4b00bcd7-936b-42d2-99b5-c0b8b78272c9,attention,7,10,0.7,116,1,mid,1776330629.0,1776330745.0,2026-04-16 09:12:25.668+00,2026-04-16 09:12:39.353029+00,8,9,9,hard,Rule Violation,12,7,False,2,2,1,0,8,91.0,98.0,1776330720.0,1776330727.0,ESTIMATE_ONLY_inter_question_gaps_unknown
4e7586e9-9a6a-49b2-8088-fb394e670d99,4b00bcd7-936b-42d2-99b5-c0b8b78272c9,attention,7,10,0.7,116,1,mid,1776330629.0,1776330745.0,2026-04-16 09:12:25.668+00,2026-04-16 09:12:39.353029+00,9,10,10,hard,Pattern Break,12,7,False,2,2,1,0,6,106.0,113.0,1776330735.0,1776330742.0,ESTIMATE_ONLY_inter_question_gaps_unknown
4ec4f191-34ce-4dfa-8e81-d23ddf116bf1,3cebc90b-7bb9-4438-bb6d-00b1b897bdf9,pattern,9,10,0.9,52,1,high,1777544079.0,1777544131.0,2026-04-30 10:15:31.89+00,2026-04-30 10:15:32.734636+00,0,1,1,easy,Arithmetic Sequence,15,,False,2,2,1,0,3,0.0,0.0,1777544079.0,1777544079.0,ESTIMATE_ONLY_inter_question_gaps_unknown
4ec4f191-34ce-4dfa-8e81-d23ddf116bf1,3cebc90b-7bb9-4438-bb6d-00b1b897bdf9,pattern,9,10,0.9,52,1,high,1777544079.0,1777544131.0,2026-04-30 10:15:31.89+00,2026-04-30 10:15:32.734636+00,1,2,2,easy,Arithmetic Sequence,15,,False,0,0,1,0,3,3.0,3.0,1777544082.0,1777544082.0,ESTIMATE_ONLY_inter_question_gaps_unknown
4ec4f191-34ce-4dfa-8e81-d23ddf116bf1,3cebc90b-7bb9-4438-bb6d-00b1b897bdf9,pattern,9,10,0.9,52,1,high,1777544079.0,1777544131.0,2026-04-30 10:15:31.89+00,2026-04-30 10:15:32.734636+00,2,3,3,easy,Odd Numbers,15,,False,1,1,1,0,2,6.0,6.0,1777544085.0,1777544085.0,ESTIMATE_ONLY_inter_question_gaps_unknown
4ec4f191-34ce-4dfa-8e81-d23ddf116bf1,3cebc90b-7bb9-4438-bb6d-00b1b897bdf9,pattern,9,10,0.9,52,1,high,1777544079.0,1777544131.0,2026-04-30 10:15:31.89+00,2026-04-30 10:15:32.734636+00,3,4,4,easy,Decreasing Sequence,15,,False,2,2,1,0,2,8.0,8.0,1777544087.0,1777544087.0,ESTIMATE_ONLY_inter_question_gaps_unknown
4ec4f191-34ce-4dfa-8e81-d23ddf116bf1,3cebc90b-7bb9-4438-bb6d-00b1b897bdf9,pattern,9,10,0.9,52,1,high,1777544079.0,1777544131.0,2026-04-30 10:15:31.89+00,2026-04-30 10:15:32.734636+00,4,5,5,medium,Perfect Squares,20,,False,2,2,1,0,4,10.0,10.0,1777544089.0,1777544089.0,ESTIMATE_ONLY_inter_question_gaps_unknown
4ec4f191-34ce-4dfa-8e81-d23ddf116bf1,3cebc90b-7bb9-4438-bb6d-00b1b897bdf9,pattern,9,10,0.9,52,1,high,1777544079.0,1777544131.0,2026-04-30 10:15:31.89+00,2026-04-30 10:15:32.734636+00,5,6,6,medium,Fibonacci,20,,False,1,1,1,0,4,14.0,14.0,1777544093.0,1777544093.0,ESTIMATE_ONLY_inter_question_gaps_unknown
4ec4f191-34ce-4dfa-8e81-d23ddf116bf1,3cebc90b-7bb9-4438-bb6d-00b1b897bdf9,pattern,9,10,0.9,52,1,high,1777544079.0,1777544131.0,2026-04-30 10:15:31.89+00,2026-04-30 10:15:32.734636+00,6,7,7,medium,Perfect Cubes,20,,False,2,2,1,0,9,18.0,18.0,1777544097.0,1777544097.0,ESTIMATE_ONLY_inter_question_gaps_unknown
4ec4f191-34ce-4dfa-8e81-d23ddf116bf1,3cebc90b-7bb9-4438-bb6d-00b1b897bdf9,pattern,9,10,0.9,52,1,high,1777544079.0,1777544131.0,2026-04-30 10:15:31.89+00,2026-04-30 10:15:32.734636+00,7,8,8,hard,Triangular Differences,30,,False,1,2,0,0,9,27.0,27.0,1777544106.0,1777544106.0,ESTIMATE_ONLY_inter_question_gaps_unknown
4ec4f191-34ce-4dfa-8e81-d23ddf116bf1,3cebc90b-7bb9-4438-bb6d-00b1b897bdf9,pattern,9,10,0.9,52,1,high,1777544079.0,1777544131.0,2026-04-30 10:15:31.89+00,2026-04-30 10:15:32.734636+00,8,9,9,hard,Squares,30,,False,0,0,1,0,5,36.0,36.0,1777544115.0,1777544115.0,ESTIMATE_ONLY_inter_question_gaps_unknown
4ec4f191-34ce-4dfa-8e81-d23ddf116bf1,3cebc90b-7bb9-4438-bb6d-00b1b897bdf9,pattern,9,10,0.9,52,1,high,1777544079.0,1777544131.0,2026-04-30 10:15:31.89+00,2026-04-30 10:15:32.734636+00,9,10,10,hard,n(n+1),30,,False,0,0,1,0,14,41.0,41.0,1777544120.0,1777544120.0,ESTIMATE_ONLY_inter_question_gaps_unknown
5068bd2a-99c9-4cda-bb01-618195372608,6d998d08-a10e-4432-b8a1-84e619128b08,pattern,6,10,0.6,71,0,mid,1777260752.0,1777260823.0,2026-04-27 03:33:43.429+00,2026-04-27 03:33:44.149928+00,0,1,1,easy,Arithmetic Sequence,15,,False,2,2,1,0,5,0.0,0.0,1777260752.0,1777260752.0,ESTIMATE_ONLY_inter_question_gaps_unknown
5068bd2a-99c9-4cda-bb01-618195372608,6d998d08-a10e-4432-b8a1-84e619128b08,pattern,6,10,0.6,71,0,mid,1777260752.0,1777260823.0,2026-04-27 03:33:43.429+00,2026-04-27 03:33:44.149928+00,1,2,2,easy,Arithmetic Sequence,15,,False,0,0,1,0,4,5.0,5.0,1777260757.0,1777260757.0,ESTIMATE_ONLY_inter_question_gaps_unknown
5068bd2a-99c9-4cda-bb01-618195372608,6d998d08-a10e-4432-b8a1-84e619128b08,pattern,6,10,0.6,71,0,mid,1777260752.0,1777260823.0,2026-04-27 03:33:43.429+00,2026-04-27 03:33:44.149928+00,2,3,3,easy,Odd Numbers,15,,False,1,1,1,0,3,9.0,9.0,1777260761.0,1777260761.0,ESTIMATE_ONLY_inter_question_gaps_unknown
5068bd2a-99c9-4cda-bb01-618195372608,6d998d08-a10e-4432-b8a1-84e619128b08,pattern,6,10,0.6,71,0,mid,1777260752.0,1777260823.0,2026-04-27 03:33:43.429+00,2026-04-27 03:33:44.149928+00,3,4,4,easy,Decreasing Sequence,15,,False,2,2,1,0,5,12.0,12.0,1777260764.0,1777260764.0,ESTIMATE_ONLY_inter_question_gaps_unknown
5068bd2a-99c9-4cda-bb01-618195372608,6d998d08-a10e-4432-b8a1-84e619128b08,pattern,6,10,0.6,71,0,mid,1777260752.0,1777260823.0,2026-04-27 03:33:43.429+00,2026-04-27 03:33:44.149928+00,4,5,5,medium,Perfect Squares,20,,False,2,2,1,0,5,17.0,17.0,1777260769.0,1777260769.0,ESTIMATE_ONLY_inter_question_gaps_unknown
5068bd2a-99c9-4cda-bb01-618195372608,6d998d08-a10e-4432-b8a1-84e619128b08,pattern,6,10,0.6,71,0,mid,1777260752.0,1777260823.0,2026-04-27 03:33:43.429+00,2026-04-27 03:33:44.149928+00,5,6,6,medium,Fibonacci,20,,False,1,1,1,0,11,22.0,22.0,1777260774.0,1777260774.0,ESTIMATE_ONLY_inter_question_gaps_unknown
5068bd2a-99c9-4cda-bb01-618195372608,6d998d08-a10e-4432-b8a1-84e619128b08,pattern,6,10,0.6,71,0,mid,1777260752.0,1777260823.0,2026-04-27 03:33:43.429+00,2026-04-27 03:33:44.149928+00,6,7,7,medium,Perfect Cubes,20,,False,1,2,0,0,12,33.0,33.0,1777260785.0,1777260785.0,ESTIMATE_ONLY_inter_question_gaps_unknown
5068bd2a-99c9-4cda-bb01-618195372608,6d998d08-a10e-4432-b8a1-84e619128b08,pattern,6,10,0.6,71,0,mid,1777260752.0,1777260823.0,2026-04-27 03:33:43.429+00,2026-04-27 03:33:44.149928+00,7,8,8,hard,Triangular Differences,30,,False,1,2,0,0,16,45.0,45.0,1777260797.0,1777260797.0,ESTIMATE_ONLY_inter_question_gaps_unknown
5068bd2a-99c9-4cda-bb01-618195372608,6d998d08-a10e-4432-b8a1-84e619128b08,pattern,6,10,0.6,71,0,mid,1777260752.0,1777260823.0,2026-04-27 03:33:43.429+00,2026-04-27 03:33:44.149928+00,8,9,9,hard,Squares,30,,False,2,0,0,0,6,61.0,61.0,1777260813.0,1777260813.0,ESTIMATE_ONLY_inter_question_gaps_unknown
5068bd2a-99c9-4cda-bb01-618195372608,6d998d08-a10e-4432-b8a1-84e619128b08,pattern,6,10,0.6,71,0,mid,1777260752.0,1777260823.0,2026-04-27 03:33:43.429+00,2026-04-27 03:33:44.149928+00,9,10,10,hard,n(n+1),30,,False,1,0,0,0,10,67.0,67.0,1777260819.0,1777260819.0,ESTIMATE_ONLY_inter_question_gaps_unknown
506e41c3-d7e2-4fe7-8df8-263060455616,38486085-f824-4b7b-82b0-ebfd7c8629e4,pattern,10,10,1.0,83,1,high,1776768314.0,1776768397.0,2026-04-21 10:46:37.7+00,2026-04-21 10:46:38.172524+00,0,1,1,easy,Arithmetic Sequence,15,,False,2,2,1,0,5,0.0,0.0,1776768314.0,1776768314.0,ESTIMATE_ONLY_inter_question_gaps_unknown
506e41c3-d7e2-4fe7-8df8-263060455616,38486085-f824-4b7b-82b0-ebfd7c8629e4,pattern,10,10,1.0,83,1,high,1776768314.0,1776768397.0,2026-04-21 10:46:37.7+00,2026-04-21 10:46:38.172524+00,1,2,2,easy,Arithmetic Sequence,15,,False,0,0,1,0,4,5.0,5.0,1776768319.0,1776768319.0,ESTIMATE_ONLY_inter_question_gaps_unknown
506e41c3-d7e2-4fe7-8df8-263060455616,38486085-f824-4b7b-82b0-ebfd7c8629e4,pattern,10,10,1.0,83,1,high,1776768314.0,1776768397.0,2026-04-21 10:46:37.7+00,2026-04-21 10:46:38.172524+00,2,3,3,easy,Odd Numbers,15,,False,1,1,1,0,2,9.0,9.0,1776768323.0,1776768323.0,ESTIMATE_ONLY_inter_question_gaps_unknown
506e41c3-d7e2-4fe7-8df8-263060455616,38486085-f824-4b7b-82b0-ebfd7c8629e4,pattern,10,10,1.0,83,1,high,1776768314.0,1776768397.0,2026-04-21 10:46:37.7+00,2026-04-21 10:46:38.172524+00,3,4,4,easy,Decreasing Sequence,15,,False,2,2,1,0,4,11.0,11.0,1776768325.0,1776768325.0,ESTIMATE_ONLY_inter_question_gaps_unknown
506e41c3-d7e2-4fe7-8df8-263060455616,38486085-f824-4b7b-82b0-ebfd7c8629e4,pattern,10,10,1.0,83,1,high,1776768314.0,1776768397.0,2026-04-21 10:46:37.7+00,2026-04-21 10:46:38.172524+00,4,5,5,medium,Perfect Squares,20,,False,2,2,1,0,4,15.0,15.0,1776768329.0,1776768329.0,ESTIMATE_ONLY_inter_question_gaps_unknown
506e41c3-d7e2-4fe7-8df8-263060455616,38486085-f824-4b7b-82b0-ebfd7c8629e4,pattern,10,10,1.0,83,1,high,1776768314.0,1776768397.0,2026-04-21 10:46:37.7+00,2026-04-21 10:46:38.172524+00,5,6,6,medium,Fibonacci,20,,False,1,1,1,0,11,19.0,19.0,1776768333.0,1776768333.0,ESTIMATE_ONLY_inter_question_gaps_unknown
506e41c3-d7e2-4fe7-8df8-263060455616,38486085-f824-4b7b-82b0-ebfd7c8629e4,pattern,10,10,1.0,83,1,high,1776768314.0,1776768397.0,2026-04-21 10:46:37.7+00,2026-04-21 10:46:38.172524+00,6,7,7,medium,Perfect Cubes,20,,False,2,2,1,0,9,30.0,30.0,1776768344.0,1776768344.0,ESTIMATE_ONLY_inter_question_gaps_unknown
506e41c3-d7e2-4fe7-8df8-263060455616,38486085-f824-4b7b-82b0-ebfd7c8629e4,pattern,10,10,1.0,83,1,high,1776768314.0,1776768397.0,2026-04-21 10:46:37.7+00,2026-04-21 10:46:38.172524+00,7,8,8,hard,Triangular Differences,30,,False,2,2,1,0,19,39.0,39.0,1776768353.0,1776768353.0,ESTIMATE_ONLY_inter_question_gaps_unknown
506e41c3-d7e2-4fe7-8df8-263060455616,38486085-f824-4b7b-82b0-ebfd7c8629e4,pattern,10,10,1.0,83,1,high,1776768314.0,1776768397.0,2026-04-21 10:46:37.7+00,2026-04-21 10:46:38.172524+00,8,9,9,hard,Squares,30,,False,0,0,1,0,14,58.0,58.0,1776768372.0,1776768372.0,ESTIMATE_ONLY_inter_question_gaps_unknown
506e41c3-d7e2-4fe7-8df8-263060455616,38486085-f824-4b7b-82b0-ebfd7c8629e4,pattern,10,10,1.0,83,1,high,1776768314.0,1776768397.0,2026-04-21 10:46:37.7+00,2026-04-21 10:46:38.172524+00,9,10,10,hard,n(n+1),30,,False,0,0,1,0,16,72.0,72.0,1776768386.0,1776768386.0,ESTIMATE_ONLY_inter_question_gaps_unknown
50e02c4c-72cc-48c2-af96-d42ff1547e01,a9fa0a9e-4c99-49b4-b75f-ba925babb6f9,arithmetic,7,10,0.7,85,1,mid,1776228329.0,1776228414.0,2026-04-15 04:46:54.978+00,2026-04-15 04:46:54.595293+00,0,1,1,easy,Addition,15,,False,0,0,1,0,4,0.0,0.0,1776228329.0,1776228329.0,ESTIMATE_ONLY_inter_question_gaps_unknown
50e02c4c-72cc-48c2-af96-d42ff1547e01,a9fa0a9e-4c99-49b4-b75f-ba925babb6f9,arithmetic,7,10,0.7,85,1,mid,1776228329.0,1776228414.0,2026-04-15 04:46:54.978+00,2026-04-15 04:46:54.595293+00,1,2,2,easy,Division,15,,False,2,2,1,0,2,4.0,4.0,1776228333.0,1776228333.0,ESTIMATE_ONLY_inter_question_gaps_unknown
50e02c4c-72cc-48c2-af96-d42ff1547e01,a9fa0a9e-4c99-49b4-b75f-ba925babb6f9,arithmetic,7,10,0.7,85,1,mid,1776228329.0,1776228414.0,2026-04-15 04:46:54.978+00,2026-04-15 04:46:54.595293+00,2,3,3,easy,Addition,15,,False,0,0,1,0,3,6.0,6.0,1776228335.0,1776228335.0,ESTIMATE_ONLY_inter_question_gaps_unknown
50e02c4c-72cc-48c2-af96-d42ff1547e01,a9fa0a9e-4c99-49b4-b75f-ba925babb6f9,arithmetic,7,10,0.7,85,1,mid,1776228329.0,1776228414.0,2026-04-15 04:46:54.978+00,2026-04-15 04:46:54.595293+00,3,4,4,easy,Subtraction,15,,False,0,0,1,0,3,9.0,9.0,1776228338.0,1776228338.0,ESTIMATE_ONLY_inter_question_gaps_unknown
50e02c4c-72cc-48c2-af96-d42ff1547e01,a9fa0a9e-4c99-49b4-b75f-ba925babb6f9,arithmetic,7,10,0.7,85,1,mid,1776228329.0,1776228414.0,2026-04-15 04:46:54.978+00,2026-04-15 04:46:54.595293+00,4,5,5,medium,Addition,20,,False,2,2,1,0,8,12.0,12.0,1776228341.0,1776228341.0,ESTIMATE_ONLY_inter_question_gaps_unknown
50e02c4c-72cc-48c2-af96-d42ff1547e01,a9fa0a9e-4c99-49b4-b75f-ba925babb6f9,arithmetic,7,10,0.7,85,1,mid,1776228329.0,1776228414.0,2026-04-15 04:46:54.978+00,2026-04-15 04:46:54.595293+00,5,6,6,medium,Multiplication,20,,False,0,0,1,0,5,20.0,20.0,1776228349.0,1776228349.0,ESTIMATE_ONLY_inter_question_gaps_unknown
50e02c4c-72cc-48c2-af96-d42ff1547e01,a9fa0a9e-4c99-49b4-b75f-ba925babb6f9,arithmetic,7,10,0.7,85,1,mid,1776228329.0,1776228414.0,2026-04-15 04:46:54.978+00,2026-04-15 04:46:54.595293+00,6,7,7,medium,Division,20,,False,1,1,1,0,3,25.0,25.0,1776228354.0,1776228354.0,ESTIMATE_ONLY_inter_question_gaps_unknown
50e02c4c-72cc-48c2-af96-d42ff1547e01,a9fa0a9e-4c99-49b4-b75f-ba925babb6f9,arithmetic,7,10,0.7,85,1,mid,1776228329.0,1776228414.0,2026-04-15 04:46:54.978+00,2026-04-15 04:46:54.595293+00,7,8,8,hard,Percentage,30,,False,0,2,0,0,26,28.0,28.0,1776228357.0,1776228357.0,ESTIMATE_ONLY_inter_question_gaps_unknown
50e02c4c-72cc-48c2-af96-d42ff1547e01,a9fa0a9e-4c99-49b4-b75f-ba925babb6f9,arithmetic,7,10,0.7,85,1,mid,1776228329.0,1776228414.0,2026-04-15 04:46:54.978+00,2026-04-15 04:46:54.595293+00,8,9,9,hard,Multiplication,30,,False,1,0,0,0,18,54.0,54.0,1776228383.0,1776228383.0,ESTIMATE_ONLY_inter_question_gaps_unknown
50e02c4c-72cc-48c2-af96-d42ff1547e01,a9fa0a9e-4c99-49b4-b75f-ba925babb6f9,arithmetic,7,10,0.7,85,1,mid,1776228329.0,1776228414.0,2026-04-15 04:46:54.978+00,2026-04-15 04:46:54.595293+00,9,10,10,hard,Multi-step,30,,False,0,1,0,0,16,72.0,72.0,1776228401.0,1776228401.0,ESTIMATE_ONLY_inter_question_gaps_unknown
513dba5d-cdc1-47c9-8f9e-78c6921b8e92,bef21b19-9f14-46fd-983e-519cd076d499,memory,9,10,0.9,103,1,high,1776852343.0,1776852446.0,2026-04-22 10:07:26.509+00,2026-04-22 10:07:26.981699+00,0,1,1,easy,Digit Recall,10,5,False,0,0,1,0,4,0.0,5.0,1776852343.0,1776852348.0,ESTIMATE_ONLY_inter_question_gaps_unknown
513dba5d-cdc1-47c9-8f9e-78c6921b8e92,bef21b19-9f14-46fd-983e-519cd076d499,memory,9,10,0.9,103,1,high,1776852343.0,1776852446.0,2026-04-22 10:07:26.509+00,2026-04-22 10:07:26.981699+00,1,2,2,easy,Word Recall,10,5,False,2,2,1,0,3,9.0,14.0,1776852352.0,1776852357.0,ESTIMATE_ONLY_inter_question_gaps_unknown
513dba5d-cdc1-47c9-8f9e-78c6921b8e92,bef21b19-9f14-46fd-983e-519cd076d499,memory,9,10,0.9,103,1,high,1776852343.0,1776852446.0,2026-04-22 10:07:26.509+00,2026-04-22 10:07:26.981699+00,2,3,3,easy,Digit Recall,10,5,False,1,1,1,0,4,17.0,22.0,1776852360.0,1776852365.0,ESTIMATE_ONLY_inter_question_gaps_unknown
513dba5d-cdc1-47c9-8f9e-78c6921b8e92,bef21b19-9f14-46fd-983e-519cd076d499,memory,9,10,0.9,103,1,high,1776852343.0,1776852446.0,2026-04-22 10:07:26.509+00,2026-04-22 10:07:26.981699+00,3,4,4,easy,Word Recall,10,5,False,0,0,1,0,5,26.0,31.0,1776852369.0,1776852374.0,ESTIMATE_ONLY_inter_question_gaps_unknown
513dba5d-cdc1-47c9-8f9e-78c6921b8e92,bef21b19-9f14-46fd-983e-519cd076d499,memory,9,10,0.9,103,1,high,1776852343.0,1776852446.0,2026-04-22 10:07:26.509+00,2026-04-22 10:07:26.981699+00,4,5,5,medium,Digit Recall,12,6,False,0,0,1,0,7,36.0,42.0,1776852379.0,1776852385.0,ESTIMATE_ONLY_inter_question_gaps_unknown
513dba5d-cdc1-47c9-8f9e-78c6921b8e92,bef21b19-9f14-46fd-983e-519cd076d499,memory,9,10,0.9,103,1,high,1776852343.0,1776852446.0,2026-04-22 10:07:26.509+00,2026-04-22 10:07:26.981699+00,5,6,6,medium,Position Recall,12,6,False,1,1,1,0,5,49.0,55.0,1776852392.0,1776852398.0,ESTIMATE_ONLY_inter_question_gaps_unknown
513dba5d-cdc1-47c9-8f9e-78c6921b8e92,bef21b19-9f14-46fd-983e-519cd076d499,memory,9,10,0.9,103,1,high,1776852343.0,1776852446.0,2026-04-22 10:07:26.509+00,2026-04-22 10:07:26.981699+00,6,7,7,medium,Position Recall,12,6,False,2,2,1,0,4,60.0,66.0,1776852403.0,1776852409.0,ESTIMATE_ONLY_inter_question_gaps_unknown
513dba5d-cdc1-47c9-8f9e-78c6921b8e92,bef21b19-9f14-46fd-983e-519cd076d499,memory,9,10,0.9,103,1,high,1776852343.0,1776852446.0,2026-04-22 10:07:26.509+00,2026-04-22 10:07:26.981699+00,7,8,8,hard,Sequence Recall,15,7,False,0,0,1,0,7,70.0,77.0,1776852413.0,1776852420.0,ESTIMATE_ONLY_inter_question_gaps_unknown
513dba5d-cdc1-47c9-8f9e-78c6921b8e92,bef21b19-9f14-46fd-983e-519cd076d499,memory,9,10,0.9,103,1,high,1776852343.0,1776852446.0,2026-04-22 10:07:26.509+00,2026-04-22 10:07:26.981699+00,8,9,9,hard,Position Recall,15,7,False,0,1,0,0,4,84.0,91.0,1776852427.0,1776852434.0,ESTIMATE_ONLY_inter_question_gaps_unknown
513dba5d-cdc1-47c9-8f9e-78c6921b8e92,bef21b19-9f14-46fd-983e-519cd076d499,memory,9,10,0.9,103,1,high,1776852343.0,1776852446.0,2026-04-22 10:07:26.509+00,2026-04-22 10:07:26.981699+00,9,10,10,hard,Digit Analysis,15,7,False,2,2,1,0,7,95.0,102.0,1776852438.0,1776852445.0,ESTIMATE_ONLY_inter_question_gaps_unknown
5280ef09-be2c-46b6-92c4-8aa010f2fbef,4b00bcd7-936b-42d2-99b5-c0b8b78272c9,attention,7,10,0.7,116,1,mid,1776330646.0,1776330762.0,2026-04-16 09:12:42.482+00,2026-04-16 09:12:45.91229+00,0,1,1,easy,Oddball Detection,8,5,False,2,2,1,0,5,0.0,5.0,1776330646.0,1776330651.0,ESTIMATE_ONLY_inter_question_gaps_unknown
5280ef09-be2c-46b6-92c4-8aa010f2fbef,4b00bcd7-936b-42d2-99b5-c0b8b78272c9,attention,7,10,0.7,116,1,mid,1776330646.0,1776330762.0,2026-04-16 09:12:42.482+00,2026-04-16 09:12:45.91229+00,1,2,2,easy,Count Target,8,5,False,0,0,1,0,4,10.0,15.0,1776330656.0,1776330661.0,ESTIMATE_ONLY_inter_question_gaps_unknown
5280ef09-be2c-46b6-92c4-8aa010f2fbef,4b00bcd7-936b-42d2-99b5-c0b8b78272c9,attention,7,10,0.7,116,1,mid,1776330646.0,1776330762.0,2026-04-16 09:12:42.482+00,2026-04-16 09:12:45.91229+00,2,3,3,easy,Pattern Break,8,5,False,2,2,1,0,5,19.0,24.0,1776330665.0,1776330670.0,ESTIMATE_ONLY_inter_question_gaps_unknown
5280ef09-be2c-46b6-92c4-8aa010f2fbef,4b00bcd7-936b-42d2-99b5-c0b8b78272c9,attention,7,10,0.7,116,1,mid,1776330646.0,1776330762.0,2026-04-16 09:12:42.482+00,2026-04-16 09:12:45.91229+00,3,4,4,easy,Position Detect,8,5,False,2,1,0,0,6,29.0,34.0,1776330675.0,1776330680.0,ESTIMATE_ONLY_inter_question_gaps_unknown
5280ef09-be2c-46b6-92c4-8aa010f2fbef,4b00bcd7-936b-42d2-99b5-c0b8b78272c9,attention,7,10,0.7,116,1,mid,1776330646.0,1776330762.0,2026-04-16 09:12:42.482+00,2026-04-16 09:12:45.91229+00,4,5,5,medium,Rule Violation,10,6,False,2,2,1,0,9,40.0,46.0,1776330686.0,1776330692.0,ESTIMATE_ONLY_inter_question_gaps_unknown
5280ef09-be2c-46b6-92c4-8aa010f2fbef,4b00bcd7-936b-42d2-99b5-c0b8b78272c9,attention,7,10,0.7,116,1,mid,1776330646.0,1776330762.0,2026-04-16 09:12:42.482+00,2026-04-16 09:12:45.91229+00,5,6,6,medium,Count Target,10,6,False,2,0,0,0,6,55.0,61.0,1776330701.0,1776330707.0,ESTIMATE_ONLY_inter_question_gaps_unknown
5280ef09-be2c-46b6-92c4-8aa010f2fbef,4b00bcd7-936b-42d2-99b5-c0b8b78272c9,attention,7,10,0.7,116,1,mid,1776330646.0,1776330762.0,2026-04-16 09:12:42.482+00,2026-04-16 09:12:45.91229+00,6,7,7,medium,Count Target,10,6,False,2,2,1,0,7,67.0,73.0,1776330713.0,1776330719.0,ESTIMATE_ONLY_inter_question_gaps_unknown
5280ef09-be2c-46b6-92c4-8aa010f2fbef,4b00bcd7-936b-42d2-99b5-c0b8b78272c9,attention,7,10,0.7,116,1,mid,1776330646.0,1776330762.0,2026-04-16 09:12:42.482+00,2026-04-16 09:12:45.91229+00,7,8,8,hard,Count Target,12,7,False,1,2,0,0,4,80.0,87.0,1776330726.0,1776330733.0,ESTIMATE_ONLY_inter_question_gaps_unknown
5280ef09-be2c-46b6-92c4-8aa010f2fbef,4b00bcd7-936b-42d2-99b5-c0b8b78272c9,attention,7,10,0.7,116,1,mid,1776330646.0,1776330762.0,2026-04-16 09:12:42.482+00,2026-04-16 09:12:45.91229+00,8,9,9,hard,Rule Violation,12,7,False,2,2,1,0,8,91.0,98.0,1776330737.0,1776330744.0,ESTIMATE_ONLY_inter_question_gaps_unknown
5280ef09-be2c-46b6-92c4-8aa010f2fbef,4b00bcd7-936b-42d2-99b5-c0b8b78272c9,attention,7,10,0.7,116,1,mid,1776330646.0,1776330762.0,2026-04-16 09:12:42.482+00,2026-04-16 09:12:45.91229+00,9,10,10,hard,Pattern Break,12,7,False,2,2,1,0,6,106.0,113.0,1776330752.0,1776330759.0,ESTIMATE_ONLY_inter_question_gaps_unknown
5399690c-94f0-4dc5-a570-ac0ea7133f9c,8c27a478-52f0-442d-a434-fe798e047585,arithmetic,9,10,0.9,96,1,high,1776939708.0,1776939804.0,2026-04-23 10:23:24.818+00,2026-04-23 10:23:24.905888+00,0,1,1,easy,Addition,15,,False,0,0,1,0,4,0.0,0.0,1776939708.0,1776939708.0,ESTIMATE_ONLY_inter_question_gaps_unknown
5399690c-94f0-4dc5-a570-ac0ea7133f9c,8c27a478-52f0-442d-a434-fe798e047585,arithmetic,9,10,0.9,96,1,high,1776939708.0,1776939804.0,2026-04-23 10:23:24.818+00,2026-04-23 10:23:24.905888+00,1,2,2,easy,Division,15,,False,2,2,1,0,2,4.0,4.0,1776939712.0,1776939712.0,ESTIMATE_ONLY_inter_question_gaps_unknown
5399690c-94f0-4dc5-a570-ac0ea7133f9c,8c27a478-52f0-442d-a434-fe798e047585,arithmetic,9,10,0.9,96,1,high,1776939708.0,1776939804.0,2026-04-23 10:23:24.818+00,2026-04-23 10:23:24.905888+00,2,3,3,easy,Addition,15,,False,0,0,1,0,3,6.0,6.0,1776939714.0,1776939714.0,ESTIMATE_ONLY_inter_question_gaps_unknown
5399690c-94f0-4dc5-a570-ac0ea7133f9c,8c27a478-52f0-442d-a434-fe798e047585,arithmetic,9,10,0.9,96,1,high,1776939708.0,1776939804.0,2026-04-23 10:23:24.818+00,2026-04-23 10:23:24.905888+00,3,4,4,easy,Subtraction,15,,False,0,0,1,0,4,9.0,9.0,1776939717.0,1776939717.0,ESTIMATE_ONLY_inter_question_gaps_unknown
5399690c-94f0-4dc5-a570-ac0ea7133f9c,8c27a478-52f0-442d-a434-fe798e047585,arithmetic,9,10,0.9,96,1,high,1776939708.0,1776939804.0,2026-04-23 10:23:24.818+00,2026-04-23 10:23:24.905888+00,4,5,5,medium,Addition,20,,False,2,2,1,0,7,13.0,13.0,1776939721.0,1776939721.0,ESTIMATE_ONLY_inter_question_gaps_unknown
5399690c-94f0-4dc5-a570-ac0ea7133f9c,8c27a478-52f0-442d-a434-fe798e047585,arithmetic,9,10,0.9,96,1,high,1776939708.0,1776939804.0,2026-04-23 10:23:24.818+00,2026-04-23 10:23:24.905888+00,5,6,6,medium,Multiplication,20,,False,0,0,1,0,4,20.0,20.0,1776939728.0,1776939728.0,ESTIMATE_ONLY_inter_question_gaps_unknown
5399690c-94f0-4dc5-a570-ac0ea7133f9c,8c27a478-52f0-442d-a434-fe798e047585,arithmetic,9,10,0.9,96,1,high,1776939708.0,1776939804.0,2026-04-23 10:23:24.818+00,2026-04-23 10:23:24.905888+00,6,7,7,medium,Division,20,,False,1,1,1,0,5,24.0,24.0,1776939732.0,1776939732.0,ESTIMATE_ONLY_inter_question_gaps_unknown
5399690c-94f0-4dc5-a570-ac0ea7133f9c,8c27a478-52f0-442d-a434-fe798e047585,arithmetic,9,10,0.9,96,1,high,1776939708.0,1776939804.0,2026-04-23 10:23:24.818+00,2026-04-23 10:23:24.905888+00,7,8,8,hard,Percentage,30,,False,2,2,1,0,9,29.0,29.0,1776939737.0,1776939737.0,ESTIMATE_ONLY_inter_question_gaps_unknown
5399690c-94f0-4dc5-a570-ac0ea7133f9c,8c27a478-52f0-442d-a434-fe798e047585,arithmetic,9,10,0.9,96,1,high,1776939708.0,1776939804.0,2026-04-23 10:23:24.818+00,2026-04-23 10:23:24.905888+00,8,9,9,hard,Multiplication,30,,False,0,0,1,0,29,38.0,38.0,1776939746.0,1776939746.0,ESTIMATE_ONLY_inter_question_gaps_unknown
5399690c-94f0-4dc5-a570-ac0ea7133f9c,8c27a478-52f0-442d-a434-fe798e047585,arithmetic,9,10,0.9,96,1,high,1776939708.0,1776939804.0,2026-04-23 10:23:24.818+00,2026-04-23 10:23:24.905888+00,9,10,10,hard,Multi-step,30,,False,,1,0,1,30,67.0,67.0,1776939775.0,1776939775.0,ESTIMATE_ONLY_inter_question_gaps_unknown
5471fd5e-a627-4825-bdc6-dd697f42def3,9c588e1c-b67d-4964-9795-ff4e62e1f292,attention,9,10,0.9,85,1,high,1776581799.0,1776581884.0,2026-04-19 06:58:04.869+00,2026-04-19 06:58:05.708739+00,0,1,1,easy,Oddball Detection,8,5,False,2,2,1,0,3,0.0,5.0,1776581799.0,1776581804.0,ESTIMATE_ONLY_inter_question_gaps_unknown
5471fd5e-a627-4825-bdc6-dd697f42def3,9c588e1c-b67d-4964-9795-ff4e62e1f292,attention,9,10,0.9,85,1,high,1776581799.0,1776581884.0,2026-04-19 06:58:04.869+00,2026-04-19 06:58:05.708739+00,1,2,2,easy,Count Target,8,5,False,0,0,1,0,2,8.0,13.0,1776581807.0,1776581812.0,ESTIMATE_ONLY_inter_question_gaps_unknown
5471fd5e-a627-4825-bdc6-dd697f42def3,9c588e1c-b67d-4964-9795-ff4e62e1f292,attention,9,10,0.9,85,1,high,1776581799.0,1776581884.0,2026-04-19 06:58:04.869+00,2026-04-19 06:58:05.708739+00,2,3,3,easy,Pattern Break,8,5,False,2,2,1,0,4,15.0,20.0,1776581814.0,1776581819.0,ESTIMATE_ONLY_inter_question_gaps_unknown
5471fd5e-a627-4825-bdc6-dd697f42def3,9c588e1c-b67d-4964-9795-ff4e62e1f292,attention,9,10,0.9,85,1,high,1776581799.0,1776581884.0,2026-04-19 06:58:04.869+00,2026-04-19 06:58:05.708739+00,3,4,4,easy,Position Detect,8,5,False,1,1,1,0,3,24.0,29.0,1776581823.0,1776581828.0,ESTIMATE_ONLY_inter_question_gaps_unknown
5471fd5e-a627-4825-bdc6-dd697f42def3,9c588e1c-b67d-4964-9795-ff4e62e1f292,attention,9,10,0.9,85,1,high,1776581799.0,1776581884.0,2026-04-19 06:58:04.869+00,2026-04-19 06:58:05.708739+00,4,5,5,medium,Rule Violation,10,6,False,2,2,1,0,2,32.0,38.0,1776581831.0,1776581837.0,ESTIMATE_ONLY_inter_question_gaps_unknown
5471fd5e-a627-4825-bdc6-dd697f42def3,9c588e1c-b67d-4964-9795-ff4e62e1f292,attention,9,10,0.9,85,1,high,1776581799.0,1776581884.0,2026-04-19 06:58:04.869+00,2026-04-19 06:58:05.708739+00,5,6,6,medium,Count Target,10,6,False,0,0,1,0,5,40.0,46.0,1776581839.0,1776581845.0,ESTIMATE_ONLY_inter_question_gaps_unknown
5471fd5e-a627-4825-bdc6-dd697f42def3,9c588e1c-b67d-4964-9795-ff4e62e1f292,attention,9,10,0.9,85,1,high,1776581799.0,1776581884.0,2026-04-19 06:58:04.869+00,2026-04-19 06:58:05.708739+00,6,7,7,medium,Count Target,10,6,False,2,2,1,0,3,51.0,57.0,1776581850.0,1776581856.0,ESTIMATE_ONLY_inter_question_gaps_unknown
5471fd5e-a627-4825-bdc6-dd697f42def3,9c588e1c-b67d-4964-9795-ff4e62e1f292,attention,9,10,0.9,85,1,high,1776581799.0,1776581884.0,2026-04-19 06:58:04.869+00,2026-04-19 06:58:05.708739+00,7,8,8,hard,Count Target,12,7,False,0,2,0,0,3,60.0,67.0,1776581859.0,1776581866.0,ESTIMATE_ONLY_inter_question_gaps_unknown
5471fd5e-a627-4825-bdc6-dd697f42def3,9c588e1c-b67d-4964-9795-ff4e62e1f292,attention,9,10,0.9,85,1,high,1776581799.0,1776581884.0,2026-04-19 06:58:04.869+00,2026-04-19 06:58:05.708739+00,8,9,9,hard,Rule Violation,12,7,False,2,2,1,0,4,70.0,77.0,1776581869.0,1776581876.0,ESTIMATE_ONLY_inter_question_gaps_unknown
5471fd5e-a627-4825-bdc6-dd697f42def3,9c588e1c-b67d-4964-9795-ff4e62e1f292,attention,9,10,0.9,85,1,high,1776581799.0,1776581884.0,2026-04-19 06:58:04.869+00,2026-04-19 06:58:05.708739+00,9,10,10,hard,Pattern Break,12,7,False,2,2,1,0,3,81.0,88.0,1776581880.0,1776581887.0,ESTIMATE_ONLY_inter_question_gaps_unknown
549480bb-7d99-48b8-8da6-c224c49ffa6a,9c588e1c-b67d-4964-9795-ff4e62e1f292,memory,10,10,1.0,85,1,high,1776581575.0,1776581660.0,2026-04-19 06:54:20.989+00,2026-04-19 06:54:22.021491+00,0,1,1,easy,Digit Recall,10,5,False,0,0,1,0,2,0.0,5.0,1776581575.0,1776581580.0,ESTIMATE_ONLY_inter_question_gaps_unknown
549480bb-7d99-48b8-8da6-c224c49ffa6a,9c588e1c-b67d-4964-9795-ff4e62e1f292,memory,10,10,1.0,85,1,high,1776581575.0,1776581660.0,2026-04-19 06:54:20.989+00,2026-04-19 06:54:22.021491+00,1,2,2,easy,Word Recall,10,5,False,2,2,1,0,2,7.0,12.0,1776581582.0,1776581587.0,ESTIMATE_ONLY_inter_question_gaps_unknown
549480bb-7d99-48b8-8da6-c224c49ffa6a,9c588e1c-b67d-4964-9795-ff4e62e1f292,memory,10,10,1.0,85,1,high,1776581575.0,1776581660.0,2026-04-19 06:54:20.989+00,2026-04-19 06:54:22.021491+00,2,3,3,easy,Digit Recall,10,5,False,1,1,1,0,3,14.0,19.0,1776581589.0,1776581594.0,ESTIMATE_ONLY_inter_question_gaps_unknown
549480bb-7d99-48b8-8da6-c224c49ffa6a,9c588e1c-b67d-4964-9795-ff4e62e1f292,memory,10,10,1.0,85,1,high,1776581575.0,1776581660.0,2026-04-19 06:54:20.989+00,2026-04-19 06:54:22.021491+00,3,4,4,easy,Word Recall,10,5,False,0,0,1,0,2,22.0,27.0,1776581597.0,1776581602.0,ESTIMATE_ONLY_inter_question_gaps_unknown
549480bb-7d99-48b8-8da6-c224c49ffa6a,9c588e1c-b67d-4964-9795-ff4e62e1f292,memory,10,10,1.0,85,1,high,1776581575.0,1776581660.0,2026-04-19 06:54:20.989+00,2026-04-19 06:54:22.021491+00,4,5,5,medium,Digit Recall,12,6,False,0,0,1,0,2,29.0,35.0,1776581604.0,1776581610.0,ESTIMATE_ONLY_inter_question_gaps_unknown
549480bb-7d99-48b8-8da6-c224c49ffa6a,9c588e1c-b67d-4964-9795-ff4e62e1f292,memory,10,10,1.0,85,1,high,1776581575.0,1776581660.0,2026-04-19 06:54:20.989+00,2026-04-19 06:54:22.021491+00,5,6,6,medium,Position Recall,12,6,False,1,1,1,0,3,37.0,43.0,1776581612.0,1776581618.0,ESTIMATE_ONLY_inter_question_gaps_unknown
549480bb-7d99-48b8-8da6-c224c49ffa6a,9c588e1c-b67d-4964-9795-ff4e62e1f292,memory,10,10,1.0,85,1,high,1776581575.0,1776581660.0,2026-04-19 06:54:20.989+00,2026-04-19 06:54:22.021491+00,6,7,7,medium,Position Recall,12,6,False,2,2,1,0,4,46.0,52.0,1776581621.0,1776581627.0,ESTIMATE_ONLY_inter_question_gaps_unknown
549480bb-7d99-48b8-8da6-c224c49ffa6a,9c588e1c-b67d-4964-9795-ff4e62e1f292,memory,10,10,1.0,85,1,high,1776581575.0,1776581660.0,2026-04-19 06:54:20.989+00,2026-04-19 06:54:22.021491+00,7,8,8,hard,Sequence Recall,15,7,False,0,0,1,0,5,56.0,63.0,1776581631.0,1776581638.0,ESTIMATE_ONLY_inter_question_gaps_unknown
549480bb-7d99-48b8-8da6-c224c49ffa6a,9c588e1c-b67d-4964-9795-ff4e62e1f292,memory,10,10,1.0,85,1,high,1776581575.0,1776581660.0,2026-04-19 06:54:20.989+00,2026-04-19 06:54:22.021491+00,8,9,9,hard,Position Recall,15,7,False,1,1,1,0,3,68.0,75.0,1776581643.0,1776581650.0,ESTIMATE_ONLY_inter_question_gaps_unknown
549480bb-7d99-48b8-8da6-c224c49ffa6a,9c588e1c-b67d-4964-9795-ff4e62e1f292,memory,10,10,1.0,85,1,high,1776581575.0,1776581660.0,2026-04-19 06:54:20.989+00,2026-04-19 06:54:22.021491+00,9,10,10,hard,Digit Analysis,15,7,False,2,2,1,0,4,78.0,85.0,1776581653.0,1776581660.0,ESTIMATE_ONLY_inter_question_gaps_unknown
554d2f8b-a0ee-49b4-bbc1-3f21d8b33ed2,d103eb77-fd3d-4b89-83f1-4f34ec8d6123,comprehension,10,10,1.0,187,1,high,1776415789.0,1776415976.0,2026-04-17 08:52:56.154+00,2026-04-17 08:52:57.440178+00,0,1,1,easy,Fact Extraction,25,,True,0,0,1,0,9,0.0,0.0,1776415789.0,1776415789.0,ESTIMATE_ONLY_reading_phase_duration_unknown
554d2f8b-a0ee-49b4-bbc1-3f21d8b33ed2,d103eb77-fd3d-4b89-83f1-4f34ec8d6123,comprehension,10,10,1.0,187,1,high,1776415789.0,1776415976.0,2026-04-17 08:52:56.154+00,2026-04-17 08:52:57.440178+00,1,2,2,medium,Detail Recall,25,,False,0,0,1,0,4,9.0,9.0,1776415798.0,1776415798.0,ESTIMATE_ONLY_inter_question_gaps_unknown
554d2f8b-a0ee-49b4-bbc1-3f21d8b33ed2,d103eb77-fd3d-4b89-83f1-4f34ec8d6123,comprehension,10,10,1.0,187,1,high,1776415789.0,1776415976.0,2026-04-17 08:52:56.154+00,2026-04-17 08:52:57.440178+00,2,3,3,easy,Fact Extraction,25,,False,0,0,1,0,3,13.0,13.0,1776415802.0,1776415802.0,ESTIMATE_ONLY_inter_question_gaps_unknown
554d2f8b-a0ee-49b4-bbc1-3f21d8b33ed2,d103eb77-fd3d-4b89-83f1-4f34ec8d6123,comprehension,10,10,1.0,187,1,high,1776415789.0,1776415976.0,2026-04-17 08:52:56.154+00,2026-04-17 08:52:57.440178+00,3,4,4,medium,Inference,25,,False,1,1,1,0,6,16.0,16.0,1776415805.0,1776415805.0,ESTIMATE_ONLY_inter_question_gaps_unknown
554d2f8b-a0ee-49b4-bbc1-3f21d8b33ed2,d103eb77-fd3d-4b89-83f1-4f34ec8d6123,comprehension,10,10,1.0,187,1,high,1776415789.0,1776415976.0,2026-04-17 08:52:56.154+00,2026-04-17 08:52:57.440178+00,4,5,5,easy,Detail Recall,25,,False,0,0,1,0,5,22.0,22.0,1776415811.0,1776415811.0,ESTIMATE_ONLY_inter_question_gaps_unknown
554d2f8b-a0ee-49b4-bbc1-3f21d8b33ed2,d103eb77-fd3d-4b89-83f1-4f34ec8d6123,comprehension,10,10,1.0,187,1,high,1776415789.0,1776415976.0,2026-04-17 08:52:56.154+00,2026-04-17 08:52:57.440178+00,5,6,6,easy,Fact Extraction,25,,True,1,1,1,0,3,27.0,27.0,1776415816.0,1776415816.0,ESTIMATE_ONLY_reading_phase_duration_unknown
554d2f8b-a0ee-49b4-bbc1-3f21d8b33ed2,d103eb77-fd3d-4b89-83f1-4f34ec8d6123,comprehension,10,10,1.0,187,1,high,1776415789.0,1776415976.0,2026-04-17 08:52:56.154+00,2026-04-17 08:52:57.440178+00,6,7,7,easy,Detail Recall,25,,False,2,2,1,0,3,30.0,30.0,1776415819.0,1776415819.0,ESTIMATE_ONLY_inter_question_gaps_unknown
554d2f8b-a0ee-49b4-bbc1-3f21d8b33ed2,d103eb77-fd3d-4b89-83f1-4f34ec8d6123,comprehension,10,10,1.0,187,1,high,1776415789.0,1776415976.0,2026-04-17 08:52:56.154+00,2026-04-17 08:52:57.440178+00,7,8,8,medium,Detail Recall,25,,False,0,0,1,0,8,33.0,33.0,1776415822.0,1776415822.0,ESTIMATE_ONLY_inter_question_gaps_unknown
554d2f8b-a0ee-49b4-bbc1-3f21d8b33ed2,d103eb77-fd3d-4b89-83f1-4f34ec8d6123,comprehension,10,10,1.0,187,1,high,1776415789.0,1776415976.0,2026-04-17 08:52:56.154+00,2026-04-17 08:52:57.440178+00,8,9,9,medium,Inference,25,,False,1,1,1,0,7,41.0,41.0,1776415830.0,1776415830.0,ESTIMATE_ONLY_inter_question_gaps_unknown
554d2f8b-a0ee-49b4-bbc1-3f21d8b33ed2,d103eb77-fd3d-4b89-83f1-4f34ec8d6123,comprehension,10,10,1.0,187,1,high,1776415789.0,1776415976.0,2026-04-17 08:52:56.154+00,2026-04-17 08:52:57.440178+00,9,10,10,easy,Fact Extraction,25,,False,1,1,1,0,12,48.0,48.0,1776415837.0,1776415837.0,ESTIMATE_ONLY_inter_question_gaps_unknown
55cc481f-e770-48ae-ae17-0e3f3301b0f4,4b00bcd7-936b-42d2-99b5-c0b8b78272c9,attention,7,10,0.7,116,1,mid,1776330641.0,1776330757.0,2026-04-16 09:12:37.641+00,2026-04-16 09:12:45.906358+00,0,1,1,easy,Oddball Detection,8,5,False,2,2,1,0,5,0.0,5.0,1776330641.0,1776330646.0,ESTIMATE_ONLY_inter_question_gaps_unknown
55cc481f-e770-48ae-ae17-0e3f3301b0f4,4b00bcd7-936b-42d2-99b5-c0b8b78272c9,attention,7,10,0.7,116,1,mid,1776330641.0,1776330757.0,2026-04-16 09:12:37.641+00,2026-04-16 09:12:45.906358+00,1,2,2,easy,Count Target,8,5,False,0,0,1,0,4,10.0,15.0,1776330651.0,1776330656.0,ESTIMATE_ONLY_inter_question_gaps_unknown
55cc481f-e770-48ae-ae17-0e3f3301b0f4,4b00bcd7-936b-42d2-99b5-c0b8b78272c9,attention,7,10,0.7,116,1,mid,1776330641.0,1776330757.0,2026-04-16 09:12:37.641+00,2026-04-16 09:12:45.906358+00,2,3,3,easy,Pattern Break,8,5,False,2,2,1,0,5,19.0,24.0,1776330660.0,1776330665.0,ESTIMATE_ONLY_inter_question_gaps_unknown
55cc481f-e770-48ae-ae17-0e3f3301b0f4,4b00bcd7-936b-42d2-99b5-c0b8b78272c9,attention,7,10,0.7,116,1,mid,1776330641.0,1776330757.0,2026-04-16 09:12:37.641+00,2026-04-16 09:12:45.906358+00,3,4,4,easy,Position Detect,8,5,False,2,1,0,0,6,29.0,34.0,1776330670.0,1776330675.0,ESTIMATE_ONLY_inter_question_gaps_unknown
55cc481f-e770-48ae-ae17-0e3f3301b0f4,4b00bcd7-936b-42d2-99b5-c0b8b78272c9,attention,7,10,0.7,116,1,mid,1776330641.0,1776330757.0,2026-04-16 09:12:37.641+00,2026-04-16 09:12:45.906358+00,4,5,5,medium,Rule Violation,10,6,False,2,2,1,0,9,40.0,46.0,1776330681.0,1776330687.0,ESTIMATE_ONLY_inter_question_gaps_unknown
55cc481f-e770-48ae-ae17-0e3f3301b0f4,4b00bcd7-936b-42d2-99b5-c0b8b78272c9,attention,7,10,0.7,116,1,mid,1776330641.0,1776330757.0,2026-04-16 09:12:37.641+00,2026-04-16 09:12:45.906358+00,5,6,6,medium,Count Target,10,6,False,2,0,0,0,6,55.0,61.0,1776330696.0,1776330702.0,ESTIMATE_ONLY_inter_question_gaps_unknown
55cc481f-e770-48ae-ae17-0e3f3301b0f4,4b00bcd7-936b-42d2-99b5-c0b8b78272c9,attention,7,10,0.7,116,1,mid,1776330641.0,1776330757.0,2026-04-16 09:12:37.641+00,2026-04-16 09:12:45.906358+00,6,7,7,medium,Count Target,10,6,False,2,2,1,0,7,67.0,73.0,1776330708.0,1776330714.0,ESTIMATE_ONLY_inter_question_gaps_unknown
55cc481f-e770-48ae-ae17-0e3f3301b0f4,4b00bcd7-936b-42d2-99b5-c0b8b78272c9,attention,7,10,0.7,116,1,mid,1776330641.0,1776330757.0,2026-04-16 09:12:37.641+00,2026-04-16 09:12:45.906358+00,7,8,8,hard,Count Target,12,7,False,1,2,0,0,4,80.0,87.0,1776330721.0,1776330728.0,ESTIMATE_ONLY_inter_question_gaps_unknown
55cc481f-e770-48ae-ae17-0e3f3301b0f4,4b00bcd7-936b-42d2-99b5-c0b8b78272c9,attention,7,10,0.7,116,1,mid,1776330641.0,1776330757.0,2026-04-16 09:12:37.641+00,2026-04-16 09:12:45.906358+00,8,9,9,hard,Rule Violation,12,7,False,2,2,1,0,8,91.0,98.0,1776330732.0,1776330739.0,ESTIMATE_ONLY_inter_question_gaps_unknown
55cc481f-e770-48ae-ae17-0e3f3301b0f4,4b00bcd7-936b-42d2-99b5-c0b8b78272c9,attention,7,10,0.7,116,1,mid,1776330641.0,1776330757.0,2026-04-16 09:12:37.641+00,2026-04-16 09:12:45.906358+00,9,10,10,hard,Pattern Break,12,7,False,2,2,1,0,6,106.0,113.0,1776330747.0,1776330754.0,ESTIMATE_ONLY_inter_question_gaps_unknown
57d7cc08-71d2-45b8-a319-f174d9de5a49,bef21b19-9f14-46fd-983e-519cd076d499,arithmetic,8,10,0.8,78,1,high,1776852111.0,1776852189.0,2026-04-22 10:03:09.154+00,2026-04-22 10:03:10.637299+00,0,1,1,easy,Addition,15,,False,0,0,1,0,3,0.0,0.0,1776852111.0,1776852111.0,ESTIMATE_ONLY_inter_question_gaps_unknown
57d7cc08-71d2-45b8-a319-f174d9de5a49,bef21b19-9f14-46fd-983e-519cd076d499,arithmetic,8,10,0.8,78,1,high,1776852111.0,1776852189.0,2026-04-22 10:03:09.154+00,2026-04-22 10:03:10.637299+00,1,2,2,easy,Division,15,,False,0,2,0,0,5,3.0,3.0,1776852114.0,1776852114.0,ESTIMATE_ONLY_inter_question_gaps_unknown
57d7cc08-71d2-45b8-a319-f174d9de5a49,bef21b19-9f14-46fd-983e-519cd076d499,arithmetic,8,10,0.8,78,1,high,1776852111.0,1776852189.0,2026-04-22 10:03:09.154+00,2026-04-22 10:03:10.637299+00,2,3,3,easy,Addition,15,,False,0,0,1,0,5,8.0,8.0,1776852119.0,1776852119.0,ESTIMATE_ONLY_inter_question_gaps_unknown
57d7cc08-71d2-45b8-a319-f174d9de5a49,bef21b19-9f14-46fd-983e-519cd076d499,arithmetic,8,10,0.8,78,1,high,1776852111.0,1776852189.0,2026-04-22 10:03:09.154+00,2026-04-22 10:03:10.637299+00,3,4,4,easy,Subtraction,15,,False,0,0,1,0,6,13.0,13.0,1776852124.0,1776852124.0,ESTIMATE_ONLY_inter_question_gaps_unknown
57d7cc08-71d2-45b8-a319-f174d9de5a49,bef21b19-9f14-46fd-983e-519cd076d499,arithmetic,8,10,0.8,78,1,high,1776852111.0,1776852189.0,2026-04-22 10:03:09.154+00,2026-04-22 10:03:10.637299+00,4,5,5,medium,Addition,20,,False,2,2,1,0,8,19.0,19.0,1776852130.0,1776852130.0,ESTIMATE_ONLY_inter_question_gaps_unknown
57d7cc08-71d2-45b8-a319-f174d9de5a49,bef21b19-9f14-46fd-983e-519cd076d499,arithmetic,8,10,0.8,78,1,high,1776852111.0,1776852189.0,2026-04-22 10:03:09.154+00,2026-04-22 10:03:10.637299+00,5,6,6,medium,Multiplication,20,,False,0,0,1,0,13,27.0,27.0,1776852138.0,1776852138.0,ESTIMATE_ONLY_inter_question_gaps_unknown
57d7cc08-71d2-45b8-a319-f174d9de5a49,bef21b19-9f14-46fd-983e-519cd076d499,arithmetic,8,10,0.8,78,1,high,1776852111.0,1776852189.0,2026-04-22 10:03:09.154+00,2026-04-22 10:03:10.637299+00,6,7,7,medium,Division,20,,False,1,1,1,0,14,40.0,40.0,1776852151.0,1776852151.0,ESTIMATE_ONLY_inter_question_gaps_unknown
57d7cc08-71d2-45b8-a319-f174d9de5a49,bef21b19-9f14-46fd-983e-519cd076d499,arithmetic,8,10,0.8,78,1,high,1776852111.0,1776852189.0,2026-04-22 10:03:09.154+00,2026-04-22 10:03:10.637299+00,7,8,8,hard,Percentage,30,,False,2,2,1,0,10,54.0,54.0,1776852165.0,1776852165.0,ESTIMATE_ONLY_inter_question_gaps_unknown
57d7cc08-71d2-45b8-a319-f174d9de5a49,bef21b19-9f14-46fd-983e-519cd076d499,arithmetic,8,10,0.8,78,1,high,1776852111.0,1776852189.0,2026-04-22 10:03:09.154+00,2026-04-22 10:03:10.637299+00,8,9,9,hard,Multiplication,30,,False,1,0,0,0,7,64.0,64.0,1776852175.0,1776852175.0,ESTIMATE_ONLY_inter_question_gaps_unknown
57d7cc08-71d2-45b8-a319-f174d9de5a49,bef21b19-9f14-46fd-983e-519cd076d499,arithmetic,8,10,0.8,78,1,high,1776852111.0,1776852189.0,2026-04-22 10:03:09.154+00,2026-04-22 10:03:10.637299+00,9,10,10,hard,Multi-step,30,,False,1,1,1,0,13,71.0,71.0,1776852182.0,1776852182.0,ESTIMATE_ONLY_inter_question_gaps_unknown
59728692-b1d4-41de-9996-128ebcc30d9c,6f2c1a12-a0ec-4367-92f6-b0403cc5b56c,attention,7,10,0.7,93,1,mid,1776583812.0,1776583905.0,2026-04-19 07:31:45.51+00,2026-04-19 07:31:46.239281+00,0,1,1,easy,Oddball Detection,8,5,False,2,2,1,0,3,0.0,5.0,1776583812.0,1776583817.0,ESTIMATE_ONLY_inter_question_gaps_unknown
59728692-b1d4-41de-9996-128ebcc30d9c,6f2c1a12-a0ec-4367-92f6-b0403cc5b56c,attention,7,10,0.7,93,1,mid,1776583812.0,1776583905.0,2026-04-19 07:31:45.51+00,2026-04-19 07:31:46.239281+00,1,2,2,easy,Count Target,8,5,False,0,0,1,0,4,8.0,13.0,1776583820.0,1776583825.0,ESTIMATE_ONLY_inter_question_gaps_unknown
59728692-b1d4-41de-9996-128ebcc30d9c,6f2c1a12-a0ec-4367-92f6-b0403cc5b56c,attention,7,10,0.7,93,1,mid,1776583812.0,1776583905.0,2026-04-19 07:31:45.51+00,2026-04-19 07:31:46.239281+00,2,3,3,easy,Pattern Break,8,5,False,2,2,1,0,4,17.0,22.0,1776583829.0,1776583834.0,ESTIMATE_ONLY_inter_question_gaps_unknown
59728692-b1d4-41de-9996-128ebcc30d9c,6f2c1a12-a0ec-4367-92f6-b0403cc5b56c,attention,7,10,0.7,93,1,mid,1776583812.0,1776583905.0,2026-04-19 07:31:45.51+00,2026-04-19 07:31:46.239281+00,3,4,4,easy,Position Detect,8,5,False,1,1,1,0,6,26.0,31.0,1776583838.0,1776583843.0,ESTIMATE_ONLY_inter_question_gaps_unknown
59728692-b1d4-41de-9996-128ebcc30d9c,6f2c1a12-a0ec-4367-92f6-b0403cc5b56c,attention,7,10,0.7,93,1,mid,1776583812.0,1776583905.0,2026-04-19 07:31:45.51+00,2026-04-19 07:31:46.239281+00,4,5,5,medium,Rule Violation,10,6,False,2,2,1,0,5,37.0,43.0,1776583849.0,1776583855.0,ESTIMATE_ONLY_inter_question_gaps_unknown
59728692-b1d4-41de-9996-128ebcc30d9c,6f2c1a12-a0ec-4367-92f6-b0403cc5b56c,attention,7,10,0.7,93,1,mid,1776583812.0,1776583905.0,2026-04-19 07:31:45.51+00,2026-04-19 07:31:46.239281+00,5,6,6,medium,Count Target,10,6,False,2,0,0,0,3,48.0,54.0,1776583860.0,1776583866.0,ESTIMATE_ONLY_inter_question_gaps_unknown
59728692-b1d4-41de-9996-128ebcc30d9c,6f2c1a12-a0ec-4367-92f6-b0403cc5b56c,attention,7,10,0.7,93,1,mid,1776583812.0,1776583905.0,2026-04-19 07:31:45.51+00,2026-04-19 07:31:46.239281+00,6,7,7,medium,Count Target,10,6,False,2,2,1,0,3,57.0,63.0,1776583869.0,1776583875.0,ESTIMATE_ONLY_inter_question_gaps_unknown
59728692-b1d4-41de-9996-128ebcc30d9c,6f2c1a12-a0ec-4367-92f6-b0403cc5b56c,attention,7,10,0.7,93,1,mid,1776583812.0,1776583905.0,2026-04-19 07:31:45.51+00,2026-04-19 07:31:46.239281+00,7,8,8,hard,Count Target,12,7,False,1,2,0,0,3,66.0,73.0,1776583878.0,1776583885.0,ESTIMATE_ONLY_inter_question_gaps_unknown
59728692-b1d4-41de-9996-128ebcc30d9c,6f2c1a12-a0ec-4367-92f6-b0403cc5b56c,attention,7,10,0.7,93,1,mid,1776583812.0,1776583905.0,2026-04-19 07:31:45.51+00,2026-04-19 07:31:46.239281+00,8,9,9,hard,Rule Violation,12,7,False,2,2,1,0,4,76.0,83.0,1776583888.0,1776583895.0,ESTIMATE_ONLY_inter_question_gaps_unknown
59728692-b1d4-41de-9996-128ebcc30d9c,6f2c1a12-a0ec-4367-92f6-b0403cc5b56c,attention,7,10,0.7,93,1,mid,1776583812.0,1776583905.0,2026-04-19 07:31:45.51+00,2026-04-19 07:31:46.239281+00,9,10,10,hard,Pattern Break,12,7,False,1,2,0,0,4,87.0,94.0,1776583899.0,1776583906.0,ESTIMATE_ONLY_inter_question_gaps_unknown
59b71ec1-9864-40c6-9c43-fb7ec3896999,4b00bcd7-936b-42d2-99b5-c0b8b78272c9,attention,7,10,0.7,116,1,mid,1776330629.0,1776330745.0,2026-04-16 09:12:25.822+00,2026-04-16 09:12:39.333473+00,0,1,1,easy,Oddball Detection,8,5,False,2,2,1,0,5,0.0,5.0,1776330629.0,1776330634.0,ESTIMATE_ONLY_inter_question_gaps_unknown
59b71ec1-9864-40c6-9c43-fb7ec3896999,4b00bcd7-936b-42d2-99b5-c0b8b78272c9,attention,7,10,0.7,116,1,mid,1776330629.0,1776330745.0,2026-04-16 09:12:25.822+00,2026-04-16 09:12:39.333473+00,1,2,2,easy,Count Target,8,5,False,0,0,1,0,4,10.0,15.0,1776330639.0,1776330644.0,ESTIMATE_ONLY_inter_question_gaps_unknown
59b71ec1-9864-40c6-9c43-fb7ec3896999,4b00bcd7-936b-42d2-99b5-c0b8b78272c9,attention,7,10,0.7,116,1,mid,1776330629.0,1776330745.0,2026-04-16 09:12:25.822+00,2026-04-16 09:12:39.333473+00,2,3,3,easy,Pattern Break,8,5,False,2,2,1,0,5,19.0,24.0,1776330648.0,1776330653.0,ESTIMATE_ONLY_inter_question_gaps_unknown
59b71ec1-9864-40c6-9c43-fb7ec3896999,4b00bcd7-936b-42d2-99b5-c0b8b78272c9,attention,7,10,0.7,116,1,mid,1776330629.0,1776330745.0,2026-04-16 09:12:25.822+00,2026-04-16 09:12:39.333473+00,3,4,4,easy,Position Detect,8,5,False,2,1,0,0,6,29.0,34.0,1776330658.0,1776330663.0,ESTIMATE_ONLY_inter_question_gaps_unknown
59b71ec1-9864-40c6-9c43-fb7ec3896999,4b00bcd7-936b-42d2-99b5-c0b8b78272c9,attention,7,10,0.7,116,1,mid,1776330629.0,1776330745.0,2026-04-16 09:12:25.822+00,2026-04-16 09:12:39.333473+00,4,5,5,medium,Rule Violation,10,6,False,2,2,1,0,9,40.0,46.0,1776330669.0,1776330675.0,ESTIMATE_ONLY_inter_question_gaps_unknown
59b71ec1-9864-40c6-9c43-fb7ec3896999,4b00bcd7-936b-42d2-99b5-c0b8b78272c9,attention,7,10,0.7,116,1,mid,1776330629.0,1776330745.0,2026-04-16 09:12:25.822+00,2026-04-16 09:12:39.333473+00,5,6,6,medium,Count Target,10,6,False,2,0,0,0,6,55.0,61.0,1776330684.0,1776330690.0,ESTIMATE_ONLY_inter_question_gaps_unknown
59b71ec1-9864-40c6-9c43-fb7ec3896999,4b00bcd7-936b-42d2-99b5-c0b8b78272c9,attention,7,10,0.7,116,1,mid,1776330629.0,1776330745.0,2026-04-16 09:12:25.822+00,2026-04-16 09:12:39.333473+00,6,7,7,medium,Count Target,10,6,False,2,2,1,0,7,67.0,73.0,1776330696.0,1776330702.0,ESTIMATE_ONLY_inter_question_gaps_unknown
59b71ec1-9864-40c6-9c43-fb7ec3896999,4b00bcd7-936b-42d2-99b5-c0b8b78272c9,attention,7,10,0.7,116,1,mid,1776330629.0,1776330745.0,2026-04-16 09:12:25.822+00,2026-04-16 09:12:39.333473+00,7,8,8,hard,Count Target,12,7,False,1,2,0,0,4,80.0,87.0,1776330709.0,1776330716.0,ESTIMATE_ONLY_inter_question_gaps_unknown
59b71ec1-9864-40c6-9c43-fb7ec3896999,4b00bcd7-936b-42d2-99b5-c0b8b78272c9,attention,7,10,0.7,116,1,mid,1776330629.0,1776330745.0,2026-04-16 09:12:25.822+00,2026-04-16 09:12:39.333473+00,8,9,9,hard,Rule Violation,12,7,False,2,2,1,0,8,91.0,98.0,1776330720.0,1776330727.0,ESTIMATE_ONLY_inter_question_gaps_unknown
59b71ec1-9864-40c6-9c43-fb7ec3896999,4b00bcd7-936b-42d2-99b5-c0b8b78272c9,attention,7,10,0.7,116,1,mid,1776330629.0,1776330745.0,2026-04-16 09:12:25.822+00,2026-04-16 09:12:39.333473+00,9,10,10,hard,Pattern Break,12,7,False,2,2,1,0,6,106.0,113.0,1776330735.0,1776330742.0,ESTIMATE_ONLY_inter_question_gaps_unknown
5a048983-f692-4aa3-808f-ccbc5b0f1721,8c27a478-52f0-442d-a434-fe798e047585,memory,9,10,0.9,83,1,high,1776939900.0,1776939983.0,2026-04-23 10:26:23.463+00,2026-04-23 10:26:23.23629+00,0,1,1,easy,Digit Recall,10,5,False,0,0,1,0,2,0.0,5.0,1776939900.0,1776939905.0,ESTIMATE_ONLY_inter_question_gaps_unknown
5a048983-f692-4aa3-808f-ccbc5b0f1721,8c27a478-52f0-442d-a434-fe798e047585,memory,9,10,0.9,83,1,high,1776939900.0,1776939983.0,2026-04-23 10:26:23.463+00,2026-04-23 10:26:23.23629+00,1,2,2,easy,Word Recall,10,5,False,2,2,1,0,2,7.0,12.0,1776939907.0,1776939912.0,ESTIMATE_ONLY_inter_question_gaps_unknown
5a048983-f692-4aa3-808f-ccbc5b0f1721,8c27a478-52f0-442d-a434-fe798e047585,memory,9,10,0.9,83,1,high,1776939900.0,1776939983.0,2026-04-23 10:26:23.463+00,2026-04-23 10:26:23.23629+00,2,3,3,easy,Digit Recall,10,5,False,1,1,1,0,3,14.0,19.0,1776939914.0,1776939919.0,ESTIMATE_ONLY_inter_question_gaps_unknown
5a048983-f692-4aa3-808f-ccbc5b0f1721,8c27a478-52f0-442d-a434-fe798e047585,memory,9,10,0.9,83,1,high,1776939900.0,1776939983.0,2026-04-23 10:26:23.463+00,2026-04-23 10:26:23.23629+00,3,4,4,easy,Word Recall,10,5,False,0,0,1,0,4,22.0,27.0,1776939922.0,1776939927.0,ESTIMATE_ONLY_inter_question_gaps_unknown
5a048983-f692-4aa3-808f-ccbc5b0f1721,8c27a478-52f0-442d-a434-fe798e047585,memory,9,10,0.9,83,1,high,1776939900.0,1776939983.0,2026-04-23 10:26:23.463+00,2026-04-23 10:26:23.23629+00,4,5,5,medium,Digit Recall,12,6,False,0,0,1,0,2,31.0,37.0,1776939931.0,1776939937.0,ESTIMATE_ONLY_inter_question_gaps_unknown
5a048983-f692-4aa3-808f-ccbc5b0f1721,8c27a478-52f0-442d-a434-fe798e047585,memory,9,10,0.9,83,1,high,1776939900.0,1776939983.0,2026-04-23 10:26:23.463+00,2026-04-23 10:26:23.23629+00,5,6,6,medium,Position Recall,12,6,False,1,1,1,0,2,39.0,45.0,1776939939.0,1776939945.0,ESTIMATE_ONLY_inter_question_gaps_unknown
5a048983-f692-4aa3-808f-ccbc5b0f1721,8c27a478-52f0-442d-a434-fe798e047585,memory,9,10,0.9,83,1,high,1776939900.0,1776939983.0,2026-04-23 10:26:23.463+00,2026-04-23 10:26:23.23629+00,6,7,7,medium,Position Recall,12,6,False,2,2,1,0,3,47.0,53.0,1776939947.0,1776939953.0,ESTIMATE_ONLY_inter_question_gaps_unknown
5a048983-f692-4aa3-808f-ccbc5b0f1721,8c27a478-52f0-442d-a434-fe798e047585,memory,9,10,0.9,83,1,high,1776939900.0,1776939983.0,2026-04-23 10:26:23.463+00,2026-04-23 10:26:23.23629+00,7,8,8,hard,Sequence Recall,15,7,False,0,0,1,0,6,56.0,63.0,1776939956.0,1776939963.0,ESTIMATE_ONLY_inter_question_gaps_unknown
5a048983-f692-4aa3-808f-ccbc5b0f1721,8c27a478-52f0-442d-a434-fe798e047585,memory,9,10,0.9,83,1,high,1776939900.0,1776939983.0,2026-04-23 10:26:23.463+00,2026-04-23 10:26:23.23629+00,8,9,9,hard,Position Recall,15,7,False,1,1,1,0,2,69.0,76.0,1776939969.0,1776939976.0,ESTIMATE_ONLY_inter_question_gaps_unknown
5a048983-f692-4aa3-808f-ccbc5b0f1721,8c27a478-52f0-442d-a434-fe798e047585,memory,9,10,0.9,83,1,high,1776939900.0,1776939983.0,2026-04-23 10:26:23.463+00,2026-04-23 10:26:23.23629+00,9,10,10,hard,Digit Analysis,15,7,False,1,2,0,0,3,78.0,85.0,1776939978.0,1776939985.0,ESTIMATE_ONLY_inter_question_gaps_unknown
5a1de22d-6913-4e82-83d6-393acd767ce9,d103eb77-fd3d-4b89-83f1-4f34ec8d6123,memory,9,10,0.9,99,1,high,1776415665.0,1776415764.0,2026-04-17 08:49:24.495+00,2026-04-17 08:49:25.683103+00,0,1,1,easy,Digit Recall,10,5,False,0,0,1,0,2,0.0,5.0,1776415665.0,1776415670.0,ESTIMATE_ONLY_inter_question_gaps_unknown
5a1de22d-6913-4e82-83d6-393acd767ce9,d103eb77-fd3d-4b89-83f1-4f34ec8d6123,memory,9,10,0.9,99,1,high,1776415665.0,1776415764.0,2026-04-17 08:49:24.495+00,2026-04-17 08:49:25.683103+00,1,2,2,easy,Word Recall,10,5,False,2,2,1,0,3,7.0,12.0,1776415672.0,1776415677.0,ESTIMATE_ONLY_inter_question_gaps_unknown
5a1de22d-6913-4e82-83d6-393acd767ce9,d103eb77-fd3d-4b89-83f1-4f34ec8d6123,memory,9,10,0.9,99,1,high,1776415665.0,1776415764.0,2026-04-17 08:49:24.495+00,2026-04-17 08:49:25.683103+00,2,3,3,easy,Digit Recall,10,5,False,1,1,1,0,3,15.0,20.0,1776415680.0,1776415685.0,ESTIMATE_ONLY_inter_question_gaps_unknown
5a1de22d-6913-4e82-83d6-393acd767ce9,d103eb77-fd3d-4b89-83f1-4f34ec8d6123,memory,9,10,0.9,99,1,high,1776415665.0,1776415764.0,2026-04-17 08:49:24.495+00,2026-04-17 08:49:25.683103+00,3,4,4,easy,Word Recall,10,5,False,0,0,1,0,3,23.0,28.0,1776415688.0,1776415693.0,ESTIMATE_ONLY_inter_question_gaps_unknown
5a1de22d-6913-4e82-83d6-393acd767ce9,d103eb77-fd3d-4b89-83f1-4f34ec8d6123,memory,9,10,0.9,99,1,high,1776415665.0,1776415764.0,2026-04-17 08:49:24.495+00,2026-04-17 08:49:25.683103+00,4,5,5,medium,Digit Recall,12,6,False,0,0,1,0,2,31.0,37.0,1776415696.0,1776415702.0,ESTIMATE_ONLY_inter_question_gaps_unknown
5a1de22d-6913-4e82-83d6-393acd767ce9,d103eb77-fd3d-4b89-83f1-4f34ec8d6123,memory,9,10,0.9,99,1,high,1776415665.0,1776415764.0,2026-04-17 08:49:24.495+00,2026-04-17 08:49:25.683103+00,5,6,6,medium,Position Recall,12,6,False,1,1,1,0,4,39.0,45.0,1776415704.0,1776415710.0,ESTIMATE_ONLY_inter_question_gaps_unknown
5a1de22d-6913-4e82-83d6-393acd767ce9,d103eb77-fd3d-4b89-83f1-4f34ec8d6123,memory,9,10,0.9,99,1,high,1776415665.0,1776415764.0,2026-04-17 08:49:24.495+00,2026-04-17 08:49:25.683103+00,6,7,7,medium,Position Recall,12,6,False,2,2,1,0,4,49.0,55.0,1776415714.0,1776415720.0,ESTIMATE_ONLY_inter_question_gaps_unknown
5a1de22d-6913-4e82-83d6-393acd767ce9,d103eb77-fd3d-4b89-83f1-4f34ec8d6123,memory,9,10,0.9,99,1,high,1776415665.0,1776415764.0,2026-04-17 08:49:24.495+00,2026-04-17 08:49:25.683103+00,7,8,8,hard,Sequence Recall,15,7,False,0,0,1,0,10,59.0,66.0,1776415724.0,1776415731.0,ESTIMATE_ONLY_inter_question_gaps_unknown
5a1de22d-6913-4e82-83d6-393acd767ce9,d103eb77-fd3d-4b89-83f1-4f34ec8d6123,memory,9,10,0.9,99,1,high,1776415665.0,1776415764.0,2026-04-17 08:49:24.495+00,2026-04-17 08:49:25.683103+00,8,9,9,hard,Position Recall,15,7,False,1,1,1,0,3,76.0,83.0,1776415741.0,1776415748.0,ESTIMATE_ONLY_inter_question_gaps_unknown
5a1de22d-6913-4e82-83d6-393acd767ce9,d103eb77-fd3d-4b89-83f1-4f34ec8d6123,memory,9,10,0.9,99,1,high,1776415665.0,1776415764.0,2026-04-17 08:49:24.495+00,2026-04-17 08:49:25.683103+00,9,10,10,hard,Digit Analysis,15,7,False,0,2,0,0,11,86.0,93.0,1776415751.0,1776415758.0,ESTIMATE_ONLY_inter_question_gaps_unknown
5a5c5d08-eb91-4cf2-a356-825aff650aa7,69c167cf-2224-4a55-adef-a54aa83f75c5,arithmetic,8,10,0.8,91,1,high,1776919307.0,1776919398.0,2026-04-23 04:43:18.194+00,2026-04-23 04:43:19.07013+00,0,1,1,easy,Addition,15,,False,0,0,1,0,4,0.0,0.0,1776919307.0,1776919307.0,ESTIMATE_ONLY_inter_question_gaps_unknown
5a5c5d08-eb91-4cf2-a356-825aff650aa7,69c167cf-2224-4a55-adef-a54aa83f75c5,arithmetic,8,10,0.8,91,1,high,1776919307.0,1776919398.0,2026-04-23 04:43:18.194+00,2026-04-23 04:43:19.07013+00,1,2,2,easy,Division,15,,False,2,2,1,0,3,4.0,4.0,1776919311.0,1776919311.0,ESTIMATE_ONLY_inter_question_gaps_unknown
5a5c5d08-eb91-4cf2-a356-825aff650aa7,69c167cf-2224-4a55-adef-a54aa83f75c5,arithmetic,8,10,0.8,91,1,high,1776919307.0,1776919398.0,2026-04-23 04:43:18.194+00,2026-04-23 04:43:19.07013+00,2,3,3,easy,Addition,15,,False,0,0,1,0,6,7.0,7.0,1776919314.0,1776919314.0,ESTIMATE_ONLY_inter_question_gaps_unknown
5a5c5d08-eb91-4cf2-a356-825aff650aa7,69c167cf-2224-4a55-adef-a54aa83f75c5,arithmetic,8,10,0.8,91,1,high,1776919307.0,1776919398.0,2026-04-23 04:43:18.194+00,2026-04-23 04:43:19.07013+00,3,4,4,easy,Subtraction,15,,False,0,0,1,0,6,13.0,13.0,1776919320.0,1776919320.0,ESTIMATE_ONLY_inter_question_gaps_unknown
5a5c5d08-eb91-4cf2-a356-825aff650aa7,69c167cf-2224-4a55-adef-a54aa83f75c5,arithmetic,8,10,0.8,91,1,high,1776919307.0,1776919398.0,2026-04-23 04:43:18.194+00,2026-04-23 04:43:19.07013+00,4,5,5,medium,Addition,20,,False,2,2,1,0,17,19.0,19.0,1776919326.0,1776919326.0,ESTIMATE_ONLY_inter_question_gaps_unknown
5a5c5d08-eb91-4cf2-a356-825aff650aa7,69c167cf-2224-4a55-adef-a54aa83f75c5,arithmetic,8,10,0.8,91,1,high,1776919307.0,1776919398.0,2026-04-23 04:43:18.194+00,2026-04-23 04:43:19.07013+00,5,6,6,medium,Multiplication,20,,False,0,0,1,0,6,36.0,36.0,1776919343.0,1776919343.0,ESTIMATE_ONLY_inter_question_gaps_unknown
5a5c5d08-eb91-4cf2-a356-825aff650aa7,69c167cf-2224-4a55-adef-a54aa83f75c5,arithmetic,8,10,0.8,91,1,high,1776919307.0,1776919398.0,2026-04-23 04:43:18.194+00,2026-04-23 04:43:19.07013+00,6,7,7,medium,Division,20,,False,2,1,0,0,7,42.0,42.0,1776919349.0,1776919349.0,ESTIMATE_ONLY_inter_question_gaps_unknown
5a5c5d08-eb91-4cf2-a356-825aff650aa7,69c167cf-2224-4a55-adef-a54aa83f75c5,arithmetic,8,10,0.8,91,1,high,1776919307.0,1776919398.0,2026-04-23 04:43:18.194+00,2026-04-23 04:43:19.07013+00,7,8,8,hard,Percentage,30,,False,2,2,1,0,9,49.0,49.0,1776919356.0,1776919356.0,ESTIMATE_ONLY_inter_question_gaps_unknown
5a5c5d08-eb91-4cf2-a356-825aff650aa7,69c167cf-2224-4a55-adef-a54aa83f75c5,arithmetic,8,10,0.8,91,1,high,1776919307.0,1776919398.0,2026-04-23 04:43:18.194+00,2026-04-23 04:43:19.07013+00,8,9,9,hard,Multiplication,30,,False,1,0,0,0,12,58.0,58.0,1776919365.0,1776919365.0,ESTIMATE_ONLY_inter_question_gaps_unknown
5a5c5d08-eb91-4cf2-a356-825aff650aa7,69c167cf-2224-4a55-adef-a54aa83f75c5,arithmetic,8,10,0.8,91,1,high,1776919307.0,1776919398.0,2026-04-23 04:43:18.194+00,2026-04-23 04:43:19.07013+00,9,10,10,hard,Multi-step,30,,False,1,1,1,0,28,70.0,70.0,1776919377.0,1776919377.0,ESTIMATE_ONLY_inter_question_gaps_unknown
5b7d76ff-6f51-48d6-a010-4fa6709afa51,6d998d08-a10e-4432-b8a1-84e619128b08,arithmetic,7,10,0.7,69,1,mid,1777260640.0,1777260709.0,2026-04-27 03:31:49.37+00,2026-04-27 03:31:51.209862+00,0,1,1,easy,Addition,15,,False,0,0,1,0,5,0.0,0.0,1777260640.0,1777260640.0,ESTIMATE_ONLY_inter_question_gaps_unknown
5b7d76ff-6f51-48d6-a010-4fa6709afa51,6d998d08-a10e-4432-b8a1-84e619128b08,arithmetic,7,10,0.7,69,1,mid,1777260640.0,1777260709.0,2026-04-27 03:31:49.37+00,2026-04-27 03:31:51.209862+00,1,2,2,easy,Division,15,,False,2,2,1,0,3,5.0,5.0,1777260645.0,1777260645.0,ESTIMATE_ONLY_inter_question_gaps_unknown
5b7d76ff-6f51-48d6-a010-4fa6709afa51,6d998d08-a10e-4432-b8a1-84e619128b08,arithmetic,7,10,0.7,69,1,mid,1777260640.0,1777260709.0,2026-04-27 03:31:49.37+00,2026-04-27 03:31:51.209862+00,2,3,3,easy,Addition,15,,False,0,0,1,0,6,8.0,8.0,1777260648.0,1777260648.0,ESTIMATE_ONLY_inter_question_gaps_unknown
5b7d76ff-6f51-48d6-a010-4fa6709afa51,6d998d08-a10e-4432-b8a1-84e619128b08,arithmetic,7,10,0.7,69,1,mid,1777260640.0,1777260709.0,2026-04-27 03:31:49.37+00,2026-04-27 03:31:51.209862+00,3,4,4,easy,Subtraction,15,,False,0,0,1,0,6,14.0,14.0,1777260654.0,1777260654.0,ESTIMATE_ONLY_inter_question_gaps_unknown
5b7d76ff-6f51-48d6-a010-4fa6709afa51,6d998d08-a10e-4432-b8a1-84e619128b08,arithmetic,7,10,0.7,69,1,mid,1777260640.0,1777260709.0,2026-04-27 03:31:49.37+00,2026-04-27 03:31:51.209862+00,4,5,5,medium,Addition,20,,False,2,2,1,0,13,20.0,20.0,1777260660.0,1777260660.0,ESTIMATE_ONLY_inter_question_gaps_unknown
5b7d76ff-6f51-48d6-a010-4fa6709afa51,6d998d08-a10e-4432-b8a1-84e619128b08,arithmetic,7,10,0.7,69,1,mid,1777260640.0,1777260709.0,2026-04-27 03:31:49.37+00,2026-04-27 03:31:51.209862+00,5,6,6,medium,Multiplication,20,,False,1,0,0,0,7,33.0,33.0,1777260673.0,1777260673.0,ESTIMATE_ONLY_inter_question_gaps_unknown
5b7d76ff-6f51-48d6-a010-4fa6709afa51,6d998d08-a10e-4432-b8a1-84e619128b08,arithmetic,7,10,0.7,69,1,mid,1777260640.0,1777260709.0,2026-04-27 03:31:49.37+00,2026-04-27 03:31:51.209862+00,6,7,7,medium,Division,20,,False,0,1,0,0,8,40.0,40.0,1777260680.0,1777260680.0,ESTIMATE_ONLY_inter_question_gaps_unknown
5b7d76ff-6f51-48d6-a010-4fa6709afa51,6d998d08-a10e-4432-b8a1-84e619128b08,arithmetic,7,10,0.7,69,1,mid,1777260640.0,1777260709.0,2026-04-27 03:31:49.37+00,2026-04-27 03:31:51.209862+00,7,8,8,hard,Percentage,30,,False,0,2,0,0,8,48.0,48.0,1777260688.0,1777260688.0,ESTIMATE_ONLY_inter_question_gaps_unknown
5b7d76ff-6f51-48d6-a010-4fa6709afa51,6d998d08-a10e-4432-b8a1-84e619128b08,arithmetic,7,10,0.7,69,1,mid,1777260640.0,1777260709.0,2026-04-27 03:31:49.37+00,2026-04-27 03:31:51.209862+00,8,9,9,hard,Multiplication,30,,False,0,0,1,0,12,56.0,56.0,1777260696.0,1777260696.0,ESTIMATE_ONLY_inter_question_gaps_unknown
5b7d76ff-6f51-48d6-a010-4fa6709afa51,6d998d08-a10e-4432-b8a1-84e619128b08,arithmetic,7,10,0.7,69,1,mid,1777260640.0,1777260709.0,2026-04-27 03:31:49.37+00,2026-04-27 03:31:51.209862+00,9,10,10,hard,Multi-step,30,,False,1,1,1,0,7,68.0,68.0,1777260708.0,1777260708.0,ESTIMATE_ONLY_inter_question_gaps_unknown
5c2dcb40-0601-4865-868c-505d6783be96,e1f19955-0fdb-4bdd-9131-707c165021f0,pattern,4,10,0.4,81,0,low,1776761054.0,1776761135.0,2026-04-21 08:45:35.516+00,2026-04-21 08:45:36.217276+00,0,1,1,easy,Arithmetic Sequence,15,,False,2,2,1,0,7,0.0,0.0,1776761054.0,1776761054.0,ESTIMATE_ONLY_inter_question_gaps_unknown
5c2dcb40-0601-4865-868c-505d6783be96,e1f19955-0fdb-4bdd-9131-707c165021f0,pattern,4,10,0.4,81,0,low,1776761054.0,1776761135.0,2026-04-21 08:45:35.516+00,2026-04-21 08:45:36.217276+00,1,2,2,easy,Arithmetic Sequence,15,,False,0,0,1,0,3,7.0,7.0,1776761061.0,1776761061.0,ESTIMATE_ONLY_inter_question_gaps_unknown
5c2dcb40-0601-4865-868c-505d6783be96,e1f19955-0fdb-4bdd-9131-707c165021f0,pattern,4,10,0.4,81,0,low,1776761054.0,1776761135.0,2026-04-21 08:45:35.516+00,2026-04-21 08:45:36.217276+00,2,3,3,easy,Odd Numbers,15,,False,1,1,1,0,7,10.0,10.0,1776761064.0,1776761064.0,ESTIMATE_ONLY_inter_question_gaps_unknown
5c2dcb40-0601-4865-868c-505d6783be96,e1f19955-0fdb-4bdd-9131-707c165021f0,pattern,4,10,0.4,81,0,low,1776761054.0,1776761135.0,2026-04-21 08:45:35.516+00,2026-04-21 08:45:36.217276+00,3,4,4,easy,Decreasing Sequence,15,,False,2,2,1,0,6,17.0,17.0,1776761071.0,1776761071.0,ESTIMATE_ONLY_inter_question_gaps_unknown
5c2dcb40-0601-4865-868c-505d6783be96,e1f19955-0fdb-4bdd-9131-707c165021f0,pattern,4,10,0.4,81,0,low,1776761054.0,1776761135.0,2026-04-21 08:45:35.516+00,2026-04-21 08:45:36.217276+00,4,5,5,medium,Perfect Squares,20,,False,0,2,0,0,7,23.0,23.0,1776761077.0,1776761077.0,ESTIMATE_ONLY_inter_question_gaps_unknown
5c2dcb40-0601-4865-868c-505d6783be96,e1f19955-0fdb-4bdd-9131-707c165021f0,pattern,4,10,0.4,81,0,low,1776761054.0,1776761135.0,2026-04-21 08:45:35.516+00,2026-04-21 08:45:36.217276+00,5,6,6,medium,Fibonacci,20,,False,0,1,0,0,6,30.0,30.0,1776761084.0,1776761084.0,ESTIMATE_ONLY_inter_question_gaps_unknown
5c2dcb40-0601-4865-868c-505d6783be96,e1f19955-0fdb-4bdd-9131-707c165021f0,pattern,4,10,0.4,81,0,low,1776761054.0,1776761135.0,2026-04-21 08:45:35.516+00,2026-04-21 08:45:36.217276+00,6,7,7,medium,Perfect Cubes,20,,False,0,2,0,0,8,36.0,36.0,1776761090.0,1776761090.0,ESTIMATE_ONLY_inter_question_gaps_unknown
5c2dcb40-0601-4865-868c-505d6783be96,e1f19955-0fdb-4bdd-9131-707c165021f0,pattern,4,10,0.4,81,0,low,1776761054.0,1776761135.0,2026-04-21 08:45:35.516+00,2026-04-21 08:45:36.217276+00,7,8,8,hard,Triangular Differences,30,,False,0,2,0,0,12,44.0,44.0,1776761098.0,1776761098.0,ESTIMATE_ONLY_inter_question_gaps_unknown
5c2dcb40-0601-4865-868c-505d6783be96,e1f19955-0fdb-4bdd-9131-707c165021f0,pattern,4,10,0.4,81,0,low,1776761054.0,1776761135.0,2026-04-21 08:45:35.516+00,2026-04-21 08:45:36.217276+00,8,9,9,hard,Squares,30,,False,1,0,0,0,7,56.0,56.0,1776761110.0,1776761110.0,ESTIMATE_ONLY_inter_question_gaps_unknown
5c2dcb40-0601-4865-868c-505d6783be96,e1f19955-0fdb-4bdd-9131-707c165021f0,pattern,4,10,0.4,81,0,low,1776761054.0,1776761135.0,2026-04-21 08:45:35.516+00,2026-04-21 08:45:36.217276+00,9,10,10,hard,n(n+1),30,,False,1,0,0,0,25,63.0,63.0,1776761117.0,1776761117.0,ESTIMATE_ONLY_inter_question_gaps_unknown
5c6a24d5-b160-46d4-b9f4-3d5dcf2e3986,a32edb5b-8092-4f01-add0-35bbaf8e88b3,comprehension,8,10,0.8,71,1,high,1777006272.0,1777006343.0,2026-04-24 04:52:23.178+00,2026-04-24 04:52:23.821277+00,0,1,1,easy,Fact Extraction,25,,True,2,0,0,0,8,0.0,0.0,1777006272.0,1777006272.0,ESTIMATE_ONLY_reading_phase_duration_unknown
5c6a24d5-b160-46d4-b9f4-3d5dcf2e3986,a32edb5b-8092-4f01-add0-35bbaf8e88b3,comprehension,8,10,0.8,71,1,high,1777006272.0,1777006343.0,2026-04-24 04:52:23.178+00,2026-04-24 04:52:23.821277+00,1,2,2,medium,Detail Recall,25,,False,0,0,1,0,7,8.0,8.0,1777006280.0,1777006280.0,ESTIMATE_ONLY_inter_question_gaps_unknown
5c6a24d5-b160-46d4-b9f4-3d5dcf2e3986,a32edb5b-8092-4f01-add0-35bbaf8e88b3,comprehension,8,10,0.8,71,1,high,1777006272.0,1777006343.0,2026-04-24 04:52:23.178+00,2026-04-24 04:52:23.821277+00,2,3,3,easy,Fact Extraction,25,,False,0,0,1,0,4,15.0,15.0,1777006287.0,1777006287.0,ESTIMATE_ONLY_inter_question_gaps_unknown
5c6a24d5-b160-46d4-b9f4-3d5dcf2e3986,a32edb5b-8092-4f01-add0-35bbaf8e88b3,comprehension,8,10,0.8,71,1,high,1777006272.0,1777006343.0,2026-04-24 04:52:23.178+00,2026-04-24 04:52:23.821277+00,3,4,4,medium,Inference,25,,False,1,1,1,0,10,19.0,19.0,1777006291.0,1777006291.0,ESTIMATE_ONLY_inter_question_gaps_unknown
5c6a24d5-b160-46d4-b9f4-3d5dcf2e3986,a32edb5b-8092-4f01-add0-35bbaf8e88b3,comprehension,8,10,0.8,71,1,high,1777006272.0,1777006343.0,2026-04-24 04:52:23.178+00,2026-04-24 04:52:23.821277+00,4,5,5,easy,Detail Recall,25,,False,0,0,1,0,15,29.0,29.0,1777006301.0,1777006301.0,ESTIMATE_ONLY_inter_question_gaps_unknown
5c6a24d5-b160-46d4-b9f4-3d5dcf2e3986,a32edb5b-8092-4f01-add0-35bbaf8e88b3,comprehension,8,10,0.8,71,1,high,1777006272.0,1777006343.0,2026-04-24 04:52:23.178+00,2026-04-24 04:52:23.821277+00,5,6,6,easy,Fact Extraction,25,,True,0,1,0,0,4,44.0,44.0,1777006316.0,1777006316.0,ESTIMATE_ONLY_reading_phase_duration_unknown
5c6a24d5-b160-46d4-b9f4-3d5dcf2e3986,a32edb5b-8092-4f01-add0-35bbaf8e88b3,comprehension,8,10,0.8,71,1,high,1777006272.0,1777006343.0,2026-04-24 04:52:23.178+00,2026-04-24 04:52:23.821277+00,6,7,7,easy,Detail Recall,25,,False,2,2,1,0,4,48.0,48.0,1777006320.0,1777006320.0,ESTIMATE_ONLY_inter_question_gaps_unknown
5c6a24d5-b160-46d4-b9f4-3d5dcf2e3986,a32edb5b-8092-4f01-add0-35bbaf8e88b3,comprehension,8,10,0.8,71,1,high,1777006272.0,1777006343.0,2026-04-24 04:52:23.178+00,2026-04-24 04:52:23.821277+00,7,8,8,medium,Detail Recall,25,,False,0,0,1,0,9,52.0,52.0,1777006324.0,1777006324.0,ESTIMATE_ONLY_inter_question_gaps_unknown
5c6a24d5-b160-46d4-b9f4-3d5dcf2e3986,a32edb5b-8092-4f01-add0-35bbaf8e88b3,comprehension,8,10,0.8,71,1,high,1777006272.0,1777006343.0,2026-04-24 04:52:23.178+00,2026-04-24 04:52:23.821277+00,8,9,9,medium,Inference,25,,False,1,1,1,0,10,61.0,61.0,1777006333.0,1777006333.0,ESTIMATE_ONLY_inter_question_gaps_unknown
5c6a24d5-b160-46d4-b9f4-3d5dcf2e3986,a32edb5b-8092-4f01-add0-35bbaf8e88b3,comprehension,8,10,0.8,71,1,high,1777006272.0,1777006343.0,2026-04-24 04:52:23.178+00,2026-04-24 04:52:23.821277+00,9,10,10,easy,Fact Extraction,25,,False,1,1,1,0,5,71.0,71.0,1777006343.0,1777006343.0,ESTIMATE_ONLY_inter_question_gaps_unknown
5d3e3c2c-e16d-4769-9f06-7e31739e1a9a,4b00bcd7-936b-42d2-99b5-c0b8b78272c9,attention,7,10,0.7,116,1,mid,1776330641.0,1776330757.0,2026-04-16 09:12:37.093+00,2026-04-16 09:12:44.883459+00,0,1,1,easy,Oddball Detection,8,5,False,2,2,1,0,5,0.0,5.0,1776330641.0,1776330646.0,ESTIMATE_ONLY_inter_question_gaps_unknown
5d3e3c2c-e16d-4769-9f06-7e31739e1a9a,4b00bcd7-936b-42d2-99b5-c0b8b78272c9,attention,7,10,0.7,116,1,mid,1776330641.0,1776330757.0,2026-04-16 09:12:37.093+00,2026-04-16 09:12:44.883459+00,1,2,2,easy,Count Target,8,5,False,0,0,1,0,4,10.0,15.0,1776330651.0,1776330656.0,ESTIMATE_ONLY_inter_question_gaps_unknown
5d3e3c2c-e16d-4769-9f06-7e31739e1a9a,4b00bcd7-936b-42d2-99b5-c0b8b78272c9,attention,7,10,0.7,116,1,mid,1776330641.0,1776330757.0,2026-04-16 09:12:37.093+00,2026-04-16 09:12:44.883459+00,2,3,3,easy,Pattern Break,8,5,False,2,2,1,0,5,19.0,24.0,1776330660.0,1776330665.0,ESTIMATE_ONLY_inter_question_gaps_unknown
5d3e3c2c-e16d-4769-9f06-7e31739e1a9a,4b00bcd7-936b-42d2-99b5-c0b8b78272c9,attention,7,10,0.7,116,1,mid,1776330641.0,1776330757.0,2026-04-16 09:12:37.093+00,2026-04-16 09:12:44.883459+00,3,4,4,easy,Position Detect,8,5,False,2,1,0,0,6,29.0,34.0,1776330670.0,1776330675.0,ESTIMATE_ONLY_inter_question_gaps_unknown
5d3e3c2c-e16d-4769-9f06-7e31739e1a9a,4b00bcd7-936b-42d2-99b5-c0b8b78272c9,attention,7,10,0.7,116,1,mid,1776330641.0,1776330757.0,2026-04-16 09:12:37.093+00,2026-04-16 09:12:44.883459+00,4,5,5,medium,Rule Violation,10,6,False,2,2,1,0,9,40.0,46.0,1776330681.0,1776330687.0,ESTIMATE_ONLY_inter_question_gaps_unknown
5d3e3c2c-e16d-4769-9f06-7e31739e1a9a,4b00bcd7-936b-42d2-99b5-c0b8b78272c9,attention,7,10,0.7,116,1,mid,1776330641.0,1776330757.0,2026-04-16 09:12:37.093+00,2026-04-16 09:12:44.883459+00,5,6,6,medium,Count Target,10,6,False,2,0,0,0,6,55.0,61.0,1776330696.0,1776330702.0,ESTIMATE_ONLY_inter_question_gaps_unknown
5d3e3c2c-e16d-4769-9f06-7e31739e1a9a,4b00bcd7-936b-42d2-99b5-c0b8b78272c9,attention,7,10,0.7,116,1,mid,1776330641.0,1776330757.0,2026-04-16 09:12:37.093+00,2026-04-16 09:12:44.883459+00,6,7,7,medium,Count Target,10,6,False,2,2,1,0,7,67.0,73.0,1776330708.0,1776330714.0,ESTIMATE_ONLY_inter_question_gaps_unknown
5d3e3c2c-e16d-4769-9f06-7e31739e1a9a,4b00bcd7-936b-42d2-99b5-c0b8b78272c9,attention,7,10,0.7,116,1,mid,1776330641.0,1776330757.0,2026-04-16 09:12:37.093+00,2026-04-16 09:12:44.883459+00,7,8,8,hard,Count Target,12,7,False,1,2,0,0,4,80.0,87.0,1776330721.0,1776330728.0,ESTIMATE_ONLY_inter_question_gaps_unknown
5d3e3c2c-e16d-4769-9f06-7e31739e1a9a,4b00bcd7-936b-42d2-99b5-c0b8b78272c9,attention,7,10,0.7,116,1,mid,1776330641.0,1776330757.0,2026-04-16 09:12:37.093+00,2026-04-16 09:12:44.883459+00,8,9,9,hard,Rule Violation,12,7,False,2,2,1,0,8,91.0,98.0,1776330732.0,1776330739.0,ESTIMATE_ONLY_inter_question_gaps_unknown
5d3e3c2c-e16d-4769-9f06-7e31739e1a9a,4b00bcd7-936b-42d2-99b5-c0b8b78272c9,attention,7,10,0.7,116,1,mid,1776330641.0,1776330757.0,2026-04-16 09:12:37.093+00,2026-04-16 09:12:44.883459+00,9,10,10,hard,Pattern Break,12,7,False,2,2,1,0,6,106.0,113.0,1776330747.0,1776330754.0,ESTIMATE_ONLY_inter_question_gaps_unknown
5d71daed-41b1-44dd-90a4-e8d318bf3949,ad1b69f4-c7df-4d3a-bc43-55840a73478f,arithmetic,4,10,0.4,80,0,low,1777459162.0,1777459242.0,2026-04-29 10:40:42.334+00,2026-04-29 10:40:43.228947+00,0,1,1,easy,Addition,15,,False,0,0,1,0,6,0.0,0.0,1777459162.0,1777459162.0,ESTIMATE_ONLY_inter_question_gaps_unknown
5d71daed-41b1-44dd-90a4-e8d318bf3949,ad1b69f4-c7df-4d3a-bc43-55840a73478f,arithmetic,4,10,0.4,80,0,low,1777459162.0,1777459242.0,2026-04-29 10:40:42.334+00,2026-04-29 10:40:43.228947+00,1,2,2,easy,Division,15,,False,2,2,1,0,5,6.0,6.0,1777459168.0,1777459168.0,ESTIMATE_ONLY_inter_question_gaps_unknown
5d71daed-41b1-44dd-90a4-e8d318bf3949,ad1b69f4-c7df-4d3a-bc43-55840a73478f,arithmetic,4,10,0.4,80,0,low,1777459162.0,1777459242.0,2026-04-29 10:40:42.334+00,2026-04-29 10:40:43.228947+00,2,3,3,easy,Addition,15,,False,0,0,1,0,6,11.0,11.0,1777459173.0,1777459173.0,ESTIMATE_ONLY_inter_question_gaps_unknown
5d71daed-41b1-44dd-90a4-e8d318bf3949,ad1b69f4-c7df-4d3a-bc43-55840a73478f,arithmetic,4,10,0.4,80,0,low,1777459162.0,1777459242.0,2026-04-29 10:40:42.334+00,2026-04-29 10:40:43.228947+00,3,4,4,easy,Subtraction,15,,False,2,0,0,0,3,17.0,17.0,1777459179.0,1777459179.0,ESTIMATE_ONLY_inter_question_gaps_unknown
5d71daed-41b1-44dd-90a4-e8d318bf3949,ad1b69f4-c7df-4d3a-bc43-55840a73478f,arithmetic,4,10,0.4,80,0,low,1777459162.0,1777459242.0,2026-04-29 10:40:42.334+00,2026-04-29 10:40:43.228947+00,4,5,5,medium,Addition,20,,False,0,2,0,0,8,20.0,20.0,1777459182.0,1777459182.0,ESTIMATE_ONLY_inter_question_gaps_unknown
5d71daed-41b1-44dd-90a4-e8d318bf3949,ad1b69f4-c7df-4d3a-bc43-55840a73478f,arithmetic,4,10,0.4,80,0,low,1777459162.0,1777459242.0,2026-04-29 10:40:42.334+00,2026-04-29 10:40:43.228947+00,5,6,6,medium,Multiplication,20,,False,1,0,0,0,6,28.0,28.0,1777459190.0,1777459190.0,ESTIMATE_ONLY_inter_question_gaps_unknown
5d71daed-41b1-44dd-90a4-e8d318bf3949,ad1b69f4-c7df-4d3a-bc43-55840a73478f,arithmetic,4,10,0.4,80,0,low,1777459162.0,1777459242.0,2026-04-29 10:40:42.334+00,2026-04-29 10:40:43.228947+00,6,7,7,medium,Division,20,,False,0,1,0,0,8,34.0,34.0,1777459196.0,1777459196.0,ESTIMATE_ONLY_inter_question_gaps_unknown
5d71daed-41b1-44dd-90a4-e8d318bf3949,ad1b69f4-c7df-4d3a-bc43-55840a73478f,arithmetic,4,10,0.4,80,0,low,1777459162.0,1777459242.0,2026-04-29 10:40:42.334+00,2026-04-29 10:40:43.228947+00,7,8,8,hard,Percentage,30,,False,1,2,0,0,13,42.0,42.0,1777459204.0,1777459204.0,ESTIMATE_ONLY_inter_question_gaps_unknown
5d71daed-41b1-44dd-90a4-e8d318bf3949,ad1b69f4-c7df-4d3a-bc43-55840a73478f,arithmetic,4,10,0.4,80,0,low,1777459162.0,1777459242.0,2026-04-29 10:40:42.334+00,2026-04-29 10:40:43.228947+00,8,9,9,hard,Multiplication,30,,False,0,0,1,0,18,55.0,55.0,1777459217.0,1777459217.0,ESTIMATE_ONLY_inter_question_gaps_unknown
5d71daed-41b1-44dd-90a4-e8d318bf3949,ad1b69f4-c7df-4d3a-bc43-55840a73478f,arithmetic,4,10,0.4,80,0,low,1777459162.0,1777459242.0,2026-04-29 10:40:42.334+00,2026-04-29 10:40:43.228947+00,9,10,10,hard,Multi-step,30,,False,0,1,0,0,15,73.0,73.0,1777459235.0,1777459235.0,ESTIMATE_ONLY_inter_question_gaps_unknown
606bf71d-e5ca-4bdc-b683-3857cdb7ee52,fed10af2-13dd-4f5a-9910-0c156c024547,comprehension,10,10,1.0,64,1,high,1776941299.0,1776941363.0,2026-04-23 10:49:23.2+00,2026-04-23 10:49:22.956287+00,0,1,1,easy,Fact Extraction,25,,True,0,0,1,0,3,0.0,0.0,1776941299.0,1776941299.0,ESTIMATE_ONLY_reading_phase_duration_unknown
606bf71d-e5ca-4bdc-b683-3857cdb7ee52,fed10af2-13dd-4f5a-9910-0c156c024547,comprehension,10,10,1.0,64,1,high,1776941299.0,1776941363.0,2026-04-23 10:49:23.2+00,2026-04-23 10:49:22.956287+00,1,2,2,medium,Detail Recall,25,,False,0,0,1,0,3,3.0,3.0,1776941302.0,1776941302.0,ESTIMATE_ONLY_inter_question_gaps_unknown
606bf71d-e5ca-4bdc-b683-3857cdb7ee52,fed10af2-13dd-4f5a-9910-0c156c024547,comprehension,10,10,1.0,64,1,high,1776941299.0,1776941363.0,2026-04-23 10:49:23.2+00,2026-04-23 10:49:22.956287+00,2,3,3,easy,Fact Extraction,25,,False,0,0,1,0,2,6.0,6.0,1776941305.0,1776941305.0,ESTIMATE_ONLY_inter_question_gaps_unknown
606bf71d-e5ca-4bdc-b683-3857cdb7ee52,fed10af2-13dd-4f5a-9910-0c156c024547,comprehension,10,10,1.0,64,1,high,1776941299.0,1776941363.0,2026-04-23 10:49:23.2+00,2026-04-23 10:49:22.956287+00,3,4,4,medium,Inference,25,,False,1,1,1,0,3,8.0,8.0,1776941307.0,1776941307.0,ESTIMATE_ONLY_inter_question_gaps_unknown
606bf71d-e5ca-4bdc-b683-3857cdb7ee52,fed10af2-13dd-4f5a-9910-0c156c024547,comprehension,10,10,1.0,64,1,high,1776941299.0,1776941363.0,2026-04-23 10:49:23.2+00,2026-04-23 10:49:22.956287+00,4,5,5,easy,Detail Recall,25,,False,0,0,1,0,3,11.0,11.0,1776941310.0,1776941310.0,ESTIMATE_ONLY_inter_question_gaps_unknown
606bf71d-e5ca-4bdc-b683-3857cdb7ee52,fed10af2-13dd-4f5a-9910-0c156c024547,comprehension,10,10,1.0,64,1,high,1776941299.0,1776941363.0,2026-04-23 10:49:23.2+00,2026-04-23 10:49:22.956287+00,5,6,6,easy,Fact Extraction,25,,True,1,1,1,0,2,14.0,14.0,1776941313.0,1776941313.0,ESTIMATE_ONLY_reading_phase_duration_unknown
606bf71d-e5ca-4bdc-b683-3857cdb7ee52,fed10af2-13dd-4f5a-9910-0c156c024547,comprehension,10,10,1.0,64,1,high,1776941299.0,1776941363.0,2026-04-23 10:49:23.2+00,2026-04-23 10:49:22.956287+00,6,7,7,easy,Detail Recall,25,,False,2,2,1,0,3,16.0,16.0,1776941315.0,1776941315.0,ESTIMATE_ONLY_inter_question_gaps_unknown
606bf71d-e5ca-4bdc-b683-3857cdb7ee52,fed10af2-13dd-4f5a-9910-0c156c024547,comprehension,10,10,1.0,64,1,high,1776941299.0,1776941363.0,2026-04-23 10:49:23.2+00,2026-04-23 10:49:22.956287+00,7,8,8,medium,Detail Recall,25,,False,0,0,1,0,2,19.0,19.0,1776941318.0,1776941318.0,ESTIMATE_ONLY_inter_question_gaps_unknown
606bf71d-e5ca-4bdc-b683-3857cdb7ee52,fed10af2-13dd-4f5a-9910-0c156c024547,comprehension,10,10,1.0,64,1,high,1776941299.0,1776941363.0,2026-04-23 10:49:23.2+00,2026-04-23 10:49:22.956287+00,8,9,9,medium,Inference,25,,False,1,1,1,0,3,21.0,21.0,1776941320.0,1776941320.0,ESTIMATE_ONLY_inter_question_gaps_unknown
606bf71d-e5ca-4bdc-b683-3857cdb7ee52,fed10af2-13dd-4f5a-9910-0c156c024547,comprehension,10,10,1.0,64,1,high,1776941299.0,1776941363.0,2026-04-23 10:49:23.2+00,2026-04-23 10:49:22.956287+00,9,10,10,easy,Fact Extraction,25,,False,1,1,1,0,2,24.0,24.0,1776941323.0,1776941323.0,ESTIMATE_ONLY_inter_question_gaps_unknown
60cb71ec-efcb-4593-bdb3-d193135028c2,4b00bcd7-936b-42d2-99b5-c0b8b78272c9,comprehension,10,10,1.0,198,1,high,1776330392.0,1776330590.0,2026-04-16 09:09:50.062+00,2026-04-16 09:09:59.280484+00,0,1,1,easy,Fact Extraction,25,,True,0,0,1,0,6,0.0,0.0,1776330392.0,1776330392.0,ESTIMATE_ONLY_reading_phase_duration_unknown
60cb71ec-efcb-4593-bdb3-d193135028c2,4b00bcd7-936b-42d2-99b5-c0b8b78272c9,comprehension,10,10,1.0,198,1,high,1776330392.0,1776330590.0,2026-04-16 09:09:50.062+00,2026-04-16 09:09:59.280484+00,1,2,2,medium,Detail Recall,25,,False,0,0,1,0,8,6.0,6.0,1776330398.0,1776330398.0,ESTIMATE_ONLY_inter_question_gaps_unknown
60cb71ec-efcb-4593-bdb3-d193135028c2,4b00bcd7-936b-42d2-99b5-c0b8b78272c9,comprehension,10,10,1.0,198,1,high,1776330392.0,1776330590.0,2026-04-16 09:09:50.062+00,2026-04-16 09:09:59.280484+00,2,3,3,easy,Fact Extraction,25,,False,0,0,1,0,7,14.0,14.0,1776330406.0,1776330406.0,ESTIMATE_ONLY_inter_question_gaps_unknown
60cb71ec-efcb-4593-bdb3-d193135028c2,4b00bcd7-936b-42d2-99b5-c0b8b78272c9,comprehension,10,10,1.0,198,1,high,1776330392.0,1776330590.0,2026-04-16 09:09:50.062+00,2026-04-16 09:09:59.280484+00,3,4,4,medium,Inference,25,,False,1,1,1,0,7,21.0,21.0,1776330413.0,1776330413.0,ESTIMATE_ONLY_inter_question_gaps_unknown
60cb71ec-efcb-4593-bdb3-d193135028c2,4b00bcd7-936b-42d2-99b5-c0b8b78272c9,comprehension,10,10,1.0,198,1,high,1776330392.0,1776330590.0,2026-04-16 09:09:50.062+00,2026-04-16 09:09:59.280484+00,4,5,5,easy,Detail Recall,25,,False,0,0,1,0,8,28.0,28.0,1776330420.0,1776330420.0,ESTIMATE_ONLY_inter_question_gaps_unknown
60cb71ec-efcb-4593-bdb3-d193135028c2,4b00bcd7-936b-42d2-99b5-c0b8b78272c9,comprehension,10,10,1.0,198,1,high,1776330392.0,1776330590.0,2026-04-16 09:09:50.062+00,2026-04-16 09:09:59.280484+00,5,6,6,easy,Fact Extraction,25,,True,1,1,1,0,5,36.0,36.0,1776330428.0,1776330428.0,ESTIMATE_ONLY_reading_phase_duration_unknown
60cb71ec-efcb-4593-bdb3-d193135028c2,4b00bcd7-936b-42d2-99b5-c0b8b78272c9,comprehension,10,10,1.0,198,1,high,1776330392.0,1776330590.0,2026-04-16 09:09:50.062+00,2026-04-16 09:09:59.280484+00,6,7,7,easy,Detail Recall,25,,False,2,2,1,0,6,41.0,41.0,1776330433.0,1776330433.0,ESTIMATE_ONLY_inter_question_gaps_unknown
60cb71ec-efcb-4593-bdb3-d193135028c2,4b00bcd7-936b-42d2-99b5-c0b8b78272c9,comprehension,10,10,1.0,198,1,high,1776330392.0,1776330590.0,2026-04-16 09:09:50.062+00,2026-04-16 09:09:59.280484+00,7,8,8,medium,Detail Recall,25,,False,0,0,1,0,6,47.0,47.0,1776330439.0,1776330439.0,ESTIMATE_ONLY_inter_question_gaps_unknown
60cb71ec-efcb-4593-bdb3-d193135028c2,4b00bcd7-936b-42d2-99b5-c0b8b78272c9,comprehension,10,10,1.0,198,1,high,1776330392.0,1776330590.0,2026-04-16 09:09:50.062+00,2026-04-16 09:09:59.280484+00,8,9,9,medium,Inference,25,,False,1,1,1,0,7,53.0,53.0,1776330445.0,1776330445.0,ESTIMATE_ONLY_inter_question_gaps_unknown
60cb71ec-efcb-4593-bdb3-d193135028c2,4b00bcd7-936b-42d2-99b5-c0b8b78272c9,comprehension,10,10,1.0,198,1,high,1776330392.0,1776330590.0,2026-04-16 09:09:50.062+00,2026-04-16 09:09:59.280484+00,9,10,10,easy,Fact Extraction,25,,False,1,1,1,0,8,60.0,60.0,1776330452.0,1776330452.0,ESTIMATE_ONLY_inter_question_gaps_unknown
616e090a-8ae0-441f-8fae-2d0a32725308,4cfb4306-1fd2-4cac-b1a4-e605da568d7e,attention,17,20,0.85,173,1,high,1771582581.0,1771582754.0,2026-02-20 10:19:14.998+00,2026-02-20 10:19:16.32975+00,0,1,1,easy,Oddball Detection,8,5,False,2,2,1,0,2,0.0,5.0,1771582581.0,1771582586.0,ESTIMATE_ONLY_inter_question_gaps_unknown
616e090a-8ae0-441f-8fae-2d0a32725308,4cfb4306-1fd2-4cac-b1a4-e605da568d7e,attention,17,20,0.85,173,1,high,1771582581.0,1771582754.0,2026-02-20 10:19:14.998+00,2026-02-20 10:19:16.32975+00,1,2,2,easy,Count Target,8,5,False,0,0,1,0,1,7.0,12.0,1771582588.0,1771582593.0,ESTIMATE_ONLY_inter_question_gaps_unknown
616e090a-8ae0-441f-8fae-2d0a32725308,4cfb4306-1fd2-4cac-b1a4-e605da568d7e,attention,17,20,0.85,173,1,high,1771582581.0,1771582754.0,2026-02-20 10:19:14.998+00,2026-02-20 10:19:16.32975+00,2,3,3,easy,Pattern Break,8,5,False,2,2,1,0,3,13.0,18.0,1771582594.0,1771582599.0,ESTIMATE_ONLY_inter_question_gaps_unknown
616e090a-8ae0-441f-8fae-2d0a32725308,4cfb4306-1fd2-4cac-b1a4-e605da568d7e,attention,17,20,0.85,173,1,high,1771582581.0,1771582754.0,2026-02-20 10:19:14.998+00,2026-02-20 10:19:16.32975+00,3,4,4,easy,Position Detect,8,5,False,1,1,1,0,3,21.0,26.0,1771582602.0,1771582607.0,ESTIMATE_ONLY_inter_question_gaps_unknown
616e090a-8ae0-441f-8fae-2d0a32725308,4cfb4306-1fd2-4cac-b1a4-e605da568d7e,attention,17,20,0.85,173,1,high,1771582581.0,1771582754.0,2026-02-20 10:19:14.998+00,2026-02-20 10:19:16.32975+00,4,5,5,medium,Rule Violation,10,6,False,0,0,1,0,3,29.0,35.0,1771582610.0,1771582616.0,ESTIMATE_ONLY_inter_question_gaps_unknown
616e090a-8ae0-441f-8fae-2d0a32725308,4cfb4306-1fd2-4cac-b1a4-e605da568d7e,attention,17,20,0.85,173,1,high,1771582581.0,1771582754.0,2026-02-20 10:19:14.998+00,2026-02-20 10:19:16.32975+00,5,6,6,medium,Count Target,10,6,False,2,2,1,0,2,38.0,44.0,1771582619.0,1771582625.0,ESTIMATE_ONLY_inter_question_gaps_unknown
616e090a-8ae0-441f-8fae-2d0a32725308,4cfb4306-1fd2-4cac-b1a4-e605da568d7e,attention,17,20,0.85,173,1,high,1771582581.0,1771582754.0,2026-02-20 10:19:14.998+00,2026-02-20 10:19:16.32975+00,6,7,7,medium,Count Target,10,6,False,1,1,1,0,3,46.0,52.0,1771582627.0,1771582633.0,ESTIMATE_ONLY_inter_question_gaps_unknown
616e090a-8ae0-441f-8fae-2d0a32725308,4cfb4306-1fd2-4cac-b1a4-e605da568d7e,attention,17,20,0.85,173,1,high,1771582581.0,1771582754.0,2026-02-20 10:19:14.998+00,2026-02-20 10:19:16.32975+00,7,8,8,hard,Count Target,12,7,False,2,2,1,0,2,55.0,62.0,1771582636.0,1771582643.0,ESTIMATE_ONLY_inter_question_gaps_unknown
616e090a-8ae0-441f-8fae-2d0a32725308,4cfb4306-1fd2-4cac-b1a4-e605da568d7e,attention,17,20,0.85,173,1,high,1771582581.0,1771582754.0,2026-02-20 10:19:14.998+00,2026-02-20 10:19:16.32975+00,8,9,9,hard,Rule Violation,12,7,False,0,0,1,0,9,64.0,71.0,1771582645.0,1771582652.0,ESTIMATE_ONLY_inter_question_gaps_unknown
616e090a-8ae0-441f-8fae-2d0a32725308,4cfb4306-1fd2-4cac-b1a4-e605da568d7e,attention,17,20,0.85,173,1,high,1771582581.0,1771582754.0,2026-02-20 10:19:14.998+00,2026-02-20 10:19:16.32975+00,9,10,10,hard,Pattern Break,12,7,False,1,1,1,0,3,80.0,87.0,1771582661.0,1771582668.0,ESTIMATE_ONLY_inter_question_gaps_unknown
616e090a-8ae0-441f-8fae-2d0a32725308,4cfb4306-1fd2-4cac-b1a4-e605da568d7e,attention,17,20,0.85,173,1,high,1771582581.0,1771582754.0,2026-02-20 10:19:14.998+00,2026-02-20 10:19:16.32975+00,10,11,11,unknown,unknown,,,False,2,2,1,0,3,90.0,90.0,1771582671.0,1771582671.0,ESTIMATE_ONLY_inter_question_gaps_unknown
616e090a-8ae0-441f-8fae-2d0a32725308,4cfb4306-1fd2-4cac-b1a4-e605da568d7e,attention,17,20,0.85,173,1,high,1771582581.0,1771582754.0,2026-02-20 10:19:14.998+00,2026-02-20 10:19:16.32975+00,11,12,12,unknown,unknown,,,False,2,0,0,0,7,93.0,93.0,1771582674.0,1771582674.0,ESTIMATE_ONLY_inter_question_gaps_unknown
616e090a-8ae0-441f-8fae-2d0a32725308,4cfb4306-1fd2-4cac-b1a4-e605da568d7e,attention,17,20,0.85,173,1,high,1771582581.0,1771582754.0,2026-02-20 10:19:14.998+00,2026-02-20 10:19:16.32975+00,12,13,13,unknown,unknown,,,False,1,1,1,0,2,100.0,100.0,1771582681.0,1771582681.0,ESTIMATE_ONLY_inter_question_gaps_unknown
616e090a-8ae0-441f-8fae-2d0a32725308,4cfb4306-1fd2-4cac-b1a4-e605da568d7e,attention,17,20,0.85,173,1,high,1771582581.0,1771582754.0,2026-02-20 10:19:14.998+00,2026-02-20 10:19:16.32975+00,13,14,14,unknown,unknown,,,False,2,2,1,0,4,102.0,102.0,1771582683.0,1771582683.0,ESTIMATE_ONLY_inter_question_gaps_unknown
616e090a-8ae0-441f-8fae-2d0a32725308,4cfb4306-1fd2-4cac-b1a4-e605da568d7e,attention,17,20,0.85,173,1,high,1771582581.0,1771582754.0,2026-02-20 10:19:14.998+00,2026-02-20 10:19:16.32975+00,14,15,15,unknown,unknown,,,False,2,2,1,0,2,106.0,106.0,1771582687.0,1771582687.0,ESTIMATE_ONLY_inter_question_gaps_unknown
616e090a-8ae0-441f-8fae-2d0a32725308,4cfb4306-1fd2-4cac-b1a4-e605da568d7e,attention,17,20,0.85,173,1,high,1771582581.0,1771582754.0,2026-02-20 10:19:14.998+00,2026-02-20 10:19:16.32975+00,15,16,16,unknown,unknown,,,False,0,0,1,0,2,108.0,108.0,1771582689.0,1771582689.0,ESTIMATE_ONLY_inter_question_gaps_unknown
616e090a-8ae0-441f-8fae-2d0a32725308,4cfb4306-1fd2-4cac-b1a4-e605da568d7e,attention,17,20,0.85,173,1,high,1771582581.0,1771582754.0,2026-02-20 10:19:14.998+00,2026-02-20 10:19:16.32975+00,16,17,17,unknown,unknown,,,False,1,2,0,0,5,110.0,110.0,1771582691.0,1771582691.0,ESTIMATE_ONLY_inter_question_gaps_unknown
616e090a-8ae0-441f-8fae-2d0a32725308,4cfb4306-1fd2-4cac-b1a4-e605da568d7e,attention,17,20,0.85,173,1,high,1771582581.0,1771582754.0,2026-02-20 10:19:14.998+00,2026-02-20 10:19:16.32975+00,17,18,18,unknown,unknown,,,False,0,2,0,0,3,115.0,115.0,1771582696.0,1771582696.0,ESTIMATE_ONLY_inter_question_gaps_unknown
616e090a-8ae0-441f-8fae-2d0a32725308,4cfb4306-1fd2-4cac-b1a4-e605da568d7e,attention,17,20,0.85,173,1,high,1771582581.0,1771582754.0,2026-02-20 10:19:14.998+00,2026-02-20 10:19:16.32975+00,18,19,19,unknown,unknown,,,False,0,0,1,0,2,118.0,118.0,1771582699.0,1771582699.0,ESTIMATE_ONLY_inter_question_gaps_unknown
616e090a-8ae0-441f-8fae-2d0a32725308,4cfb4306-1fd2-4cac-b1a4-e605da568d7e,attention,17,20,0.85,173,1,high,1771582581.0,1771582754.0,2026-02-20 10:19:14.998+00,2026-02-20 10:19:16.32975+00,19,20,20,unknown,unknown,,,False,2,2,1,0,2,120.0,120.0,1771582701.0,1771582701.0,ESTIMATE_ONLY_inter_question_gaps_unknown
6233449f-7e85-4ac4-afca-2ba4f0d229d7,d129448b-a4c5-49ee-9795-d4463d27334a,arithmetic,6,10,0.6,85,0,mid,1776408034.0,1776408119.0,2026-04-17 06:41:59.226+00,2026-04-17 06:41:59.655562+00,0,1,1,easy,Addition,15,,False,0,0,1,0,3,0.0,0.0,1776408034.0,1776408034.0,ESTIMATE_ONLY_inter_question_gaps_unknown
6233449f-7e85-4ac4-afca-2ba4f0d229d7,d129448b-a4c5-49ee-9795-d4463d27334a,arithmetic,6,10,0.6,85,0,mid,1776408034.0,1776408119.0,2026-04-17 06:41:59.226+00,2026-04-17 06:41:59.655562+00,1,2,2,easy,Division,15,,False,2,2,1,0,3,3.0,3.0,1776408037.0,1776408037.0,ESTIMATE_ONLY_inter_question_gaps_unknown
6233449f-7e85-4ac4-afca-2ba4f0d229d7,d129448b-a4c5-49ee-9795-d4463d27334a,arithmetic,6,10,0.6,85,0,mid,1776408034.0,1776408119.0,2026-04-17 06:41:59.226+00,2026-04-17 06:41:59.655562+00,2,3,3,easy,Addition,15,,False,0,0,1,0,8,6.0,6.0,1776408040.0,1776408040.0,ESTIMATE_ONLY_inter_question_gaps_unknown
6233449f-7e85-4ac4-afca-2ba4f0d229d7,d129448b-a4c5-49ee-9795-d4463d27334a,arithmetic,6,10,0.6,85,0,mid,1776408034.0,1776408119.0,2026-04-17 06:41:59.226+00,2026-04-17 06:41:59.655562+00,3,4,4,easy,Subtraction,15,,False,0,0,1,0,6,14.0,14.0,1776408048.0,1776408048.0,ESTIMATE_ONLY_inter_question_gaps_unknown
6233449f-7e85-4ac4-afca-2ba4f0d229d7,d129448b-a4c5-49ee-9795-d4463d27334a,arithmetic,6,10,0.6,85,0,mid,1776408034.0,1776408119.0,2026-04-17 06:41:59.226+00,2026-04-17 06:41:59.655562+00,4,5,5,medium,Addition,20,,False,0,2,0,0,13,20.0,20.0,1776408054.0,1776408054.0,ESTIMATE_ONLY_inter_question_gaps_unknown
6233449f-7e85-4ac4-afca-2ba4f0d229d7,d129448b-a4c5-49ee-9795-d4463d27334a,arithmetic,6,10,0.6,85,0,mid,1776408034.0,1776408119.0,2026-04-17 06:41:59.226+00,2026-04-17 06:41:59.655562+00,5,6,6,medium,Multiplication,20,,False,0,0,1,0,16,33.0,33.0,1776408067.0,1776408067.0,ESTIMATE_ONLY_inter_question_gaps_unknown
6233449f-7e85-4ac4-afca-2ba4f0d229d7,d129448b-a4c5-49ee-9795-d4463d27334a,arithmetic,6,10,0.6,85,0,mid,1776408034.0,1776408119.0,2026-04-17 06:41:59.226+00,2026-04-17 06:41:59.655562+00,6,7,7,medium,Division,20,,False,1,1,1,0,5,49.0,49.0,1776408083.0,1776408083.0,ESTIMATE_ONLY_inter_question_gaps_unknown
6233449f-7e85-4ac4-afca-2ba4f0d229d7,d129448b-a4c5-49ee-9795-d4463d27334a,arithmetic,6,10,0.6,85,0,mid,1776408034.0,1776408119.0,2026-04-17 06:41:59.226+00,2026-04-17 06:41:59.655562+00,7,8,8,hard,Percentage,30,,False,0,2,0,0,22,54.0,54.0,1776408088.0,1776408088.0,ESTIMATE_ONLY_inter_question_gaps_unknown
6233449f-7e85-4ac4-afca-2ba4f0d229d7,d129448b-a4c5-49ee-9795-d4463d27334a,arithmetic,6,10,0.6,85,0,mid,1776408034.0,1776408119.0,2026-04-17 06:41:59.226+00,2026-04-17 06:41:59.655562+00,8,9,9,hard,Multiplication,30,,False,1,0,0,0,11,76.0,76.0,1776408110.0,1776408110.0,ESTIMATE_ONLY_inter_question_gaps_unknown
6233449f-7e85-4ac4-afca-2ba4f0d229d7,d129448b-a4c5-49ee-9795-d4463d27334a,arithmetic,6,10,0.6,85,0,mid,1776408034.0,1776408119.0,2026-04-17 06:41:59.226+00,2026-04-17 06:41:59.655562+00,9,10,10,hard,Multi-step,30,,False,2,1,0,0,3,87.0,87.0,1776408121.0,1776408121.0,ESTIMATE_ONLY_inter_question_gaps_unknown
634ae0b8-90ee-4b44-a160-8172704d3eae,d103eb77-fd3d-4b89-83f1-4f34ec8d6123,memory,8,10,0.8,97,1,high,1776418637.0,1776418734.0,2026-04-17 09:38:54.685+00,2026-04-17 09:38:55.845457+00,0,1,1,easy,Digit Recall,10,5,False,0,0,1,0,3,0.0,5.0,1776418637.0,1776418642.0,ESTIMATE_ONLY_inter_question_gaps_unknown
634ae0b8-90ee-4b44-a160-8172704d3eae,d103eb77-fd3d-4b89-83f1-4f34ec8d6123,memory,8,10,0.8,97,1,high,1776418637.0,1776418734.0,2026-04-17 09:38:54.685+00,2026-04-17 09:38:55.845457+00,1,2,2,easy,Word Recall,10,5,False,2,2,1,0,3,8.0,13.0,1776418645.0,1776418650.0,ESTIMATE_ONLY_inter_question_gaps_unknown
634ae0b8-90ee-4b44-a160-8172704d3eae,d103eb77-fd3d-4b89-83f1-4f34ec8d6123,memory,8,10,0.8,97,1,high,1776418637.0,1776418734.0,2026-04-17 09:38:54.685+00,2026-04-17 09:38:55.845457+00,2,3,3,easy,Digit Recall,10,5,False,1,1,1,0,4,16.0,21.0,1776418653.0,1776418658.0,ESTIMATE_ONLY_inter_question_gaps_unknown
634ae0b8-90ee-4b44-a160-8172704d3eae,d103eb77-fd3d-4b89-83f1-4f34ec8d6123,memory,8,10,0.8,97,1,high,1776418637.0,1776418734.0,2026-04-17 09:38:54.685+00,2026-04-17 09:38:55.845457+00,3,4,4,easy,Word Recall,10,5,False,0,0,1,0,3,25.0,30.0,1776418662.0,1776418667.0,ESTIMATE_ONLY_inter_question_gaps_unknown
634ae0b8-90ee-4b44-a160-8172704d3eae,d103eb77-fd3d-4b89-83f1-4f34ec8d6123,memory,8,10,0.8,97,1,high,1776418637.0,1776418734.0,2026-04-17 09:38:54.685+00,2026-04-17 09:38:55.845457+00,4,5,5,medium,Digit Recall,12,6,False,0,0,1,0,3,33.0,39.0,1776418670.0,1776418676.0,ESTIMATE_ONLY_inter_question_gaps_unknown
634ae0b8-90ee-4b44-a160-8172704d3eae,d103eb77-fd3d-4b89-83f1-4f34ec8d6123,memory,8,10,0.8,97,1,high,1776418637.0,1776418734.0,2026-04-17 09:38:54.685+00,2026-04-17 09:38:55.845457+00,5,6,6,medium,Position Recall,12,6,False,1,1,1,0,4,42.0,48.0,1776418679.0,1776418685.0,ESTIMATE_ONLY_inter_question_gaps_unknown
634ae0b8-90ee-4b44-a160-8172704d3eae,d103eb77-fd3d-4b89-83f1-4f34ec8d6123,memory,8,10,0.8,97,1,high,1776418637.0,1776418734.0,2026-04-17 09:38:54.685+00,2026-04-17 09:38:55.845457+00,6,7,7,medium,Position Recall,12,6,False,2,2,1,0,7,52.0,58.0,1776418689.0,1776418695.0,ESTIMATE_ONLY_inter_question_gaps_unknown
634ae0b8-90ee-4b44-a160-8172704d3eae,d103eb77-fd3d-4b89-83f1-4f34ec8d6123,memory,8,10,0.8,97,1,high,1776418637.0,1776418734.0,2026-04-17 09:38:54.685+00,2026-04-17 09:38:55.845457+00,7,8,8,hard,Sequence Recall,15,7,False,0,0,1,0,7,65.0,72.0,1776418702.0,1776418709.0,ESTIMATE_ONLY_inter_question_gaps_unknown
634ae0b8-90ee-4b44-a160-8172704d3eae,d103eb77-fd3d-4b89-83f1-4f34ec8d6123,memory,8,10,0.8,97,1,high,1776418637.0,1776418734.0,2026-04-17 09:38:54.685+00,2026-04-17 09:38:55.845457+00,8,9,9,hard,Position Recall,15,7,False,2,1,0,0,3,79.0,86.0,1776418716.0,1776418723.0,ESTIMATE_ONLY_inter_question_gaps_unknown
634ae0b8-90ee-4b44-a160-8172704d3eae,d103eb77-fd3d-4b89-83f1-4f34ec8d6123,memory,8,10,0.8,97,1,high,1776418637.0,1776418734.0,2026-04-17 09:38:54.685+00,2026-04-17 09:38:55.845457+00,9,10,10,hard,Digit Analysis,15,7,False,0,2,0,0,9,89.0,96.0,1776418726.0,1776418733.0,ESTIMATE_ONLY_inter_question_gaps_unknown
63dccf0a-a064-49ff-aa9f-75d0cbe164bb,d103eb77-fd3d-4b89-83f1-4f34ec8d6123,attention,10,10,1.0,102,1,high,1776418922.0,1776419024.0,2026-04-17 09:43:44.113+00,2026-04-17 09:43:46.529745+00,0,1,1,easy,Oddball Detection,8,5,False,2,2,1,0,3,0.0,5.0,1776418922.0,1776418927.0,ESTIMATE_ONLY_inter_question_gaps_unknown
63dccf0a-a064-49ff-aa9f-75d0cbe164bb,d103eb77-fd3d-4b89-83f1-4f34ec8d6123,attention,10,10,1.0,102,1,high,1776418922.0,1776419024.0,2026-04-17 09:43:44.113+00,2026-04-17 09:43:46.529745+00,1,2,2,easy,Count Target,8,5,False,0,0,1,0,3,8.0,13.0,1776418930.0,1776418935.0,ESTIMATE_ONLY_inter_question_gaps_unknown
63dccf0a-a064-49ff-aa9f-75d0cbe164bb,d103eb77-fd3d-4b89-83f1-4f34ec8d6123,attention,10,10,1.0,102,1,high,1776418922.0,1776419024.0,2026-04-17 09:43:44.113+00,2026-04-17 09:43:46.529745+00,2,3,3,easy,Pattern Break,8,5,False,2,2,1,0,3,16.0,21.0,1776418938.0,1776418943.0,ESTIMATE_ONLY_inter_question_gaps_unknown
63dccf0a-a064-49ff-aa9f-75d0cbe164bb,d103eb77-fd3d-4b89-83f1-4f34ec8d6123,attention,10,10,1.0,102,1,high,1776418922.0,1776419024.0,2026-04-17 09:43:44.113+00,2026-04-17 09:43:46.529745+00,3,4,4,easy,Position Detect,8,5,False,1,1,1,0,7,24.0,29.0,1776418946.0,1776418951.0,ESTIMATE_ONLY_inter_question_gaps_unknown
63dccf0a-a064-49ff-aa9f-75d0cbe164bb,d103eb77-fd3d-4b89-83f1-4f34ec8d6123,attention,10,10,1.0,102,1,high,1776418922.0,1776419024.0,2026-04-17 09:43:44.113+00,2026-04-17 09:43:46.529745+00,4,5,5,medium,Rule Violation,10,6,False,2,2,1,0,3,36.0,42.0,1776418958.0,1776418964.0,ESTIMATE_ONLY_inter_question_gaps_unknown
63dccf0a-a064-49ff-aa9f-75d0cbe164bb,d103eb77-fd3d-4b89-83f1-4f34ec8d6123,attention,10,10,1.0,102,1,high,1776418922.0,1776419024.0,2026-04-17 09:43:44.113+00,2026-04-17 09:43:46.529745+00,5,6,6,medium,Count Target,10,6,False,0,0,1,0,9,45.0,51.0,1776418967.0,1776418973.0,ESTIMATE_ONLY_inter_question_gaps_unknown
63dccf0a-a064-49ff-aa9f-75d0cbe164bb,d103eb77-fd3d-4b89-83f1-4f34ec8d6123,attention,10,10,1.0,102,1,high,1776418922.0,1776419024.0,2026-04-17 09:43:44.113+00,2026-04-17 09:43:46.529745+00,6,7,7,medium,Count Target,10,6,False,2,2,1,0,7,60.0,66.0,1776418982.0,1776418988.0,ESTIMATE_ONLY_inter_question_gaps_unknown
63dccf0a-a064-49ff-aa9f-75d0cbe164bb,d103eb77-fd3d-4b89-83f1-4f34ec8d6123,attention,10,10,1.0,102,1,high,1776418922.0,1776419024.0,2026-04-17 09:43:44.113+00,2026-04-17 09:43:46.529745+00,7,8,8,hard,Count Target,12,7,False,2,2,1,0,3,73.0,80.0,1776418995.0,1776419002.0,ESTIMATE_ONLY_inter_question_gaps_unknown
63dccf0a-a064-49ff-aa9f-75d0cbe164bb,d103eb77-fd3d-4b89-83f1-4f34ec8d6123,attention,10,10,1.0,102,1,high,1776418922.0,1776419024.0,2026-04-17 09:43:44.113+00,2026-04-17 09:43:46.529745+00,8,9,9,hard,Rule Violation,12,7,False,2,2,1,0,4,83.0,90.0,1776419005.0,1776419012.0,ESTIMATE_ONLY_inter_question_gaps_unknown
63dccf0a-a064-49ff-aa9f-75d0cbe164bb,d103eb77-fd3d-4b89-83f1-4f34ec8d6123,attention,10,10,1.0,102,1,high,1776418922.0,1776419024.0,2026-04-17 09:43:44.113+00,2026-04-17 09:43:46.529745+00,9,10,10,hard,Pattern Break,12,7,False,2,2,1,0,5,94.0,101.0,1776419016.0,1776419023.0,ESTIMATE_ONLY_inter_question_gaps_unknown
646dd13c-8baa-422e-8b67-ebbb4f72c5d5,41e7ea84-ede5-4a76-8176-b877187f4b39,pattern,7,10,0.7,56,1,mid,1776582377.0,1776582433.0,2026-04-19 07:07:13.969+00,2026-04-19 07:07:14.825468+00,0,1,1,easy,Arithmetic Sequence,15,,False,2,2,1,0,9,0.0,0.0,1776582377.0,1776582377.0,ESTIMATE_ONLY_inter_question_gaps_unknown
646dd13c-8baa-422e-8b67-ebbb4f72c5d5,41e7ea84-ede5-4a76-8176-b877187f4b39,pattern,7,10,0.7,56,1,mid,1776582377.0,1776582433.0,2026-04-19 07:07:13.969+00,2026-04-19 07:07:14.825468+00,1,2,2,easy,Arithmetic Sequence,15,,False,0,0,1,0,5,9.0,9.0,1776582386.0,1776582386.0,ESTIMATE_ONLY_inter_question_gaps_unknown
646dd13c-8baa-422e-8b67-ebbb4f72c5d5,41e7ea84-ede5-4a76-8176-b877187f4b39,pattern,7,10,0.7,56,1,mid,1776582377.0,1776582433.0,2026-04-19 07:07:13.969+00,2026-04-19 07:07:14.825468+00,2,3,3,easy,Odd Numbers,15,,False,1,1,1,0,5,14.0,14.0,1776582391.0,1776582391.0,ESTIMATE_ONLY_inter_question_gaps_unknown
646dd13c-8baa-422e-8b67-ebbb4f72c5d5,41e7ea84-ede5-4a76-8176-b877187f4b39,pattern,7,10,0.7,56,1,mid,1776582377.0,1776582433.0,2026-04-19 07:07:13.969+00,2026-04-19 07:07:14.825468+00,3,4,4,easy,Decreasing Sequence,15,,False,2,2,1,0,9,19.0,19.0,1776582396.0,1776582396.0,ESTIMATE_ONLY_inter_question_gaps_unknown
646dd13c-8baa-422e-8b67-ebbb4f72c5d5,41e7ea84-ede5-4a76-8176-b877187f4b39,pattern,7,10,0.7,56,1,mid,1776582377.0,1776582433.0,2026-04-19 07:07:13.969+00,2026-04-19 07:07:14.825468+00,4,5,5,medium,Perfect Squares,20,,False,0,2,0,0,9,28.0,28.0,1776582405.0,1776582405.0,ESTIMATE_ONLY_inter_question_gaps_unknown
646dd13c-8baa-422e-8b67-ebbb4f72c5d5,41e7ea84-ede5-4a76-8176-b877187f4b39,pattern,7,10,0.7,56,1,mid,1776582377.0,1776582433.0,2026-04-19 07:07:13.969+00,2026-04-19 07:07:14.825468+00,5,6,6,medium,Fibonacci,20,,False,0,1,0,0,5,37.0,37.0,1776582414.0,1776582414.0,ESTIMATE_ONLY_inter_question_gaps_unknown
646dd13c-8baa-422e-8b67-ebbb4f72c5d5,41e7ea84-ede5-4a76-8176-b877187f4b39,pattern,7,10,0.7,56,1,mid,1776582377.0,1776582433.0,2026-04-19 07:07:13.969+00,2026-04-19 07:07:14.825468+00,6,7,7,medium,Perfect Cubes,20,,False,2,2,1,0,3,42.0,42.0,1776582419.0,1776582419.0,ESTIMATE_ONLY_inter_question_gaps_unknown
646dd13c-8baa-422e-8b67-ebbb4f72c5d5,41e7ea84-ede5-4a76-8176-b877187f4b39,pattern,7,10,0.7,56,1,mid,1776582377.0,1776582433.0,2026-04-19 07:07:13.969+00,2026-04-19 07:07:14.825468+00,7,8,8,hard,Triangular Differences,30,,False,1,2,0,0,4,45.0,45.0,1776582422.0,1776582422.0,ESTIMATE_ONLY_inter_question_gaps_unknown
646dd13c-8baa-422e-8b67-ebbb4f72c5d5,41e7ea84-ede5-4a76-8176-b877187f4b39,pattern,7,10,0.7,56,1,mid,1776582377.0,1776582433.0,2026-04-19 07:07:13.969+00,2026-04-19 07:07:14.825468+00,8,9,9,hard,Squares,30,,False,0,0,1,0,5,49.0,49.0,1776582426.0,1776582426.0,ESTIMATE_ONLY_inter_question_gaps_unknown
646dd13c-8baa-422e-8b67-ebbb4f72c5d5,41e7ea84-ede5-4a76-8176-b877187f4b39,pattern,7,10,0.7,56,1,mid,1776582377.0,1776582433.0,2026-04-19 07:07:13.969+00,2026-04-19 07:07:14.825468+00,9,10,10,hard,n(n+1),30,,False,0,0,1,0,7,54.0,54.0,1776582431.0,1776582431.0,ESTIMATE_ONLY_inter_question_gaps_unknown
65d57c7d-fb47-4c7f-8401-3fb5581a5695,b17134fc-8dcf-4a39-b251-3e8e95b21315,attention,10,10,1.0,92,1,high,1776847432.0,1776847524.0,2026-04-22 08:45:24.905+00,2026-04-22 08:45:25.236384+00,0,1,1,easy,Oddball Detection,8,5,False,2,2,1,0,3,0.0,5.0,1776847432.0,1776847437.0,ESTIMATE_ONLY_inter_question_gaps_unknown
65d57c7d-fb47-4c7f-8401-3fb5581a5695,b17134fc-8dcf-4a39-b251-3e8e95b21315,attention,10,10,1.0,92,1,high,1776847432.0,1776847524.0,2026-04-22 08:45:24.905+00,2026-04-22 08:45:25.236384+00,1,2,2,easy,Count Target,8,5,False,0,0,1,0,3,8.0,13.0,1776847440.0,1776847445.0,ESTIMATE_ONLY_inter_question_gaps_unknown
65d57c7d-fb47-4c7f-8401-3fb5581a5695,b17134fc-8dcf-4a39-b251-3e8e95b21315,attention,10,10,1.0,92,1,high,1776847432.0,1776847524.0,2026-04-22 08:45:24.905+00,2026-04-22 08:45:25.236384+00,2,3,3,easy,Pattern Break,8,5,False,2,2,1,0,4,16.0,21.0,1776847448.0,1776847453.0,ESTIMATE_ONLY_inter_question_gaps_unknown
65d57c7d-fb47-4c7f-8401-3fb5581a5695,b17134fc-8dcf-4a39-b251-3e8e95b21315,attention,10,10,1.0,92,1,high,1776847432.0,1776847524.0,2026-04-22 08:45:24.905+00,2026-04-22 08:45:25.236384+00,3,4,4,easy,Position Detect,8,5,False,1,1,1,0,5,25.0,30.0,1776847457.0,1776847462.0,ESTIMATE_ONLY_inter_question_gaps_unknown
65d57c7d-fb47-4c7f-8401-3fb5581a5695,b17134fc-8dcf-4a39-b251-3e8e95b21315,attention,10,10,1.0,92,1,high,1776847432.0,1776847524.0,2026-04-22 08:45:24.905+00,2026-04-22 08:45:25.236384+00,4,5,5,medium,Rule Violation,10,6,False,2,2,1,0,2,35.0,41.0,1776847467.0,1776847473.0,ESTIMATE_ONLY_inter_question_gaps_unknown
65d57c7d-fb47-4c7f-8401-3fb5581a5695,b17134fc-8dcf-4a39-b251-3e8e95b21315,attention,10,10,1.0,92,1,high,1776847432.0,1776847524.0,2026-04-22 08:45:24.905+00,2026-04-22 08:45:25.236384+00,5,6,6,medium,Count Target,10,6,False,0,0,1,0,7,43.0,49.0,1776847475.0,1776847481.0,ESTIMATE_ONLY_inter_question_gaps_unknown
65d57c7d-fb47-4c7f-8401-3fb5581a5695,b17134fc-8dcf-4a39-b251-3e8e95b21315,attention,10,10,1.0,92,1,high,1776847432.0,1776847524.0,2026-04-22 08:45:24.905+00,2026-04-22 08:45:25.236384+00,6,7,7,medium,Count Target,10,6,False,2,2,1,0,4,56.0,62.0,1776847488.0,1776847494.0,ESTIMATE_ONLY_inter_question_gaps_unknown
65d57c7d-fb47-4c7f-8401-3fb5581a5695,b17134fc-8dcf-4a39-b251-3e8e95b21315,attention,10,10,1.0,92,1,high,1776847432.0,1776847524.0,2026-04-22 08:45:24.905+00,2026-04-22 08:45:25.236384+00,7,8,8,hard,Count Target,12,7,False,2,2,1,0,2,66.0,73.0,1776847498.0,1776847505.0,ESTIMATE_ONLY_inter_question_gaps_unknown
65d57c7d-fb47-4c7f-8401-3fb5581a5695,b17134fc-8dcf-4a39-b251-3e8e95b21315,attention,10,10,1.0,92,1,high,1776847432.0,1776847524.0,2026-04-22 08:45:24.905+00,2026-04-22 08:45:25.236384+00,8,9,9,hard,Rule Violation,12,7,False,2,2,1,0,3,75.0,82.0,1776847507.0,1776847514.0,ESTIMATE_ONLY_inter_question_gaps_unknown
65d57c7d-fb47-4c7f-8401-3fb5581a5695,b17134fc-8dcf-4a39-b251-3e8e95b21315,attention,10,10,1.0,92,1,high,1776847432.0,1776847524.0,2026-04-22 08:45:24.905+00,2026-04-22 08:45:25.236384+00,9,10,10,hard,Pattern Break,12,7,False,2,2,1,0,3,85.0,92.0,1776847517.0,1776847524.0,ESTIMATE_ONLY_inter_question_gaps_unknown
662cada2-8022-4075-9180-434a3f1ab33e,a32edb5b-8092-4f01-add0-35bbaf8e88b3,pattern,7,10,0.7,61,1,mid,1777006076.0,1777006137.0,2026-04-24 04:48:57.75+00,2026-04-24 04:48:58.226083+00,0,1,1,easy,Arithmetic Sequence,15,,False,2,2,1,0,4,0.0,0.0,1777006076.0,1777006076.0,ESTIMATE_ONLY_inter_question_gaps_unknown
662cada2-8022-4075-9180-434a3f1ab33e,a32edb5b-8092-4f01-add0-35bbaf8e88b3,pattern,7,10,0.7,61,1,mid,1777006076.0,1777006137.0,2026-04-24 04:48:57.75+00,2026-04-24 04:48:58.226083+00,1,2,2,easy,Arithmetic Sequence,15,,False,0,0,1,0,3,4.0,4.0,1777006080.0,1777006080.0,ESTIMATE_ONLY_inter_question_gaps_unknown
662cada2-8022-4075-9180-434a3f1ab33e,a32edb5b-8092-4f01-add0-35bbaf8e88b3,pattern,7,10,0.7,61,1,mid,1777006076.0,1777006137.0,2026-04-24 04:48:57.75+00,2026-04-24 04:48:58.226083+00,2,3,3,easy,Odd Numbers,15,,False,1,1,1,0,2,7.0,7.0,1777006083.0,1777006083.0,ESTIMATE_ONLY_inter_question_gaps_unknown
662cada2-8022-4075-9180-434a3f1ab33e,a32edb5b-8092-4f01-add0-35bbaf8e88b3,pattern,7,10,0.7,61,1,mid,1777006076.0,1777006137.0,2026-04-24 04:48:57.75+00,2026-04-24 04:48:58.226083+00,3,4,4,easy,Decreasing Sequence,15,,False,2,2,1,0,3,9.0,9.0,1777006085.0,1777006085.0,ESTIMATE_ONLY_inter_question_gaps_unknown
662cada2-8022-4075-9180-434a3f1ab33e,a32edb5b-8092-4f01-add0-35bbaf8e88b3,pattern,7,10,0.7,61,1,mid,1777006076.0,1777006137.0,2026-04-24 04:48:57.75+00,2026-04-24 04:48:58.226083+00,4,5,5,medium,Perfect Squares,20,,False,2,2,1,0,12,12.0,12.0,1777006088.0,1777006088.0,ESTIMATE_ONLY_inter_question_gaps_unknown
662cada2-8022-4075-9180-434a3f1ab33e,a32edb5b-8092-4f01-add0-35bbaf8e88b3,pattern,7,10,0.7,61,1,mid,1777006076.0,1777006137.0,2026-04-24 04:48:57.75+00,2026-04-24 04:48:58.226083+00,5,6,6,medium,Fibonacci,20,,False,0,1,0,0,6,24.0,24.0,1777006100.0,1777006100.0,ESTIMATE_ONLY_inter_question_gaps_unknown
662cada2-8022-4075-9180-434a3f1ab33e,a32edb5b-8092-4f01-add0-35bbaf8e88b3,pattern,7,10,0.7,61,1,mid,1777006076.0,1777006137.0,2026-04-24 04:48:57.75+00,2026-04-24 04:48:58.226083+00,6,7,7,medium,Perfect Cubes,20,,False,2,2,1,0,10,30.0,30.0,1777006106.0,1777006106.0,ESTIMATE_ONLY_inter_question_gaps_unknown
662cada2-8022-4075-9180-434a3f1ab33e,a32edb5b-8092-4f01-add0-35bbaf8e88b3,pattern,7,10,0.7,61,1,mid,1777006076.0,1777006137.0,2026-04-24 04:48:57.75+00,2026-04-24 04:48:58.226083+00,7,8,8,hard,Triangular Differences,30,,False,1,2,0,0,8,40.0,40.0,1777006116.0,1777006116.0,ESTIMATE_ONLY_inter_question_gaps_unknown
662cada2-8022-4075-9180-434a3f1ab33e,a32edb5b-8092-4f01-add0-35bbaf8e88b3,pattern,7,10,0.7,61,1,mid,1777006076.0,1777006137.0,2026-04-24 04:48:57.75+00,2026-04-24 04:48:58.226083+00,8,9,9,hard,Squares,30,,False,0,0,1,0,8,48.0,48.0,1777006124.0,1777006124.0,ESTIMATE_ONLY_inter_question_gaps_unknown
662cada2-8022-4075-9180-434a3f1ab33e,a32edb5b-8092-4f01-add0-35bbaf8e88b3,pattern,7,10,0.7,61,1,mid,1777006076.0,1777006137.0,2026-04-24 04:48:57.75+00,2026-04-24 04:48:58.226083+00,9,10,10,hard,n(n+1),30,,False,1,0,0,0,9,56.0,56.0,1777006132.0,1777006132.0,ESTIMATE_ONLY_inter_question_gaps_unknown
66f644d4-2b35-4fb9-b423-bdaab0eeaf14,9ba91b50-1617-4060-b1c1-bddeb2407671,arithmetic,16,20,0.8,194,1,high,1771165843.0,1771166037.0,2026-02-15 14:33:57.717+00,2026-02-15 14:33:58.617471+00,0,1,1,easy,Addition,15,,False,0,0,1,0,4,0.0,0.0,1771165843.0,1771165843.0,ESTIMATE_ONLY_inter_question_gaps_unknown
66f644d4-2b35-4fb9-b423-bdaab0eeaf14,9ba91b50-1617-4060-b1c1-bddeb2407671,arithmetic,16,20,0.8,194,1,high,1771165843.0,1771166037.0,2026-02-15 14:33:57.717+00,2026-02-15 14:33:58.617471+00,1,2,2,easy,Division,15,,False,2,2,1,0,5,4.0,4.0,1771165847.0,1771165847.0,ESTIMATE_ONLY_inter_question_gaps_unknown
66f644d4-2b35-4fb9-b423-bdaab0eeaf14,9ba91b50-1617-4060-b1c1-bddeb2407671,arithmetic,16,20,0.8,194,1,high,1771165843.0,1771166037.0,2026-02-15 14:33:57.717+00,2026-02-15 14:33:58.617471+00,2,3,3,easy,Addition,15,,False,1,1,1,0,3,9.0,9.0,1771165852.0,1771165852.0,ESTIMATE_ONLY_inter_question_gaps_unknown
66f644d4-2b35-4fb9-b423-bdaab0eeaf14,9ba91b50-1617-4060-b1c1-bddeb2407671,arithmetic,16,20,0.8,194,1,high,1771165843.0,1771166037.0,2026-02-15 14:33:57.717+00,2026-02-15 14:33:58.617471+00,3,4,4,easy,Subtraction,15,,False,2,2,1,0,4,12.0,12.0,1771165855.0,1771165855.0,ESTIMATE_ONLY_inter_question_gaps_unknown
66f644d4-2b35-4fb9-b423-bdaab0eeaf14,9ba91b50-1617-4060-b1c1-bddeb2407671,arithmetic,16,20,0.8,194,1,high,1771165843.0,1771166037.0,2026-02-15 14:33:57.717+00,2026-02-15 14:33:58.617471+00,4,5,5,medium,Addition,20,,False,0,0,1,0,6,16.0,16.0,1771165859.0,1771165859.0,ESTIMATE_ONLY_inter_question_gaps_unknown
66f644d4-2b35-4fb9-b423-bdaab0eeaf14,9ba91b50-1617-4060-b1c1-bddeb2407671,arithmetic,16,20,0.8,194,1,high,1771165843.0,1771166037.0,2026-02-15 14:33:57.717+00,2026-02-15 14:33:58.617471+00,5,6,6,medium,Multiplication,20,,False,2,2,1,0,3,22.0,22.0,1771165865.0,1771165865.0,ESTIMATE_ONLY_inter_question_gaps_unknown
66f644d4-2b35-4fb9-b423-bdaab0eeaf14,9ba91b50-1617-4060-b1c1-bddeb2407671,arithmetic,16,20,0.8,194,1,high,1771165843.0,1771166037.0,2026-02-15 14:33:57.717+00,2026-02-15 14:33:58.617471+00,6,7,7,medium,Division,20,,False,0,0,1,0,8,25.0,25.0,1771165868.0,1771165868.0,ESTIMATE_ONLY_inter_question_gaps_unknown
66f644d4-2b35-4fb9-b423-bdaab0eeaf14,9ba91b50-1617-4060-b1c1-bddeb2407671,arithmetic,16,20,0.8,194,1,high,1771165843.0,1771166037.0,2026-02-15 14:33:57.717+00,2026-02-15 14:33:58.617471+00,7,8,8,hard,Percentage,30,,False,2,2,1,0,7,33.0,33.0,1771165876.0,1771165876.0,ESTIMATE_ONLY_inter_question_gaps_unknown
66f644d4-2b35-4fb9-b423-bdaab0eeaf14,9ba91b50-1617-4060-b1c1-bddeb2407671,arithmetic,16,20,0.8,194,1,high,1771165843.0,1771166037.0,2026-02-15 14:33:57.717+00,2026-02-15 14:33:58.617471+00,8,9,9,hard,Multiplication,30,,False,1,0,0,0,13,40.0,40.0,1771165883.0,1771165883.0,ESTIMATE_ONLY_inter_question_gaps_unknown
66f644d4-2b35-4fb9-b423-bdaab0eeaf14,9ba91b50-1617-4060-b1c1-bddeb2407671,arithmetic,16,20,0.8,194,1,high,1771165843.0,1771166037.0,2026-02-15 14:33:57.717+00,2026-02-15 14:33:58.617471+00,9,10,10,hard,Multi-step,30,,False,1,1,1,0,13,53.0,53.0,1771165896.0,1771165896.0,ESTIMATE_ONLY_inter_question_gaps_unknown
66f644d4-2b35-4fb9-b423-bdaab0eeaf14,9ba91b50-1617-4060-b1c1-bddeb2407671,arithmetic,16,20,0.8,194,1,high,1771165843.0,1771166037.0,2026-02-15 14:33:57.717+00,2026-02-15 14:33:58.617471+00,10,11,11,unknown,unknown,,,False,2,2,1,0,17,66.0,66.0,1771165909.0,1771165909.0,ESTIMATE_ONLY_inter_question_gaps_unknown
66f644d4-2b35-4fb9-b423-bdaab0eeaf14,9ba91b50-1617-4060-b1c1-bddeb2407671,arithmetic,16,20,0.8,194,1,high,1771165843.0,1771166037.0,2026-02-15 14:33:57.717+00,2026-02-15 14:33:58.617471+00,11,12,12,unknown,unknown,,,False,0,0,1,0,14,83.0,83.0,1771165926.0,1771165926.0,ESTIMATE_ONLY_inter_question_gaps_unknown
66f644d4-2b35-4fb9-b423-bdaab0eeaf14,9ba91b50-1617-4060-b1c1-bddeb2407671,arithmetic,16,20,0.8,194,1,high,1771165843.0,1771166037.0,2026-02-15 14:33:57.717+00,2026-02-15 14:33:58.617471+00,12,13,13,unknown,unknown,,,False,2,2,1,0,7,97.0,97.0,1771165940.0,1771165940.0,ESTIMATE_ONLY_inter_question_gaps_unknown
66f644d4-2b35-4fb9-b423-bdaab0eeaf14,9ba91b50-1617-4060-b1c1-bddeb2407671,arithmetic,16,20,0.8,194,1,high,1771165843.0,1771166037.0,2026-02-15 14:33:57.717+00,2026-02-15 14:33:58.617471+00,13,14,14,unknown,unknown,,,False,1,1,1,0,4,104.0,104.0,1771165947.0,1771165947.0,ESTIMATE_ONLY_inter_question_gaps_unknown
66f644d4-2b35-4fb9-b423-bdaab0eeaf14,9ba91b50-1617-4060-b1c1-bddeb2407671,arithmetic,16,20,0.8,194,1,high,1771165843.0,1771166037.0,2026-02-15 14:33:57.717+00,2026-02-15 14:33:58.617471+00,14,15,15,unknown,unknown,,,False,0,2,0,0,16,108.0,108.0,1771165951.0,1771165951.0,ESTIMATE_ONLY_inter_question_gaps_unknown
66f644d4-2b35-4fb9-b423-bdaab0eeaf14,9ba91b50-1617-4060-b1c1-bddeb2407671,arithmetic,16,20,0.8,194,1,high,1771165843.0,1771166037.0,2026-02-15 14:33:57.717+00,2026-02-15 14:33:58.617471+00,15,16,16,unknown,unknown,,,False,1,0,0,0,25,124.0,124.0,1771165967.0,1771165967.0,ESTIMATE_ONLY_inter_question_gaps_unknown
66f644d4-2b35-4fb9-b423-bdaab0eeaf14,9ba91b50-1617-4060-b1c1-bddeb2407671,arithmetic,16,20,0.8,194,1,high,1771165843.0,1771166037.0,2026-02-15 14:33:57.717+00,2026-02-15 14:33:58.617471+00,16,17,17,unknown,unknown,,,False,0,1,0,0,16,149.0,149.0,1771165992.0,1771165992.0,ESTIMATE_ONLY_inter_question_gaps_unknown
66f644d4-2b35-4fb9-b423-bdaab0eeaf14,9ba91b50-1617-4060-b1c1-bddeb2407671,arithmetic,16,20,0.8,194,1,high,1771165843.0,1771166037.0,2026-02-15 14:33:57.717+00,2026-02-15 14:33:58.617471+00,17,18,18,unknown,unknown,,,False,2,2,1,0,5,165.0,165.0,1771166008.0,1771166008.0,ESTIMATE_ONLY_inter_question_gaps_unknown
66f644d4-2b35-4fb9-b423-bdaab0eeaf14,9ba91b50-1617-4060-b1c1-bddeb2407671,arithmetic,16,20,0.8,194,1,high,1771165843.0,1771166037.0,2026-02-15 14:33:57.717+00,2026-02-15 14:33:58.617471+00,18,19,19,unknown,unknown,,,False,0,0,1,0,26,170.0,170.0,1771166013.0,1771166013.0,ESTIMATE_ONLY_inter_question_gaps_unknown
66f644d4-2b35-4fb9-b423-bdaab0eeaf14,9ba91b50-1617-4060-b1c1-bddeb2407671,arithmetic,16,20,0.8,194,1,high,1771165843.0,1771166037.0,2026-02-15 14:33:57.717+00,2026-02-15 14:33:58.617471+00,19,20,20,unknown,unknown,,,False,1,1,1,0,12,196.0,196.0,1771166039.0,1771166039.0,ESTIMATE_ONLY_inter_question_gaps_unknown
66fb6d1d-95f3-46ec-96b5-92184d17b832,1d7969e9-9d81-4b61-b5a4-102cab269db4,arithmetic,7,10,0.7,140,1,mid,1776334455.0,1776334595.0,2026-04-16 10:16:35.053+00,2026-04-16 10:16:36.54004+00,0,1,1,easy,Addition,15,,False,0,0,1,0,6,0.0,0.0,1776334455.0,1776334455.0,ESTIMATE_ONLY_inter_question_gaps_unknown
66fb6d1d-95f3-46ec-96b5-92184d17b832,1d7969e9-9d81-4b61-b5a4-102cab269db4,arithmetic,7,10,0.7,140,1,mid,1776334455.0,1776334595.0,2026-04-16 10:16:35.053+00,2026-04-16 10:16:36.54004+00,1,2,2,easy,Division,15,,False,2,2,1,0,4,6.0,6.0,1776334461.0,1776334461.0,ESTIMATE_ONLY_inter_question_gaps_unknown
66fb6d1d-95f3-46ec-96b5-92184d17b832,1d7969e9-9d81-4b61-b5a4-102cab269db4,arithmetic,7,10,0.7,140,1,mid,1776334455.0,1776334595.0,2026-04-16 10:16:35.053+00,2026-04-16 10:16:36.54004+00,2,3,3,easy,Addition,15,,False,0,0,1,0,5,10.0,10.0,1776334465.0,1776334465.0,ESTIMATE_ONLY_inter_question_gaps_unknown
66fb6d1d-95f3-46ec-96b5-92184d17b832,1d7969e9-9d81-4b61-b5a4-102cab269db4,arithmetic,7,10,0.7,140,1,mid,1776334455.0,1776334595.0,2026-04-16 10:16:35.053+00,2026-04-16 10:16:36.54004+00,3,4,4,easy,Subtraction,15,,False,0,0,1,0,15,15.0,15.0,1776334470.0,1776334470.0,ESTIMATE_ONLY_inter_question_gaps_unknown
66fb6d1d-95f3-46ec-96b5-92184d17b832,1d7969e9-9d81-4b61-b5a4-102cab269db4,arithmetic,7,10,0.7,140,1,mid,1776334455.0,1776334595.0,2026-04-16 10:16:35.053+00,2026-04-16 10:16:36.54004+00,4,5,5,medium,Addition,20,,False,2,2,1,0,12,30.0,30.0,1776334485.0,1776334485.0,ESTIMATE_ONLY_inter_question_gaps_unknown
66fb6d1d-95f3-46ec-96b5-92184d17b832,1d7969e9-9d81-4b61-b5a4-102cab269db4,arithmetic,7,10,0.7,140,1,mid,1776334455.0,1776334595.0,2026-04-16 10:16:35.053+00,2026-04-16 10:16:36.54004+00,5,6,6,medium,Multiplication,20,,False,,0,0,1,20,42.0,42.0,1776334497.0,1776334497.0,ESTIMATE_ONLY_inter_question_gaps_unknown
66fb6d1d-95f3-46ec-96b5-92184d17b832,1d7969e9-9d81-4b61-b5a4-102cab269db4,arithmetic,7,10,0.7,140,1,mid,1776334455.0,1776334595.0,2026-04-16 10:16:35.053+00,2026-04-16 10:16:36.54004+00,6,7,7,medium,Division,20,,False,1,1,1,0,8,62.0,62.0,1776334517.0,1776334517.0,ESTIMATE_ONLY_inter_question_gaps_unknown
66fb6d1d-95f3-46ec-96b5-92184d17b832,1d7969e9-9d81-4b61-b5a4-102cab269db4,arithmetic,7,10,0.7,140,1,mid,1776334455.0,1776334595.0,2026-04-16 10:16:35.053+00,2026-04-16 10:16:36.54004+00,7,8,8,hard,Percentage,30,,False,0,2,0,0,21,70.0,70.0,1776334525.0,1776334525.0,ESTIMATE_ONLY_inter_question_gaps_unknown
66fb6d1d-95f3-46ec-96b5-92184d17b832,1d7969e9-9d81-4b61-b5a4-102cab269db4,arithmetic,7,10,0.7,140,1,mid,1776334455.0,1776334595.0,2026-04-16 10:16:35.053+00,2026-04-16 10:16:36.54004+00,8,9,9,hard,Multiplication,30,,False,1,0,0,0,27,91.0,91.0,1776334546.0,1776334546.0,ESTIMATE_ONLY_inter_question_gaps_unknown
66fb6d1d-95f3-46ec-96b5-92184d17b832,1d7969e9-9d81-4b61-b5a4-102cab269db4,arithmetic,7,10,0.7,140,1,mid,1776334455.0,1776334595.0,2026-04-16 10:16:35.053+00,2026-04-16 10:16:36.54004+00,9,10,10,hard,Multi-step,30,,False,1,1,1,0,28,118.0,118.0,1776334573.0,1776334573.0,ESTIMATE_ONLY_inter_question_gaps_unknown
67097754-7ade-40be-9aa5-ec6b9c08caa4,38486085-f824-4b7b-82b0-ebfd7c8629e4,memory,8,10,0.8,94,1,high,1776768426.0,1776768520.0,2026-04-21 10:48:40.533+00,2026-04-21 10:48:41.116213+00,0,1,1,easy,Digit Recall,10,5,False,1,0,0,0,3,0.0,5.0,1776768426.0,1776768431.0,ESTIMATE_ONLY_inter_question_gaps_unknown
67097754-7ade-40be-9aa5-ec6b9c08caa4,38486085-f824-4b7b-82b0-ebfd7c8629e4,memory,8,10,0.8,94,1,high,1776768426.0,1776768520.0,2026-04-21 10:48:40.533+00,2026-04-21 10:48:41.116213+00,1,2,2,easy,Word Recall,10,5,False,2,2,1,0,4,8.0,13.0,1776768434.0,1776768439.0,ESTIMATE_ONLY_inter_question_gaps_unknown
67097754-7ade-40be-9aa5-ec6b9c08caa4,38486085-f824-4b7b-82b0-ebfd7c8629e4,memory,8,10,0.8,94,1,high,1776768426.0,1776768520.0,2026-04-21 10:48:40.533+00,2026-04-21 10:48:41.116213+00,2,3,3,easy,Digit Recall,10,5,False,1,1,1,0,4,17.0,22.0,1776768443.0,1776768448.0,ESTIMATE_ONLY_inter_question_gaps_unknown
67097754-7ade-40be-9aa5-ec6b9c08caa4,38486085-f824-4b7b-82b0-ebfd7c8629e4,memory,8,10,0.8,94,1,high,1776768426.0,1776768520.0,2026-04-21 10:48:40.533+00,2026-04-21 10:48:41.116213+00,3,4,4,easy,Word Recall,10,5,False,0,0,1,0,3,26.0,31.0,1776768452.0,1776768457.0,ESTIMATE_ONLY_inter_question_gaps_unknown
67097754-7ade-40be-9aa5-ec6b9c08caa4,38486085-f824-4b7b-82b0-ebfd7c8629e4,memory,8,10,0.8,94,1,high,1776768426.0,1776768520.0,2026-04-21 10:48:40.533+00,2026-04-21 10:48:41.116213+00,4,5,5,medium,Digit Recall,12,6,False,0,0,1,0,3,34.0,40.0,1776768460.0,1776768466.0,ESTIMATE_ONLY_inter_question_gaps_unknown
67097754-7ade-40be-9aa5-ec6b9c08caa4,38486085-f824-4b7b-82b0-ebfd7c8629e4,memory,8,10,0.8,94,1,high,1776768426.0,1776768520.0,2026-04-21 10:48:40.533+00,2026-04-21 10:48:41.116213+00,5,6,6,medium,Position Recall,12,6,False,1,1,1,0,5,43.0,49.0,1776768469.0,1776768475.0,ESTIMATE_ONLY_inter_question_gaps_unknown
67097754-7ade-40be-9aa5-ec6b9c08caa4,38486085-f824-4b7b-82b0-ebfd7c8629e4,memory,8,10,0.8,94,1,high,1776768426.0,1776768520.0,2026-04-21 10:48:40.533+00,2026-04-21 10:48:41.116213+00,6,7,7,medium,Position Recall,12,6,False,2,2,1,0,3,54.0,60.0,1776768480.0,1776768486.0,ESTIMATE_ONLY_inter_question_gaps_unknown
67097754-7ade-40be-9aa5-ec6b9c08caa4,38486085-f824-4b7b-82b0-ebfd7c8629e4,memory,8,10,0.8,94,1,high,1776768426.0,1776768520.0,2026-04-21 10:48:40.533+00,2026-04-21 10:48:41.116213+00,7,8,8,hard,Sequence Recall,15,7,False,0,0,1,0,4,63.0,70.0,1776768489.0,1776768496.0,ESTIMATE_ONLY_inter_question_gaps_unknown
67097754-7ade-40be-9aa5-ec6b9c08caa4,38486085-f824-4b7b-82b0-ebfd7c8629e4,memory,8,10,0.8,94,1,high,1776768426.0,1776768520.0,2026-04-21 10:48:40.533+00,2026-04-21 10:48:41.116213+00,8,9,9,hard,Position Recall,15,7,False,1,1,1,0,4,74.0,81.0,1776768500.0,1776768507.0,ESTIMATE_ONLY_inter_question_gaps_unknown
67097754-7ade-40be-9aa5-ec6b9c08caa4,38486085-f824-4b7b-82b0-ebfd7c8629e4,memory,8,10,0.8,94,1,high,1776768426.0,1776768520.0,2026-04-21 10:48:40.533+00,2026-04-21 10:48:41.116213+00,9,10,10,hard,Digit Analysis,15,7,False,1,2,0,0,4,85.0,92.0,1776768511.0,1776768518.0,ESTIMATE_ONLY_inter_question_gaps_unknown
6713ad2e-b8cf-40ec-b600-4a6015253fb5,4b00bcd7-936b-42d2-99b5-c0b8b78272c9,attention,7,10,0.7,116,1,mid,1776330646.0,1776330762.0,2026-04-16 09:12:42.777+00,2026-04-16 09:12:45.977895+00,0,1,1,easy,Oddball Detection,8,5,False,2,2,1,0,5,0.0,5.0,1776330646.0,1776330651.0,ESTIMATE_ONLY_inter_question_gaps_unknown
6713ad2e-b8cf-40ec-b600-4a6015253fb5,4b00bcd7-936b-42d2-99b5-c0b8b78272c9,attention,7,10,0.7,116,1,mid,1776330646.0,1776330762.0,2026-04-16 09:12:42.777+00,2026-04-16 09:12:45.977895+00,1,2,2,easy,Count Target,8,5,False,0,0,1,0,4,10.0,15.0,1776330656.0,1776330661.0,ESTIMATE_ONLY_inter_question_gaps_unknown
6713ad2e-b8cf-40ec-b600-4a6015253fb5,4b00bcd7-936b-42d2-99b5-c0b8b78272c9,attention,7,10,0.7,116,1,mid,1776330646.0,1776330762.0,2026-04-16 09:12:42.777+00,2026-04-16 09:12:45.977895+00,2,3,3,easy,Pattern Break,8,5,False,2,2,1,0,5,19.0,24.0,1776330665.0,1776330670.0,ESTIMATE_ONLY_inter_question_gaps_unknown
6713ad2e-b8cf-40ec-b600-4a6015253fb5,4b00bcd7-936b-42d2-99b5-c0b8b78272c9,attention,7,10,0.7,116,1,mid,1776330646.0,1776330762.0,2026-04-16 09:12:42.777+00,2026-04-16 09:12:45.977895+00,3,4,4,easy,Position Detect,8,5,False,2,1,0,0,6,29.0,34.0,1776330675.0,1776330680.0,ESTIMATE_ONLY_inter_question_gaps_unknown
6713ad2e-b8cf-40ec-b600-4a6015253fb5,4b00bcd7-936b-42d2-99b5-c0b8b78272c9,attention,7,10,0.7,116,1,mid,1776330646.0,1776330762.0,2026-04-16 09:12:42.777+00,2026-04-16 09:12:45.977895+00,4,5,5,medium,Rule Violation,10,6,False,2,2,1,0,9,40.0,46.0,1776330686.0,1776330692.0,ESTIMATE_ONLY_inter_question_gaps_unknown
6713ad2e-b8cf-40ec-b600-4a6015253fb5,4b00bcd7-936b-42d2-99b5-c0b8b78272c9,attention,7,10,0.7,116,1,mid,1776330646.0,1776330762.0,2026-04-16 09:12:42.777+00,2026-04-16 09:12:45.977895+00,5,6,6,medium,Count Target,10,6,False,2,0,0,0,6,55.0,61.0,1776330701.0,1776330707.0,ESTIMATE_ONLY_inter_question_gaps_unknown
6713ad2e-b8cf-40ec-b600-4a6015253fb5,4b00bcd7-936b-42d2-99b5-c0b8b78272c9,attention,7,10,0.7,116,1,mid,1776330646.0,1776330762.0,2026-04-16 09:12:42.777+00,2026-04-16 09:12:45.977895+00,6,7,7,medium,Count Target,10,6,False,2,2,1,0,7,67.0,73.0,1776330713.0,1776330719.0,ESTIMATE_ONLY_inter_question_gaps_unknown
6713ad2e-b8cf-40ec-b600-4a6015253fb5,4b00bcd7-936b-42d2-99b5-c0b8b78272c9,attention,7,10,0.7,116,1,mid,1776330646.0,1776330762.0,2026-04-16 09:12:42.777+00,2026-04-16 09:12:45.977895+00,7,8,8,hard,Count Target,12,7,False,1,2,0,0,4,80.0,87.0,1776330726.0,1776330733.0,ESTIMATE_ONLY_inter_question_gaps_unknown
6713ad2e-b8cf-40ec-b600-4a6015253fb5,4b00bcd7-936b-42d2-99b5-c0b8b78272c9,attention,7,10,0.7,116,1,mid,1776330646.0,1776330762.0,2026-04-16 09:12:42.777+00,2026-04-16 09:12:45.977895+00,8,9,9,hard,Rule Violation,12,7,False,2,2,1,0,8,91.0,98.0,1776330737.0,1776330744.0,ESTIMATE_ONLY_inter_question_gaps_unknown
6713ad2e-b8cf-40ec-b600-4a6015253fb5,4b00bcd7-936b-42d2-99b5-c0b8b78272c9,attention,7,10,0.7,116,1,mid,1776330646.0,1776330762.0,2026-04-16 09:12:42.777+00,2026-04-16 09:12:45.977895+00,9,10,10,hard,Pattern Break,12,7,False,2,2,1,0,6,106.0,113.0,1776330752.0,1776330759.0,ESTIMATE_ONLY_inter_question_gaps_unknown
67776204-5766-4893-a744-a15d0c2c0385,4b00bcd7-936b-42d2-99b5-c0b8b78272c9,attention,7,10,0.7,116,1,mid,1776330637.0,1776330753.0,2026-04-16 09:12:33.914+00,2026-04-16 09:12:42.999482+00,0,1,1,easy,Oddball Detection,8,5,False,2,2,1,0,5,0.0,5.0,1776330637.0,1776330642.0,ESTIMATE_ONLY_inter_question_gaps_unknown
67776204-5766-4893-a744-a15d0c2c0385,4b00bcd7-936b-42d2-99b5-c0b8b78272c9,attention,7,10,0.7,116,1,mid,1776330637.0,1776330753.0,2026-04-16 09:12:33.914+00,2026-04-16 09:12:42.999482+00,1,2,2,easy,Count Target,8,5,False,0,0,1,0,4,10.0,15.0,1776330647.0,1776330652.0,ESTIMATE_ONLY_inter_question_gaps_unknown
67776204-5766-4893-a744-a15d0c2c0385,4b00bcd7-936b-42d2-99b5-c0b8b78272c9,attention,7,10,0.7,116,1,mid,1776330637.0,1776330753.0,2026-04-16 09:12:33.914+00,2026-04-16 09:12:42.999482+00,2,3,3,easy,Pattern Break,8,5,False,2,2,1,0,5,19.0,24.0,1776330656.0,1776330661.0,ESTIMATE_ONLY_inter_question_gaps_unknown
67776204-5766-4893-a744-a15d0c2c0385,4b00bcd7-936b-42d2-99b5-c0b8b78272c9,attention,7,10,0.7,116,1,mid,1776330637.0,1776330753.0,2026-04-16 09:12:33.914+00,2026-04-16 09:12:42.999482+00,3,4,4,easy,Position Detect,8,5,False,2,1,0,0,6,29.0,34.0,1776330666.0,1776330671.0,ESTIMATE_ONLY_inter_question_gaps_unknown
67776204-5766-4893-a744-a15d0c2c0385,4b00bcd7-936b-42d2-99b5-c0b8b78272c9,attention,7,10,0.7,116,1,mid,1776330637.0,1776330753.0,2026-04-16 09:12:33.914+00,2026-04-16 09:12:42.999482+00,4,5,5,medium,Rule Violation,10,6,False,2,2,1,0,9,40.0,46.0,1776330677.0,1776330683.0,ESTIMATE_ONLY_inter_question_gaps_unknown
67776204-5766-4893-a744-a15d0c2c0385,4b00bcd7-936b-42d2-99b5-c0b8b78272c9,attention,7,10,0.7,116,1,mid,1776330637.0,1776330753.0,2026-04-16 09:12:33.914+00,2026-04-16 09:12:42.999482+00,5,6,6,medium,Count Target,10,6,False,2,0,0,0,6,55.0,61.0,1776330692.0,1776330698.0,ESTIMATE_ONLY_inter_question_gaps_unknown
67776204-5766-4893-a744-a15d0c2c0385,4b00bcd7-936b-42d2-99b5-c0b8b78272c9,attention,7,10,0.7,116,1,mid,1776330637.0,1776330753.0,2026-04-16 09:12:33.914+00,2026-04-16 09:12:42.999482+00,6,7,7,medium,Count Target,10,6,False,2,2,1,0,7,67.0,73.0,1776330704.0,1776330710.0,ESTIMATE_ONLY_inter_question_gaps_unknown
67776204-5766-4893-a744-a15d0c2c0385,4b00bcd7-936b-42d2-99b5-c0b8b78272c9,attention,7,10,0.7,116,1,mid,1776330637.0,1776330753.0,2026-04-16 09:12:33.914+00,2026-04-16 09:12:42.999482+00,7,8,8,hard,Count Target,12,7,False,1,2,0,0,4,80.0,87.0,1776330717.0,1776330724.0,ESTIMATE_ONLY_inter_question_gaps_unknown
67776204-5766-4893-a744-a15d0c2c0385,4b00bcd7-936b-42d2-99b5-c0b8b78272c9,attention,7,10,0.7,116,1,mid,1776330637.0,1776330753.0,2026-04-16 09:12:33.914+00,2026-04-16 09:12:42.999482+00,8,9,9,hard,Rule Violation,12,7,False,2,2,1,0,8,91.0,98.0,1776330728.0,1776330735.0,ESTIMATE_ONLY_inter_question_gaps_unknown
67776204-5766-4893-a744-a15d0c2c0385,4b00bcd7-936b-42d2-99b5-c0b8b78272c9,attention,7,10,0.7,116,1,mid,1776330637.0,1776330753.0,2026-04-16 09:12:33.914+00,2026-04-16 09:12:42.999482+00,9,10,10,hard,Pattern Break,12,7,False,2,2,1,0,6,106.0,113.0,1776330743.0,1776330750.0,ESTIMATE_ONLY_inter_question_gaps_unknown
67c03398-8c80-40e2-9247-a44e87d71b42,4b00bcd7-936b-42d2-99b5-c0b8b78272c9,comprehension,10,10,1.0,198,1,high,1776330391.0,1776330589.0,2026-04-16 09:09:49.137+00,2026-04-16 09:09:59.546157+00,0,1,1,easy,Fact Extraction,25,,True,0,0,1,0,6,0.0,0.0,1776330391.0,1776330391.0,ESTIMATE_ONLY_reading_phase_duration_unknown
67c03398-8c80-40e2-9247-a44e87d71b42,4b00bcd7-936b-42d2-99b5-c0b8b78272c9,comprehension,10,10,1.0,198,1,high,1776330391.0,1776330589.0,2026-04-16 09:09:49.137+00,2026-04-16 09:09:59.546157+00,1,2,2,medium,Detail Recall,25,,False,0,0,1,0,8,6.0,6.0,1776330397.0,1776330397.0,ESTIMATE_ONLY_inter_question_gaps_unknown
67c03398-8c80-40e2-9247-a44e87d71b42,4b00bcd7-936b-42d2-99b5-c0b8b78272c9,comprehension,10,10,1.0,198,1,high,1776330391.0,1776330589.0,2026-04-16 09:09:49.137+00,2026-04-16 09:09:59.546157+00,2,3,3,easy,Fact Extraction,25,,False,0,0,1,0,7,14.0,14.0,1776330405.0,1776330405.0,ESTIMATE_ONLY_inter_question_gaps_unknown
67c03398-8c80-40e2-9247-a44e87d71b42,4b00bcd7-936b-42d2-99b5-c0b8b78272c9,comprehension,10,10,1.0,198,1,high,1776330391.0,1776330589.0,2026-04-16 09:09:49.137+00,2026-04-16 09:09:59.546157+00,3,4,4,medium,Inference,25,,False,1,1,1,0,7,21.0,21.0,1776330412.0,1776330412.0,ESTIMATE_ONLY_inter_question_gaps_unknown
67c03398-8c80-40e2-9247-a44e87d71b42,4b00bcd7-936b-42d2-99b5-c0b8b78272c9,comprehension,10,10,1.0,198,1,high,1776330391.0,1776330589.0,2026-04-16 09:09:49.137+00,2026-04-16 09:09:59.546157+00,4,5,5,easy,Detail Recall,25,,False,0,0,1,0,8,28.0,28.0,1776330419.0,1776330419.0,ESTIMATE_ONLY_inter_question_gaps_unknown
67c03398-8c80-40e2-9247-a44e87d71b42,4b00bcd7-936b-42d2-99b5-c0b8b78272c9,comprehension,10,10,1.0,198,1,high,1776330391.0,1776330589.0,2026-04-16 09:09:49.137+00,2026-04-16 09:09:59.546157+00,5,6,6,easy,Fact Extraction,25,,True,1,1,1,0,5,36.0,36.0,1776330427.0,1776330427.0,ESTIMATE_ONLY_reading_phase_duration_unknown
67c03398-8c80-40e2-9247-a44e87d71b42,4b00bcd7-936b-42d2-99b5-c0b8b78272c9,comprehension,10,10,1.0,198,1,high,1776330391.0,1776330589.0,2026-04-16 09:09:49.137+00,2026-04-16 09:09:59.546157+00,6,7,7,easy,Detail Recall,25,,False,2,2,1,0,6,41.0,41.0,1776330432.0,1776330432.0,ESTIMATE_ONLY_inter_question_gaps_unknown
67c03398-8c80-40e2-9247-a44e87d71b42,4b00bcd7-936b-42d2-99b5-c0b8b78272c9,comprehension,10,10,1.0,198,1,high,1776330391.0,1776330589.0,2026-04-16 09:09:49.137+00,2026-04-16 09:09:59.546157+00,7,8,8,medium,Detail Recall,25,,False,0,0,1,0,6,47.0,47.0,1776330438.0,1776330438.0,ESTIMATE_ONLY_inter_question_gaps_unknown
67c03398-8c80-40e2-9247-a44e87d71b42,4b00bcd7-936b-42d2-99b5-c0b8b78272c9,comprehension,10,10,1.0,198,1,high,1776330391.0,1776330589.0,2026-04-16 09:09:49.137+00,2026-04-16 09:09:59.546157+00,8,9,9,medium,Inference,25,,False,1,1,1,0,7,53.0,53.0,1776330444.0,1776330444.0,ESTIMATE_ONLY_inter_question_gaps_unknown
67c03398-8c80-40e2-9247-a44e87d71b42,4b00bcd7-936b-42d2-99b5-c0b8b78272c9,comprehension,10,10,1.0,198,1,high,1776330391.0,1776330589.0,2026-04-16 09:09:49.137+00,2026-04-16 09:09:59.546157+00,9,10,10,easy,Fact Extraction,25,,False,1,1,1,0,8,60.0,60.0,1776330451.0,1776330451.0,ESTIMATE_ONLY_inter_question_gaps_unknown
68061eba-4f4c-4250-a384-d908f9a76142,c33adeeb-6609-4bd1-8fbc-9b3562dea1d0,comprehension,10,10,1.0,101,1,high,1776937363.0,1776937464.0,2026-04-23 09:44:24.608+00,2026-04-23 09:44:25.086432+00,0,1,1,easy,Fact Extraction,25,,True,0,0,1,0,5,0.0,0.0,1776937363.0,1776937363.0,ESTIMATE_ONLY_reading_phase_duration_unknown
68061eba-4f4c-4250-a384-d908f9a76142,c33adeeb-6609-4bd1-8fbc-9b3562dea1d0,comprehension,10,10,1.0,101,1,high,1776937363.0,1776937464.0,2026-04-23 09:44:24.608+00,2026-04-23 09:44:25.086432+00,1,2,2,medium,Detail Recall,25,,False,0,0,1,0,4,5.0,5.0,1776937368.0,1776937368.0,ESTIMATE_ONLY_inter_question_gaps_unknown
68061eba-4f4c-4250-a384-d908f9a76142,c33adeeb-6609-4bd1-8fbc-9b3562dea1d0,comprehension,10,10,1.0,101,1,high,1776937363.0,1776937464.0,2026-04-23 09:44:24.608+00,2026-04-23 09:44:25.086432+00,2,3,3,easy,Fact Extraction,25,,False,0,0,1,0,3,9.0,9.0,1776937372.0,1776937372.0,ESTIMATE_ONLY_inter_question_gaps_unknown
68061eba-4f4c-4250-a384-d908f9a76142,c33adeeb-6609-4bd1-8fbc-9b3562dea1d0,comprehension,10,10,1.0,101,1,high,1776937363.0,1776937464.0,2026-04-23 09:44:24.608+00,2026-04-23 09:44:25.086432+00,3,4,4,medium,Inference,25,,False,1,1,1,0,3,12.0,12.0,1776937375.0,1776937375.0,ESTIMATE_ONLY_inter_question_gaps_unknown
68061eba-4f4c-4250-a384-d908f9a76142,c33adeeb-6609-4bd1-8fbc-9b3562dea1d0,comprehension,10,10,1.0,101,1,high,1776937363.0,1776937464.0,2026-04-23 09:44:24.608+00,2026-04-23 09:44:25.086432+00,4,5,5,easy,Detail Recall,25,,False,0,0,1,0,5,15.0,15.0,1776937378.0,1776937378.0,ESTIMATE_ONLY_inter_question_gaps_unknown
68061eba-4f4c-4250-a384-d908f9a76142,c33adeeb-6609-4bd1-8fbc-9b3562dea1d0,comprehension,10,10,1.0,101,1,high,1776937363.0,1776937464.0,2026-04-23 09:44:24.608+00,2026-04-23 09:44:25.086432+00,5,6,6,easy,Fact Extraction,25,,True,1,1,1,0,3,20.0,20.0,1776937383.0,1776937383.0,ESTIMATE_ONLY_reading_phase_duration_unknown
68061eba-4f4c-4250-a384-d908f9a76142,c33adeeb-6609-4bd1-8fbc-9b3562dea1d0,comprehension,10,10,1.0,101,1,high,1776937363.0,1776937464.0,2026-04-23 09:44:24.608+00,2026-04-23 09:44:25.086432+00,6,7,7,easy,Detail Recall,25,,False,2,2,1,0,5,23.0,23.0,1776937386.0,1776937386.0,ESTIMATE_ONLY_inter_question_gaps_unknown
68061eba-4f4c-4250-a384-d908f9a76142,c33adeeb-6609-4bd1-8fbc-9b3562dea1d0,comprehension,10,10,1.0,101,1,high,1776937363.0,1776937464.0,2026-04-23 09:44:24.608+00,2026-04-23 09:44:25.086432+00,7,8,8,medium,Detail Recall,25,,False,0,0,1,0,2,28.0,28.0,1776937391.0,1776937391.0,ESTIMATE_ONLY_inter_question_gaps_unknown
68061eba-4f4c-4250-a384-d908f9a76142,c33adeeb-6609-4bd1-8fbc-9b3562dea1d0,comprehension,10,10,1.0,101,1,high,1776937363.0,1776937464.0,2026-04-23 09:44:24.608+00,2026-04-23 09:44:25.086432+00,8,9,9,medium,Inference,25,,False,1,1,1,0,4,30.0,30.0,1776937393.0,1776937393.0,ESTIMATE_ONLY_inter_question_gaps_unknown
68061eba-4f4c-4250-a384-d908f9a76142,c33adeeb-6609-4bd1-8fbc-9b3562dea1d0,comprehension,10,10,1.0,101,1,high,1776937363.0,1776937464.0,2026-04-23 09:44:24.608+00,2026-04-23 09:44:25.086432+00,9,10,10,easy,Fact Extraction,25,,False,1,1,1,0,4,34.0,34.0,1776937397.0,1776937397.0,ESTIMATE_ONLY_inter_question_gaps_unknown
6b00dc66-f1a5-442a-aebc-d62cb8e49492,3cebc90b-7bb9-4438-bb6d-00b1b897bdf9,memory,8,10,0.8,85,1,high,1777544155.0,1777544240.0,2026-04-30 10:17:20.972+00,2026-04-30 10:17:21.310292+00,0,1,1,easy,Digit Recall,10,5,False,0,0,1,0,3,0.0,5.0,1777544155.0,1777544160.0,ESTIMATE_ONLY_inter_question_gaps_unknown
6b00dc66-f1a5-442a-aebc-d62cb8e49492,3cebc90b-7bb9-4438-bb6d-00b1b897bdf9,memory,8,10,0.8,85,1,high,1777544155.0,1777544240.0,2026-04-30 10:17:20.972+00,2026-04-30 10:17:21.310292+00,1,2,2,easy,Word Recall,10,5,False,2,2,1,0,2,8.0,13.0,1777544163.0,1777544168.0,ESTIMATE_ONLY_inter_question_gaps_unknown
6b00dc66-f1a5-442a-aebc-d62cb8e49492,3cebc90b-7bb9-4438-bb6d-00b1b897bdf9,memory,8,10,0.8,85,1,high,1777544155.0,1777544240.0,2026-04-30 10:17:20.972+00,2026-04-30 10:17:21.310292+00,2,3,3,easy,Digit Recall,10,5,False,1,1,1,0,3,15.0,20.0,1777544170.0,1777544175.0,ESTIMATE_ONLY_inter_question_gaps_unknown
6b00dc66-f1a5-442a-aebc-d62cb8e49492,3cebc90b-7bb9-4438-bb6d-00b1b897bdf9,memory,8,10,0.8,85,1,high,1777544155.0,1777544240.0,2026-04-30 10:17:20.972+00,2026-04-30 10:17:21.310292+00,3,4,4,easy,Word Recall,10,5,False,0,0,1,0,2,23.0,28.0,1777544178.0,1777544183.0,ESTIMATE_ONLY_inter_question_gaps_unknown
6b00dc66-f1a5-442a-aebc-d62cb8e49492,3cebc90b-7bb9-4438-bb6d-00b1b897bdf9,memory,8,10,0.8,85,1,high,1777544155.0,1777544240.0,2026-04-30 10:17:20.972+00,2026-04-30 10:17:21.310292+00,4,5,5,medium,Digit Recall,12,6,False,0,0,1,0,2,30.0,36.0,1777544185.0,1777544191.0,ESTIMATE_ONLY_inter_question_gaps_unknown
6b00dc66-f1a5-442a-aebc-d62cb8e49492,3cebc90b-7bb9-4438-bb6d-00b1b897bdf9,memory,8,10,0.8,85,1,high,1777544155.0,1777544240.0,2026-04-30 10:17:20.972+00,2026-04-30 10:17:21.310292+00,5,6,6,medium,Position Recall,12,6,False,1,1,1,0,3,38.0,44.0,1777544193.0,1777544199.0,ESTIMATE_ONLY_inter_question_gaps_unknown
6b00dc66-f1a5-442a-aebc-d62cb8e49492,3cebc90b-7bb9-4438-bb6d-00b1b897bdf9,memory,8,10,0.8,85,1,high,1777544155.0,1777544240.0,2026-04-30 10:17:20.972+00,2026-04-30 10:17:21.310292+00,6,7,7,medium,Position Recall,12,6,False,2,2,1,0,3,47.0,53.0,1777544202.0,1777544208.0,ESTIMATE_ONLY_inter_question_gaps_unknown
6b00dc66-f1a5-442a-aebc-d62cb8e49492,3cebc90b-7bb9-4438-bb6d-00b1b897bdf9,memory,8,10,0.8,85,1,high,1777544155.0,1777544240.0,2026-04-30 10:17:20.972+00,2026-04-30 10:17:21.310292+00,7,8,8,hard,Sequence Recall,15,7,False,0,0,1,0,5,56.0,63.0,1777544211.0,1777544218.0,ESTIMATE_ONLY_inter_question_gaps_unknown
6b00dc66-f1a5-442a-aebc-d62cb8e49492,3cebc90b-7bb9-4438-bb6d-00b1b897bdf9,memory,8,10,0.8,85,1,high,1777544155.0,1777544240.0,2026-04-30 10:17:20.972+00,2026-04-30 10:17:21.310292+00,8,9,9,hard,Position Recall,15,7,False,2,1,0,0,3,68.0,75.0,1777544223.0,1777544230.0,ESTIMATE_ONLY_inter_question_gaps_unknown
6b00dc66-f1a5-442a-aebc-d62cb8e49492,3cebc90b-7bb9-4438-bb6d-00b1b897bdf9,memory,8,10,0.8,85,1,high,1777544155.0,1777544240.0,2026-04-30 10:17:20.972+00,2026-04-30 10:17:21.310292+00,9,10,10,hard,Digit Analysis,15,7,False,0,2,0,0,3,78.0,85.0,1777544233.0,1777544240.0,ESTIMATE_ONLY_inter_question_gaps_unknown
6b1fe444-8fe6-4e94-b715-8fd005e493f2,daa69244-ed2c-41a5-883b-3352a4c9284b,memory,9,10,0.9,84,1,high,1776425839.0,1776425923.0,2026-04-17 11:38:43.815+00,2026-04-17 11:38:44.043933+00,0,1,1,easy,Digit Recall,10,5,False,0,0,1,0,4,0.0,5.0,1776425839.0,1776425844.0,ESTIMATE_ONLY_inter_question_gaps_unknown
6b1fe444-8fe6-4e94-b715-8fd005e493f2,daa69244-ed2c-41a5-883b-3352a4c9284b,memory,9,10,0.9,84,1,high,1776425839.0,1776425923.0,2026-04-17 11:38:43.815+00,2026-04-17 11:38:44.043933+00,1,2,2,easy,Word Recall,10,5,False,2,2,1,0,3,9.0,14.0,1776425848.0,1776425853.0,ESTIMATE_ONLY_inter_question_gaps_unknown
6b1fe444-8fe6-4e94-b715-8fd005e493f2,daa69244-ed2c-41a5-883b-3352a4c9284b,memory,9,10,0.9,84,1,high,1776425839.0,1776425923.0,2026-04-17 11:38:43.815+00,2026-04-17 11:38:44.043933+00,2,3,3,easy,Digit Recall,10,5,False,1,1,1,0,4,17.0,22.0,1776425856.0,1776425861.0,ESTIMATE_ONLY_inter_question_gaps_unknown
6b1fe444-8fe6-4e94-b715-8fd005e493f2,daa69244-ed2c-41a5-883b-3352a4c9284b,memory,9,10,0.9,84,1,high,1776425839.0,1776425923.0,2026-04-17 11:38:43.815+00,2026-04-17 11:38:44.043933+00,3,4,4,easy,Word Recall,10,5,False,0,0,1,0,3,26.0,31.0,1776425865.0,1776425870.0,ESTIMATE_ONLY_inter_question_gaps_unknown
6b1fe444-8fe6-4e94-b715-8fd005e493f2,daa69244-ed2c-41a5-883b-3352a4c9284b,memory,9,10,0.9,84,1,high,1776425839.0,1776425923.0,2026-04-17 11:38:43.815+00,2026-04-17 11:38:44.043933+00,4,5,5,medium,Digit Recall,12,6,False,0,0,1,0,2,34.0,40.0,1776425873.0,1776425879.0,ESTIMATE_ONLY_inter_question_gaps_unknown
6b1fe444-8fe6-4e94-b715-8fd005e493f2,daa69244-ed2c-41a5-883b-3352a4c9284b,memory,9,10,0.9,84,1,high,1776425839.0,1776425923.0,2026-04-17 11:38:43.815+00,2026-04-17 11:38:44.043933+00,5,6,6,medium,Position Recall,12,6,False,1,1,1,0,3,42.0,48.0,1776425881.0,1776425887.0,ESTIMATE_ONLY_inter_question_gaps_unknown
6b1fe444-8fe6-4e94-b715-8fd005e493f2,daa69244-ed2c-41a5-883b-3352a4c9284b,memory,9,10,0.9,84,1,high,1776425839.0,1776425923.0,2026-04-17 11:38:43.815+00,2026-04-17 11:38:44.043933+00,6,7,7,medium,Position Recall,12,6,False,2,2,1,0,3,51.0,57.0,1776425890.0,1776425896.0,ESTIMATE_ONLY_inter_question_gaps_unknown
6b1fe444-8fe6-4e94-b715-8fd005e493f2,daa69244-ed2c-41a5-883b-3352a4c9284b,memory,9,10,0.9,84,1,high,1776425839.0,1776425923.0,2026-04-17 11:38:43.815+00,2026-04-17 11:38:44.043933+00,7,8,8,hard,Sequence Recall,15,7,False,1,0,0,0,4,60.0,67.0,1776425899.0,1776425906.0,ESTIMATE_ONLY_inter_question_gaps_unknown
6b1fe444-8fe6-4e94-b715-8fd005e493f2,daa69244-ed2c-41a5-883b-3352a4c9284b,memory,9,10,0.9,84,1,high,1776425839.0,1776425923.0,2026-04-17 11:38:43.815+00,2026-04-17 11:38:44.043933+00,8,9,9,hard,Position Recall,15,7,False,1,1,1,0,4,71.0,78.0,1776425910.0,1776425917.0,ESTIMATE_ONLY_inter_question_gaps_unknown
6b1fe444-8fe6-4e94-b715-8fd005e493f2,daa69244-ed2c-41a5-883b-3352a4c9284b,memory,9,10,0.9,84,1,high,1776425839.0,1776425923.0,2026-04-17 11:38:43.815+00,2026-04-17 11:38:44.043933+00,9,10,10,hard,Digit Analysis,15,7,False,2,2,1,0,2,82.0,89.0,1776425921.0,1776425928.0,ESTIMATE_ONLY_inter_question_gaps_unknown
6bdc9ea1-0d5b-40a1-9e02-7327f4d2467b,6f2c1a12-a0ec-4367-92f6-b0403cc5b56c,arithmetic,4,10,0.4,74,0,low,1776583273.0,1776583347.0,2026-04-19 07:22:27.553+00,2026-04-19 07:22:28.558453+00,0,1,1,easy,Addition,15,,False,0,0,1,0,5,0.0,0.0,1776583273.0,1776583273.0,ESTIMATE_ONLY_inter_question_gaps_unknown
6bdc9ea1-0d5b-40a1-9e02-7327f4d2467b,6f2c1a12-a0ec-4367-92f6-b0403cc5b56c,arithmetic,4,10,0.4,74,0,low,1776583273.0,1776583347.0,2026-04-19 07:22:27.553+00,2026-04-19 07:22:28.558453+00,1,2,2,easy,Division,15,,False,1,2,0,0,4,5.0,5.0,1776583278.0,1776583278.0,ESTIMATE_ONLY_inter_question_gaps_unknown
6bdc9ea1-0d5b-40a1-9e02-7327f4d2467b,6f2c1a12-a0ec-4367-92f6-b0403cc5b56c,arithmetic,4,10,0.4,74,0,low,1776583273.0,1776583347.0,2026-04-19 07:22:27.553+00,2026-04-19 07:22:28.558453+00,2,3,3,easy,Addition,15,,False,2,0,0,0,8,9.0,9.0,1776583282.0,1776583282.0,ESTIMATE_ONLY_inter_question_gaps_unknown
6bdc9ea1-0d5b-40a1-9e02-7327f4d2467b,6f2c1a12-a0ec-4367-92f6-b0403cc5b56c,arithmetic,4,10,0.4,74,0,low,1776583273.0,1776583347.0,2026-04-19 07:22:27.553+00,2026-04-19 07:22:28.558453+00,3,4,4,easy,Subtraction,15,,False,2,0,0,0,6,17.0,17.0,1776583290.0,1776583290.0,ESTIMATE_ONLY_inter_question_gaps_unknown
6bdc9ea1-0d5b-40a1-9e02-7327f4d2467b,6f2c1a12-a0ec-4367-92f6-b0403cc5b56c,arithmetic,4,10,0.4,74,0,low,1776583273.0,1776583347.0,2026-04-19 07:22:27.553+00,2026-04-19 07:22:28.558453+00,4,5,5,medium,Addition,20,,False,0,2,0,0,6,23.0,23.0,1776583296.0,1776583296.0,ESTIMATE_ONLY_inter_question_gaps_unknown
6bdc9ea1-0d5b-40a1-9e02-7327f4d2467b,6f2c1a12-a0ec-4367-92f6-b0403cc5b56c,arithmetic,4,10,0.4,74,0,low,1776583273.0,1776583347.0,2026-04-19 07:22:27.553+00,2026-04-19 07:22:28.558453+00,5,6,6,medium,Multiplication,20,,False,0,0,1,0,18,29.0,29.0,1776583302.0,1776583302.0,ESTIMATE_ONLY_inter_question_gaps_unknown
6bdc9ea1-0d5b-40a1-9e02-7327f4d2467b,6f2c1a12-a0ec-4367-92f6-b0403cc5b56c,arithmetic,4,10,0.4,74,0,low,1776583273.0,1776583347.0,2026-04-19 07:22:27.553+00,2026-04-19 07:22:28.558453+00,6,7,7,medium,Division,20,,False,1,1,1,0,4,47.0,47.0,1776583320.0,1776583320.0,ESTIMATE_ONLY_inter_question_gaps_unknown
6bdc9ea1-0d5b-40a1-9e02-7327f4d2467b,6f2c1a12-a0ec-4367-92f6-b0403cc5b56c,arithmetic,4,10,0.4,74,0,low,1776583273.0,1776583347.0,2026-04-19 07:22:27.553+00,2026-04-19 07:22:28.558453+00,7,8,8,hard,Percentage,30,,False,2,2,1,0,7,51.0,51.0,1776583324.0,1776583324.0,ESTIMATE_ONLY_inter_question_gaps_unknown
6bdc9ea1-0d5b-40a1-9e02-7327f4d2467b,6f2c1a12-a0ec-4367-92f6-b0403cc5b56c,arithmetic,4,10,0.4,74,0,low,1776583273.0,1776583347.0,2026-04-19 07:22:27.553+00,2026-04-19 07:22:28.558453+00,8,9,9,hard,Multiplication,30,,False,1,0,0,0,11,58.0,58.0,1776583331.0,1776583331.0,ESTIMATE_ONLY_inter_question_gaps_unknown
6bdc9ea1-0d5b-40a1-9e02-7327f4d2467b,6f2c1a12-a0ec-4367-92f6-b0403cc5b56c,arithmetic,4,10,0.4,74,0,low,1776583273.0,1776583347.0,2026-04-19 07:22:27.553+00,2026-04-19 07:22:28.558453+00,9,10,10,hard,Multi-step,30,,False,0,1,0,0,9,69.0,69.0,1776583342.0,1776583342.0,ESTIMATE_ONLY_inter_question_gaps_unknown
6c39c424-1496-4652-889f-e9fde54a1286,a9fa0a9e-4c99-49b4-b75f-ba925babb6f9,comprehension,9,10,0.9,163,1,high,1776228647.0,1776228810.0,2026-04-15 04:53:30.257+00,2026-04-15 04:53:29.802969+00,0,1,1,easy,Fact Extraction,25,,True,0,0,1,0,6,0.0,0.0,1776228647.0,1776228647.0,ESTIMATE_ONLY_reading_phase_duration_unknown
6c39c424-1496-4652-889f-e9fde54a1286,a9fa0a9e-4c99-49b4-b75f-ba925babb6f9,comprehension,9,10,0.9,163,1,high,1776228647.0,1776228810.0,2026-04-15 04:53:30.257+00,2026-04-15 04:53:29.802969+00,1,2,2,medium,Detail Recall,25,,False,0,0,1,0,6,6.0,6.0,1776228653.0,1776228653.0,ESTIMATE_ONLY_inter_question_gaps_unknown
6c39c424-1496-4652-889f-e9fde54a1286,a9fa0a9e-4c99-49b4-b75f-ba925babb6f9,comprehension,9,10,0.9,163,1,high,1776228647.0,1776228810.0,2026-04-15 04:53:30.257+00,2026-04-15 04:53:29.802969+00,2,3,3,easy,Fact Extraction,25,,False,0,0,1,0,3,12.0,12.0,1776228659.0,1776228659.0,ESTIMATE_ONLY_inter_question_gaps_unknown
6c39c424-1496-4652-889f-e9fde54a1286,a9fa0a9e-4c99-49b4-b75f-ba925babb6f9,comprehension,9,10,0.9,163,1,high,1776228647.0,1776228810.0,2026-04-15 04:53:30.257+00,2026-04-15 04:53:29.802969+00,3,4,4,medium,Inference,25,,False,1,1,1,0,8,15.0,15.0,1776228662.0,1776228662.0,ESTIMATE_ONLY_inter_question_gaps_unknown
6c39c424-1496-4652-889f-e9fde54a1286,a9fa0a9e-4c99-49b4-b75f-ba925babb6f9,comprehension,9,10,0.9,163,1,high,1776228647.0,1776228810.0,2026-04-15 04:53:30.257+00,2026-04-15 04:53:29.802969+00,4,5,5,easy,Detail Recall,25,,False,0,0,1,0,9,23.0,23.0,1776228670.0,1776228670.0,ESTIMATE_ONLY_inter_question_gaps_unknown
6c39c424-1496-4652-889f-e9fde54a1286,a9fa0a9e-4c99-49b4-b75f-ba925babb6f9,comprehension,9,10,0.9,163,1,high,1776228647.0,1776228810.0,2026-04-15 04:53:30.257+00,2026-04-15 04:53:29.802969+00,5,6,6,easy,Fact Extraction,25,,True,1,1,1,0,3,32.0,32.0,1776228679.0,1776228679.0,ESTIMATE_ONLY_reading_phase_duration_unknown
6c39c424-1496-4652-889f-e9fde54a1286,a9fa0a9e-4c99-49b4-b75f-ba925babb6f9,comprehension,9,10,0.9,163,1,high,1776228647.0,1776228810.0,2026-04-15 04:53:30.257+00,2026-04-15 04:53:29.802969+00,6,7,7,easy,Detail Recall,25,,False,1,2,0,0,10,35.0,35.0,1776228682.0,1776228682.0,ESTIMATE_ONLY_inter_question_gaps_unknown
6c39c424-1496-4652-889f-e9fde54a1286,a9fa0a9e-4c99-49b4-b75f-ba925babb6f9,comprehension,9,10,0.9,163,1,high,1776228647.0,1776228810.0,2026-04-15 04:53:30.257+00,2026-04-15 04:53:29.802969+00,7,8,8,medium,Detail Recall,25,,False,0,0,1,0,6,45.0,45.0,1776228692.0,1776228692.0,ESTIMATE_ONLY_inter_question_gaps_unknown
6c39c424-1496-4652-889f-e9fde54a1286,a9fa0a9e-4c99-49b4-b75f-ba925babb6f9,comprehension,9,10,0.9,163,1,high,1776228647.0,1776228810.0,2026-04-15 04:53:30.257+00,2026-04-15 04:53:29.802969+00,8,9,9,medium,Inference,25,,False,1,1,1,0,6,51.0,51.0,1776228698.0,1776228698.0,ESTIMATE_ONLY_inter_question_gaps_unknown
6c39c424-1496-4652-889f-e9fde54a1286,a9fa0a9e-4c99-49b4-b75f-ba925babb6f9,comprehension,9,10,0.9,163,1,high,1776228647.0,1776228810.0,2026-04-15 04:53:30.257+00,2026-04-15 04:53:29.802969+00,9,10,10,easy,Fact Extraction,25,,False,1,1,1,0,10,57.0,57.0,1776228704.0,1776228704.0,ESTIMATE_ONLY_inter_question_gaps_unknown
6d4e1dc0-2303-43b0-ac3d-8a2aa7ab16a0,7aff8ec5-acae-493c-a6b3-9d61b98ba0b4,attention,6,10,0.6,101,0,mid,1777545766.0,1777545867.0,2026-04-30 10:44:27.471+00,2026-04-30 10:44:28.472108+00,0,1,1,easy,Oddball Detection,8,5,False,2,2,1,0,3,0.0,5.0,1777545766.0,1777545771.0,ESTIMATE_ONLY_inter_question_gaps_unknown
6d4e1dc0-2303-43b0-ac3d-8a2aa7ab16a0,7aff8ec5-acae-493c-a6b3-9d61b98ba0b4,attention,6,10,0.6,101,0,mid,1777545766.0,1777545867.0,2026-04-30 10:44:27.471+00,2026-04-30 10:44:28.472108+00,1,2,2,easy,Count Target,8,5,False,0,0,1,0,2,8.0,13.0,1777545774.0,1777545779.0,ESTIMATE_ONLY_inter_question_gaps_unknown
6d4e1dc0-2303-43b0-ac3d-8a2aa7ab16a0,7aff8ec5-acae-493c-a6b3-9d61b98ba0b4,attention,6,10,0.6,101,0,mid,1777545766.0,1777545867.0,2026-04-30 10:44:27.471+00,2026-04-30 10:44:28.472108+00,2,3,3,easy,Pattern Break,8,5,False,0,2,0,0,6,15.0,20.0,1777545781.0,1777545786.0,ESTIMATE_ONLY_inter_question_gaps_unknown
6d4e1dc0-2303-43b0-ac3d-8a2aa7ab16a0,7aff8ec5-acae-493c-a6b3-9d61b98ba0b4,attention,6,10,0.6,101,0,mid,1777545766.0,1777545867.0,2026-04-30 10:44:27.471+00,2026-04-30 10:44:28.472108+00,3,4,4,easy,Position Detect,8,5,False,1,1,1,0,7,26.0,31.0,1777545792.0,1777545797.0,ESTIMATE_ONLY_inter_question_gaps_unknown
6d4e1dc0-2303-43b0-ac3d-8a2aa7ab16a0,7aff8ec5-acae-493c-a6b3-9d61b98ba0b4,attention,6,10,0.6,101,0,mid,1777545766.0,1777545867.0,2026-04-30 10:44:27.471+00,2026-04-30 10:44:28.472108+00,4,5,5,medium,Rule Violation,10,6,False,2,2,1,0,2,38.0,44.0,1777545804.0,1777545810.0,ESTIMATE_ONLY_inter_question_gaps_unknown
6d4e1dc0-2303-43b0-ac3d-8a2aa7ab16a0,7aff8ec5-acae-493c-a6b3-9d61b98ba0b4,attention,6,10,0.6,101,0,mid,1777545766.0,1777545867.0,2026-04-30 10:44:27.471+00,2026-04-30 10:44:28.472108+00,5,6,6,medium,Count Target,10,6,False,2,0,0,0,4,46.0,52.0,1777545812.0,1777545818.0,ESTIMATE_ONLY_inter_question_gaps_unknown
6d4e1dc0-2303-43b0-ac3d-8a2aa7ab16a0,7aff8ec5-acae-493c-a6b3-9d61b98ba0b4,attention,6,10,0.6,101,0,mid,1777545766.0,1777545867.0,2026-04-30 10:44:27.471+00,2026-04-30 10:44:28.472108+00,6,7,7,medium,Count Target,10,6,False,0,2,0,0,4,56.0,62.0,1777545822.0,1777545828.0,ESTIMATE_ONLY_inter_question_gaps_unknown
6d4e1dc0-2303-43b0-ac3d-8a2aa7ab16a0,7aff8ec5-acae-493c-a6b3-9d61b98ba0b4,attention,6,10,0.6,101,0,mid,1777545766.0,1777545867.0,2026-04-30 10:44:27.471+00,2026-04-30 10:44:28.472108+00,7,8,8,hard,Count Target,12,7,False,1,2,0,0,6,66.0,73.0,1777545832.0,1777545839.0,ESTIMATE_ONLY_inter_question_gaps_unknown
6d4e1dc0-2303-43b0-ac3d-8a2aa7ab16a0,7aff8ec5-acae-493c-a6b3-9d61b98ba0b4,attention,6,10,0.6,101,0,mid,1777545766.0,1777545867.0,2026-04-30 10:44:27.471+00,2026-04-30 10:44:28.472108+00,8,9,9,hard,Rule Violation,12,7,False,2,2,1,0,9,79.0,86.0,1777545845.0,1777545852.0,ESTIMATE_ONLY_inter_question_gaps_unknown
6d4e1dc0-2303-43b0-ac3d-8a2aa7ab16a0,7aff8ec5-acae-493c-a6b3-9d61b98ba0b4,attention,6,10,0.6,101,0,mid,1777545766.0,1777545867.0,2026-04-30 10:44:27.471+00,2026-04-30 10:44:28.472108+00,9,10,10,hard,Pattern Break,12,7,False,2,2,1,0,4,95.0,102.0,1777545861.0,1777545868.0,ESTIMATE_ONLY_inter_question_gaps_unknown
6dc40edf-a933-472f-bb99-9e51973a7fe0,50d2e6aa-24c6-4d68-8bb3-f3b2f03f9b50,pattern,9,10,0.9,67,1,high,1776325404.0,1776325471.0,2026-04-16 07:44:31.278+00,2026-04-16 07:44:32.184952+00,0,1,1,easy,Arithmetic Sequence,15,,False,2,2,1,0,4,0.0,0.0,1776325404.0,1776325404.0,ESTIMATE_ONLY_inter_question_gaps_unknown
6dc40edf-a933-472f-bb99-9e51973a7fe0,50d2e6aa-24c6-4d68-8bb3-f3b2f03f9b50,pattern,9,10,0.9,67,1,high,1776325404.0,1776325471.0,2026-04-16 07:44:31.278+00,2026-04-16 07:44:32.184952+00,1,2,2,easy,Arithmetic Sequence,15,,False,0,0,1,0,5,4.0,4.0,1776325408.0,1776325408.0,ESTIMATE_ONLY_inter_question_gaps_unknown
6dc40edf-a933-472f-bb99-9e51973a7fe0,50d2e6aa-24c6-4d68-8bb3-f3b2f03f9b50,pattern,9,10,0.9,67,1,high,1776325404.0,1776325471.0,2026-04-16 07:44:31.278+00,2026-04-16 07:44:32.184952+00,2,3,3,easy,Odd Numbers,15,,False,1,1,1,0,3,9.0,9.0,1776325413.0,1776325413.0,ESTIMATE_ONLY_inter_question_gaps_unknown
6dc40edf-a933-472f-bb99-9e51973a7fe0,50d2e6aa-24c6-4d68-8bb3-f3b2f03f9b50,pattern,9,10,0.9,67,1,high,1776325404.0,1776325471.0,2026-04-16 07:44:31.278+00,2026-04-16 07:44:32.184952+00,3,4,4,easy,Decreasing Sequence,15,,False,2,2,1,0,6,12.0,12.0,1776325416.0,1776325416.0,ESTIMATE_ONLY_inter_question_gaps_unknown
6dc40edf-a933-472f-bb99-9e51973a7fe0,50d2e6aa-24c6-4d68-8bb3-f3b2f03f9b50,pattern,9,10,0.9,67,1,high,1776325404.0,1776325471.0,2026-04-16 07:44:31.278+00,2026-04-16 07:44:32.184952+00,4,5,5,medium,Perfect Squares,20,,False,2,2,1,0,10,18.0,18.0,1776325422.0,1776325422.0,ESTIMATE_ONLY_inter_question_gaps_unknown
6dc40edf-a933-472f-bb99-9e51973a7fe0,50d2e6aa-24c6-4d68-8bb3-f3b2f03f9b50,pattern,9,10,0.9,67,1,high,1776325404.0,1776325471.0,2026-04-16 07:44:31.278+00,2026-04-16 07:44:32.184952+00,5,6,6,medium,Fibonacci,20,,False,0,1,0,0,8,28.0,28.0,1776325432.0,1776325432.0,ESTIMATE_ONLY_inter_question_gaps_unknown
6dc40edf-a933-472f-bb99-9e51973a7fe0,50d2e6aa-24c6-4d68-8bb3-f3b2f03f9b50,pattern,9,10,0.9,67,1,high,1776325404.0,1776325471.0,2026-04-16 07:44:31.278+00,2026-04-16 07:44:32.184952+00,6,7,7,medium,Perfect Cubes,20,,False,2,2,1,0,9,36.0,36.0,1776325440.0,1776325440.0,ESTIMATE_ONLY_inter_question_gaps_unknown
6dc40edf-a933-472f-bb99-9e51973a7fe0,50d2e6aa-24c6-4d68-8bb3-f3b2f03f9b50,pattern,9,10,0.9,67,1,high,1776325404.0,1776325471.0,2026-04-16 07:44:31.278+00,2026-04-16 07:44:32.184952+00,7,8,8,hard,Triangular Differences,30,,False,2,2,1,0,11,45.0,45.0,1776325449.0,1776325449.0,ESTIMATE_ONLY_inter_question_gaps_unknown
6dc40edf-a933-472f-bb99-9e51973a7fe0,50d2e6aa-24c6-4d68-8bb3-f3b2f03f9b50,pattern,9,10,0.9,67,1,high,1776325404.0,1776325471.0,2026-04-16 07:44:31.278+00,2026-04-16 07:44:32.184952+00,8,9,9,hard,Squares,30,,False,0,0,1,0,7,56.0,56.0,1776325460.0,1776325460.0,ESTIMATE_ONLY_inter_question_gaps_unknown
6dc40edf-a933-472f-bb99-9e51973a7fe0,50d2e6aa-24c6-4d68-8bb3-f3b2f03f9b50,pattern,9,10,0.9,67,1,high,1776325404.0,1776325471.0,2026-04-16 07:44:31.278+00,2026-04-16 07:44:32.184952+00,9,10,10,hard,n(n+1),30,,False,0,0,1,0,11,63.0,63.0,1776325467.0,1776325467.0,ESTIMATE_ONLY_inter_question_gaps_unknown
6dc9bd41-40ff-403e-ab4c-357c39371d6c,489aeec3-5823-4e43-9ca6-e34ae73136ad,comprehension,8,10,0.8,170,1,high,1776580554.0,1776580724.0,2026-04-19 06:38:44.444+00,2026-04-19 06:38:45.47128+00,0,1,1,easy,Fact Extraction,25,,True,1,0,0,0,11,0.0,0.0,1776580554.0,1776580554.0,ESTIMATE_ONLY_reading_phase_duration_unknown
6dc9bd41-40ff-403e-ab4c-357c39371d6c,489aeec3-5823-4e43-9ca6-e34ae73136ad,comprehension,8,10,0.8,170,1,high,1776580554.0,1776580724.0,2026-04-19 06:38:44.444+00,2026-04-19 06:38:45.47128+00,1,2,2,medium,Detail Recall,25,,False,2,0,0,0,13,11.0,11.0,1776580565.0,1776580565.0,ESTIMATE_ONLY_inter_question_gaps_unknown
6dc9bd41-40ff-403e-ab4c-357c39371d6c,489aeec3-5823-4e43-9ca6-e34ae73136ad,comprehension,8,10,0.8,170,1,high,1776580554.0,1776580724.0,2026-04-19 06:38:44.444+00,2026-04-19 06:38:45.47128+00,2,3,3,easy,Fact Extraction,25,,False,0,0,1,0,7,24.0,24.0,1776580578.0,1776580578.0,ESTIMATE_ONLY_inter_question_gaps_unknown
6dc9bd41-40ff-403e-ab4c-357c39371d6c,489aeec3-5823-4e43-9ca6-e34ae73136ad,comprehension,8,10,0.8,170,1,high,1776580554.0,1776580724.0,2026-04-19 06:38:44.444+00,2026-04-19 06:38:45.47128+00,3,4,4,medium,Inference,25,,False,1,1,1,0,10,31.0,31.0,1776580585.0,1776580585.0,ESTIMATE_ONLY_inter_question_gaps_unknown
6dc9bd41-40ff-403e-ab4c-357c39371d6c,489aeec3-5823-4e43-9ca6-e34ae73136ad,comprehension,8,10,0.8,170,1,high,1776580554.0,1776580724.0,2026-04-19 06:38:44.444+00,2026-04-19 06:38:45.47128+00,4,5,5,easy,Detail Recall,25,,False,0,0,1,0,12,41.0,41.0,1776580595.0,1776580595.0,ESTIMATE_ONLY_inter_question_gaps_unknown
6dc9bd41-40ff-403e-ab4c-357c39371d6c,489aeec3-5823-4e43-9ca6-e34ae73136ad,comprehension,8,10,0.8,170,1,high,1776580554.0,1776580724.0,2026-04-19 06:38:44.444+00,2026-04-19 06:38:45.47128+00,5,6,6,easy,Fact Extraction,25,,True,1,1,1,0,4,53.0,53.0,1776580607.0,1776580607.0,ESTIMATE_ONLY_reading_phase_duration_unknown
6dc9bd41-40ff-403e-ab4c-357c39371d6c,489aeec3-5823-4e43-9ca6-e34ae73136ad,comprehension,8,10,0.8,170,1,high,1776580554.0,1776580724.0,2026-04-19 06:38:44.444+00,2026-04-19 06:38:45.47128+00,6,7,7,easy,Detail Recall,25,,False,2,2,1,0,7,57.0,57.0,1776580611.0,1776580611.0,ESTIMATE_ONLY_inter_question_gaps_unknown
6dc9bd41-40ff-403e-ab4c-357c39371d6c,489aeec3-5823-4e43-9ca6-e34ae73136ad,comprehension,8,10,0.8,170,1,high,1776580554.0,1776580724.0,2026-04-19 06:38:44.444+00,2026-04-19 06:38:45.47128+00,7,8,8,medium,Detail Recall,25,,False,0,0,1,0,9,64.0,64.0,1776580618.0,1776580618.0,ESTIMATE_ONLY_inter_question_gaps_unknown
6dc9bd41-40ff-403e-ab4c-357c39371d6c,489aeec3-5823-4e43-9ca6-e34ae73136ad,comprehension,8,10,0.8,170,1,high,1776580554.0,1776580724.0,2026-04-19 06:38:44.444+00,2026-04-19 06:38:45.47128+00,8,9,9,medium,Inference,25,,False,1,1,1,0,11,73.0,73.0,1776580627.0,1776580627.0,ESTIMATE_ONLY_inter_question_gaps_unknown
6dc9bd41-40ff-403e-ab4c-357c39371d6c,489aeec3-5823-4e43-9ca6-e34ae73136ad,comprehension,8,10,0.8,170,1,high,1776580554.0,1776580724.0,2026-04-19 06:38:44.444+00,2026-04-19 06:38:45.47128+00,9,10,10,easy,Fact Extraction,25,,False,1,1,1,0,7,84.0,84.0,1776580638.0,1776580638.0,ESTIMATE_ONLY_inter_question_gaps_unknown
6ed5cc42-ec96-4ee2-8dae-5442e47f2154,15f6773b-607d-4409-a94f-78d24eac8e34,arithmetic,7,10,0.7,67,1,mid,1776331497.0,1776331564.0,2026-04-16 09:26:04.921+00,2026-04-16 09:26:14.563025+00,0,1,1,easy,Addition,15,,False,0,0,1,0,4,0.0,0.0,1776331497.0,1776331497.0,ESTIMATE_ONLY_inter_question_gaps_unknown
6ed5cc42-ec96-4ee2-8dae-5442e47f2154,15f6773b-607d-4409-a94f-78d24eac8e34,arithmetic,7,10,0.7,67,1,mid,1776331497.0,1776331564.0,2026-04-16 09:26:04.921+00,2026-04-16 09:26:14.563025+00,1,2,2,easy,Division,15,,False,2,2,1,0,5,4.0,4.0,1776331501.0,1776331501.0,ESTIMATE_ONLY_inter_question_gaps_unknown
6ed5cc42-ec96-4ee2-8dae-5442e47f2154,15f6773b-607d-4409-a94f-78d24eac8e34,arithmetic,7,10,0.7,67,1,mid,1776331497.0,1776331564.0,2026-04-16 09:26:04.921+00,2026-04-16 09:26:14.563025+00,2,3,3,easy,Addition,15,,False,0,0,1,0,7,9.0,9.0,1776331506.0,1776331506.0,ESTIMATE_ONLY_inter_question_gaps_unknown
6ed5cc42-ec96-4ee2-8dae-5442e47f2154,15f6773b-607d-4409-a94f-78d24eac8e34,arithmetic,7,10,0.7,67,1,mid,1776331497.0,1776331564.0,2026-04-16 09:26:04.921+00,2026-04-16 09:26:14.563025+00,3,4,4,easy,Subtraction,15,,False,0,0,1,0,4,16.0,16.0,1776331513.0,1776331513.0,ESTIMATE_ONLY_inter_question_gaps_unknown
6ed5cc42-ec96-4ee2-8dae-5442e47f2154,15f6773b-607d-4409-a94f-78d24eac8e34,arithmetic,7,10,0.7,67,1,mid,1776331497.0,1776331564.0,2026-04-16 09:26:04.921+00,2026-04-16 09:26:14.563025+00,4,5,5,medium,Addition,20,,False,0,2,0,0,8,20.0,20.0,1776331517.0,1776331517.0,ESTIMATE_ONLY_inter_question_gaps_unknown
6ed5cc42-ec96-4ee2-8dae-5442e47f2154,15f6773b-607d-4409-a94f-78d24eac8e34,arithmetic,7,10,0.7,67,1,mid,1776331497.0,1776331564.0,2026-04-16 09:26:04.921+00,2026-04-16 09:26:14.563025+00,5,6,6,medium,Multiplication,20,,False,0,0,1,0,9,28.0,28.0,1776331525.0,1776331525.0,ESTIMATE_ONLY_inter_question_gaps_unknown
6ed5cc42-ec96-4ee2-8dae-5442e47f2154,15f6773b-607d-4409-a94f-78d24eac8e34,arithmetic,7,10,0.7,67,1,mid,1776331497.0,1776331564.0,2026-04-16 09:26:04.921+00,2026-04-16 09:26:14.563025+00,6,7,7,medium,Division,20,,False,1,1,1,0,5,37.0,37.0,1776331534.0,1776331534.0,ESTIMATE_ONLY_inter_question_gaps_unknown
6ed5cc42-ec96-4ee2-8dae-5442e47f2154,15f6773b-607d-4409-a94f-78d24eac8e34,arithmetic,7,10,0.7,67,1,mid,1776331497.0,1776331564.0,2026-04-16 09:26:04.921+00,2026-04-16 09:26:14.563025+00,7,8,8,hard,Percentage,30,,False,2,2,1,0,4,42.0,42.0,1776331539.0,1776331539.0,ESTIMATE_ONLY_inter_question_gaps_unknown
6ed5cc42-ec96-4ee2-8dae-5442e47f2154,15f6773b-607d-4409-a94f-78d24eac8e34,arithmetic,7,10,0.7,67,1,mid,1776331497.0,1776331564.0,2026-04-16 09:26:04.921+00,2026-04-16 09:26:14.563025+00,8,9,9,hard,Multiplication,30,,False,2,0,0,0,6,46.0,46.0,1776331543.0,1776331543.0,ESTIMATE_ONLY_inter_question_gaps_unknown
6ed5cc42-ec96-4ee2-8dae-5442e47f2154,15f6773b-607d-4409-a94f-78d24eac8e34,arithmetic,7,10,0.7,67,1,mid,1776331497.0,1776331564.0,2026-04-16 09:26:04.921+00,2026-04-16 09:26:14.563025+00,9,10,10,hard,Multi-step,30,,False,2,1,0,0,19,52.0,52.0,1776331549.0,1776331549.0,ESTIMATE_ONLY_inter_question_gaps_unknown
709f15c4-9859-4222-a0ae-b2759c93cb49,4b00bcd7-936b-42d2-99b5-c0b8b78272c9,attention,7,10,0.7,116,1,mid,1776330637.0,1776330753.0,2026-04-16 09:12:33.777+00,2026-04-16 09:12:39.357191+00,0,1,1,easy,Oddball Detection,8,5,False,2,2,1,0,5,0.0,5.0,1776330637.0,1776330642.0,ESTIMATE_ONLY_inter_question_gaps_unknown
709f15c4-9859-4222-a0ae-b2759c93cb49,4b00bcd7-936b-42d2-99b5-c0b8b78272c9,attention,7,10,0.7,116,1,mid,1776330637.0,1776330753.0,2026-04-16 09:12:33.777+00,2026-04-16 09:12:39.357191+00,1,2,2,easy,Count Target,8,5,False,0,0,1,0,4,10.0,15.0,1776330647.0,1776330652.0,ESTIMATE_ONLY_inter_question_gaps_unknown
709f15c4-9859-4222-a0ae-b2759c93cb49,4b00bcd7-936b-42d2-99b5-c0b8b78272c9,attention,7,10,0.7,116,1,mid,1776330637.0,1776330753.0,2026-04-16 09:12:33.777+00,2026-04-16 09:12:39.357191+00,2,3,3,easy,Pattern Break,8,5,False,2,2,1,0,5,19.0,24.0,1776330656.0,1776330661.0,ESTIMATE_ONLY_inter_question_gaps_unknown
709f15c4-9859-4222-a0ae-b2759c93cb49,4b00bcd7-936b-42d2-99b5-c0b8b78272c9,attention,7,10,0.7,116,1,mid,1776330637.0,1776330753.0,2026-04-16 09:12:33.777+00,2026-04-16 09:12:39.357191+00,3,4,4,easy,Position Detect,8,5,False,2,1,0,0,6,29.0,34.0,1776330666.0,1776330671.0,ESTIMATE_ONLY_inter_question_gaps_unknown
709f15c4-9859-4222-a0ae-b2759c93cb49,4b00bcd7-936b-42d2-99b5-c0b8b78272c9,attention,7,10,0.7,116,1,mid,1776330637.0,1776330753.0,2026-04-16 09:12:33.777+00,2026-04-16 09:12:39.357191+00,4,5,5,medium,Rule Violation,10,6,False,2,2,1,0,9,40.0,46.0,1776330677.0,1776330683.0,ESTIMATE_ONLY_inter_question_gaps_unknown
709f15c4-9859-4222-a0ae-b2759c93cb49,4b00bcd7-936b-42d2-99b5-c0b8b78272c9,attention,7,10,0.7,116,1,mid,1776330637.0,1776330753.0,2026-04-16 09:12:33.777+00,2026-04-16 09:12:39.357191+00,5,6,6,medium,Count Target,10,6,False,2,0,0,0,6,55.0,61.0,1776330692.0,1776330698.0,ESTIMATE_ONLY_inter_question_gaps_unknown
709f15c4-9859-4222-a0ae-b2759c93cb49,4b00bcd7-936b-42d2-99b5-c0b8b78272c9,attention,7,10,0.7,116,1,mid,1776330637.0,1776330753.0,2026-04-16 09:12:33.777+00,2026-04-16 09:12:39.357191+00,6,7,7,medium,Count Target,10,6,False,2,2,1,0,7,67.0,73.0,1776330704.0,1776330710.0,ESTIMATE_ONLY_inter_question_gaps_unknown
709f15c4-9859-4222-a0ae-b2759c93cb49,4b00bcd7-936b-42d2-99b5-c0b8b78272c9,attention,7,10,0.7,116,1,mid,1776330637.0,1776330753.0,2026-04-16 09:12:33.777+00,2026-04-16 09:12:39.357191+00,7,8,8,hard,Count Target,12,7,False,1,2,0,0,4,80.0,87.0,1776330717.0,1776330724.0,ESTIMATE_ONLY_inter_question_gaps_unknown
709f15c4-9859-4222-a0ae-b2759c93cb49,4b00bcd7-936b-42d2-99b5-c0b8b78272c9,attention,7,10,0.7,116,1,mid,1776330637.0,1776330753.0,2026-04-16 09:12:33.777+00,2026-04-16 09:12:39.357191+00,8,9,9,hard,Rule Violation,12,7,False,2,2,1,0,8,91.0,98.0,1776330728.0,1776330735.0,ESTIMATE_ONLY_inter_question_gaps_unknown
709f15c4-9859-4222-a0ae-b2759c93cb49,4b00bcd7-936b-42d2-99b5-c0b8b78272c9,attention,7,10,0.7,116,1,mid,1776330637.0,1776330753.0,2026-04-16 09:12:33.777+00,2026-04-16 09:12:39.357191+00,9,10,10,hard,Pattern Break,12,7,False,2,2,1,0,6,106.0,113.0,1776330743.0,1776330750.0,ESTIMATE_ONLY_inter_question_gaps_unknown
70a6bab4-c9b9-4c2a-bfeb-a7da151a2ac0,182b236c-a543-4d7f-b121-473dc33918f2,comprehension,10,10,1.0,97,1,high,1777372471.0,1777372568.0,2026-04-28 10:36:08.618+00,2026-04-28 10:36:09.183014+00,0,1,1,easy,Fact Extraction,25,,True,0,0,1,0,3,0.0,0.0,1777372471.0,1777372471.0,ESTIMATE_ONLY_reading_phase_duration_unknown
70a6bab4-c9b9-4c2a-bfeb-a7da151a2ac0,182b236c-a543-4d7f-b121-473dc33918f2,comprehension,10,10,1.0,97,1,high,1777372471.0,1777372568.0,2026-04-28 10:36:08.618+00,2026-04-28 10:36:09.183014+00,1,2,2,medium,Detail Recall,25,,False,0,0,1,0,3,3.0,3.0,1777372474.0,1777372474.0,ESTIMATE_ONLY_inter_question_gaps_unknown
70a6bab4-c9b9-4c2a-bfeb-a7da151a2ac0,182b236c-a543-4d7f-b121-473dc33918f2,comprehension,10,10,1.0,97,1,high,1777372471.0,1777372568.0,2026-04-28 10:36:08.618+00,2026-04-28 10:36:09.183014+00,2,3,3,easy,Fact Extraction,25,,False,0,0,1,0,3,6.0,6.0,1777372477.0,1777372477.0,ESTIMATE_ONLY_inter_question_gaps_unknown
70a6bab4-c9b9-4c2a-bfeb-a7da151a2ac0,182b236c-a543-4d7f-b121-473dc33918f2,comprehension,10,10,1.0,97,1,high,1777372471.0,1777372568.0,2026-04-28 10:36:08.618+00,2026-04-28 10:36:09.183014+00,3,4,4,medium,Inference,25,,False,1,1,1,0,5,9.0,9.0,1777372480.0,1777372480.0,ESTIMATE_ONLY_inter_question_gaps_unknown
70a6bab4-c9b9-4c2a-bfeb-a7da151a2ac0,182b236c-a543-4d7f-b121-473dc33918f2,comprehension,10,10,1.0,97,1,high,1777372471.0,1777372568.0,2026-04-28 10:36:08.618+00,2026-04-28 10:36:09.183014+00,4,5,5,easy,Detail Recall,25,,False,0,0,1,0,5,14.0,14.0,1777372485.0,1777372485.0,ESTIMATE_ONLY_inter_question_gaps_unknown
70a6bab4-c9b9-4c2a-bfeb-a7da151a2ac0,182b236c-a543-4d7f-b121-473dc33918f2,comprehension,10,10,1.0,97,1,high,1777372471.0,1777372568.0,2026-04-28 10:36:08.618+00,2026-04-28 10:36:09.183014+00,5,6,6,easy,Fact Extraction,25,,True,1,1,1,0,3,19.0,19.0,1777372490.0,1777372490.0,ESTIMATE_ONLY_reading_phase_duration_unknown
70a6bab4-c9b9-4c2a-bfeb-a7da151a2ac0,182b236c-a543-4d7f-b121-473dc33918f2,comprehension,10,10,1.0,97,1,high,1777372471.0,1777372568.0,2026-04-28 10:36:08.618+00,2026-04-28 10:36:09.183014+00,6,7,7,easy,Detail Recall,25,,False,2,2,1,0,3,22.0,22.0,1777372493.0,1777372493.0,ESTIMATE_ONLY_inter_question_gaps_unknown
70a6bab4-c9b9-4c2a-bfeb-a7da151a2ac0,182b236c-a543-4d7f-b121-473dc33918f2,comprehension,10,10,1.0,97,1,high,1777372471.0,1777372568.0,2026-04-28 10:36:08.618+00,2026-04-28 10:36:09.183014+00,7,8,8,medium,Detail Recall,25,,False,0,0,1,0,5,25.0,25.0,1777372496.0,1777372496.0,ESTIMATE_ONLY_inter_question_gaps_unknown
70a6bab4-c9b9-4c2a-bfeb-a7da151a2ac0,182b236c-a543-4d7f-b121-473dc33918f2,comprehension,10,10,1.0,97,1,high,1777372471.0,1777372568.0,2026-04-28 10:36:08.618+00,2026-04-28 10:36:09.183014+00,8,9,9,medium,Inference,25,,False,1,1,1,0,5,30.0,30.0,1777372501.0,1777372501.0,ESTIMATE_ONLY_inter_question_gaps_unknown
70a6bab4-c9b9-4c2a-bfeb-a7da151a2ac0,182b236c-a543-4d7f-b121-473dc33918f2,comprehension,10,10,1.0,97,1,high,1777372471.0,1777372568.0,2026-04-28 10:36:08.618+00,2026-04-28 10:36:09.183014+00,9,10,10,easy,Fact Extraction,25,,False,1,1,1,0,4,35.0,35.0,1777372506.0,1777372506.0,ESTIMATE_ONLY_inter_question_gaps_unknown
725bf01b-d660-42a4-a201-44dd8e2b8a93,4b00bcd7-936b-42d2-99b5-c0b8b78272c9,attention,7,10,0.7,116,1,mid,1776330638.0,1776330754.0,2026-04-16 09:12:34.266+00,2026-04-16 09:12:42.670979+00,0,1,1,easy,Oddball Detection,8,5,False,2,2,1,0,5,0.0,5.0,1776330638.0,1776330643.0,ESTIMATE_ONLY_inter_question_gaps_unknown
725bf01b-d660-42a4-a201-44dd8e2b8a93,4b00bcd7-936b-42d2-99b5-c0b8b78272c9,attention,7,10,0.7,116,1,mid,1776330638.0,1776330754.0,2026-04-16 09:12:34.266+00,2026-04-16 09:12:42.670979+00,1,2,2,easy,Count Target,8,5,False,0,0,1,0,4,10.0,15.0,1776330648.0,1776330653.0,ESTIMATE_ONLY_inter_question_gaps_unknown
725bf01b-d660-42a4-a201-44dd8e2b8a93,4b00bcd7-936b-42d2-99b5-c0b8b78272c9,attention,7,10,0.7,116,1,mid,1776330638.0,1776330754.0,2026-04-16 09:12:34.266+00,2026-04-16 09:12:42.670979+00,2,3,3,easy,Pattern Break,8,5,False,2,2,1,0,5,19.0,24.0,1776330657.0,1776330662.0,ESTIMATE_ONLY_inter_question_gaps_unknown
725bf01b-d660-42a4-a201-44dd8e2b8a93,4b00bcd7-936b-42d2-99b5-c0b8b78272c9,attention,7,10,0.7,116,1,mid,1776330638.0,1776330754.0,2026-04-16 09:12:34.266+00,2026-04-16 09:12:42.670979+00,3,4,4,easy,Position Detect,8,5,False,2,1,0,0,6,29.0,34.0,1776330667.0,1776330672.0,ESTIMATE_ONLY_inter_question_gaps_unknown
725bf01b-d660-42a4-a201-44dd8e2b8a93,4b00bcd7-936b-42d2-99b5-c0b8b78272c9,attention,7,10,0.7,116,1,mid,1776330638.0,1776330754.0,2026-04-16 09:12:34.266+00,2026-04-16 09:12:42.670979+00,4,5,5,medium,Rule Violation,10,6,False,2,2,1,0,9,40.0,46.0,1776330678.0,1776330684.0,ESTIMATE_ONLY_inter_question_gaps_unknown
725bf01b-d660-42a4-a201-44dd8e2b8a93,4b00bcd7-936b-42d2-99b5-c0b8b78272c9,attention,7,10,0.7,116,1,mid,1776330638.0,1776330754.0,2026-04-16 09:12:34.266+00,2026-04-16 09:12:42.670979+00,5,6,6,medium,Count Target,10,6,False,2,0,0,0,6,55.0,61.0,1776330693.0,1776330699.0,ESTIMATE_ONLY_inter_question_gaps_unknown
725bf01b-d660-42a4-a201-44dd8e2b8a93,4b00bcd7-936b-42d2-99b5-c0b8b78272c9,attention,7,10,0.7,116,1,mid,1776330638.0,1776330754.0,2026-04-16 09:12:34.266+00,2026-04-16 09:12:42.670979+00,6,7,7,medium,Count Target,10,6,False,2,2,1,0,7,67.0,73.0,1776330705.0,1776330711.0,ESTIMATE_ONLY_inter_question_gaps_unknown
725bf01b-d660-42a4-a201-44dd8e2b8a93,4b00bcd7-936b-42d2-99b5-c0b8b78272c9,attention,7,10,0.7,116,1,mid,1776330638.0,1776330754.0,2026-04-16 09:12:34.266+00,2026-04-16 09:12:42.670979+00,7,8,8,hard,Count Target,12,7,False,1,2,0,0,4,80.0,87.0,1776330718.0,1776330725.0,ESTIMATE_ONLY_inter_question_gaps_unknown
725bf01b-d660-42a4-a201-44dd8e2b8a93,4b00bcd7-936b-42d2-99b5-c0b8b78272c9,attention,7,10,0.7,116,1,mid,1776330638.0,1776330754.0,2026-04-16 09:12:34.266+00,2026-04-16 09:12:42.670979+00,8,9,9,hard,Rule Violation,12,7,False,2,2,1,0,8,91.0,98.0,1776330729.0,1776330736.0,ESTIMATE_ONLY_inter_question_gaps_unknown
725bf01b-d660-42a4-a201-44dd8e2b8a93,4b00bcd7-936b-42d2-99b5-c0b8b78272c9,attention,7,10,0.7,116,1,mid,1776330638.0,1776330754.0,2026-04-16 09:12:34.266+00,2026-04-16 09:12:42.670979+00,9,10,10,hard,Pattern Break,12,7,False,2,2,1,0,6,106.0,113.0,1776330744.0,1776330751.0,ESTIMATE_ONLY_inter_question_gaps_unknown
729930ca-6de6-4759-b57b-3f476b0360a5,4885d4b0-45a4-4809-93f1-b004dd932716,arithmetic,4,10,0.4,76,0,low,1776323917.0,1776323993.0,2026-04-16 07:19:53.748+00,2026-04-16 07:19:56.413094+00,0,1,1,easy,Addition,15,,False,0,0,1,0,5,0.0,0.0,1776323917.0,1776323917.0,ESTIMATE_ONLY_inter_question_gaps_unknown
729930ca-6de6-4759-b57b-3f476b0360a5,4885d4b0-45a4-4809-93f1-b004dd932716,arithmetic,4,10,0.4,76,0,low,1776323917.0,1776323993.0,2026-04-16 07:19:53.748+00,2026-04-16 07:19:56.413094+00,1,2,2,easy,Division,15,,False,2,2,1,0,6,5.0,5.0,1776323922.0,1776323922.0,ESTIMATE_ONLY_inter_question_gaps_unknown
729930ca-6de6-4759-b57b-3f476b0360a5,4885d4b0-45a4-4809-93f1-b004dd932716,arithmetic,4,10,0.4,76,0,low,1776323917.0,1776323993.0,2026-04-16 07:19:53.748+00,2026-04-16 07:19:56.413094+00,2,3,3,easy,Addition,15,,False,2,0,0,0,12,11.0,11.0,1776323928.0,1776323928.0,ESTIMATE_ONLY_inter_question_gaps_unknown
729930ca-6de6-4759-b57b-3f476b0360a5,4885d4b0-45a4-4809-93f1-b004dd932716,arithmetic,4,10,0.4,76,0,low,1776323917.0,1776323993.0,2026-04-16 07:19:53.748+00,2026-04-16 07:19:56.413094+00,3,4,4,easy,Subtraction,15,,False,2,0,0,0,3,23.0,23.0,1776323940.0,1776323940.0,ESTIMATE_ONLY_inter_question_gaps_unknown
729930ca-6de6-4759-b57b-3f476b0360a5,4885d4b0-45a4-4809-93f1-b004dd932716,arithmetic,4,10,0.4,76,0,low,1776323917.0,1776323993.0,2026-04-16 07:19:53.748+00,2026-04-16 07:19:56.413094+00,4,5,5,medium,Addition,20,,False,0,2,0,0,14,26.0,26.0,1776323943.0,1776323943.0,ESTIMATE_ONLY_inter_question_gaps_unknown
729930ca-6de6-4759-b57b-3f476b0360a5,4885d4b0-45a4-4809-93f1-b004dd932716,arithmetic,4,10,0.4,76,0,low,1776323917.0,1776323993.0,2026-04-16 07:19:53.748+00,2026-04-16 07:19:56.413094+00,5,6,6,medium,Multiplication,20,,False,2,0,0,0,12,40.0,40.0,1776323957.0,1776323957.0,ESTIMATE_ONLY_inter_question_gaps_unknown
729930ca-6de6-4759-b57b-3f476b0360a5,4885d4b0-45a4-4809-93f1-b004dd932716,arithmetic,4,10,0.4,76,0,low,1776323917.0,1776323993.0,2026-04-16 07:19:53.748+00,2026-04-16 07:19:56.413094+00,6,7,7,medium,Division,20,,False,1,1,1,0,9,52.0,52.0,1776323969.0,1776323969.0,ESTIMATE_ONLY_inter_question_gaps_unknown
729930ca-6de6-4759-b57b-3f476b0360a5,4885d4b0-45a4-4809-93f1-b004dd932716,arithmetic,4,10,0.4,76,0,low,1776323917.0,1776323993.0,2026-04-16 07:19:53.748+00,2026-04-16 07:19:56.413094+00,7,8,8,hard,Percentage,30,,False,2,2,1,0,7,61.0,61.0,1776323978.0,1776323978.0,ESTIMATE_ONLY_inter_question_gaps_unknown
729930ca-6de6-4759-b57b-3f476b0360a5,4885d4b0-45a4-4809-93f1-b004dd932716,arithmetic,4,10,0.4,76,0,low,1776323917.0,1776323993.0,2026-04-16 07:19:53.748+00,2026-04-16 07:19:56.413094+00,8,9,9,hard,Multiplication,30,,False,1,0,0,0,6,68.0,68.0,1776323985.0,1776323985.0,ESTIMATE_ONLY_inter_question_gaps_unknown
729930ca-6de6-4759-b57b-3f476b0360a5,4885d4b0-45a4-4809-93f1-b004dd932716,arithmetic,4,10,0.4,76,0,low,1776323917.0,1776323993.0,2026-04-16 07:19:53.748+00,2026-04-16 07:19:56.413094+00,9,10,10,hard,Multi-step,30,,False,0,1,0,0,10,74.0,74.0,1776323991.0,1776323991.0,ESTIMATE_ONLY_inter_question_gaps_unknown
73daa1ce-6bb9-4892-a228-1f928a4c38d3,41e7ea84-ede5-4a76-8176-b877187f4b39,arithmetic,3,10,0.3,43,0,low,1776582299.0,1776582342.0,2026-04-19 07:05:42.406+00,2026-04-19 07:05:43.391294+00,0,1,1,easy,Addition,15,,False,0,0,1,0,4,0.0,0.0,1776582299.0,1776582299.0,ESTIMATE_ONLY_inter_question_gaps_unknown
73daa1ce-6bb9-4892-a228-1f928a4c38d3,41e7ea84-ede5-4a76-8176-b877187f4b39,arithmetic,3,10,0.3,43,0,low,1776582299.0,1776582342.0,2026-04-19 07:05:42.406+00,2026-04-19 07:05:43.391294+00,1,2,2,easy,Division,15,,False,0,2,0,0,3,4.0,4.0,1776582303.0,1776582303.0,ESTIMATE_ONLY_inter_question_gaps_unknown
73daa1ce-6bb9-4892-a228-1f928a4c38d3,41e7ea84-ede5-4a76-8176-b877187f4b39,arithmetic,3,10,0.3,43,0,low,1776582299.0,1776582342.0,2026-04-19 07:05:42.406+00,2026-04-19 07:05:43.391294+00,2,3,3,easy,Addition,15,,False,1,0,0,0,4,7.0,7.0,1776582306.0,1776582306.0,ESTIMATE_ONLY_inter_question_gaps_unknown
73daa1ce-6bb9-4892-a228-1f928a4c38d3,41e7ea84-ede5-4a76-8176-b877187f4b39,arithmetic,3,10,0.3,43,0,low,1776582299.0,1776582342.0,2026-04-19 07:05:42.406+00,2026-04-19 07:05:43.391294+00,3,4,4,easy,Subtraction,15,,False,1,0,0,0,4,11.0,11.0,1776582310.0,1776582310.0,ESTIMATE_ONLY_inter_question_gaps_unknown
73daa1ce-6bb9-4892-a228-1f928a4c38d3,41e7ea84-ede5-4a76-8176-b877187f4b39,arithmetic,3,10,0.3,43,0,low,1776582299.0,1776582342.0,2026-04-19 07:05:42.406+00,2026-04-19 07:05:43.391294+00,4,5,5,medium,Addition,20,,False,0,2,0,0,8,15.0,15.0,1776582314.0,1776582314.0,ESTIMATE_ONLY_inter_question_gaps_unknown
73daa1ce-6bb9-4892-a228-1f928a4c38d3,41e7ea84-ede5-4a76-8176-b877187f4b39,arithmetic,3,10,0.3,43,0,low,1776582299.0,1776582342.0,2026-04-19 07:05:42.406+00,2026-04-19 07:05:43.391294+00,5,6,6,medium,Multiplication,20,,False,0,0,1,0,4,23.0,23.0,1776582322.0,1776582322.0,ESTIMATE_ONLY_inter_question_gaps_unknown
73daa1ce-6bb9-4892-a228-1f928a4c38d3,41e7ea84-ede5-4a76-8176-b877187f4b39,arithmetic,3,10,0.3,43,0,low,1776582299.0,1776582342.0,2026-04-19 07:05:42.406+00,2026-04-19 07:05:43.391294+00,6,7,7,medium,Division,20,,False,1,1,1,0,4,27.0,27.0,1776582326.0,1776582326.0,ESTIMATE_ONLY_inter_question_gaps_unknown
73daa1ce-6bb9-4892-a228-1f928a4c38d3,41e7ea84-ede5-4a76-8176-b877187f4b39,arithmetic,3,10,0.3,43,0,low,1776582299.0,1776582342.0,2026-04-19 07:05:42.406+00,2026-04-19 07:05:43.391294+00,7,8,8,hard,Percentage,30,,False,0,2,0,0,3,31.0,31.0,1776582330.0,1776582330.0,ESTIMATE_ONLY_inter_question_gaps_unknown
73daa1ce-6bb9-4892-a228-1f928a4c38d3,41e7ea84-ede5-4a76-8176-b877187f4b39,arithmetic,3,10,0.3,43,0,low,1776582299.0,1776582342.0,2026-04-19 07:05:42.406+00,2026-04-19 07:05:43.391294+00,8,9,9,hard,Multiplication,30,,False,1,0,0,0,2,34.0,34.0,1776582333.0,1776582333.0,ESTIMATE_ONLY_inter_question_gaps_unknown
73daa1ce-6bb9-4892-a228-1f928a4c38d3,41e7ea84-ede5-4a76-8176-b877187f4b39,arithmetic,3,10,0.3,43,0,low,1776582299.0,1776582342.0,2026-04-19 07:05:42.406+00,2026-04-19 07:05:43.391294+00,9,10,10,hard,Multi-step,30,,False,0,1,0,0,11,36.0,36.0,1776582335.0,1776582335.0,ESTIMATE_ONLY_inter_question_gaps_unknown
745a46b1-8573-44a9-9116-1a344d294d1f,4b00bcd7-936b-42d2-99b5-c0b8b78272c9,attention,7,10,0.7,116,1,mid,1776330640.0,1776330756.0,2026-04-16 09:12:36.306+00,2026-04-16 09:12:44.521196+00,0,1,1,easy,Oddball Detection,8,5,False,2,2,1,0,5,0.0,5.0,1776330640.0,1776330645.0,ESTIMATE_ONLY_inter_question_gaps_unknown
745a46b1-8573-44a9-9116-1a344d294d1f,4b00bcd7-936b-42d2-99b5-c0b8b78272c9,attention,7,10,0.7,116,1,mid,1776330640.0,1776330756.0,2026-04-16 09:12:36.306+00,2026-04-16 09:12:44.521196+00,1,2,2,easy,Count Target,8,5,False,0,0,1,0,4,10.0,15.0,1776330650.0,1776330655.0,ESTIMATE_ONLY_inter_question_gaps_unknown
745a46b1-8573-44a9-9116-1a344d294d1f,4b00bcd7-936b-42d2-99b5-c0b8b78272c9,attention,7,10,0.7,116,1,mid,1776330640.0,1776330756.0,2026-04-16 09:12:36.306+00,2026-04-16 09:12:44.521196+00,2,3,3,easy,Pattern Break,8,5,False,2,2,1,0,5,19.0,24.0,1776330659.0,1776330664.0,ESTIMATE_ONLY_inter_question_gaps_unknown
745a46b1-8573-44a9-9116-1a344d294d1f,4b00bcd7-936b-42d2-99b5-c0b8b78272c9,attention,7,10,0.7,116,1,mid,1776330640.0,1776330756.0,2026-04-16 09:12:36.306+00,2026-04-16 09:12:44.521196+00,3,4,4,easy,Position Detect,8,5,False,2,1,0,0,6,29.0,34.0,1776330669.0,1776330674.0,ESTIMATE_ONLY_inter_question_gaps_unknown
745a46b1-8573-44a9-9116-1a344d294d1f,4b00bcd7-936b-42d2-99b5-c0b8b78272c9,attention,7,10,0.7,116,1,mid,1776330640.0,1776330756.0,2026-04-16 09:12:36.306+00,2026-04-16 09:12:44.521196+00,4,5,5,medium,Rule Violation,10,6,False,2,2,1,0,9,40.0,46.0,1776330680.0,1776330686.0,ESTIMATE_ONLY_inter_question_gaps_unknown
745a46b1-8573-44a9-9116-1a344d294d1f,4b00bcd7-936b-42d2-99b5-c0b8b78272c9,attention,7,10,0.7,116,1,mid,1776330640.0,1776330756.0,2026-04-16 09:12:36.306+00,2026-04-16 09:12:44.521196+00,5,6,6,medium,Count Target,10,6,False,2,0,0,0,6,55.0,61.0,1776330695.0,1776330701.0,ESTIMATE_ONLY_inter_question_gaps_unknown
745a46b1-8573-44a9-9116-1a344d294d1f,4b00bcd7-936b-42d2-99b5-c0b8b78272c9,attention,7,10,0.7,116,1,mid,1776330640.0,1776330756.0,2026-04-16 09:12:36.306+00,2026-04-16 09:12:44.521196+00,6,7,7,medium,Count Target,10,6,False,2,2,1,0,7,67.0,73.0,1776330707.0,1776330713.0,ESTIMATE_ONLY_inter_question_gaps_unknown
745a46b1-8573-44a9-9116-1a344d294d1f,4b00bcd7-936b-42d2-99b5-c0b8b78272c9,attention,7,10,0.7,116,1,mid,1776330640.0,1776330756.0,2026-04-16 09:12:36.306+00,2026-04-16 09:12:44.521196+00,7,8,8,hard,Count Target,12,7,False,1,2,0,0,4,80.0,87.0,1776330720.0,1776330727.0,ESTIMATE_ONLY_inter_question_gaps_unknown
745a46b1-8573-44a9-9116-1a344d294d1f,4b00bcd7-936b-42d2-99b5-c0b8b78272c9,attention,7,10,0.7,116,1,mid,1776330640.0,1776330756.0,2026-04-16 09:12:36.306+00,2026-04-16 09:12:44.521196+00,8,9,9,hard,Rule Violation,12,7,False,2,2,1,0,8,91.0,98.0,1776330731.0,1776330738.0,ESTIMATE_ONLY_inter_question_gaps_unknown
745a46b1-8573-44a9-9116-1a344d294d1f,4b00bcd7-936b-42d2-99b5-c0b8b78272c9,attention,7,10,0.7,116,1,mid,1776330640.0,1776330756.0,2026-04-16 09:12:36.306+00,2026-04-16 09:12:44.521196+00,9,10,10,hard,Pattern Break,12,7,False,2,2,1,0,6,106.0,113.0,1776330746.0,1776330753.0,ESTIMATE_ONLY_inter_question_gaps_unknown
75bd3c97-84f9-4b91-8780-b52a34a77da2,1d7969e9-9d81-4b61-b5a4-102cab269db4,memory,6,10,0.6,91,0,mid,1776334739.0,1776334830.0,2026-04-16 10:20:30.912+00,2026-04-16 10:20:31.867159+00,0,1,1,easy,Digit Recall,10,5,False,0,0,1,0,3,0.0,5.0,1776334739.0,1776334744.0,ESTIMATE_ONLY_inter_question_gaps_unknown
75bd3c97-84f9-4b91-8780-b52a34a77da2,1d7969e9-9d81-4b61-b5a4-102cab269db4,memory,6,10,0.6,91,0,mid,1776334739.0,1776334830.0,2026-04-16 10:20:30.912+00,2026-04-16 10:20:31.867159+00,1,2,2,easy,Word Recall,10,5,False,2,2,1,0,3,8.0,13.0,1776334747.0,1776334752.0,ESTIMATE_ONLY_inter_question_gaps_unknown
75bd3c97-84f9-4b91-8780-b52a34a77da2,1d7969e9-9d81-4b61-b5a4-102cab269db4,memory,6,10,0.6,91,0,mid,1776334739.0,1776334830.0,2026-04-16 10:20:30.912+00,2026-04-16 10:20:31.867159+00,2,3,3,easy,Digit Recall,10,5,False,1,1,1,0,4,16.0,21.0,1776334755.0,1776334760.0,ESTIMATE_ONLY_inter_question_gaps_unknown
75bd3c97-84f9-4b91-8780-b52a34a77da2,1d7969e9-9d81-4b61-b5a4-102cab269db4,memory,6,10,0.6,91,0,mid,1776334739.0,1776334830.0,2026-04-16 10:20:30.912+00,2026-04-16 10:20:31.867159+00,3,4,4,easy,Word Recall,10,5,False,0,0,1,0,3,25.0,30.0,1776334764.0,1776334769.0,ESTIMATE_ONLY_inter_question_gaps_unknown
75bd3c97-84f9-4b91-8780-b52a34a77da2,1d7969e9-9d81-4b61-b5a4-102cab269db4,memory,6,10,0.6,91,0,mid,1776334739.0,1776334830.0,2026-04-16 10:20:30.912+00,2026-04-16 10:20:31.867159+00,4,5,5,medium,Digit Recall,12,6,False,0,0,1,0,3,33.0,39.0,1776334772.0,1776334778.0,ESTIMATE_ONLY_inter_question_gaps_unknown
75bd3c97-84f9-4b91-8780-b52a34a77da2,1d7969e9-9d81-4b61-b5a4-102cab269db4,memory,6,10,0.6,91,0,mid,1776334739.0,1776334830.0,2026-04-16 10:20:30.912+00,2026-04-16 10:20:31.867159+00,5,6,6,medium,Position Recall,12,6,False,2,1,0,0,4,42.0,48.0,1776334781.0,1776334787.0,ESTIMATE_ONLY_inter_question_gaps_unknown
75bd3c97-84f9-4b91-8780-b52a34a77da2,1d7969e9-9d81-4b61-b5a4-102cab269db4,memory,6,10,0.6,91,0,mid,1776334739.0,1776334830.0,2026-04-16 10:20:30.912+00,2026-04-16 10:20:31.867159+00,6,7,7,medium,Position Recall,12,6,False,2,2,1,0,4,52.0,58.0,1776334791.0,1776334797.0,ESTIMATE_ONLY_inter_question_gaps_unknown
75bd3c97-84f9-4b91-8780-b52a34a77da2,1d7969e9-9d81-4b61-b5a4-102cab269db4,memory,6,10,0.6,91,0,mid,1776334739.0,1776334830.0,2026-04-16 10:20:30.912+00,2026-04-16 10:20:31.867159+00,7,8,8,hard,Sequence Recall,15,7,False,1,0,0,0,4,62.0,69.0,1776334801.0,1776334808.0,ESTIMATE_ONLY_inter_question_gaps_unknown
75bd3c97-84f9-4b91-8780-b52a34a77da2,1d7969e9-9d81-4b61-b5a4-102cab269db4,memory,6,10,0.6,91,0,mid,1776334739.0,1776334830.0,2026-04-16 10:20:30.912+00,2026-04-16 10:20:31.867159+00,8,9,9,hard,Position Recall,15,7,False,2,1,0,0,4,73.0,80.0,1776334812.0,1776334819.0,ESTIMATE_ONLY_inter_question_gaps_unknown
75bd3c97-84f9-4b91-8780-b52a34a77da2,1d7969e9-9d81-4b61-b5a4-102cab269db4,memory,6,10,0.6,91,0,mid,1776334739.0,1776334830.0,2026-04-16 10:20:30.912+00,2026-04-16 10:20:31.867159+00,9,10,10,hard,Digit Analysis,15,7,False,0,2,0,0,7,84.0,91.0,1776334823.0,1776334830.0,ESTIMATE_ONLY_inter_question_gaps_unknown
761536e4-ea4c-4aac-af18-5135ca0dc461,b17134fc-8dcf-4a39-b251-3e8e95b21315,comprehension,10,10,1.0,91,1,high,1776847315.0,1776847406.0,2026-04-22 08:43:26.545+00,2026-04-22 08:43:27.152104+00,0,1,1,easy,Fact Extraction,25,,True,0,0,1,0,5,0.0,0.0,1776847315.0,1776847315.0,ESTIMATE_ONLY_reading_phase_duration_unknown
761536e4-ea4c-4aac-af18-5135ca0dc461,b17134fc-8dcf-4a39-b251-3e8e95b21315,comprehension,10,10,1.0,91,1,high,1776847315.0,1776847406.0,2026-04-22 08:43:26.545+00,2026-04-22 08:43:27.152104+00,1,2,2,medium,Detail Recall,25,,False,0,0,1,0,5,5.0,5.0,1776847320.0,1776847320.0,ESTIMATE_ONLY_inter_question_gaps_unknown
761536e4-ea4c-4aac-af18-5135ca0dc461,b17134fc-8dcf-4a39-b251-3e8e95b21315,comprehension,10,10,1.0,91,1,high,1776847315.0,1776847406.0,2026-04-22 08:43:26.545+00,2026-04-22 08:43:27.152104+00,2,3,3,easy,Fact Extraction,25,,False,0,0,1,0,4,10.0,10.0,1776847325.0,1776847325.0,ESTIMATE_ONLY_inter_question_gaps_unknown
761536e4-ea4c-4aac-af18-5135ca0dc461,b17134fc-8dcf-4a39-b251-3e8e95b21315,comprehension,10,10,1.0,91,1,high,1776847315.0,1776847406.0,2026-04-22 08:43:26.545+00,2026-04-22 08:43:27.152104+00,3,4,4,medium,Inference,25,,False,1,1,1,0,4,14.0,14.0,1776847329.0,1776847329.0,ESTIMATE_ONLY_inter_question_gaps_unknown
761536e4-ea4c-4aac-af18-5135ca0dc461,b17134fc-8dcf-4a39-b251-3e8e95b21315,comprehension,10,10,1.0,91,1,high,1776847315.0,1776847406.0,2026-04-22 08:43:26.545+00,2026-04-22 08:43:27.152104+00,4,5,5,easy,Detail Recall,25,,False,0,0,1,0,8,18.0,18.0,1776847333.0,1776847333.0,ESTIMATE_ONLY_inter_question_gaps_unknown
761536e4-ea4c-4aac-af18-5135ca0dc461,b17134fc-8dcf-4a39-b251-3e8e95b21315,comprehension,10,10,1.0,91,1,high,1776847315.0,1776847406.0,2026-04-22 08:43:26.545+00,2026-04-22 08:43:27.152104+00,5,6,6,easy,Fact Extraction,25,,True,1,1,1,0,2,26.0,26.0,1776847341.0,1776847341.0,ESTIMATE_ONLY_reading_phase_duration_unknown
761536e4-ea4c-4aac-af18-5135ca0dc461,b17134fc-8dcf-4a39-b251-3e8e95b21315,comprehension,10,10,1.0,91,1,high,1776847315.0,1776847406.0,2026-04-22 08:43:26.545+00,2026-04-22 08:43:27.152104+00,6,7,7,easy,Detail Recall,25,,False,2,2,1,0,4,28.0,28.0,1776847343.0,1776847343.0,ESTIMATE_ONLY_inter_question_gaps_unknown
761536e4-ea4c-4aac-af18-5135ca0dc461,b17134fc-8dcf-4a39-b251-3e8e95b21315,comprehension,10,10,1.0,91,1,high,1776847315.0,1776847406.0,2026-04-22 08:43:26.545+00,2026-04-22 08:43:27.152104+00,7,8,8,medium,Detail Recall,25,,False,0,0,1,0,5,32.0,32.0,1776847347.0,1776847347.0,ESTIMATE_ONLY_inter_question_gaps_unknown
761536e4-ea4c-4aac-af18-5135ca0dc461,b17134fc-8dcf-4a39-b251-3e8e95b21315,comprehension,10,10,1.0,91,1,high,1776847315.0,1776847406.0,2026-04-22 08:43:26.545+00,2026-04-22 08:43:27.152104+00,8,9,9,medium,Inference,25,,False,1,1,1,0,6,37.0,37.0,1776847352.0,1776847352.0,ESTIMATE_ONLY_inter_question_gaps_unknown
761536e4-ea4c-4aac-af18-5135ca0dc461,b17134fc-8dcf-4a39-b251-3e8e95b21315,comprehension,10,10,1.0,91,1,high,1776847315.0,1776847406.0,2026-04-22 08:43:26.545+00,2026-04-22 08:43:27.152104+00,9,10,10,easy,Fact Extraction,25,,False,1,1,1,0,4,43.0,43.0,1776847358.0,1776847358.0,ESTIMATE_ONLY_inter_question_gaps_unknown
76ccc015-f403-478e-8aad-2dd76e2f2451,38486085-f824-4b7b-82b0-ebfd7c8629e4,comprehension,9,10,0.9,69,1,high,1776768553.0,1776768622.0,2026-04-21 10:50:22.111+00,2026-04-21 10:50:22.530235+00,0,1,1,easy,Fact Extraction,25,,True,0,0,1,0,8,0.0,0.0,1776768553.0,1776768553.0,ESTIMATE_ONLY_reading_phase_duration_unknown
76ccc015-f403-478e-8aad-2dd76e2f2451,38486085-f824-4b7b-82b0-ebfd7c8629e4,comprehension,9,10,0.9,69,1,high,1776768553.0,1776768622.0,2026-04-21 10:50:22.111+00,2026-04-21 10:50:22.530235+00,1,2,2,medium,Detail Recall,25,,False,0,0,1,0,6,8.0,8.0,1776768561.0,1776768561.0,ESTIMATE_ONLY_inter_question_gaps_unknown
76ccc015-f403-478e-8aad-2dd76e2f2451,38486085-f824-4b7b-82b0-ebfd7c8629e4,comprehension,9,10,0.9,69,1,high,1776768553.0,1776768622.0,2026-04-21 10:50:22.111+00,2026-04-21 10:50:22.530235+00,2,3,3,easy,Fact Extraction,25,,False,0,0,1,0,3,14.0,14.0,1776768567.0,1776768567.0,ESTIMATE_ONLY_inter_question_gaps_unknown
76ccc015-f403-478e-8aad-2dd76e2f2451,38486085-f824-4b7b-82b0-ebfd7c8629e4,comprehension,9,10,0.9,69,1,high,1776768553.0,1776768622.0,2026-04-21 10:50:22.111+00,2026-04-21 10:50:22.530235+00,3,4,4,medium,Inference,25,,False,1,1,1,0,7,17.0,17.0,1776768570.0,1776768570.0,ESTIMATE_ONLY_inter_question_gaps_unknown
76ccc015-f403-478e-8aad-2dd76e2f2451,38486085-f824-4b7b-82b0-ebfd7c8629e4,comprehension,9,10,0.9,69,1,high,1776768553.0,1776768622.0,2026-04-21 10:50:22.111+00,2026-04-21 10:50:22.530235+00,4,5,5,easy,Detail Recall,25,,False,0,0,1,0,9,24.0,24.0,1776768577.0,1776768577.0,ESTIMATE_ONLY_inter_question_gaps_unknown
76ccc015-f403-478e-8aad-2dd76e2f2451,38486085-f824-4b7b-82b0-ebfd7c8629e4,comprehension,9,10,0.9,69,1,high,1776768553.0,1776768622.0,2026-04-21 10:50:22.111+00,2026-04-21 10:50:22.530235+00,5,6,6,easy,Fact Extraction,25,,True,0,1,0,0,5,33.0,33.0,1776768586.0,1776768586.0,ESTIMATE_ONLY_reading_phase_duration_unknown
76ccc015-f403-478e-8aad-2dd76e2f2451,38486085-f824-4b7b-82b0-ebfd7c8629e4,comprehension,9,10,0.9,69,1,high,1776768553.0,1776768622.0,2026-04-21 10:50:22.111+00,2026-04-21 10:50:22.530235+00,6,7,7,easy,Detail Recall,25,,False,2,2,1,0,6,38.0,38.0,1776768591.0,1776768591.0,ESTIMATE_ONLY_inter_question_gaps_unknown
76ccc015-f403-478e-8aad-2dd76e2f2451,38486085-f824-4b7b-82b0-ebfd7c8629e4,comprehension,9,10,0.9,69,1,high,1776768553.0,1776768622.0,2026-04-21 10:50:22.111+00,2026-04-21 10:50:22.530235+00,7,8,8,medium,Detail Recall,25,,False,0,0,1,0,6,44.0,44.0,1776768597.0,1776768597.0,ESTIMATE_ONLY_inter_question_gaps_unknown
76ccc015-f403-478e-8aad-2dd76e2f2451,38486085-f824-4b7b-82b0-ebfd7c8629e4,comprehension,9,10,0.9,69,1,high,1776768553.0,1776768622.0,2026-04-21 10:50:22.111+00,2026-04-21 10:50:22.530235+00,8,9,9,medium,Inference,25,,False,1,1,1,0,10,50.0,50.0,1776768603.0,1776768603.0,ESTIMATE_ONLY_inter_question_gaps_unknown
76ccc015-f403-478e-8aad-2dd76e2f2451,38486085-f824-4b7b-82b0-ebfd7c8629e4,comprehension,9,10,0.9,69,1,high,1776768553.0,1776768622.0,2026-04-21 10:50:22.111+00,2026-04-21 10:50:22.530235+00,9,10,10,easy,Fact Extraction,25,,False,1,1,1,0,7,60.0,60.0,1776768613.0,1776768613.0,ESTIMATE_ONLY_inter_question_gaps_unknown
774cf6b4-6498-424a-8c12-9c08e3d09ca6,50d2e6aa-24c6-4d68-8bb3-f3b2f03f9b50,attention,6,10,0.6,107,0,mid,1776325934.0,1776326041.0,2026-04-16 07:54:01.988+00,2026-04-16 07:54:03.049694+00,0,1,1,easy,Oddball Detection,8,5,False,,2,0,1,8,0.0,5.0,1776325934.0,1776325939.0,ESTIMATE_ONLY_inter_question_gaps_unknown
774cf6b4-6498-424a-8c12-9c08e3d09ca6,50d2e6aa-24c6-4d68-8bb3-f3b2f03f9b50,attention,6,10,0.6,107,0,mid,1776325934.0,1776326041.0,2026-04-16 07:54:01.988+00,2026-04-16 07:54:03.049694+00,1,2,2,easy,Count Target,8,5,False,2,0,0,0,8,13.0,18.0,1776325947.0,1776325952.0,ESTIMATE_ONLY_inter_question_gaps_unknown
774cf6b4-6498-424a-8c12-9c08e3d09ca6,50d2e6aa-24c6-4d68-8bb3-f3b2f03f9b50,attention,6,10,0.6,107,0,mid,1776325934.0,1776326041.0,2026-04-16 07:54:01.988+00,2026-04-16 07:54:03.049694+00,2,3,3,easy,Pattern Break,8,5,False,,2,0,1,8,26.0,31.0,1776325960.0,1776325965.0,ESTIMATE_ONLY_inter_question_gaps_unknown
774cf6b4-6498-424a-8c12-9c08e3d09ca6,50d2e6aa-24c6-4d68-8bb3-f3b2f03f9b50,attention,6,10,0.6,107,0,mid,1776325934.0,1776326041.0,2026-04-16 07:54:01.988+00,2026-04-16 07:54:03.049694+00,3,4,4,easy,Position Detect,8,5,False,1,1,1,0,4,39.0,44.0,1776325973.0,1776325978.0,ESTIMATE_ONLY_inter_question_gaps_unknown
774cf6b4-6498-424a-8c12-9c08e3d09ca6,50d2e6aa-24c6-4d68-8bb3-f3b2f03f9b50,attention,6,10,0.6,107,0,mid,1776325934.0,1776326041.0,2026-04-16 07:54:01.988+00,2026-04-16 07:54:03.049694+00,4,5,5,medium,Rule Violation,10,6,False,2,2,1,0,3,48.0,54.0,1776325982.0,1776325988.0,ESTIMATE_ONLY_inter_question_gaps_unknown
774cf6b4-6498-424a-8c12-9c08e3d09ca6,50d2e6aa-24c6-4d68-8bb3-f3b2f03f9b50,attention,6,10,0.6,107,0,mid,1776325934.0,1776326041.0,2026-04-16 07:54:01.988+00,2026-04-16 07:54:03.049694+00,5,6,6,medium,Count Target,10,6,False,0,0,1,0,2,57.0,63.0,1776325991.0,1776325997.0,ESTIMATE_ONLY_inter_question_gaps_unknown
774cf6b4-6498-424a-8c12-9c08e3d09ca6,50d2e6aa-24c6-4d68-8bb3-f3b2f03f9b50,attention,6,10,0.6,107,0,mid,1776325934.0,1776326041.0,2026-04-16 07:54:01.988+00,2026-04-16 07:54:03.049694+00,6,7,7,medium,Count Target,10,6,False,2,2,1,0,7,65.0,71.0,1776325999.0,1776326005.0,ESTIMATE_ONLY_inter_question_gaps_unknown
774cf6b4-6498-424a-8c12-9c08e3d09ca6,50d2e6aa-24c6-4d68-8bb3-f3b2f03f9b50,attention,6,10,0.6,107,0,mid,1776325934.0,1776326041.0,2026-04-16 07:54:01.988+00,2026-04-16 07:54:03.049694+00,7,8,8,hard,Count Target,12,7,False,2,2,1,0,3,78.0,85.0,1776326012.0,1776326019.0,ESTIMATE_ONLY_inter_question_gaps_unknown
774cf6b4-6498-424a-8c12-9c08e3d09ca6,50d2e6aa-24c6-4d68-8bb3-f3b2f03f9b50,attention,6,10,0.6,107,0,mid,1776325934.0,1776326041.0,2026-04-16 07:54:01.988+00,2026-04-16 07:54:03.049694+00,8,9,9,hard,Rule Violation,12,7,False,0,2,0,0,6,88.0,95.0,1776326022.0,1776326029.0,ESTIMATE_ONLY_inter_question_gaps_unknown
774cf6b4-6498-424a-8c12-9c08e3d09ca6,50d2e6aa-24c6-4d68-8bb3-f3b2f03f9b50,attention,6,10,0.6,107,0,mid,1776325934.0,1776326041.0,2026-04-16 07:54:01.988+00,2026-04-16 07:54:03.049694+00,9,10,10,hard,Pattern Break,12,7,False,2,2,1,0,4,101.0,108.0,1776326035.0,1776326042.0,ESTIMATE_ONLY_inter_question_gaps_unknown
79869f7a-246d-40f3-ac2e-d7c2aa7fa9b8,077f1f73-3786-4d01-8c77-d40cf7f07ae1,memory,9,10,0.9,80,1,high,1776751648.0,1776751728.0,2026-04-21 06:08:48.214+00,2026-04-21 06:08:48.150737+00,0,1,1,easy,Digit Recall,10,5,False,0,0,1,0,2,0.0,5.0,1776751648.0,1776751653.0,ESTIMATE_ONLY_inter_question_gaps_unknown
79869f7a-246d-40f3-ac2e-d7c2aa7fa9b8,077f1f73-3786-4d01-8c77-d40cf7f07ae1,memory,9,10,0.9,80,1,high,1776751648.0,1776751728.0,2026-04-21 06:08:48.214+00,2026-04-21 06:08:48.150737+00,1,2,2,easy,Word Recall,10,5,False,2,2,1,0,2,7.0,12.0,1776751655.0,1776751660.0,ESTIMATE_ONLY_inter_question_gaps_unknown
79869f7a-246d-40f3-ac2e-d7c2aa7fa9b8,077f1f73-3786-4d01-8c77-d40cf7f07ae1,memory,9,10,0.9,80,1,high,1776751648.0,1776751728.0,2026-04-21 06:08:48.214+00,2026-04-21 06:08:48.150737+00,2,3,3,easy,Digit Recall,10,5,False,1,1,1,0,3,14.0,19.0,1776751662.0,1776751667.0,ESTIMATE_ONLY_inter_question_gaps_unknown
79869f7a-246d-40f3-ac2e-d7c2aa7fa9b8,077f1f73-3786-4d01-8c77-d40cf7f07ae1,memory,9,10,0.9,80,1,high,1776751648.0,1776751728.0,2026-04-21 06:08:48.214+00,2026-04-21 06:08:48.150737+00,3,4,4,easy,Word Recall,10,5,False,0,0,1,0,2,22.0,27.0,1776751670.0,1776751675.0,ESTIMATE_ONLY_inter_question_gaps_unknown
79869f7a-246d-40f3-ac2e-d7c2aa7fa9b8,077f1f73-3786-4d01-8c77-d40cf7f07ae1,memory,9,10,0.9,80,1,high,1776751648.0,1776751728.0,2026-04-21 06:08:48.214+00,2026-04-21 06:08:48.150737+00,4,5,5,medium,Digit Recall,12,6,False,0,0,1,0,3,29.0,35.0,1776751677.0,1776751683.0,ESTIMATE_ONLY_inter_question_gaps_unknown
79869f7a-246d-40f3-ac2e-d7c2aa7fa9b8,077f1f73-3786-4d01-8c77-d40cf7f07ae1,memory,9,10,0.9,80,1,high,1776751648.0,1776751728.0,2026-04-21 06:08:48.214+00,2026-04-21 06:08:48.150737+00,5,6,6,medium,Position Recall,12,6,False,1,1,1,0,3,38.0,44.0,1776751686.0,1776751692.0,ESTIMATE_ONLY_inter_question_gaps_unknown
79869f7a-246d-40f3-ac2e-d7c2aa7fa9b8,077f1f73-3786-4d01-8c77-d40cf7f07ae1,memory,9,10,0.9,80,1,high,1776751648.0,1776751728.0,2026-04-21 06:08:48.214+00,2026-04-21 06:08:48.150737+00,6,7,7,medium,Position Recall,12,6,False,2,2,1,0,3,47.0,53.0,1776751695.0,1776751701.0,ESTIMATE_ONLY_inter_question_gaps_unknown
79869f7a-246d-40f3-ac2e-d7c2aa7fa9b8,077f1f73-3786-4d01-8c77-d40cf7f07ae1,memory,9,10,0.9,80,1,high,1776751648.0,1776751728.0,2026-04-21 06:08:48.214+00,2026-04-21 06:08:48.150737+00,7,8,8,hard,Sequence Recall,15,7,False,0,0,1,0,5,56.0,63.0,1776751704.0,1776751711.0,ESTIMATE_ONLY_inter_question_gaps_unknown
79869f7a-246d-40f3-ac2e-d7c2aa7fa9b8,077f1f73-3786-4d01-8c77-d40cf7f07ae1,memory,9,10,0.9,80,1,high,1776751648.0,1776751728.0,2026-04-21 06:08:48.214+00,2026-04-21 06:08:48.150737+00,8,9,9,hard,Position Recall,15,7,False,1,1,1,0,2,68.0,75.0,1776751716.0,1776751723.0,ESTIMATE_ONLY_inter_question_gaps_unknown
79869f7a-246d-40f3-ac2e-d7c2aa7fa9b8,077f1f73-3786-4d01-8c77-d40cf7f07ae1,memory,9,10,0.9,80,1,high,1776751648.0,1776751728.0,2026-04-21 06:08:48.214+00,2026-04-21 06:08:48.150737+00,9,10,10,hard,Digit Analysis,15,7,False,1,2,0,0,2,77.0,84.0,1776751725.0,1776751732.0,ESTIMATE_ONLY_inter_question_gaps_unknown
79e589f6-3d82-447f-bdd5-c37af4c4a824,cbdba92c-9740-49a5-8627-91d15f9db8f9,comprehension,10,10,1.0,194,1,high,1776064806.0,1776065000.0,2026-04-13 07:23:20.807+00,2026-04-13 07:23:21.15987+00,0,1,1,easy,Fact Extraction,25,,True,0,0,1,0,7,0.0,0.0,1776064806.0,1776064806.0,ESTIMATE_ONLY_reading_phase_duration_unknown
79e589f6-3d82-447f-bdd5-c37af4c4a824,cbdba92c-9740-49a5-8627-91d15f9db8f9,comprehension,10,10,1.0,194,1,high,1776064806.0,1776065000.0,2026-04-13 07:23:20.807+00,2026-04-13 07:23:21.15987+00,1,2,2,medium,Detail Recall,25,,False,0,0,1,0,6,7.0,7.0,1776064813.0,1776064813.0,ESTIMATE_ONLY_inter_question_gaps_unknown
79e589f6-3d82-447f-bdd5-c37af4c4a824,cbdba92c-9740-49a5-8627-91d15f9db8f9,comprehension,10,10,1.0,194,1,high,1776064806.0,1776065000.0,2026-04-13 07:23:20.807+00,2026-04-13 07:23:21.15987+00,2,3,3,easy,Fact Extraction,25,,False,0,0,1,0,4,13.0,13.0,1776064819.0,1776064819.0,ESTIMATE_ONLY_inter_question_gaps_unknown
79e589f6-3d82-447f-bdd5-c37af4c4a824,cbdba92c-9740-49a5-8627-91d15f9db8f9,comprehension,10,10,1.0,194,1,high,1776064806.0,1776065000.0,2026-04-13 07:23:20.807+00,2026-04-13 07:23:21.15987+00,3,4,4,medium,Inference,25,,False,1,1,1,0,8,17.0,17.0,1776064823.0,1776064823.0,ESTIMATE_ONLY_inter_question_gaps_unknown
79e589f6-3d82-447f-bdd5-c37af4c4a824,cbdba92c-9740-49a5-8627-91d15f9db8f9,comprehension,10,10,1.0,194,1,high,1776064806.0,1776065000.0,2026-04-13 07:23:20.807+00,2026-04-13 07:23:21.15987+00,4,5,5,easy,Detail Recall,25,,False,0,0,1,0,7,25.0,25.0,1776064831.0,1776064831.0,ESTIMATE_ONLY_inter_question_gaps_unknown
79e589f6-3d82-447f-bdd5-c37af4c4a824,cbdba92c-9740-49a5-8627-91d15f9db8f9,comprehension,10,10,1.0,194,1,high,1776064806.0,1776065000.0,2026-04-13 07:23:20.807+00,2026-04-13 07:23:21.15987+00,5,6,6,easy,Fact Extraction,25,,True,1,1,1,0,4,32.0,32.0,1776064838.0,1776064838.0,ESTIMATE_ONLY_reading_phase_duration_unknown
79e589f6-3d82-447f-bdd5-c37af4c4a824,cbdba92c-9740-49a5-8627-91d15f9db8f9,comprehension,10,10,1.0,194,1,high,1776064806.0,1776065000.0,2026-04-13 07:23:20.807+00,2026-04-13 07:23:21.15987+00,6,7,7,easy,Detail Recall,25,,False,2,2,1,0,5,36.0,36.0,1776064842.0,1776064842.0,ESTIMATE_ONLY_inter_question_gaps_unknown
79e589f6-3d82-447f-bdd5-c37af4c4a824,cbdba92c-9740-49a5-8627-91d15f9db8f9,comprehension,10,10,1.0,194,1,high,1776064806.0,1776065000.0,2026-04-13 07:23:20.807+00,2026-04-13 07:23:21.15987+00,7,8,8,medium,Detail Recall,25,,False,0,0,1,0,9,41.0,41.0,1776064847.0,1776064847.0,ESTIMATE_ONLY_inter_question_gaps_unknown
79e589f6-3d82-447f-bdd5-c37af4c4a824,cbdba92c-9740-49a5-8627-91d15f9db8f9,comprehension,10,10,1.0,194,1,high,1776064806.0,1776065000.0,2026-04-13 07:23:20.807+00,2026-04-13 07:23:21.15987+00,8,9,9,medium,Inference,25,,False,1,1,1,0,10,50.0,50.0,1776064856.0,1776064856.0,ESTIMATE_ONLY_inter_question_gaps_unknown
79e589f6-3d82-447f-bdd5-c37af4c4a824,cbdba92c-9740-49a5-8627-91d15f9db8f9,comprehension,10,10,1.0,194,1,high,1776064806.0,1776065000.0,2026-04-13 07:23:20.807+00,2026-04-13 07:23:21.15987+00,9,10,10,easy,Fact Extraction,25,,False,1,1,1,0,6,60.0,60.0,1776064866.0,1776064866.0,ESTIMATE_ONLY_inter_question_gaps_unknown
7aeab8ae-dd46-45c4-b652-ee2ad7779acc,b60e1ae3-b420-4c8c-b2f5-fe145674e306,comprehension,9,10,0.9,183,1,high,1776231090.0,1776231273.0,2026-04-15 05:34:33.984+00,2026-04-15 05:34:33.126323+00,0,1,1,easy,Fact Extraction,25,,True,0,0,1,0,11,0.0,0.0,1776231090.0,1776231090.0,ESTIMATE_ONLY_reading_phase_duration_unknown
7aeab8ae-dd46-45c4-b652-ee2ad7779acc,b60e1ae3-b420-4c8c-b2f5-fe145674e306,comprehension,9,10,0.9,183,1,high,1776231090.0,1776231273.0,2026-04-15 05:34:33.984+00,2026-04-15 05:34:33.126323+00,1,2,2,medium,Detail Recall,25,,False,0,0,1,0,4,11.0,11.0,1776231101.0,1776231101.0,ESTIMATE_ONLY_inter_question_gaps_unknown
7aeab8ae-dd46-45c4-b652-ee2ad7779acc,b60e1ae3-b420-4c8c-b2f5-fe145674e306,comprehension,9,10,0.9,183,1,high,1776231090.0,1776231273.0,2026-04-15 05:34:33.984+00,2026-04-15 05:34:33.126323+00,2,3,3,easy,Fact Extraction,25,,False,0,0,1,0,3,15.0,15.0,1776231105.0,1776231105.0,ESTIMATE_ONLY_inter_question_gaps_unknown
7aeab8ae-dd46-45c4-b652-ee2ad7779acc,b60e1ae3-b420-4c8c-b2f5-fe145674e306,comprehension,9,10,0.9,183,1,high,1776231090.0,1776231273.0,2026-04-15 05:34:33.984+00,2026-04-15 05:34:33.126323+00,3,4,4,medium,Inference,25,,False,1,1,1,0,13,18.0,18.0,1776231108.0,1776231108.0,ESTIMATE_ONLY_inter_question_gaps_unknown
7aeab8ae-dd46-45c4-b652-ee2ad7779acc,b60e1ae3-b420-4c8c-b2f5-fe145674e306,comprehension,9,10,0.9,183,1,high,1776231090.0,1776231273.0,2026-04-15 05:34:33.984+00,2026-04-15 05:34:33.126323+00,4,5,5,easy,Detail Recall,25,,False,0,0,1,0,11,31.0,31.0,1776231121.0,1776231121.0,ESTIMATE_ONLY_inter_question_gaps_unknown
7aeab8ae-dd46-45c4-b652-ee2ad7779acc,b60e1ae3-b420-4c8c-b2f5-fe145674e306,comprehension,9,10,0.9,183,1,high,1776231090.0,1776231273.0,2026-04-15 05:34:33.984+00,2026-04-15 05:34:33.126323+00,5,6,6,easy,Fact Extraction,25,,True,1,1,1,0,5,42.0,42.0,1776231132.0,1776231132.0,ESTIMATE_ONLY_reading_phase_duration_unknown
7aeab8ae-dd46-45c4-b652-ee2ad7779acc,b60e1ae3-b420-4c8c-b2f5-fe145674e306,comprehension,9,10,0.9,183,1,high,1776231090.0,1776231273.0,2026-04-15 05:34:33.984+00,2026-04-15 05:34:33.126323+00,6,7,7,easy,Detail Recall,25,,False,2,2,1,0,7,47.0,47.0,1776231137.0,1776231137.0,ESTIMATE_ONLY_inter_question_gaps_unknown
7aeab8ae-dd46-45c4-b652-ee2ad7779acc,b60e1ae3-b420-4c8c-b2f5-fe145674e306,comprehension,9,10,0.9,183,1,high,1776231090.0,1776231273.0,2026-04-15 05:34:33.984+00,2026-04-15 05:34:33.126323+00,7,8,8,medium,Detail Recall,25,,False,0,0,1,0,7,54.0,54.0,1776231144.0,1776231144.0,ESTIMATE_ONLY_inter_question_gaps_unknown
7aeab8ae-dd46-45c4-b652-ee2ad7779acc,b60e1ae3-b420-4c8c-b2f5-fe145674e306,comprehension,9,10,0.9,183,1,high,1776231090.0,1776231273.0,2026-04-15 05:34:33.984+00,2026-04-15 05:34:33.126323+00,8,9,9,medium,Inference,25,,False,0,1,0,0,11,61.0,61.0,1776231151.0,1776231151.0,ESTIMATE_ONLY_inter_question_gaps_unknown
7aeab8ae-dd46-45c4-b652-ee2ad7779acc,b60e1ae3-b420-4c8c-b2f5-fe145674e306,comprehension,9,10,0.9,183,1,high,1776231090.0,1776231273.0,2026-04-15 05:34:33.984+00,2026-04-15 05:34:33.126323+00,9,10,10,easy,Fact Extraction,25,,False,1,1,1,0,6,72.0,72.0,1776231162.0,1776231162.0,ESTIMATE_ONLY_inter_question_gaps_unknown
7b7e2d4d-5c22-4c94-8e83-69abd22a650e,15f6773b-607d-4409-a94f-78d24eac8e34,memory,9,10,0.9,94,1,high,1776331703.0,1776331797.0,2026-04-16 09:29:57.567+00,2026-04-16 09:29:58.555919+00,0,1,1,easy,Digit Recall,10,5,False,0,0,1,0,3,0.0,5.0,1776331703.0,1776331708.0,ESTIMATE_ONLY_inter_question_gaps_unknown
7b7e2d4d-5c22-4c94-8e83-69abd22a650e,15f6773b-607d-4409-a94f-78d24eac8e34,memory,9,10,0.9,94,1,high,1776331703.0,1776331797.0,2026-04-16 09:29:57.567+00,2026-04-16 09:29:58.555919+00,1,2,2,easy,Word Recall,10,5,False,2,2,1,0,3,8.0,13.0,1776331711.0,1776331716.0,ESTIMATE_ONLY_inter_question_gaps_unknown
7b7e2d4d-5c22-4c94-8e83-69abd22a650e,15f6773b-607d-4409-a94f-78d24eac8e34,memory,9,10,0.9,94,1,high,1776331703.0,1776331797.0,2026-04-16 09:29:57.567+00,2026-04-16 09:29:58.555919+00,2,3,3,easy,Digit Recall,10,5,False,1,1,1,0,3,16.0,21.0,1776331719.0,1776331724.0,ESTIMATE_ONLY_inter_question_gaps_unknown
7b7e2d4d-5c22-4c94-8e83-69abd22a650e,15f6773b-607d-4409-a94f-78d24eac8e34,memory,9,10,0.9,94,1,high,1776331703.0,1776331797.0,2026-04-16 09:29:57.567+00,2026-04-16 09:29:58.555919+00,3,4,4,easy,Word Recall,10,5,False,0,0,1,0,4,24.0,29.0,1776331727.0,1776331732.0,ESTIMATE_ONLY_inter_question_gaps_unknown
7b7e2d4d-5c22-4c94-8e83-69abd22a650e,15f6773b-607d-4409-a94f-78d24eac8e34,memory,9,10,0.9,94,1,high,1776331703.0,1776331797.0,2026-04-16 09:29:57.567+00,2026-04-16 09:29:58.555919+00,4,5,5,medium,Digit Recall,12,6,False,0,0,1,0,2,33.0,39.0,1776331736.0,1776331742.0,ESTIMATE_ONLY_inter_question_gaps_unknown
7b7e2d4d-5c22-4c94-8e83-69abd22a650e,15f6773b-607d-4409-a94f-78d24eac8e34,memory,9,10,0.9,94,1,high,1776331703.0,1776331797.0,2026-04-16 09:29:57.567+00,2026-04-16 09:29:58.555919+00,5,6,6,medium,Position Recall,12,6,False,1,1,1,0,5,41.0,47.0,1776331744.0,1776331750.0,ESTIMATE_ONLY_inter_question_gaps_unknown
7b7e2d4d-5c22-4c94-8e83-69abd22a650e,15f6773b-607d-4409-a94f-78d24eac8e34,memory,9,10,0.9,94,1,high,1776331703.0,1776331797.0,2026-04-16 09:29:57.567+00,2026-04-16 09:29:58.555919+00,6,7,7,medium,Position Recall,12,6,False,2,2,1,0,4,52.0,58.0,1776331755.0,1776331761.0,ESTIMATE_ONLY_inter_question_gaps_unknown
7b7e2d4d-5c22-4c94-8e83-69abd22a650e,15f6773b-607d-4409-a94f-78d24eac8e34,memory,9,10,0.9,94,1,high,1776331703.0,1776331797.0,2026-04-16 09:29:57.567+00,2026-04-16 09:29:58.555919+00,7,8,8,hard,Sequence Recall,15,7,False,1,0,0,0,6,62.0,69.0,1776331765.0,1776331772.0,ESTIMATE_ONLY_inter_question_gaps_unknown
7b7e2d4d-5c22-4c94-8e83-69abd22a650e,15f6773b-607d-4409-a94f-78d24eac8e34,memory,9,10,0.9,94,1,high,1776331703.0,1776331797.0,2026-04-16 09:29:57.567+00,2026-04-16 09:29:58.555919+00,8,9,9,hard,Position Recall,15,7,False,1,1,1,0,3,75.0,82.0,1776331778.0,1776331785.0,ESTIMATE_ONLY_inter_question_gaps_unknown
7b7e2d4d-5c22-4c94-8e83-69abd22a650e,15f6773b-607d-4409-a94f-78d24eac8e34,memory,9,10,0.9,94,1,high,1776331703.0,1776331797.0,2026-04-16 09:29:57.567+00,2026-04-16 09:29:58.555919+00,9,10,10,hard,Digit Analysis,15,7,False,2,2,1,0,8,85.0,92.0,1776331788.0,1776331795.0,ESTIMATE_ONLY_inter_question_gaps_unknown
7bb1f07c-0d7f-47f0-9d7e-26fb4aea80a9,41e7ea84-ede5-4a76-8176-b877187f4b39,comprehension,7,10,0.7,111,1,mid,1776582614.0,1776582725.0,2026-04-19 07:12:05.246+00,2026-04-19 07:12:06.177232+00,0,1,1,easy,Fact Extraction,25,,True,2,0,0,0,8,0.0,0.0,1776582614.0,1776582614.0,ESTIMATE_ONLY_reading_phase_duration_unknown
7bb1f07c-0d7f-47f0-9d7e-26fb4aea80a9,41e7ea84-ede5-4a76-8176-b877187f4b39,comprehension,7,10,0.7,111,1,mid,1776582614.0,1776582725.0,2026-04-19 07:12:05.246+00,2026-04-19 07:12:06.177232+00,1,2,2,medium,Detail Recall,25,,False,2,0,0,0,8,8.0,8.0,1776582622.0,1776582622.0,ESTIMATE_ONLY_inter_question_gaps_unknown
7bb1f07c-0d7f-47f0-9d7e-26fb4aea80a9,41e7ea84-ede5-4a76-8176-b877187f4b39,comprehension,7,10,0.7,111,1,mid,1776582614.0,1776582725.0,2026-04-19 07:12:05.246+00,2026-04-19 07:12:06.177232+00,2,3,3,easy,Fact Extraction,25,,False,0,0,1,0,7,16.0,16.0,1776582630.0,1776582630.0,ESTIMATE_ONLY_inter_question_gaps_unknown
7bb1f07c-0d7f-47f0-9d7e-26fb4aea80a9,41e7ea84-ede5-4a76-8176-b877187f4b39,comprehension,7,10,0.7,111,1,mid,1776582614.0,1776582725.0,2026-04-19 07:12:05.246+00,2026-04-19 07:12:06.177232+00,3,4,4,medium,Inference,25,,False,1,1,1,0,14,23.0,23.0,1776582637.0,1776582637.0,ESTIMATE_ONLY_inter_question_gaps_unknown
7bb1f07c-0d7f-47f0-9d7e-26fb4aea80a9,41e7ea84-ede5-4a76-8176-b877187f4b39,comprehension,7,10,0.7,111,1,mid,1776582614.0,1776582725.0,2026-04-19 07:12:05.246+00,2026-04-19 07:12:06.177232+00,4,5,5,easy,Detail Recall,25,,False,0,0,1,0,11,37.0,37.0,1776582651.0,1776582651.0,ESTIMATE_ONLY_inter_question_gaps_unknown
7bb1f07c-0d7f-47f0-9d7e-26fb4aea80a9,41e7ea84-ede5-4a76-8176-b877187f4b39,comprehension,7,10,0.7,111,1,mid,1776582614.0,1776582725.0,2026-04-19 07:12:05.246+00,2026-04-19 07:12:06.177232+00,5,6,6,easy,Fact Extraction,25,,True,0,1,0,0,4,48.0,48.0,1776582662.0,1776582662.0,ESTIMATE_ONLY_reading_phase_duration_unknown
7bb1f07c-0d7f-47f0-9d7e-26fb4aea80a9,41e7ea84-ede5-4a76-8176-b877187f4b39,comprehension,7,10,0.7,111,1,mid,1776582614.0,1776582725.0,2026-04-19 07:12:05.246+00,2026-04-19 07:12:06.177232+00,6,7,7,easy,Detail Recall,25,,False,2,2,1,0,9,52.0,52.0,1776582666.0,1776582666.0,ESTIMATE_ONLY_inter_question_gaps_unknown
7bb1f07c-0d7f-47f0-9d7e-26fb4aea80a9,41e7ea84-ede5-4a76-8176-b877187f4b39,comprehension,7,10,0.7,111,1,mid,1776582614.0,1776582725.0,2026-04-19 07:12:05.246+00,2026-04-19 07:12:06.177232+00,7,8,8,medium,Detail Recall,25,,False,0,0,1,0,8,61.0,61.0,1776582675.0,1776582675.0,ESTIMATE_ONLY_inter_question_gaps_unknown
7bb1f07c-0d7f-47f0-9d7e-26fb4aea80a9,41e7ea84-ede5-4a76-8176-b877187f4b39,comprehension,7,10,0.7,111,1,mid,1776582614.0,1776582725.0,2026-04-19 07:12:05.246+00,2026-04-19 07:12:06.177232+00,8,9,9,medium,Inference,25,,False,1,1,1,0,10,69.0,69.0,1776582683.0,1776582683.0,ESTIMATE_ONLY_inter_question_gaps_unknown
7bb1f07c-0d7f-47f0-9d7e-26fb4aea80a9,41e7ea84-ede5-4a76-8176-b877187f4b39,comprehension,7,10,0.7,111,1,mid,1776582614.0,1776582725.0,2026-04-19 07:12:05.246+00,2026-04-19 07:12:06.177232+00,9,10,10,easy,Fact Extraction,25,,False,1,1,1,0,10,79.0,79.0,1776582693.0,1776582693.0,ESTIMATE_ONLY_inter_question_gaps_unknown
829c8699-ea6e-47ad-a1e5-1c2716c41576,4b00bcd7-936b-42d2-99b5-c0b8b78272c9,attention,7,10,0.7,116,1,mid,1776330638.0,1776330754.0,2026-04-16 09:12:34.053+00,2026-04-16 09:12:43.016907+00,0,1,1,easy,Oddball Detection,8,5,False,2,2,1,0,5,0.0,5.0,1776330638.0,1776330643.0,ESTIMATE_ONLY_inter_question_gaps_unknown
829c8699-ea6e-47ad-a1e5-1c2716c41576,4b00bcd7-936b-42d2-99b5-c0b8b78272c9,attention,7,10,0.7,116,1,mid,1776330638.0,1776330754.0,2026-04-16 09:12:34.053+00,2026-04-16 09:12:43.016907+00,1,2,2,easy,Count Target,8,5,False,0,0,1,0,4,10.0,15.0,1776330648.0,1776330653.0,ESTIMATE_ONLY_inter_question_gaps_unknown
829c8699-ea6e-47ad-a1e5-1c2716c41576,4b00bcd7-936b-42d2-99b5-c0b8b78272c9,attention,7,10,0.7,116,1,mid,1776330638.0,1776330754.0,2026-04-16 09:12:34.053+00,2026-04-16 09:12:43.016907+00,2,3,3,easy,Pattern Break,8,5,False,2,2,1,0,5,19.0,24.0,1776330657.0,1776330662.0,ESTIMATE_ONLY_inter_question_gaps_unknown
829c8699-ea6e-47ad-a1e5-1c2716c41576,4b00bcd7-936b-42d2-99b5-c0b8b78272c9,attention,7,10,0.7,116,1,mid,1776330638.0,1776330754.0,2026-04-16 09:12:34.053+00,2026-04-16 09:12:43.016907+00,3,4,4,easy,Position Detect,8,5,False,2,1,0,0,6,29.0,34.0,1776330667.0,1776330672.0,ESTIMATE_ONLY_inter_question_gaps_unknown
829c8699-ea6e-47ad-a1e5-1c2716c41576,4b00bcd7-936b-42d2-99b5-c0b8b78272c9,attention,7,10,0.7,116,1,mid,1776330638.0,1776330754.0,2026-04-16 09:12:34.053+00,2026-04-16 09:12:43.016907+00,4,5,5,medium,Rule Violation,10,6,False,2,2,1,0,9,40.0,46.0,1776330678.0,1776330684.0,ESTIMATE_ONLY_inter_question_gaps_unknown
829c8699-ea6e-47ad-a1e5-1c2716c41576,4b00bcd7-936b-42d2-99b5-c0b8b78272c9,attention,7,10,0.7,116,1,mid,1776330638.0,1776330754.0,2026-04-16 09:12:34.053+00,2026-04-16 09:12:43.016907+00,5,6,6,medium,Count Target,10,6,False,2,0,0,0,6,55.0,61.0,1776330693.0,1776330699.0,ESTIMATE_ONLY_inter_question_gaps_unknown
829c8699-ea6e-47ad-a1e5-1c2716c41576,4b00bcd7-936b-42d2-99b5-c0b8b78272c9,attention,7,10,0.7,116,1,mid,1776330638.0,1776330754.0,2026-04-16 09:12:34.053+00,2026-04-16 09:12:43.016907+00,6,7,7,medium,Count Target,10,6,False,2,2,1,0,7,67.0,73.0,1776330705.0,1776330711.0,ESTIMATE_ONLY_inter_question_gaps_unknown
829c8699-ea6e-47ad-a1e5-1c2716c41576,4b00bcd7-936b-42d2-99b5-c0b8b78272c9,attention,7,10,0.7,116,1,mid,1776330638.0,1776330754.0,2026-04-16 09:12:34.053+00,2026-04-16 09:12:43.016907+00,7,8,8,hard,Count Target,12,7,False,1,2,0,0,4,80.0,87.0,1776330718.0,1776330725.0,ESTIMATE_ONLY_inter_question_gaps_unknown
829c8699-ea6e-47ad-a1e5-1c2716c41576,4b00bcd7-936b-42d2-99b5-c0b8b78272c9,attention,7,10,0.7,116,1,mid,1776330638.0,1776330754.0,2026-04-16 09:12:34.053+00,2026-04-16 09:12:43.016907+00,8,9,9,hard,Rule Violation,12,7,False,2,2,1,0,8,91.0,98.0,1776330729.0,1776330736.0,ESTIMATE_ONLY_inter_question_gaps_unknown
829c8699-ea6e-47ad-a1e5-1c2716c41576,4b00bcd7-936b-42d2-99b5-c0b8b78272c9,attention,7,10,0.7,116,1,mid,1776330638.0,1776330754.0,2026-04-16 09:12:34.053+00,2026-04-16 09:12:43.016907+00,9,10,10,hard,Pattern Break,12,7,False,2,2,1,0,6,106.0,113.0,1776330744.0,1776330751.0,ESTIMATE_ONLY_inter_question_gaps_unknown
835cf2c8-e6ab-4840-982b-fda5b869547f,a9fa0a9e-4c99-49b4-b75f-ba925babb6f9,pattern,10,10,1.0,51,1,high,1776228449.0,1776228500.0,2026-04-15 04:48:20.805+00,2026-04-15 04:48:19.813108+00,0,1,1,easy,Arithmetic Sequence,15,,False,2,2,1,0,5,0.0,0.0,1776228449.0,1776228449.0,ESTIMATE_ONLY_inter_question_gaps_unknown
835cf2c8-e6ab-4840-982b-fda5b869547f,a9fa0a9e-4c99-49b4-b75f-ba925babb6f9,pattern,10,10,1.0,51,1,high,1776228449.0,1776228500.0,2026-04-15 04:48:20.805+00,2026-04-15 04:48:19.813108+00,1,2,2,easy,Arithmetic Sequence,15,,False,0,0,1,0,3,5.0,5.0,1776228454.0,1776228454.0,ESTIMATE_ONLY_inter_question_gaps_unknown
835cf2c8-e6ab-4840-982b-fda5b869547f,a9fa0a9e-4c99-49b4-b75f-ba925babb6f9,pattern,10,10,1.0,51,1,high,1776228449.0,1776228500.0,2026-04-15 04:48:20.805+00,2026-04-15 04:48:19.813108+00,2,3,3,easy,Odd Numbers,15,,False,1,1,1,0,3,8.0,8.0,1776228457.0,1776228457.0,ESTIMATE_ONLY_inter_question_gaps_unknown
835cf2c8-e6ab-4840-982b-fda5b869547f,a9fa0a9e-4c99-49b4-b75f-ba925babb6f9,pattern,10,10,1.0,51,1,high,1776228449.0,1776228500.0,2026-04-15 04:48:20.805+00,2026-04-15 04:48:19.813108+00,3,4,4,easy,Decreasing Sequence,15,,False,2,2,1,0,3,11.0,11.0,1776228460.0,1776228460.0,ESTIMATE_ONLY_inter_question_gaps_unknown
835cf2c8-e6ab-4840-982b-fda5b869547f,a9fa0a9e-4c99-49b4-b75f-ba925babb6f9,pattern,10,10,1.0,51,1,high,1776228449.0,1776228500.0,2026-04-15 04:48:20.805+00,2026-04-15 04:48:19.813108+00,4,5,5,medium,Perfect Squares,20,,False,2,2,1,0,4,14.0,14.0,1776228463.0,1776228463.0,ESTIMATE_ONLY_inter_question_gaps_unknown
835cf2c8-e6ab-4840-982b-fda5b869547f,a9fa0a9e-4c99-49b4-b75f-ba925babb6f9,pattern,10,10,1.0,51,1,high,1776228449.0,1776228500.0,2026-04-15 04:48:20.805+00,2026-04-15 04:48:19.813108+00,5,6,6,medium,Fibonacci,20,,False,1,1,1,0,10,18.0,18.0,1776228467.0,1776228467.0,ESTIMATE_ONLY_inter_question_gaps_unknown
835cf2c8-e6ab-4840-982b-fda5b869547f,a9fa0a9e-4c99-49b4-b75f-ba925babb6f9,pattern,10,10,1.0,51,1,high,1776228449.0,1776228500.0,2026-04-15 04:48:20.805+00,2026-04-15 04:48:19.813108+00,6,7,7,medium,Perfect Cubes,20,,False,2,2,1,0,10,28.0,28.0,1776228477.0,1776228477.0,ESTIMATE_ONLY_inter_question_gaps_unknown
835cf2c8-e6ab-4840-982b-fda5b869547f,a9fa0a9e-4c99-49b4-b75f-ba925babb6f9,pattern,10,10,1.0,51,1,high,1776228449.0,1776228500.0,2026-04-15 04:48:20.805+00,2026-04-15 04:48:19.813108+00,7,8,8,hard,Triangular Differences,30,,False,2,2,1,0,9,38.0,38.0,1776228487.0,1776228487.0,ESTIMATE_ONLY_inter_question_gaps_unknown
835cf2c8-e6ab-4840-982b-fda5b869547f,a9fa0a9e-4c99-49b4-b75f-ba925babb6f9,pattern,10,10,1.0,51,1,high,1776228449.0,1776228500.0,2026-04-15 04:48:20.805+00,2026-04-15 04:48:19.813108+00,8,9,9,hard,Squares,30,,False,0,0,1,0,5,47.0,47.0,1776228496.0,1776228496.0,ESTIMATE_ONLY_inter_question_gaps_unknown
835cf2c8-e6ab-4840-982b-fda5b869547f,a9fa0a9e-4c99-49b4-b75f-ba925babb6f9,pattern,10,10,1.0,51,1,high,1776228449.0,1776228500.0,2026-04-15 04:48:20.805+00,2026-04-15 04:48:19.813108+00,9,10,10,hard,n(n+1),30,,False,0,0,1,0,6,52.0,52.0,1776228501.0,1776228501.0,ESTIMATE_ONLY_inter_question_gaps_unknown
841853e5-8ed3-4aa3-9c01-f6418d04ba0f,489aeec3-5823-4e43-9ca6-e34ae73136ad,arithmetic,5,10,0.5,57,0,mid,1776580241.0,1776580298.0,2026-04-19 06:31:38.421+00,2026-04-19 06:31:39.616971+00,0,1,1,easy,Addition,15,,False,0,0,1,0,6,0.0,0.0,1776580241.0,1776580241.0,ESTIMATE_ONLY_inter_question_gaps_unknown
841853e5-8ed3-4aa3-9c01-f6418d04ba0f,489aeec3-5823-4e43-9ca6-e34ae73136ad,arithmetic,5,10,0.5,57,0,mid,1776580241.0,1776580298.0,2026-04-19 06:31:38.421+00,2026-04-19 06:31:39.616971+00,1,2,2,easy,Division,15,,False,2,2,1,0,3,6.0,6.0,1776580247.0,1776580247.0,ESTIMATE_ONLY_inter_question_gaps_unknown
841853e5-8ed3-4aa3-9c01-f6418d04ba0f,489aeec3-5823-4e43-9ca6-e34ae73136ad,arithmetic,5,10,0.5,57,0,mid,1776580241.0,1776580298.0,2026-04-19 06:31:38.421+00,2026-04-19 06:31:39.616971+00,2,3,3,easy,Addition,15,,False,0,0,1,0,6,9.0,9.0,1776580250.0,1776580250.0,ESTIMATE_ONLY_inter_question_gaps_unknown
841853e5-8ed3-4aa3-9c01-f6418d04ba0f,489aeec3-5823-4e43-9ca6-e34ae73136ad,arithmetic,5,10,0.5,57,0,mid,1776580241.0,1776580298.0,2026-04-19 06:31:38.421+00,2026-04-19 06:31:39.616971+00,3,4,4,easy,Subtraction,15,,False,0,0,1,0,3,15.0,15.0,1776580256.0,1776580256.0,ESTIMATE_ONLY_inter_question_gaps_unknown
841853e5-8ed3-4aa3-9c01-f6418d04ba0f,489aeec3-5823-4e43-9ca6-e34ae73136ad,arithmetic,5,10,0.5,57,0,mid,1776580241.0,1776580298.0,2026-04-19 06:31:38.421+00,2026-04-19 06:31:39.616971+00,4,5,5,medium,Addition,20,,False,1,2,0,0,7,18.0,18.0,1776580259.0,1776580259.0,ESTIMATE_ONLY_inter_question_gaps_unknown
841853e5-8ed3-4aa3-9c01-f6418d04ba0f,489aeec3-5823-4e43-9ca6-e34ae73136ad,arithmetic,5,10,0.5,57,0,mid,1776580241.0,1776580298.0,2026-04-19 06:31:38.421+00,2026-04-19 06:31:39.616971+00,5,6,6,medium,Multiplication,20,,False,1,0,0,0,8,25.0,25.0,1776580266.0,1776580266.0,ESTIMATE_ONLY_inter_question_gaps_unknown
841853e5-8ed3-4aa3-9c01-f6418d04ba0f,489aeec3-5823-4e43-9ca6-e34ae73136ad,arithmetic,5,10,0.5,57,0,mid,1776580241.0,1776580298.0,2026-04-19 06:31:38.421+00,2026-04-19 06:31:39.616971+00,6,7,7,medium,Division,20,,False,1,1,1,0,4,33.0,33.0,1776580274.0,1776580274.0,ESTIMATE_ONLY_inter_question_gaps_unknown
841853e5-8ed3-4aa3-9c01-f6418d04ba0f,489aeec3-5823-4e43-9ca6-e34ae73136ad,arithmetic,5,10,0.5,57,0,mid,1776580241.0,1776580298.0,2026-04-19 06:31:38.421+00,2026-04-19 06:31:39.616971+00,7,8,8,hard,Percentage,30,,False,0,2,0,0,7,37.0,37.0,1776580278.0,1776580278.0,ESTIMATE_ONLY_inter_question_gaps_unknown
841853e5-8ed3-4aa3-9c01-f6418d04ba0f,489aeec3-5823-4e43-9ca6-e34ae73136ad,arithmetic,5,10,0.5,57,0,mid,1776580241.0,1776580298.0,2026-04-19 06:31:38.421+00,2026-04-19 06:31:39.616971+00,8,9,9,hard,Multiplication,30,,False,1,0,0,0,11,44.0,44.0,1776580285.0,1776580285.0,ESTIMATE_ONLY_inter_question_gaps_unknown
841853e5-8ed3-4aa3-9c01-f6418d04ba0f,489aeec3-5823-4e43-9ca6-e34ae73136ad,arithmetic,5,10,0.5,57,0,mid,1776580241.0,1776580298.0,2026-04-19 06:31:38.421+00,2026-04-19 06:31:39.616971+00,9,10,10,hard,Multi-step,30,,False,2,1,0,0,7,55.0,55.0,1776580296.0,1776580296.0,ESTIMATE_ONLY_inter_question_gaps_unknown
86282a9e-8bec-468f-b228-76dc1e8af636,daa69244-ed2c-41a5-883b-3352a4c9284b,comprehension,10,10,1.0,97,1,high,1776425950.0,1776426047.0,2026-04-17 11:40:47.682+00,2026-04-17 11:40:48.045753+00,0,1,1,easy,Fact Extraction,25,,True,0,0,1,0,5,0.0,0.0,1776425950.0,1776425950.0,ESTIMATE_ONLY_reading_phase_duration_unknown
86282a9e-8bec-468f-b228-76dc1e8af636,daa69244-ed2c-41a5-883b-3352a4c9284b,comprehension,10,10,1.0,97,1,high,1776425950.0,1776426047.0,2026-04-17 11:40:47.682+00,2026-04-17 11:40:48.045753+00,1,2,2,medium,Detail Recall,25,,False,0,0,1,0,4,5.0,5.0,1776425955.0,1776425955.0,ESTIMATE_ONLY_inter_question_gaps_unknown
86282a9e-8bec-468f-b228-76dc1e8af636,daa69244-ed2c-41a5-883b-3352a4c9284b,comprehension,10,10,1.0,97,1,high,1776425950.0,1776426047.0,2026-04-17 11:40:47.682+00,2026-04-17 11:40:48.045753+00,2,3,3,easy,Fact Extraction,25,,False,0,0,1,0,2,9.0,9.0,1776425959.0,1776425959.0,ESTIMATE_ONLY_inter_question_gaps_unknown
86282a9e-8bec-468f-b228-76dc1e8af636,daa69244-ed2c-41a5-883b-3352a4c9284b,comprehension,10,10,1.0,97,1,high,1776425950.0,1776426047.0,2026-04-17 11:40:47.682+00,2026-04-17 11:40:48.045753+00,3,4,4,medium,Inference,25,,False,1,1,1,0,6,11.0,11.0,1776425961.0,1776425961.0,ESTIMATE_ONLY_inter_question_gaps_unknown
86282a9e-8bec-468f-b228-76dc1e8af636,daa69244-ed2c-41a5-883b-3352a4c9284b,comprehension,10,10,1.0,97,1,high,1776425950.0,1776426047.0,2026-04-17 11:40:47.682+00,2026-04-17 11:40:48.045753+00,4,5,5,easy,Detail Recall,25,,False,0,0,1,0,3,17.0,17.0,1776425967.0,1776425967.0,ESTIMATE_ONLY_inter_question_gaps_unknown
86282a9e-8bec-468f-b228-76dc1e8af636,daa69244-ed2c-41a5-883b-3352a4c9284b,comprehension,10,10,1.0,97,1,high,1776425950.0,1776426047.0,2026-04-17 11:40:47.682+00,2026-04-17 11:40:48.045753+00,5,6,6,easy,Fact Extraction,25,,True,1,1,1,0,4,20.0,20.0,1776425970.0,1776425970.0,ESTIMATE_ONLY_reading_phase_duration_unknown
86282a9e-8bec-468f-b228-76dc1e8af636,daa69244-ed2c-41a5-883b-3352a4c9284b,comprehension,10,10,1.0,97,1,high,1776425950.0,1776426047.0,2026-04-17 11:40:47.682+00,2026-04-17 11:40:48.045753+00,6,7,7,easy,Detail Recall,25,,False,2,2,1,0,4,24.0,24.0,1776425974.0,1776425974.0,ESTIMATE_ONLY_inter_question_gaps_unknown
86282a9e-8bec-468f-b228-76dc1e8af636,daa69244-ed2c-41a5-883b-3352a4c9284b,comprehension,10,10,1.0,97,1,high,1776425950.0,1776426047.0,2026-04-17 11:40:47.682+00,2026-04-17 11:40:48.045753+00,7,8,8,medium,Detail Recall,25,,False,0,0,1,0,8,28.0,28.0,1776425978.0,1776425978.0,ESTIMATE_ONLY_inter_question_gaps_unknown
86282a9e-8bec-468f-b228-76dc1e8af636,daa69244-ed2c-41a5-883b-3352a4c9284b,comprehension,10,10,1.0,97,1,high,1776425950.0,1776426047.0,2026-04-17 11:40:47.682+00,2026-04-17 11:40:48.045753+00,8,9,9,medium,Inference,25,,False,1,1,1,0,7,36.0,36.0,1776425986.0,1776425986.0,ESTIMATE_ONLY_inter_question_gaps_unknown
86282a9e-8bec-468f-b228-76dc1e8af636,daa69244-ed2c-41a5-883b-3352a4c9284b,comprehension,10,10,1.0,97,1,high,1776425950.0,1776426047.0,2026-04-17 11:40:47.682+00,2026-04-17 11:40:48.045753+00,9,10,10,easy,Fact Extraction,25,,False,1,1,1,0,6,43.0,43.0,1776425993.0,1776425993.0,ESTIMATE_ONLY_inter_question_gaps_unknown
881e5a8a-e53a-42bf-916a-82119e5ca01b,caa4b854-4eea-4177-a19c-2d0f4929874e,pattern,8,10,0.8,67,1,high,1776332761.0,1776332828.0,2026-04-16 09:47:08.838+00,2026-04-16 09:47:09.630784+00,0,1,1,easy,Arithmetic Sequence,15,,False,2,2,1,0,2,0.0,0.0,1776332761.0,1776332761.0,ESTIMATE_ONLY_inter_question_gaps_unknown
881e5a8a-e53a-42bf-916a-82119e5ca01b,caa4b854-4eea-4177-a19c-2d0f4929874e,pattern,8,10,0.8,67,1,high,1776332761.0,1776332828.0,2026-04-16 09:47:08.838+00,2026-04-16 09:47:09.630784+00,1,2,2,easy,Arithmetic Sequence,15,,False,0,0,1,0,5,2.0,2.0,1776332763.0,1776332763.0,ESTIMATE_ONLY_inter_question_gaps_unknown
881e5a8a-e53a-42bf-916a-82119e5ca01b,caa4b854-4eea-4177-a19c-2d0f4929874e,pattern,8,10,0.8,67,1,high,1776332761.0,1776332828.0,2026-04-16 09:47:08.838+00,2026-04-16 09:47:09.630784+00,2,3,3,easy,Odd Numbers,15,,False,1,1,1,0,5,7.0,7.0,1776332768.0,1776332768.0,ESTIMATE_ONLY_inter_question_gaps_unknown
881e5a8a-e53a-42bf-916a-82119e5ca01b,caa4b854-4eea-4177-a19c-2d0f4929874e,pattern,8,10,0.8,67,1,high,1776332761.0,1776332828.0,2026-04-16 09:47:08.838+00,2026-04-16 09:47:09.630784+00,3,4,4,easy,Decreasing Sequence,15,,False,2,2,1,0,4,12.0,12.0,1776332773.0,1776332773.0,ESTIMATE_ONLY_inter_question_gaps_unknown
881e5a8a-e53a-42bf-916a-82119e5ca01b,caa4b854-4eea-4177-a19c-2d0f4929874e,pattern,8,10,0.8,67,1,high,1776332761.0,1776332828.0,2026-04-16 09:47:08.838+00,2026-04-16 09:47:09.630784+00,4,5,5,medium,Perfect Squares,20,,False,2,2,1,0,6,16.0,16.0,1776332777.0,1776332777.0,ESTIMATE_ONLY_inter_question_gaps_unknown
881e5a8a-e53a-42bf-916a-82119e5ca01b,caa4b854-4eea-4177-a19c-2d0f4929874e,pattern,8,10,0.8,67,1,high,1776332761.0,1776332828.0,2026-04-16 09:47:08.838+00,2026-04-16 09:47:09.630784+00,5,6,6,medium,Fibonacci,20,,False,0,1,0,0,5,22.0,22.0,1776332783.0,1776332783.0,ESTIMATE_ONLY_inter_question_gaps_unknown
881e5a8a-e53a-42bf-916a-82119e5ca01b,caa4b854-4eea-4177-a19c-2d0f4929874e,pattern,8,10,0.8,67,1,high,1776332761.0,1776332828.0,2026-04-16 09:47:08.838+00,2026-04-16 09:47:09.630784+00,6,7,7,medium,Perfect Cubes,20,,False,2,2,1,0,4,27.0,27.0,1776332788.0,1776332788.0,ESTIMATE_ONLY_inter_question_gaps_unknown
881e5a8a-e53a-42bf-916a-82119e5ca01b,caa4b854-4eea-4177-a19c-2d0f4929874e,pattern,8,10,0.8,67,1,high,1776332761.0,1776332828.0,2026-04-16 09:47:08.838+00,2026-04-16 09:47:09.630784+00,7,8,8,hard,Triangular Differences,30,,False,1,2,0,0,8,31.0,31.0,1776332792.0,1776332792.0,ESTIMATE_ONLY_inter_question_gaps_unknown
881e5a8a-e53a-42bf-916a-82119e5ca01b,caa4b854-4eea-4177-a19c-2d0f4929874e,pattern,8,10,0.8,67,1,high,1776332761.0,1776332828.0,2026-04-16 09:47:08.838+00,2026-04-16 09:47:09.630784+00,8,9,9,hard,Squares,30,,False,0,0,1,0,5,39.0,39.0,1776332800.0,1776332800.0,ESTIMATE_ONLY_inter_question_gaps_unknown
881e5a8a-e53a-42bf-916a-82119e5ca01b,caa4b854-4eea-4177-a19c-2d0f4929874e,pattern,8,10,0.8,67,1,high,1776332761.0,1776332828.0,2026-04-16 09:47:08.838+00,2026-04-16 09:47:09.630784+00,9,10,10,hard,n(n+1),30,,False,0,0,1,0,28,44.0,44.0,1776332805.0,1776332805.0,ESTIMATE_ONLY_inter_question_gaps_unknown
8836d56e-a3dc-42e5-9a64-d9a6f433ea40,50d2e6aa-24c6-4d68-8bb3-f3b2f03f9b50,memory,7,10,0.7,129,1,mid,1776325503.0,1776325632.0,2026-04-16 07:47:12.641+00,2026-04-16 07:47:13.74595+00,0,1,1,easy,Digit Recall,10,5,False,0,0,1,0,7,0.0,5.0,1776325503.0,1776325508.0,ESTIMATE_ONLY_inter_question_gaps_unknown
8836d56e-a3dc-42e5-9a64-d9a6f433ea40,50d2e6aa-24c6-4d68-8bb3-f3b2f03f9b50,memory,7,10,0.7,129,1,mid,1776325503.0,1776325632.0,2026-04-16 07:47:12.641+00,2026-04-16 07:47:13.74595+00,1,2,2,easy,Word Recall,10,5,False,2,2,1,0,5,12.0,17.0,1776325515.0,1776325520.0,ESTIMATE_ONLY_inter_question_gaps_unknown
8836d56e-a3dc-42e5-9a64-d9a6f433ea40,50d2e6aa-24c6-4d68-8bb3-f3b2f03f9b50,memory,7,10,0.7,129,1,mid,1776325503.0,1776325632.0,2026-04-16 07:47:12.641+00,2026-04-16 07:47:13.74595+00,2,3,3,easy,Digit Recall,10,5,False,1,1,1,0,4,22.0,27.0,1776325525.0,1776325530.0,ESTIMATE_ONLY_inter_question_gaps_unknown
8836d56e-a3dc-42e5-9a64-d9a6f433ea40,50d2e6aa-24c6-4d68-8bb3-f3b2f03f9b50,memory,7,10,0.7,129,1,mid,1776325503.0,1776325632.0,2026-04-16 07:47:12.641+00,2026-04-16 07:47:13.74595+00,3,4,4,easy,Word Recall,10,5,False,0,0,1,0,5,31.0,36.0,1776325534.0,1776325539.0,ESTIMATE_ONLY_inter_question_gaps_unknown
8836d56e-a3dc-42e5-9a64-d9a6f433ea40,50d2e6aa-24c6-4d68-8bb3-f3b2f03f9b50,memory,7,10,0.7,129,1,mid,1776325503.0,1776325632.0,2026-04-16 07:47:12.641+00,2026-04-16 07:47:13.74595+00,4,5,5,medium,Digit Recall,12,6,False,0,0,1,0,5,41.0,47.0,1776325544.0,1776325550.0,ESTIMATE_ONLY_inter_question_gaps_unknown
8836d56e-a3dc-42e5-9a64-d9a6f433ea40,50d2e6aa-24c6-4d68-8bb3-f3b2f03f9b50,memory,7,10,0.7,129,1,mid,1776325503.0,1776325632.0,2026-04-16 07:47:12.641+00,2026-04-16 07:47:13.74595+00,5,6,6,medium,Position Recall,12,6,False,1,1,1,0,4,52.0,58.0,1776325555.0,1776325561.0,ESTIMATE_ONLY_inter_question_gaps_unknown
8836d56e-a3dc-42e5-9a64-d9a6f433ea40,50d2e6aa-24c6-4d68-8bb3-f3b2f03f9b50,memory,7,10,0.7,129,1,mid,1776325503.0,1776325632.0,2026-04-16 07:47:12.641+00,2026-04-16 07:47:13.74595+00,6,7,7,medium,Position Recall,12,6,False,1,2,0,0,9,62.0,68.0,1776325565.0,1776325571.0,ESTIMATE_ONLY_inter_question_gaps_unknown
8836d56e-a3dc-42e5-9a64-d9a6f433ea40,50d2e6aa-24c6-4d68-8bb3-f3b2f03f9b50,memory,7,10,0.7,129,1,mid,1776325503.0,1776325632.0,2026-04-16 07:47:12.641+00,2026-04-16 07:47:13.74595+00,7,8,8,hard,Sequence Recall,15,7,False,1,0,0,0,13,77.0,84.0,1776325580.0,1776325587.0,ESTIMATE_ONLY_inter_question_gaps_unknown
8836d56e-a3dc-42e5-9a64-d9a6f433ea40,50d2e6aa-24c6-4d68-8bb3-f3b2f03f9b50,memory,7,10,0.7,129,1,mid,1776325503.0,1776325632.0,2026-04-16 07:47:12.641+00,2026-04-16 07:47:13.74595+00,8,9,9,hard,Position Recall,15,7,False,0,1,0,0,13,97.0,104.0,1776325600.0,1776325607.0,ESTIMATE_ONLY_inter_question_gaps_unknown
8836d56e-a3dc-42e5-9a64-d9a6f433ea40,50d2e6aa-24c6-4d68-8bb3-f3b2f03f9b50,memory,7,10,0.7,129,1,mid,1776325503.0,1776325632.0,2026-04-16 07:47:12.641+00,2026-04-16 07:47:13.74595+00,9,10,10,hard,Digit Analysis,15,7,False,2,2,1,0,7,117.0,124.0,1776325620.0,1776325627.0,ESTIMATE_ONLY_inter_question_gaps_unknown
89602905-8ef4-4dfd-9054-a5aaa4294586,489aeec3-5823-4e43-9ca6-e34ae73136ad,attention,8,10,0.8,98,1,high,1776580758.0,1776580856.0,2026-04-19 06:40:56.688+00,2026-04-19 06:40:57.619008+00,0,1,1,easy,Oddball Detection,8,5,False,2,2,1,0,4,0.0,5.0,1776580758.0,1776580763.0,ESTIMATE_ONLY_inter_question_gaps_unknown
89602905-8ef4-4dfd-9054-a5aaa4294586,489aeec3-5823-4e43-9ca6-e34ae73136ad,attention,8,10,0.8,98,1,high,1776580758.0,1776580856.0,2026-04-19 06:40:56.688+00,2026-04-19 06:40:57.619008+00,1,2,2,easy,Count Target,8,5,False,0,0,1,0,4,9.0,14.0,1776580767.0,1776580772.0,ESTIMATE_ONLY_inter_question_gaps_unknown
89602905-8ef4-4dfd-9054-a5aaa4294586,489aeec3-5823-4e43-9ca6-e34ae73136ad,attention,8,10,0.8,98,1,high,1776580758.0,1776580856.0,2026-04-19 06:40:56.688+00,2026-04-19 06:40:57.619008+00,2,3,3,easy,Pattern Break,8,5,False,0,2,0,0,3,18.0,23.0,1776580776.0,1776580781.0,ESTIMATE_ONLY_inter_question_gaps_unknown
89602905-8ef4-4dfd-9054-a5aaa4294586,489aeec3-5823-4e43-9ca6-e34ae73136ad,attention,8,10,0.8,98,1,high,1776580758.0,1776580856.0,2026-04-19 06:40:56.688+00,2026-04-19 06:40:57.619008+00,3,4,4,easy,Position Detect,8,5,False,1,1,1,0,4,26.0,31.0,1776580784.0,1776580789.0,ESTIMATE_ONLY_inter_question_gaps_unknown
89602905-8ef4-4dfd-9054-a5aaa4294586,489aeec3-5823-4e43-9ca6-e34ae73136ad,attention,8,10,0.8,98,1,high,1776580758.0,1776580856.0,2026-04-19 06:40:56.688+00,2026-04-19 06:40:57.619008+00,4,5,5,medium,Rule Violation,10,6,False,2,2,1,0,6,35.0,41.0,1776580793.0,1776580799.0,ESTIMATE_ONLY_inter_question_gaps_unknown
89602905-8ef4-4dfd-9054-a5aaa4294586,489aeec3-5823-4e43-9ca6-e34ae73136ad,attention,8,10,0.8,98,1,high,1776580758.0,1776580856.0,2026-04-19 06:40:56.688+00,2026-04-19 06:40:57.619008+00,5,6,6,medium,Count Target,10,6,False,2,0,0,0,7,47.0,53.0,1776580805.0,1776580811.0,ESTIMATE_ONLY_inter_question_gaps_unknown
89602905-8ef4-4dfd-9054-a5aaa4294586,489aeec3-5823-4e43-9ca6-e34ae73136ad,attention,8,10,0.8,98,1,high,1776580758.0,1776580856.0,2026-04-19 06:40:56.688+00,2026-04-19 06:40:57.619008+00,6,7,7,medium,Count Target,10,6,False,2,2,1,0,5,60.0,66.0,1776580818.0,1776580824.0,ESTIMATE_ONLY_inter_question_gaps_unknown
89602905-8ef4-4dfd-9054-a5aaa4294586,489aeec3-5823-4e43-9ca6-e34ae73136ad,attention,8,10,0.8,98,1,high,1776580758.0,1776580856.0,2026-04-19 06:40:56.688+00,2026-04-19 06:40:57.619008+00,7,8,8,hard,Count Target,12,7,False,2,2,1,0,3,71.0,78.0,1776580829.0,1776580836.0,ESTIMATE_ONLY_inter_question_gaps_unknown
89602905-8ef4-4dfd-9054-a5aaa4294586,489aeec3-5823-4e43-9ca6-e34ae73136ad,attention,8,10,0.8,98,1,high,1776580758.0,1776580856.0,2026-04-19 06:40:56.688+00,2026-04-19 06:40:57.619008+00,8,9,9,hard,Rule Violation,12,7,False,2,2,1,0,6,81.0,88.0,1776580839.0,1776580846.0,ESTIMATE_ONLY_inter_question_gaps_unknown
89602905-8ef4-4dfd-9054-a5aaa4294586,489aeec3-5823-4e43-9ca6-e34ae73136ad,attention,8,10,0.8,98,1,high,1776580758.0,1776580856.0,2026-04-19 06:40:56.688+00,2026-04-19 06:40:57.619008+00,9,10,10,hard,Pattern Break,12,7,False,2,2,1,0,2,94.0,101.0,1776580852.0,1776580859.0,ESTIMATE_ONLY_inter_question_gaps_unknown
8a601f6c-0bbd-4b37-a868-db50c3c896f0,4b00bcd7-936b-42d2-99b5-c0b8b78272c9,attention,7,10,0.7,116,1,mid,1776330641.0,1776330757.0,2026-04-16 09:12:37.253+00,2026-04-16 09:12:44.899993+00,0,1,1,easy,Oddball Detection,8,5,False,2,2,1,0,5,0.0,5.0,1776330641.0,1776330646.0,ESTIMATE_ONLY_inter_question_gaps_unknown
8a601f6c-0bbd-4b37-a868-db50c3c896f0,4b00bcd7-936b-42d2-99b5-c0b8b78272c9,attention,7,10,0.7,116,1,mid,1776330641.0,1776330757.0,2026-04-16 09:12:37.253+00,2026-04-16 09:12:44.899993+00,1,2,2,easy,Count Target,8,5,False,0,0,1,0,4,10.0,15.0,1776330651.0,1776330656.0,ESTIMATE_ONLY_inter_question_gaps_unknown
8a601f6c-0bbd-4b37-a868-db50c3c896f0,4b00bcd7-936b-42d2-99b5-c0b8b78272c9,attention,7,10,0.7,116,1,mid,1776330641.0,1776330757.0,2026-04-16 09:12:37.253+00,2026-04-16 09:12:44.899993+00,2,3,3,easy,Pattern Break,8,5,False,2,2,1,0,5,19.0,24.0,1776330660.0,1776330665.0,ESTIMATE_ONLY_inter_question_gaps_unknown
8a601f6c-0bbd-4b37-a868-db50c3c896f0,4b00bcd7-936b-42d2-99b5-c0b8b78272c9,attention,7,10,0.7,116,1,mid,1776330641.0,1776330757.0,2026-04-16 09:12:37.253+00,2026-04-16 09:12:44.899993+00,3,4,4,easy,Position Detect,8,5,False,2,1,0,0,6,29.0,34.0,1776330670.0,1776330675.0,ESTIMATE_ONLY_inter_question_gaps_unknown
8a601f6c-0bbd-4b37-a868-db50c3c896f0,4b00bcd7-936b-42d2-99b5-c0b8b78272c9,attention,7,10,0.7,116,1,mid,1776330641.0,1776330757.0,2026-04-16 09:12:37.253+00,2026-04-16 09:12:44.899993+00,4,5,5,medium,Rule Violation,10,6,False,2,2,1,0,9,40.0,46.0,1776330681.0,1776330687.0,ESTIMATE_ONLY_inter_question_gaps_unknown
8a601f6c-0bbd-4b37-a868-db50c3c896f0,4b00bcd7-936b-42d2-99b5-c0b8b78272c9,attention,7,10,0.7,116,1,mid,1776330641.0,1776330757.0,2026-04-16 09:12:37.253+00,2026-04-16 09:12:44.899993+00,5,6,6,medium,Count Target,10,6,False,2,0,0,0,6,55.0,61.0,1776330696.0,1776330702.0,ESTIMATE_ONLY_inter_question_gaps_unknown
8a601f6c-0bbd-4b37-a868-db50c3c896f0,4b00bcd7-936b-42d2-99b5-c0b8b78272c9,attention,7,10,0.7,116,1,mid,1776330641.0,1776330757.0,2026-04-16 09:12:37.253+00,2026-04-16 09:12:44.899993+00,6,7,7,medium,Count Target,10,6,False,2,2,1,0,7,67.0,73.0,1776330708.0,1776330714.0,ESTIMATE_ONLY_inter_question_gaps_unknown
8a601f6c-0bbd-4b37-a868-db50c3c896f0,4b00bcd7-936b-42d2-99b5-c0b8b78272c9,attention,7,10,0.7,116,1,mid,1776330641.0,1776330757.0,2026-04-16 09:12:37.253+00,2026-04-16 09:12:44.899993+00,7,8,8,hard,Count Target,12,7,False,1,2,0,0,4,80.0,87.0,1776330721.0,1776330728.0,ESTIMATE_ONLY_inter_question_gaps_unknown
8a601f6c-0bbd-4b37-a868-db50c3c896f0,4b00bcd7-936b-42d2-99b5-c0b8b78272c9,attention,7,10,0.7,116,1,mid,1776330641.0,1776330757.0,2026-04-16 09:12:37.253+00,2026-04-16 09:12:44.899993+00,8,9,9,hard,Rule Violation,12,7,False,2,2,1,0,8,91.0,98.0,1776330732.0,1776330739.0,ESTIMATE_ONLY_inter_question_gaps_unknown
8a601f6c-0bbd-4b37-a868-db50c3c896f0,4b00bcd7-936b-42d2-99b5-c0b8b78272c9,attention,7,10,0.7,116,1,mid,1776330641.0,1776330757.0,2026-04-16 09:12:37.253+00,2026-04-16 09:12:44.899993+00,9,10,10,hard,Pattern Break,12,7,False,2,2,1,0,6,106.0,113.0,1776330747.0,1776330754.0,ESTIMATE_ONLY_inter_question_gaps_unknown
8a784138-936e-4c2e-9474-971f2066d542,ad1b69f4-c7df-4d3a-bc43-55840a73478f,comprehension,10,10,1.0,151,1,high,1777459499.0,1777459650.0,2026-04-29 10:47:30.483+00,2026-04-29 10:47:31.360113+00,0,1,1,easy,Fact Extraction,25,,True,0,0,1,0,6,0.0,0.0,1777459499.0,1777459499.0,ESTIMATE_ONLY_reading_phase_duration_unknown
8a784138-936e-4c2e-9474-971f2066d542,ad1b69f4-c7df-4d3a-bc43-55840a73478f,comprehension,10,10,1.0,151,1,high,1777459499.0,1777459650.0,2026-04-29 10:47:30.483+00,2026-04-29 10:47:31.360113+00,1,2,2,medium,Detail Recall,25,,False,0,0,1,0,5,6.0,6.0,1777459505.0,1777459505.0,ESTIMATE_ONLY_inter_question_gaps_unknown
8a784138-936e-4c2e-9474-971f2066d542,ad1b69f4-c7df-4d3a-bc43-55840a73478f,comprehension,10,10,1.0,151,1,high,1777459499.0,1777459650.0,2026-04-29 10:47:30.483+00,2026-04-29 10:47:31.360113+00,2,3,3,easy,Fact Extraction,25,,False,0,0,1,0,3,11.0,11.0,1777459510.0,1777459510.0,ESTIMATE_ONLY_inter_question_gaps_unknown
8a784138-936e-4c2e-9474-971f2066d542,ad1b69f4-c7df-4d3a-bc43-55840a73478f,comprehension,10,10,1.0,151,1,high,1777459499.0,1777459650.0,2026-04-29 10:47:30.483+00,2026-04-29 10:47:31.360113+00,3,4,4,medium,Inference,25,,False,1,1,1,0,6,14.0,14.0,1777459513.0,1777459513.0,ESTIMATE_ONLY_inter_question_gaps_unknown
8a784138-936e-4c2e-9474-971f2066d542,ad1b69f4-c7df-4d3a-bc43-55840a73478f,comprehension,10,10,1.0,151,1,high,1777459499.0,1777459650.0,2026-04-29 10:47:30.483+00,2026-04-29 10:47:31.360113+00,4,5,5,easy,Detail Recall,25,,False,0,0,1,0,6,20.0,20.0,1777459519.0,1777459519.0,ESTIMATE_ONLY_inter_question_gaps_unknown
8a784138-936e-4c2e-9474-971f2066d542,ad1b69f4-c7df-4d3a-bc43-55840a73478f,comprehension,10,10,1.0,151,1,high,1777459499.0,1777459650.0,2026-04-29 10:47:30.483+00,2026-04-29 10:47:31.360113+00,5,6,6,easy,Fact Extraction,25,,True,1,1,1,0,3,26.0,26.0,1777459525.0,1777459525.0,ESTIMATE_ONLY_reading_phase_duration_unknown
8a784138-936e-4c2e-9474-971f2066d542,ad1b69f4-c7df-4d3a-bc43-55840a73478f,comprehension,10,10,1.0,151,1,high,1777459499.0,1777459650.0,2026-04-29 10:47:30.483+00,2026-04-29 10:47:31.360113+00,6,7,7,easy,Detail Recall,25,,False,2,2,1,0,4,29.0,29.0,1777459528.0,1777459528.0,ESTIMATE_ONLY_inter_question_gaps_unknown
8a784138-936e-4c2e-9474-971f2066d542,ad1b69f4-c7df-4d3a-bc43-55840a73478f,comprehension,10,10,1.0,151,1,high,1777459499.0,1777459650.0,2026-04-29 10:47:30.483+00,2026-04-29 10:47:31.360113+00,7,8,8,medium,Detail Recall,25,,False,0,0,1,0,10,33.0,33.0,1777459532.0,1777459532.0,ESTIMATE_ONLY_inter_question_gaps_unknown
8a784138-936e-4c2e-9474-971f2066d542,ad1b69f4-c7df-4d3a-bc43-55840a73478f,comprehension,10,10,1.0,151,1,high,1777459499.0,1777459650.0,2026-04-29 10:47:30.483+00,2026-04-29 10:47:31.360113+00,8,9,9,medium,Inference,25,,False,1,1,1,0,12,43.0,43.0,1777459542.0,1777459542.0,ESTIMATE_ONLY_inter_question_gaps_unknown
8a784138-936e-4c2e-9474-971f2066d542,ad1b69f4-c7df-4d3a-bc43-55840a73478f,comprehension,10,10,1.0,151,1,high,1777459499.0,1777459650.0,2026-04-29 10:47:30.483+00,2026-04-29 10:47:31.360113+00,9,10,10,easy,Fact Extraction,25,,False,1,1,1,0,10,55.0,55.0,1777459554.0,1777459554.0,ESTIMATE_ONLY_inter_question_gaps_unknown
8b2f108d-5f8b-4297-bcf0-3cf0040a1885,038c88b9-98c6-4009-810c-b905483f4baf,arithmetic,4,10,0.4,68,0,low,1776850602.0,1776850670.0,2026-04-22 09:37:50.323+00,2026-04-22 09:37:52.474815+00,0,1,1,easy,Addition,15,,False,0,0,1,0,3,0.0,0.0,1776850602.0,1776850602.0,ESTIMATE_ONLY_inter_question_gaps_unknown
8b2f108d-5f8b-4297-bcf0-3cf0040a1885,038c88b9-98c6-4009-810c-b905483f4baf,arithmetic,4,10,0.4,68,0,low,1776850602.0,1776850670.0,2026-04-22 09:37:50.323+00,2026-04-22 09:37:52.474815+00,1,2,2,easy,Division,15,,False,2,2,1,0,2,3.0,3.0,1776850605.0,1776850605.0,ESTIMATE_ONLY_inter_question_gaps_unknown
8b2f108d-5f8b-4297-bcf0-3cf0040a1885,038c88b9-98c6-4009-810c-b905483f4baf,arithmetic,4,10,0.4,68,0,low,1776850602.0,1776850670.0,2026-04-22 09:37:50.323+00,2026-04-22 09:37:52.474815+00,2,3,3,easy,Addition,15,,False,0,0,1,0,5,5.0,5.0,1776850607.0,1776850607.0,ESTIMATE_ONLY_inter_question_gaps_unknown
8b2f108d-5f8b-4297-bcf0-3cf0040a1885,038c88b9-98c6-4009-810c-b905483f4baf,arithmetic,4,10,0.4,68,0,low,1776850602.0,1776850670.0,2026-04-22 09:37:50.323+00,2026-04-22 09:37:52.474815+00,3,4,4,easy,Subtraction,15,,False,1,0,0,0,7,10.0,10.0,1776850612.0,1776850612.0,ESTIMATE_ONLY_inter_question_gaps_unknown
8b2f108d-5f8b-4297-bcf0-3cf0040a1885,038c88b9-98c6-4009-810c-b905483f4baf,arithmetic,4,10,0.4,68,0,low,1776850602.0,1776850670.0,2026-04-22 09:37:50.323+00,2026-04-22 09:37:52.474815+00,4,5,5,medium,Addition,20,,False,2,2,1,0,10,17.0,17.0,1776850619.0,1776850619.0,ESTIMATE_ONLY_inter_question_gaps_unknown
8b2f108d-5f8b-4297-bcf0-3cf0040a1885,038c88b9-98c6-4009-810c-b905483f4baf,arithmetic,4,10,0.4,68,0,low,1776850602.0,1776850670.0,2026-04-22 09:37:50.323+00,2026-04-22 09:37:52.474815+00,5,6,6,medium,Multiplication,20,,False,1,0,0,0,9,27.0,27.0,1776850629.0,1776850629.0,ESTIMATE_ONLY_inter_question_gaps_unknown
8b2f108d-5f8b-4297-bcf0-3cf0040a1885,038c88b9-98c6-4009-810c-b905483f4baf,arithmetic,4,10,0.4,68,0,low,1776850602.0,1776850670.0,2026-04-22 09:37:50.323+00,2026-04-22 09:37:52.474815+00,6,7,7,medium,Division,20,,False,0,1,0,0,6,36.0,36.0,1776850638.0,1776850638.0,ESTIMATE_ONLY_inter_question_gaps_unknown
8b2f108d-5f8b-4297-bcf0-3cf0040a1885,038c88b9-98c6-4009-810c-b905483f4baf,arithmetic,4,10,0.4,68,0,low,1776850602.0,1776850670.0,2026-04-22 09:37:50.323+00,2026-04-22 09:37:52.474815+00,7,8,8,hard,Percentage,30,,False,1,2,0,0,6,42.0,42.0,1776850644.0,1776850644.0,ESTIMATE_ONLY_inter_question_gaps_unknown
8b2f108d-5f8b-4297-bcf0-3cf0040a1885,038c88b9-98c6-4009-810c-b905483f4baf,arithmetic,4,10,0.4,68,0,low,1776850602.0,1776850670.0,2026-04-22 09:37:50.323+00,2026-04-22 09:37:52.474815+00,8,9,9,hard,Multiplication,30,,False,1,0,0,0,5,48.0,48.0,1776850650.0,1776850650.0,ESTIMATE_ONLY_inter_question_gaps_unknown
8b2f108d-5f8b-4297-bcf0-3cf0040a1885,038c88b9-98c6-4009-810c-b905483f4baf,arithmetic,4,10,0.4,68,0,low,1776850602.0,1776850670.0,2026-04-22 09:37:50.323+00,2026-04-22 09:37:52.474815+00,9,10,10,hard,Multi-step,30,,False,2,1,0,0,23,53.0,53.0,1776850655.0,1776850655.0,ESTIMATE_ONLY_inter_question_gaps_unknown
8cd6bf72-ef62-4304-9bb7-700132af267b,15f6773b-607d-4409-a94f-78d24eac8e34,pattern,9,10,0.9,71,1,high,1776331604.0,1776331675.0,2026-04-16 09:27:55.702+00,2026-04-16 09:27:56.631641+00,0,1,1,easy,Arithmetic Sequence,15,,False,2,2,1,0,4,0.0,0.0,1776331604.0,1776331604.0,ESTIMATE_ONLY_inter_question_gaps_unknown
8cd6bf72-ef62-4304-9bb7-700132af267b,15f6773b-607d-4409-a94f-78d24eac8e34,pattern,9,10,0.9,71,1,high,1776331604.0,1776331675.0,2026-04-16 09:27:55.702+00,2026-04-16 09:27:56.631641+00,1,2,2,easy,Arithmetic Sequence,15,,False,0,0,1,0,4,4.0,4.0,1776331608.0,1776331608.0,ESTIMATE_ONLY_inter_question_gaps_unknown
8cd6bf72-ef62-4304-9bb7-700132af267b,15f6773b-607d-4409-a94f-78d24eac8e34,pattern,9,10,0.9,71,1,high,1776331604.0,1776331675.0,2026-04-16 09:27:55.702+00,2026-04-16 09:27:56.631641+00,2,3,3,easy,Odd Numbers,15,,False,1,1,1,0,4,8.0,8.0,1776331612.0,1776331612.0,ESTIMATE_ONLY_inter_question_gaps_unknown
8cd6bf72-ef62-4304-9bb7-700132af267b,15f6773b-607d-4409-a94f-78d24eac8e34,pattern,9,10,0.9,71,1,high,1776331604.0,1776331675.0,2026-04-16 09:27:55.702+00,2026-04-16 09:27:56.631641+00,3,4,4,easy,Decreasing Sequence,15,,False,2,2,1,0,4,12.0,12.0,1776331616.0,1776331616.0,ESTIMATE_ONLY_inter_question_gaps_unknown
8cd6bf72-ef62-4304-9bb7-700132af267b,15f6773b-607d-4409-a94f-78d24eac8e34,pattern,9,10,0.9,71,1,high,1776331604.0,1776331675.0,2026-04-16 09:27:55.702+00,2026-04-16 09:27:56.631641+00,4,5,5,medium,Perfect Squares,20,,False,2,2,1,0,5,16.0,16.0,1776331620.0,1776331620.0,ESTIMATE_ONLY_inter_question_gaps_unknown
8cd6bf72-ef62-4304-9bb7-700132af267b,15f6773b-607d-4409-a94f-78d24eac8e34,pattern,9,10,0.9,71,1,high,1776331604.0,1776331675.0,2026-04-16 09:27:55.702+00,2026-04-16 09:27:56.631641+00,5,6,6,medium,Fibonacci,20,,False,1,1,1,0,15,21.0,21.0,1776331625.0,1776331625.0,ESTIMATE_ONLY_inter_question_gaps_unknown
8cd6bf72-ef62-4304-9bb7-700132af267b,15f6773b-607d-4409-a94f-78d24eac8e34,pattern,9,10,0.9,71,1,high,1776331604.0,1776331675.0,2026-04-16 09:27:55.702+00,2026-04-16 09:27:56.631641+00,6,7,7,medium,Perfect Cubes,20,,False,2,2,1,0,10,36.0,36.0,1776331640.0,1776331640.0,ESTIMATE_ONLY_inter_question_gaps_unknown
8cd6bf72-ef62-4304-9bb7-700132af267b,15f6773b-607d-4409-a94f-78d24eac8e34,pattern,9,10,0.9,71,1,high,1776331604.0,1776331675.0,2026-04-16 09:27:55.702+00,2026-04-16 09:27:56.631641+00,7,8,8,hard,Triangular Differences,30,,False,2,2,1,0,10,46.0,46.0,1776331650.0,1776331650.0,ESTIMATE_ONLY_inter_question_gaps_unknown
8cd6bf72-ef62-4304-9bb7-700132af267b,15f6773b-607d-4409-a94f-78d24eac8e34,pattern,9,10,0.9,71,1,high,1776331604.0,1776331675.0,2026-04-16 09:27:55.702+00,2026-04-16 09:27:56.631641+00,8,9,9,hard,Squares,30,,False,2,0,0,0,9,56.0,56.0,1776331660.0,1776331660.0,ESTIMATE_ONLY_inter_question_gaps_unknown
8cd6bf72-ef62-4304-9bb7-700132af267b,15f6773b-607d-4409-a94f-78d24eac8e34,pattern,9,10,0.9,71,1,high,1776331604.0,1776331675.0,2026-04-16 09:27:55.702+00,2026-04-16 09:27:56.631641+00,9,10,10,hard,n(n+1),30,,False,0,0,1,0,11,65.0,65.0,1776331669.0,1776331669.0,ESTIMATE_ONLY_inter_question_gaps_unknown
8efaf612-566c-40e1-a937-cd6e8ef97e42,caa4b854-4eea-4177-a19c-2d0f4929874e,memory,8,10,0.8,91,1,high,1776332859.0,1776332950.0,2026-04-16 09:49:10.61+00,2026-04-16 09:49:11.571048+00,0,1,1,easy,Digit Recall,10,5,False,0,0,1,0,3,0.0,5.0,1776332859.0,1776332864.0,ESTIMATE_ONLY_inter_question_gaps_unknown
8efaf612-566c-40e1-a937-cd6e8ef97e42,caa4b854-4eea-4177-a19c-2d0f4929874e,memory,8,10,0.8,91,1,high,1776332859.0,1776332950.0,2026-04-16 09:49:10.61+00,2026-04-16 09:49:11.571048+00,1,2,2,easy,Word Recall,10,5,False,2,2,1,0,3,8.0,13.0,1776332867.0,1776332872.0,ESTIMATE_ONLY_inter_question_gaps_unknown
8efaf612-566c-40e1-a937-cd6e8ef97e42,caa4b854-4eea-4177-a19c-2d0f4929874e,memory,8,10,0.8,91,1,high,1776332859.0,1776332950.0,2026-04-16 09:49:10.61+00,2026-04-16 09:49:11.571048+00,2,3,3,easy,Digit Recall,10,5,False,1,1,1,0,3,16.0,21.0,1776332875.0,1776332880.0,ESTIMATE_ONLY_inter_question_gaps_unknown
8efaf612-566c-40e1-a937-cd6e8ef97e42,caa4b854-4eea-4177-a19c-2d0f4929874e,memory,8,10,0.8,91,1,high,1776332859.0,1776332950.0,2026-04-16 09:49:10.61+00,2026-04-16 09:49:11.571048+00,3,4,4,easy,Word Recall,10,5,False,0,0,1,0,2,24.0,29.0,1776332883.0,1776332888.0,ESTIMATE_ONLY_inter_question_gaps_unknown
8efaf612-566c-40e1-a937-cd6e8ef97e42,caa4b854-4eea-4177-a19c-2d0f4929874e,memory,8,10,0.8,91,1,high,1776332859.0,1776332950.0,2026-04-16 09:49:10.61+00,2026-04-16 09:49:11.571048+00,4,5,5,medium,Digit Recall,12,6,False,0,0,1,0,2,31.0,37.0,1776332890.0,1776332896.0,ESTIMATE_ONLY_inter_question_gaps_unknown
8efaf612-566c-40e1-a937-cd6e8ef97e42,caa4b854-4eea-4177-a19c-2d0f4929874e,memory,8,10,0.8,91,1,high,1776332859.0,1776332950.0,2026-04-16 09:49:10.61+00,2026-04-16 09:49:11.571048+00,5,6,6,medium,Position Recall,12,6,False,1,1,1,0,4,39.0,45.0,1776332898.0,1776332904.0,ESTIMATE_ONLY_inter_question_gaps_unknown
8efaf612-566c-40e1-a937-cd6e8ef97e42,caa4b854-4eea-4177-a19c-2d0f4929874e,memory,8,10,0.8,91,1,high,1776332859.0,1776332950.0,2026-04-16 09:49:10.61+00,2026-04-16 09:49:11.571048+00,6,7,7,medium,Position Recall,12,6,False,2,2,1,0,3,49.0,55.0,1776332908.0,1776332914.0,ESTIMATE_ONLY_inter_question_gaps_unknown
8efaf612-566c-40e1-a937-cd6e8ef97e42,caa4b854-4eea-4177-a19c-2d0f4929874e,memory,8,10,0.8,91,1,high,1776332859.0,1776332950.0,2026-04-16 09:49:10.61+00,2026-04-16 09:49:11.571048+00,7,8,8,hard,Sequence Recall,15,7,False,1,0,0,0,7,58.0,65.0,1776332917.0,1776332924.0,ESTIMATE_ONLY_inter_question_gaps_unknown
8efaf612-566c-40e1-a937-cd6e8ef97e42,caa4b854-4eea-4177-a19c-2d0f4929874e,memory,8,10,0.8,91,1,high,1776332859.0,1776332950.0,2026-04-16 09:49:10.61+00,2026-04-16 09:49:11.571048+00,8,9,9,hard,Position Recall,15,7,False,1,1,1,0,3,72.0,79.0,1776332931.0,1776332938.0,ESTIMATE_ONLY_inter_question_gaps_unknown
8efaf612-566c-40e1-a937-cd6e8ef97e42,caa4b854-4eea-4177-a19c-2d0f4929874e,memory,8,10,0.8,91,1,high,1776332859.0,1776332950.0,2026-04-16 09:49:10.61+00,2026-04-16 09:49:11.571048+00,9,10,10,hard,Digit Analysis,15,7,False,1,2,0,0,7,82.0,89.0,1776332941.0,1776332948.0,ESTIMATE_ONLY_inter_question_gaps_unknown
8f6065e7-2f9a-4114-9125-a82cdd57e406,6d998d08-a10e-4432-b8a1-84e619128b08,attention,6,10,0.6,101,0,mid,1777261141.0,1777261242.0,2026-04-27 03:40:42.316+00,2026-04-27 03:40:42.956003+00,0,1,1,easy,Oddball Detection,8,5,False,2,2,1,0,5,0.0,5.0,1777261141.0,1777261146.0,ESTIMATE_ONLY_inter_question_gaps_unknown
8f6065e7-2f9a-4114-9125-a82cdd57e406,6d998d08-a10e-4432-b8a1-84e619128b08,attention,6,10,0.6,101,0,mid,1777261141.0,1777261242.0,2026-04-27 03:40:42.316+00,2026-04-27 03:40:42.956003+00,1,2,2,easy,Count Target,8,5,False,0,0,1,0,5,10.0,15.0,1777261151.0,1777261156.0,ESTIMATE_ONLY_inter_question_gaps_unknown
8f6065e7-2f9a-4114-9125-a82cdd57e406,6d998d08-a10e-4432-b8a1-84e619128b08,attention,6,10,0.6,101,0,mid,1777261141.0,1777261242.0,2026-04-27 03:40:42.316+00,2026-04-27 03:40:42.956003+00,2,3,3,easy,Pattern Break,8,5,False,2,2,1,0,4,20.0,25.0,1777261161.0,1777261166.0,ESTIMATE_ONLY_inter_question_gaps_unknown
8f6065e7-2f9a-4114-9125-a82cdd57e406,6d998d08-a10e-4432-b8a1-84e619128b08,attention,6,10,0.6,101,0,mid,1777261141.0,1777261242.0,2026-04-27 03:40:42.316+00,2026-04-27 03:40:42.956003+00,3,4,4,easy,Position Detect,8,5,False,1,1,1,0,4,29.0,34.0,1777261170.0,1777261175.0,ESTIMATE_ONLY_inter_question_gaps_unknown
8f6065e7-2f9a-4114-9125-a82cdd57e406,6d998d08-a10e-4432-b8a1-84e619128b08,attention,6,10,0.6,101,0,mid,1777261141.0,1777261242.0,2026-04-27 03:40:42.316+00,2026-04-27 03:40:42.956003+00,4,5,5,medium,Rule Violation,10,6,False,2,2,1,0,3,38.0,44.0,1777261179.0,1777261185.0,ESTIMATE_ONLY_inter_question_gaps_unknown
8f6065e7-2f9a-4114-9125-a82cdd57e406,6d998d08-a10e-4432-b8a1-84e619128b08,attention,6,10,0.6,101,0,mid,1777261141.0,1777261242.0,2026-04-27 03:40:42.316+00,2026-04-27 03:40:42.956003+00,5,6,6,medium,Count Target,10,6,False,2,0,0,0,6,47.0,53.0,1777261188.0,1777261194.0,ESTIMATE_ONLY_inter_question_gaps_unknown
8f6065e7-2f9a-4114-9125-a82cdd57e406,6d998d08-a10e-4432-b8a1-84e619128b08,attention,6,10,0.6,101,0,mid,1777261141.0,1777261242.0,2026-04-27 03:40:42.316+00,2026-04-27 03:40:42.956003+00,6,7,7,medium,Count Target,10,6,False,1,2,0,0,3,59.0,65.0,1777261200.0,1777261206.0,ESTIMATE_ONLY_inter_question_gaps_unknown
8f6065e7-2f9a-4114-9125-a82cdd57e406,6d998d08-a10e-4432-b8a1-84e619128b08,attention,6,10,0.6,101,0,mid,1777261141.0,1777261242.0,2026-04-27 03:40:42.316+00,2026-04-27 03:40:42.956003+00,7,8,8,hard,Count Target,12,7,False,0,2,0,0,5,68.0,75.0,1777261209.0,1777261216.0,ESTIMATE_ONLY_inter_question_gaps_unknown
8f6065e7-2f9a-4114-9125-a82cdd57e406,6d998d08-a10e-4432-b8a1-84e619128b08,attention,6,10,0.6,101,0,mid,1777261141.0,1777261242.0,2026-04-27 03:40:42.316+00,2026-04-27 03:40:42.956003+00,8,9,9,hard,Rule Violation,12,7,False,1,2,0,0,8,80.0,87.0,1777261221.0,1777261228.0,ESTIMATE_ONLY_inter_question_gaps_unknown
8f6065e7-2f9a-4114-9125-a82cdd57e406,6d998d08-a10e-4432-b8a1-84e619128b08,attention,6,10,0.6,101,0,mid,1777261141.0,1777261242.0,2026-04-27 03:40:42.316+00,2026-04-27 03:40:42.956003+00,9,10,10,hard,Pattern Break,12,7,False,2,2,1,0,5,95.0,102.0,1777261236.0,1777261243.0,ESTIMATE_ONLY_inter_question_gaps_unknown
92b3dcc4-efd9-40bb-85c4-cb7456940ff2,699dd060-e5d3-4dfb-bd49-1e58c9a7801d,attention,3,10,0.3,98,0,low,1776493156.0,1776493254.0,2026-04-18 06:20:54.921+00,2026-04-18 06:20:55.568766+00,0,1,1,easy,Oddball Detection,8,5,False,0,2,0,0,1,0.0,5.0,1776493156.0,1776493161.0,ESTIMATE_ONLY_inter_question_gaps_unknown
92b3dcc4-efd9-40bb-85c4-cb7456940ff2,699dd060-e5d3-4dfb-bd49-1e58c9a7801d,attention,3,10,0.3,98,0,low,1776493156.0,1776493254.0,2026-04-18 06:20:54.921+00,2026-04-18 06:20:55.568766+00,1,2,2,easy,Count Target,8,5,False,0,0,1,0,3,6.0,11.0,1776493162.0,1776493167.0,ESTIMATE_ONLY_inter_question_gaps_unknown
92b3dcc4-efd9-40bb-85c4-cb7456940ff2,699dd060-e5d3-4dfb-bd49-1e58c9a7801d,attention,3,10,0.3,98,0,low,1776493156.0,1776493254.0,2026-04-18 06:20:54.921+00,2026-04-18 06:20:55.568766+00,2,3,3,easy,Pattern Break,8,5,False,1,2,0,0,7,14.0,19.0,1776493170.0,1776493175.0,ESTIMATE_ONLY_inter_question_gaps_unknown
92b3dcc4-efd9-40bb-85c4-cb7456940ff2,699dd060-e5d3-4dfb-bd49-1e58c9a7801d,attention,3,10,0.3,98,0,low,1776493156.0,1776493254.0,2026-04-18 06:20:54.921+00,2026-04-18 06:20:55.568766+00,3,4,4,easy,Position Detect,8,5,False,,1,0,1,8,26.0,31.0,1776493182.0,1776493187.0,ESTIMATE_ONLY_inter_question_gaps_unknown
92b3dcc4-efd9-40bb-85c4-cb7456940ff2,699dd060-e5d3-4dfb-bd49-1e58c9a7801d,attention,3,10,0.3,98,0,low,1776493156.0,1776493254.0,2026-04-18 06:20:54.921+00,2026-04-18 06:20:55.568766+00,4,5,5,medium,Rule Violation,10,6,False,1,2,0,0,2,39.0,45.0,1776493195.0,1776493201.0,ESTIMATE_ONLY_inter_question_gaps_unknown
92b3dcc4-efd9-40bb-85c4-cb7456940ff2,699dd060-e5d3-4dfb-bd49-1e58c9a7801d,attention,3,10,0.3,98,0,low,1776493156.0,1776493254.0,2026-04-18 06:20:54.921+00,2026-04-18 06:20:55.568766+00,5,6,6,medium,Count Target,10,6,False,1,0,0,0,8,47.0,53.0,1776493203.0,1776493209.0,ESTIMATE_ONLY_inter_question_gaps_unknown
92b3dcc4-efd9-40bb-85c4-cb7456940ff2,699dd060-e5d3-4dfb-bd49-1e58c9a7801d,attention,3,10,0.3,98,0,low,1776493156.0,1776493254.0,2026-04-18 06:20:54.921+00,2026-04-18 06:20:55.568766+00,6,7,7,medium,Count Target,10,6,False,2,2,1,0,5,61.0,67.0,1776493217.0,1776493223.0,ESTIMATE_ONLY_inter_question_gaps_unknown
92b3dcc4-efd9-40bb-85c4-cb7456940ff2,699dd060-e5d3-4dfb-bd49-1e58c9a7801d,attention,3,10,0.3,98,0,low,1776493156.0,1776493254.0,2026-04-18 06:20:54.921+00,2026-04-18 06:20:55.568766+00,7,8,8,hard,Count Target,12,7,False,0,2,0,0,4,72.0,79.0,1776493228.0,1776493235.0,ESTIMATE_ONLY_inter_question_gaps_unknown
92b3dcc4-efd9-40bb-85c4-cb7456940ff2,699dd060-e5d3-4dfb-bd49-1e58c9a7801d,attention,3,10,0.3,98,0,low,1776493156.0,1776493254.0,2026-04-18 06:20:54.921+00,2026-04-18 06:20:55.568766+00,8,9,9,hard,Rule Violation,12,7,False,1,2,0,0,1,83.0,90.0,1776493239.0,1776493246.0,ESTIMATE_ONLY_inter_question_gaps_unknown
92b3dcc4-efd9-40bb-85c4-cb7456940ff2,699dd060-e5d3-4dfb-bd49-1e58c9a7801d,attention,3,10,0.3,98,0,low,1776493156.0,1776493254.0,2026-04-18 06:20:54.921+00,2026-04-18 06:20:55.568766+00,9,10,10,hard,Pattern Break,12,7,False,2,2,1,0,4,91.0,98.0,1776493247.0,1776493254.0,ESTIMATE_ONLY_inter_question_gaps_unknown
93fd8d7b-5281-4fc9-8c4e-71bb2cebbc54,d129448b-a4c5-49ee-9795-d4463d27334a,comprehension,9,10,0.9,111,1,high,1776408358.0,1776408469.0,2026-04-17 06:47:49.352+00,2026-04-17 06:47:49.805735+00,0,1,1,easy,Fact Extraction,25,,True,0,0,1,0,6,0.0,0.0,1776408358.0,1776408358.0,ESTIMATE_ONLY_reading_phase_duration_unknown
93fd8d7b-5281-4fc9-8c4e-71bb2cebbc54,d129448b-a4c5-49ee-9795-d4463d27334a,comprehension,9,10,0.9,111,1,high,1776408358.0,1776408469.0,2026-04-17 06:47:49.352+00,2026-04-17 06:47:49.805735+00,1,2,2,medium,Detail Recall,25,,False,0,0,1,0,1,6.0,6.0,1776408364.0,1776408364.0,ESTIMATE_ONLY_inter_question_gaps_unknown
93fd8d7b-5281-4fc9-8c4e-71bb2cebbc54,d129448b-a4c5-49ee-9795-d4463d27334a,comprehension,9,10,0.9,111,1,high,1776408358.0,1776408469.0,2026-04-17 06:47:49.352+00,2026-04-17 06:47:49.805735+00,2,3,3,easy,Fact Extraction,25,,False,0,0,1,0,1,7.0,7.0,1776408365.0,1776408365.0,ESTIMATE_ONLY_inter_question_gaps_unknown
93fd8d7b-5281-4fc9-8c4e-71bb2cebbc54,d129448b-a4c5-49ee-9795-d4463d27334a,comprehension,9,10,0.9,111,1,high,1776408358.0,1776408469.0,2026-04-17 06:47:49.352+00,2026-04-17 06:47:49.805735+00,3,4,4,medium,Inference,25,,False,1,1,1,0,3,8.0,8.0,1776408366.0,1776408366.0,ESTIMATE_ONLY_inter_question_gaps_unknown
93fd8d7b-5281-4fc9-8c4e-71bb2cebbc54,d129448b-a4c5-49ee-9795-d4463d27334a,comprehension,9,10,0.9,111,1,high,1776408358.0,1776408469.0,2026-04-17 06:47:49.352+00,2026-04-17 06:47:49.805735+00,4,5,5,easy,Detail Recall,25,,False,0,0,1,0,4,11.0,11.0,1776408369.0,1776408369.0,ESTIMATE_ONLY_inter_question_gaps_unknown
93fd8d7b-5281-4fc9-8c4e-71bb2cebbc54,d129448b-a4c5-49ee-9795-d4463d27334a,comprehension,9,10,0.9,111,1,high,1776408358.0,1776408469.0,2026-04-17 06:47:49.352+00,2026-04-17 06:47:49.805735+00,5,6,6,easy,Fact Extraction,25,,True,1,1,1,0,2,15.0,15.0,1776408373.0,1776408373.0,ESTIMATE_ONLY_reading_phase_duration_unknown
93fd8d7b-5281-4fc9-8c4e-71bb2cebbc54,d129448b-a4c5-49ee-9795-d4463d27334a,comprehension,9,10,0.9,111,1,high,1776408358.0,1776408469.0,2026-04-17 06:47:49.352+00,2026-04-17 06:47:49.805735+00,6,7,7,easy,Detail Recall,25,,False,0,2,0,0,8,17.0,17.0,1776408375.0,1776408375.0,ESTIMATE_ONLY_inter_question_gaps_unknown
93fd8d7b-5281-4fc9-8c4e-71bb2cebbc54,d129448b-a4c5-49ee-9795-d4463d27334a,comprehension,9,10,0.9,111,1,high,1776408358.0,1776408469.0,2026-04-17 06:47:49.352+00,2026-04-17 06:47:49.805735+00,7,8,8,medium,Detail Recall,25,,False,0,0,1,0,2,25.0,25.0,1776408383.0,1776408383.0,ESTIMATE_ONLY_inter_question_gaps_unknown
93fd8d7b-5281-4fc9-8c4e-71bb2cebbc54,d129448b-a4c5-49ee-9795-d4463d27334a,comprehension,9,10,0.9,111,1,high,1776408358.0,1776408469.0,2026-04-17 06:47:49.352+00,2026-04-17 06:47:49.805735+00,8,9,9,medium,Inference,25,,False,1,1,1,0,4,27.0,27.0,1776408385.0,1776408385.0,ESTIMATE_ONLY_inter_question_gaps_unknown
93fd8d7b-5281-4fc9-8c4e-71bb2cebbc54,d129448b-a4c5-49ee-9795-d4463d27334a,comprehension,9,10,0.9,111,1,high,1776408358.0,1776408469.0,2026-04-17 06:47:49.352+00,2026-04-17 06:47:49.805735+00,9,10,10,easy,Fact Extraction,25,,False,1,1,1,0,1,31.0,31.0,1776408389.0,1776408389.0,ESTIMATE_ONLY_inter_question_gaps_unknown
9696b2f0-b66f-4e33-9c8c-193cfb1c33ea,15f6773b-607d-4409-a94f-78d24eac8e34,arithmetic,7,10,0.7,67,1,mid,1776331502.0,1776331569.0,2026-04-16 09:26:09.583+00,2026-04-16 09:26:15.155952+00,0,1,1,easy,Addition,15,,False,0,0,1,0,4,0.0,0.0,1776331502.0,1776331502.0,ESTIMATE_ONLY_inter_question_gaps_unknown
9696b2f0-b66f-4e33-9c8c-193cfb1c33ea,15f6773b-607d-4409-a94f-78d24eac8e34,arithmetic,7,10,0.7,67,1,mid,1776331502.0,1776331569.0,2026-04-16 09:26:09.583+00,2026-04-16 09:26:15.155952+00,1,2,2,easy,Division,15,,False,2,2,1,0,5,4.0,4.0,1776331506.0,1776331506.0,ESTIMATE_ONLY_inter_question_gaps_unknown
9696b2f0-b66f-4e33-9c8c-193cfb1c33ea,15f6773b-607d-4409-a94f-78d24eac8e34,arithmetic,7,10,0.7,67,1,mid,1776331502.0,1776331569.0,2026-04-16 09:26:09.583+00,2026-04-16 09:26:15.155952+00,2,3,3,easy,Addition,15,,False,0,0,1,0,7,9.0,9.0,1776331511.0,1776331511.0,ESTIMATE_ONLY_inter_question_gaps_unknown
9696b2f0-b66f-4e33-9c8c-193cfb1c33ea,15f6773b-607d-4409-a94f-78d24eac8e34,arithmetic,7,10,0.7,67,1,mid,1776331502.0,1776331569.0,2026-04-16 09:26:09.583+00,2026-04-16 09:26:15.155952+00,3,4,4,easy,Subtraction,15,,False,0,0,1,0,4,16.0,16.0,1776331518.0,1776331518.0,ESTIMATE_ONLY_inter_question_gaps_unknown
9696b2f0-b66f-4e33-9c8c-193cfb1c33ea,15f6773b-607d-4409-a94f-78d24eac8e34,arithmetic,7,10,0.7,67,1,mid,1776331502.0,1776331569.0,2026-04-16 09:26:09.583+00,2026-04-16 09:26:15.155952+00,4,5,5,medium,Addition,20,,False,0,2,0,0,8,20.0,20.0,1776331522.0,1776331522.0,ESTIMATE_ONLY_inter_question_gaps_unknown
9696b2f0-b66f-4e33-9c8c-193cfb1c33ea,15f6773b-607d-4409-a94f-78d24eac8e34,arithmetic,7,10,0.7,67,1,mid,1776331502.0,1776331569.0,2026-04-16 09:26:09.583+00,2026-04-16 09:26:15.155952+00,5,6,6,medium,Multiplication,20,,False,0,0,1,0,9,28.0,28.0,1776331530.0,1776331530.0,ESTIMATE_ONLY_inter_question_gaps_unknown
9696b2f0-b66f-4e33-9c8c-193cfb1c33ea,15f6773b-607d-4409-a94f-78d24eac8e34,arithmetic,7,10,0.7,67,1,mid,1776331502.0,1776331569.0,2026-04-16 09:26:09.583+00,2026-04-16 09:26:15.155952+00,6,7,7,medium,Division,20,,False,1,1,1,0,5,37.0,37.0,1776331539.0,1776331539.0,ESTIMATE_ONLY_inter_question_gaps_unknown
9696b2f0-b66f-4e33-9c8c-193cfb1c33ea,15f6773b-607d-4409-a94f-78d24eac8e34,arithmetic,7,10,0.7,67,1,mid,1776331502.0,1776331569.0,2026-04-16 09:26:09.583+00,2026-04-16 09:26:15.155952+00,7,8,8,hard,Percentage,30,,False,2,2,1,0,4,42.0,42.0,1776331544.0,1776331544.0,ESTIMATE_ONLY_inter_question_gaps_unknown
9696b2f0-b66f-4e33-9c8c-193cfb1c33ea,15f6773b-607d-4409-a94f-78d24eac8e34,arithmetic,7,10,0.7,67,1,mid,1776331502.0,1776331569.0,2026-04-16 09:26:09.583+00,2026-04-16 09:26:15.155952+00,8,9,9,hard,Multiplication,30,,False,2,0,0,0,6,46.0,46.0,1776331548.0,1776331548.0,ESTIMATE_ONLY_inter_question_gaps_unknown
9696b2f0-b66f-4e33-9c8c-193cfb1c33ea,15f6773b-607d-4409-a94f-78d24eac8e34,arithmetic,7,10,0.7,67,1,mid,1776331502.0,1776331569.0,2026-04-16 09:26:09.583+00,2026-04-16 09:26:15.155952+00,9,10,10,hard,Multi-step,30,,False,2,1,0,0,19,52.0,52.0,1776331554.0,1776331554.0,ESTIMATE_ONLY_inter_question_gaps_unknown
969cb08a-288a-46f6-a185-ab7623c35654,15f6773b-607d-4409-a94f-78d24eac8e34,comprehension,7,10,0.7,182,1,mid,1776331837.0,1776332019.0,2026-04-16 09:33:39.886+00,2026-04-16 09:33:41.104876+00,0,1,1,easy,Fact Extraction,25,,True,0,0,1,0,5,0.0,0.0,1776331837.0,1776331837.0,ESTIMATE_ONLY_reading_phase_duration_unknown
969cb08a-288a-46f6-a185-ab7623c35654,15f6773b-607d-4409-a94f-78d24eac8e34,comprehension,7,10,0.7,182,1,mid,1776331837.0,1776332019.0,2026-04-16 09:33:39.886+00,2026-04-16 09:33:41.104876+00,1,2,2,medium,Detail Recall,25,,False,0,0,1,0,4,5.0,5.0,1776331842.0,1776331842.0,ESTIMATE_ONLY_inter_question_gaps_unknown
969cb08a-288a-46f6-a185-ab7623c35654,15f6773b-607d-4409-a94f-78d24eac8e34,comprehension,7,10,0.7,182,1,mid,1776331837.0,1776332019.0,2026-04-16 09:33:39.886+00,2026-04-16 09:33:41.104876+00,2,3,3,easy,Fact Extraction,25,,False,0,0,1,0,3,9.0,9.0,1776331846.0,1776331846.0,ESTIMATE_ONLY_inter_question_gaps_unknown
969cb08a-288a-46f6-a185-ab7623c35654,15f6773b-607d-4409-a94f-78d24eac8e34,comprehension,7,10,0.7,182,1,mid,1776331837.0,1776332019.0,2026-04-16 09:33:39.886+00,2026-04-16 09:33:41.104876+00,3,4,4,medium,Inference,25,,False,0,1,0,0,4,12.0,12.0,1776331849.0,1776331849.0,ESTIMATE_ONLY_inter_question_gaps_unknown
969cb08a-288a-46f6-a185-ab7623c35654,15f6773b-607d-4409-a94f-78d24eac8e34,comprehension,7,10,0.7,182,1,mid,1776331837.0,1776332019.0,2026-04-16 09:33:39.886+00,2026-04-16 09:33:41.104876+00,4,5,5,easy,Detail Recall,25,,False,0,0,1,0,6,16.0,16.0,1776331853.0,1776331853.0,ESTIMATE_ONLY_inter_question_gaps_unknown
969cb08a-288a-46f6-a185-ab7623c35654,15f6773b-607d-4409-a94f-78d24eac8e34,comprehension,7,10,0.7,182,1,mid,1776331837.0,1776332019.0,2026-04-16 09:33:39.886+00,2026-04-16 09:33:41.104876+00,5,6,6,easy,Fact Extraction,25,,True,1,1,1,0,3,22.0,22.0,1776331859.0,1776331859.0,ESTIMATE_ONLY_reading_phase_duration_unknown
969cb08a-288a-46f6-a185-ab7623c35654,15f6773b-607d-4409-a94f-78d24eac8e34,comprehension,7,10,0.7,182,1,mid,1776331837.0,1776332019.0,2026-04-16 09:33:39.886+00,2026-04-16 09:33:41.104876+00,6,7,7,easy,Detail Recall,25,,False,0,2,0,0,5,25.0,25.0,1776331862.0,1776331862.0,ESTIMATE_ONLY_inter_question_gaps_unknown
969cb08a-288a-46f6-a185-ab7623c35654,15f6773b-607d-4409-a94f-78d24eac8e34,comprehension,7,10,0.7,182,1,mid,1776331837.0,1776332019.0,2026-04-16 09:33:39.886+00,2026-04-16 09:33:41.104876+00,7,8,8,medium,Detail Recall,25,,False,0,0,1,0,10,30.0,30.0,1776331867.0,1776331867.0,ESTIMATE_ONLY_inter_question_gaps_unknown
969cb08a-288a-46f6-a185-ab7623c35654,15f6773b-607d-4409-a94f-78d24eac8e34,comprehension,7,10,0.7,182,1,mid,1776331837.0,1776332019.0,2026-04-16 09:33:39.886+00,2026-04-16 09:33:41.104876+00,8,9,9,medium,Inference,25,,False,0,1,0,0,14,40.0,40.0,1776331877.0,1776331877.0,ESTIMATE_ONLY_inter_question_gaps_unknown
969cb08a-288a-46f6-a185-ab7623c35654,15f6773b-607d-4409-a94f-78d24eac8e34,comprehension,7,10,0.7,182,1,mid,1776331837.0,1776332019.0,2026-04-16 09:33:39.886+00,2026-04-16 09:33:41.104876+00,9,10,10,easy,Fact Extraction,25,,False,1,1,1,0,8,54.0,54.0,1776331891.0,1776331891.0,ESTIMATE_ONLY_inter_question_gaps_unknown
9745f830-ced7-44b6-b406-d734b8b3b448,15f6773b-607d-4409-a94f-78d24eac8e34,arithmetic,7,10,0.7,67,1,mid,1776331502.0,1776331569.0,2026-04-16 09:26:09.785+00,2026-04-16 09:26:15.110962+00,0,1,1,easy,Addition,15,,False,0,0,1,0,4,0.0,0.0,1776331502.0,1776331502.0,ESTIMATE_ONLY_inter_question_gaps_unknown
9745f830-ced7-44b6-b406-d734b8b3b448,15f6773b-607d-4409-a94f-78d24eac8e34,arithmetic,7,10,0.7,67,1,mid,1776331502.0,1776331569.0,2026-04-16 09:26:09.785+00,2026-04-16 09:26:15.110962+00,1,2,2,easy,Division,15,,False,2,2,1,0,5,4.0,4.0,1776331506.0,1776331506.0,ESTIMATE_ONLY_inter_question_gaps_unknown
9745f830-ced7-44b6-b406-d734b8b3b448,15f6773b-607d-4409-a94f-78d24eac8e34,arithmetic,7,10,0.7,67,1,mid,1776331502.0,1776331569.0,2026-04-16 09:26:09.785+00,2026-04-16 09:26:15.110962+00,2,3,3,easy,Addition,15,,False,0,0,1,0,7,9.0,9.0,1776331511.0,1776331511.0,ESTIMATE_ONLY_inter_question_gaps_unknown
9745f830-ced7-44b6-b406-d734b8b3b448,15f6773b-607d-4409-a94f-78d24eac8e34,arithmetic,7,10,0.7,67,1,mid,1776331502.0,1776331569.0,2026-04-16 09:26:09.785+00,2026-04-16 09:26:15.110962+00,3,4,4,easy,Subtraction,15,,False,0,0,1,0,4,16.0,16.0,1776331518.0,1776331518.0,ESTIMATE_ONLY_inter_question_gaps_unknown
9745f830-ced7-44b6-b406-d734b8b3b448,15f6773b-607d-4409-a94f-78d24eac8e34,arithmetic,7,10,0.7,67,1,mid,1776331502.0,1776331569.0,2026-04-16 09:26:09.785+00,2026-04-16 09:26:15.110962+00,4,5,5,medium,Addition,20,,False,0,2,0,0,8,20.0,20.0,1776331522.0,1776331522.0,ESTIMATE_ONLY_inter_question_gaps_unknown
9745f830-ced7-44b6-b406-d734b8b3b448,15f6773b-607d-4409-a94f-78d24eac8e34,arithmetic,7,10,0.7,67,1,mid,1776331502.0,1776331569.0,2026-04-16 09:26:09.785+00,2026-04-16 09:26:15.110962+00,5,6,6,medium,Multiplication,20,,False,0,0,1,0,9,28.0,28.0,1776331530.0,1776331530.0,ESTIMATE_ONLY_inter_question_gaps_unknown
9745f830-ced7-44b6-b406-d734b8b3b448,15f6773b-607d-4409-a94f-78d24eac8e34,arithmetic,7,10,0.7,67,1,mid,1776331502.0,1776331569.0,2026-04-16 09:26:09.785+00,2026-04-16 09:26:15.110962+00,6,7,7,medium,Division,20,,False,1,1,1,0,5,37.0,37.0,1776331539.0,1776331539.0,ESTIMATE_ONLY_inter_question_gaps_unknown
9745f830-ced7-44b6-b406-d734b8b3b448,15f6773b-607d-4409-a94f-78d24eac8e34,arithmetic,7,10,0.7,67,1,mid,1776331502.0,1776331569.0,2026-04-16 09:26:09.785+00,2026-04-16 09:26:15.110962+00,7,8,8,hard,Percentage,30,,False,2,2,1,0,4,42.0,42.0,1776331544.0,1776331544.0,ESTIMATE_ONLY_inter_question_gaps_unknown
9745f830-ced7-44b6-b406-d734b8b3b448,15f6773b-607d-4409-a94f-78d24eac8e34,arithmetic,7,10,0.7,67,1,mid,1776331502.0,1776331569.0,2026-04-16 09:26:09.785+00,2026-04-16 09:26:15.110962+00,8,9,9,hard,Multiplication,30,,False,2,0,0,0,6,46.0,46.0,1776331548.0,1776331548.0,ESTIMATE_ONLY_inter_question_gaps_unknown
9745f830-ced7-44b6-b406-d734b8b3b448,15f6773b-607d-4409-a94f-78d24eac8e34,arithmetic,7,10,0.7,67,1,mid,1776331502.0,1776331569.0,2026-04-16 09:26:09.785+00,2026-04-16 09:26:15.110962+00,9,10,10,hard,Multi-step,30,,False,2,1,0,0,19,52.0,52.0,1776331554.0,1776331554.0,ESTIMATE_ONLY_inter_question_gaps_unknown
97aa9aa3-6d45-4aeb-99c8-2f97a19597e0,4b00bcd7-936b-42d2-99b5-c0b8b78272c9,attention,7,10,0.7,116,1,mid,1776330648.0,1776330764.0,2026-04-16 09:12:44.62+00,2026-04-16 09:12:46.144648+00,0,1,1,easy,Oddball Detection,8,5,False,2,2,1,0,5,0.0,5.0,1776330648.0,1776330653.0,ESTIMATE_ONLY_inter_question_gaps_unknown
97aa9aa3-6d45-4aeb-99c8-2f97a19597e0,4b00bcd7-936b-42d2-99b5-c0b8b78272c9,attention,7,10,0.7,116,1,mid,1776330648.0,1776330764.0,2026-04-16 09:12:44.62+00,2026-04-16 09:12:46.144648+00,1,2,2,easy,Count Target,8,5,False,0,0,1,0,4,10.0,15.0,1776330658.0,1776330663.0,ESTIMATE_ONLY_inter_question_gaps_unknown
97aa9aa3-6d45-4aeb-99c8-2f97a19597e0,4b00bcd7-936b-42d2-99b5-c0b8b78272c9,attention,7,10,0.7,116,1,mid,1776330648.0,1776330764.0,2026-04-16 09:12:44.62+00,2026-04-16 09:12:46.144648+00,2,3,3,easy,Pattern Break,8,5,False,2,2,1,0,5,19.0,24.0,1776330667.0,1776330672.0,ESTIMATE_ONLY_inter_question_gaps_unknown
97aa9aa3-6d45-4aeb-99c8-2f97a19597e0,4b00bcd7-936b-42d2-99b5-c0b8b78272c9,attention,7,10,0.7,116,1,mid,1776330648.0,1776330764.0,2026-04-16 09:12:44.62+00,2026-04-16 09:12:46.144648+00,3,4,4,easy,Position Detect,8,5,False,2,1,0,0,6,29.0,34.0,1776330677.0,1776330682.0,ESTIMATE_ONLY_inter_question_gaps_unknown
97aa9aa3-6d45-4aeb-99c8-2f97a19597e0,4b00bcd7-936b-42d2-99b5-c0b8b78272c9,attention,7,10,0.7,116,1,mid,1776330648.0,1776330764.0,2026-04-16 09:12:44.62+00,2026-04-16 09:12:46.144648+00,4,5,5,medium,Rule Violation,10,6,False,2,2,1,0,9,40.0,46.0,1776330688.0,1776330694.0,ESTIMATE_ONLY_inter_question_gaps_unknown
97aa9aa3-6d45-4aeb-99c8-2f97a19597e0,4b00bcd7-936b-42d2-99b5-c0b8b78272c9,attention,7,10,0.7,116,1,mid,1776330648.0,1776330764.0,2026-04-16 09:12:44.62+00,2026-04-16 09:12:46.144648+00,5,6,6,medium,Count Target,10,6,False,2,0,0,0,6,55.0,61.0,1776330703.0,1776330709.0,ESTIMATE_ONLY_inter_question_gaps_unknown
97aa9aa3-6d45-4aeb-99c8-2f97a19597e0,4b00bcd7-936b-42d2-99b5-c0b8b78272c9,attention,7,10,0.7,116,1,mid,1776330648.0,1776330764.0,2026-04-16 09:12:44.62+00,2026-04-16 09:12:46.144648+00,6,7,7,medium,Count Target,10,6,False,2,2,1,0,7,67.0,73.0,1776330715.0,1776330721.0,ESTIMATE_ONLY_inter_question_gaps_unknown
97aa9aa3-6d45-4aeb-99c8-2f97a19597e0,4b00bcd7-936b-42d2-99b5-c0b8b78272c9,attention,7,10,0.7,116,1,mid,1776330648.0,1776330764.0,2026-04-16 09:12:44.62+00,2026-04-16 09:12:46.144648+00,7,8,8,hard,Count Target,12,7,False,1,2,0,0,4,80.0,87.0,1776330728.0,1776330735.0,ESTIMATE_ONLY_inter_question_gaps_unknown
97aa9aa3-6d45-4aeb-99c8-2f97a19597e0,4b00bcd7-936b-42d2-99b5-c0b8b78272c9,attention,7,10,0.7,116,1,mid,1776330648.0,1776330764.0,2026-04-16 09:12:44.62+00,2026-04-16 09:12:46.144648+00,8,9,9,hard,Rule Violation,12,7,False,2,2,1,0,8,91.0,98.0,1776330739.0,1776330746.0,ESTIMATE_ONLY_inter_question_gaps_unknown
97aa9aa3-6d45-4aeb-99c8-2f97a19597e0,4b00bcd7-936b-42d2-99b5-c0b8b78272c9,attention,7,10,0.7,116,1,mid,1776330648.0,1776330764.0,2026-04-16 09:12:44.62+00,2026-04-16 09:12:46.144648+00,9,10,10,hard,Pattern Break,12,7,False,2,2,1,0,6,106.0,113.0,1776330754.0,1776330761.0,ESTIMATE_ONLY_inter_question_gaps_unknown
97d3ce7d-78b5-41f5-92a5-9937e5a26dd7,182b236c-a543-4d7f-b121-473dc33918f2,memory,5,10,0.5,92,0,mid,1777372357.0,1777372449.0,2026-04-28 10:34:09.118+00,2026-04-28 10:34:09.570076+00,0,1,1,easy,Digit Recall,10,5,False,0,0,1,0,3,0.0,5.0,1777372357.0,1777372362.0,ESTIMATE_ONLY_inter_question_gaps_unknown
97d3ce7d-78b5-41f5-92a5-9937e5a26dd7,182b236c-a543-4d7f-b121-473dc33918f2,memory,5,10,0.5,92,0,mid,1777372357.0,1777372449.0,2026-04-28 10:34:09.118+00,2026-04-28 10:34:09.570076+00,1,2,2,easy,Word Recall,10,5,False,2,2,1,0,2,8.0,13.0,1777372365.0,1777372370.0,ESTIMATE_ONLY_inter_question_gaps_unknown
97d3ce7d-78b5-41f5-92a5-9937e5a26dd7,182b236c-a543-4d7f-b121-473dc33918f2,memory,5,10,0.5,92,0,mid,1777372357.0,1777372449.0,2026-04-28 10:34:09.118+00,2026-04-28 10:34:09.570076+00,2,3,3,easy,Digit Recall,10,5,False,1,1,1,0,3,15.0,20.0,1777372372.0,1777372377.0,ESTIMATE_ONLY_inter_question_gaps_unknown
97d3ce7d-78b5-41f5-92a5-9937e5a26dd7,182b236c-a543-4d7f-b121-473dc33918f2,memory,5,10,0.5,92,0,mid,1777372357.0,1777372449.0,2026-04-28 10:34:09.118+00,2026-04-28 10:34:09.570076+00,3,4,4,easy,Word Recall,10,5,False,0,0,1,0,2,23.0,28.0,1777372380.0,1777372385.0,ESTIMATE_ONLY_inter_question_gaps_unknown
97d3ce7d-78b5-41f5-92a5-9937e5a26dd7,182b236c-a543-4d7f-b121-473dc33918f2,memory,5,10,0.5,92,0,mid,1777372357.0,1777372449.0,2026-04-28 10:34:09.118+00,2026-04-28 10:34:09.570076+00,4,5,5,medium,Digit Recall,12,6,False,1,0,0,0,5,30.0,36.0,1777372387.0,1777372393.0,ESTIMATE_ONLY_inter_question_gaps_unknown
97d3ce7d-78b5-41f5-92a5-9937e5a26dd7,182b236c-a543-4d7f-b121-473dc33918f2,memory,5,10,0.5,92,0,mid,1777372357.0,1777372449.0,2026-04-28 10:34:09.118+00,2026-04-28 10:34:09.570076+00,5,6,6,medium,Position Recall,12,6,False,1,1,1,0,3,41.0,47.0,1777372398.0,1777372404.0,ESTIMATE_ONLY_inter_question_gaps_unknown
97d3ce7d-78b5-41f5-92a5-9937e5a26dd7,182b236c-a543-4d7f-b121-473dc33918f2,memory,5,10,0.5,92,0,mid,1777372357.0,1777372449.0,2026-04-28 10:34:09.118+00,2026-04-28 10:34:09.570076+00,6,7,7,medium,Position Recall,12,6,False,0,2,0,0,4,50.0,56.0,1777372407.0,1777372413.0,ESTIMATE_ONLY_inter_question_gaps_unknown
97d3ce7d-78b5-41f5-92a5-9937e5a26dd7,182b236c-a543-4d7f-b121-473dc33918f2,memory,5,10,0.5,92,0,mid,1777372357.0,1777372449.0,2026-04-28 10:34:09.118+00,2026-04-28 10:34:09.570076+00,7,8,8,hard,Sequence Recall,15,7,False,1,0,0,0,5,60.0,67.0,1777372417.0,1777372424.0,ESTIMATE_ONLY_inter_question_gaps_unknown
97d3ce7d-78b5-41f5-92a5-9937e5a26dd7,182b236c-a543-4d7f-b121-473dc33918f2,memory,5,10,0.5,92,0,mid,1777372357.0,1777372449.0,2026-04-28 10:34:09.118+00,2026-04-28 10:34:09.570076+00,8,9,9,hard,Position Recall,15,7,False,2,1,0,0,7,72.0,79.0,1777372429.0,1777372436.0,ESTIMATE_ONLY_inter_question_gaps_unknown
97d3ce7d-78b5-41f5-92a5-9937e5a26dd7,182b236c-a543-4d7f-b121-473dc33918f2,memory,5,10,0.5,92,0,mid,1777372357.0,1777372449.0,2026-04-28 10:34:09.118+00,2026-04-28 10:34:09.570076+00,9,10,10,hard,Digit Analysis,15,7,False,0,2,0,0,6,86.0,93.0,1777372443.0,1777372450.0,ESTIMATE_ONLY_inter_question_gaps_unknown
98482188-e04b-4adf-935e-2a68b90b64f2,6d998d08-a10e-4432-b8a1-84e619128b08,comprehension,7,10,0.7,98,1,mid,1777261005.0,1777261103.0,2026-04-27 03:38:23.718+00,2026-04-27 03:38:24.379595+00,0,1,1,easy,Fact Extraction,25,,True,1,0,0,0,6,0.0,0.0,1777261005.0,1777261005.0,ESTIMATE_ONLY_reading_phase_duration_unknown
98482188-e04b-4adf-935e-2a68b90b64f2,6d998d08-a10e-4432-b8a1-84e619128b08,comprehension,7,10,0.7,98,1,mid,1777261005.0,1777261103.0,2026-04-27 03:38:23.718+00,2026-04-27 03:38:24.379595+00,1,2,2,medium,Detail Recall,25,,False,0,0,1,0,8,6.0,6.0,1777261011.0,1777261011.0,ESTIMATE_ONLY_inter_question_gaps_unknown
98482188-e04b-4adf-935e-2a68b90b64f2,6d998d08-a10e-4432-b8a1-84e619128b08,comprehension,7,10,0.7,98,1,mid,1777261005.0,1777261103.0,2026-04-27 03:38:23.718+00,2026-04-27 03:38:24.379595+00,2,3,3,easy,Fact Extraction,25,,False,0,0,1,0,7,14.0,14.0,1777261019.0,1777261019.0,ESTIMATE_ONLY_inter_question_gaps_unknown
98482188-e04b-4adf-935e-2a68b90b64f2,6d998d08-a10e-4432-b8a1-84e619128b08,comprehension,7,10,0.7,98,1,mid,1777261005.0,1777261103.0,2026-04-27 03:38:23.718+00,2026-04-27 03:38:24.379595+00,3,4,4,medium,Inference,25,,False,1,1,1,0,12,21.0,21.0,1777261026.0,1777261026.0,ESTIMATE_ONLY_inter_question_gaps_unknown
98482188-e04b-4adf-935e-2a68b90b64f2,6d998d08-a10e-4432-b8a1-84e619128b08,comprehension,7,10,0.7,98,1,mid,1777261005.0,1777261103.0,2026-04-27 03:38:23.718+00,2026-04-27 03:38:24.379595+00,4,5,5,easy,Detail Recall,25,,False,0,0,1,0,10,33.0,33.0,1777261038.0,1777261038.0,ESTIMATE_ONLY_inter_question_gaps_unknown
98482188-e04b-4adf-935e-2a68b90b64f2,6d998d08-a10e-4432-b8a1-84e619128b08,comprehension,7,10,0.7,98,1,mid,1777261005.0,1777261103.0,2026-04-27 03:38:23.718+00,2026-04-27 03:38:24.379595+00,5,6,6,easy,Fact Extraction,25,,True,0,1,0,0,5,43.0,43.0,1777261048.0,1777261048.0,ESTIMATE_ONLY_reading_phase_duration_unknown
98482188-e04b-4adf-935e-2a68b90b64f2,6d998d08-a10e-4432-b8a1-84e619128b08,comprehension,7,10,0.7,98,1,mid,1777261005.0,1777261103.0,2026-04-27 03:38:23.718+00,2026-04-27 03:38:24.379595+00,6,7,7,easy,Detail Recall,25,,False,2,2,1,0,9,48.0,48.0,1777261053.0,1777261053.0,ESTIMATE_ONLY_inter_question_gaps_unknown
98482188-e04b-4adf-935e-2a68b90b64f2,6d998d08-a10e-4432-b8a1-84e619128b08,comprehension,7,10,0.7,98,1,mid,1777261005.0,1777261103.0,2026-04-27 03:38:23.718+00,2026-04-27 03:38:24.379595+00,7,8,8,medium,Detail Recall,25,,False,1,0,0,0,8,57.0,57.0,1777261062.0,1777261062.0,ESTIMATE_ONLY_inter_question_gaps_unknown
98482188-e04b-4adf-935e-2a68b90b64f2,6d998d08-a10e-4432-b8a1-84e619128b08,comprehension,7,10,0.7,98,1,mid,1777261005.0,1777261103.0,2026-04-27 03:38:23.718+00,2026-04-27 03:38:24.379595+00,8,9,9,medium,Inference,25,,False,1,1,1,0,12,65.0,65.0,1777261070.0,1777261070.0,ESTIMATE_ONLY_inter_question_gaps_unknown
98482188-e04b-4adf-935e-2a68b90b64f2,6d998d08-a10e-4432-b8a1-84e619128b08,comprehension,7,10,0.7,98,1,mid,1777261005.0,1777261103.0,2026-04-27 03:38:23.718+00,2026-04-27 03:38:24.379595+00,9,10,10,easy,Fact Extraction,25,,False,1,1,1,0,8,77.0,77.0,1777261082.0,1777261082.0,ESTIMATE_ONLY_inter_question_gaps_unknown
987a35c0-b67a-45d5-b91e-604d0d6a6e47,c33adeeb-6609-4bd1-8fbc-9b3562dea1d0,attention,7,10,0.7,97,1,mid,1776937887.0,1776937984.0,2026-04-23 09:53:04.821+00,2026-04-23 09:53:05.169572+00,0,1,1,easy,Oddball Detection,8,5,False,2,2,1,0,3,0.0,5.0,1776937887.0,1776937892.0,ESTIMATE_ONLY_inter_question_gaps_unknown
987a35c0-b67a-45d5-b91e-604d0d6a6e47,c33adeeb-6609-4bd1-8fbc-9b3562dea1d0,attention,7,10,0.7,97,1,mid,1776937887.0,1776937984.0,2026-04-23 09:53:04.821+00,2026-04-23 09:53:05.169572+00,1,2,2,easy,Count Target,8,5,False,0,0,1,0,3,8.0,13.0,1776937895.0,1776937900.0,ESTIMATE_ONLY_inter_question_gaps_unknown
987a35c0-b67a-45d5-b91e-604d0d6a6e47,c33adeeb-6609-4bd1-8fbc-9b3562dea1d0,attention,7,10,0.7,97,1,mid,1776937887.0,1776937984.0,2026-04-23 09:53:04.821+00,2026-04-23 09:53:05.169572+00,2,3,3,easy,Pattern Break,8,5,False,1,2,0,0,8,16.0,21.0,1776937903.0,1776937908.0,ESTIMATE_ONLY_inter_question_gaps_unknown
987a35c0-b67a-45d5-b91e-604d0d6a6e47,c33adeeb-6609-4bd1-8fbc-9b3562dea1d0,attention,7,10,0.7,97,1,mid,1776937887.0,1776937984.0,2026-04-23 09:53:04.821+00,2026-04-23 09:53:05.169572+00,3,4,4,easy,Position Detect,8,5,False,1,1,1,0,3,29.0,34.0,1776937916.0,1776937921.0,ESTIMATE_ONLY_inter_question_gaps_unknown
987a35c0-b67a-45d5-b91e-604d0d6a6e47,c33adeeb-6609-4bd1-8fbc-9b3562dea1d0,attention,7,10,0.7,97,1,mid,1776937887.0,1776937984.0,2026-04-23 09:53:04.821+00,2026-04-23 09:53:05.169572+00,4,5,5,medium,Rule Violation,10,6,False,2,2,1,0,2,37.0,43.0,1776937924.0,1776937930.0,ESTIMATE_ONLY_inter_question_gaps_unknown
987a35c0-b67a-45d5-b91e-604d0d6a6e47,c33adeeb-6609-4bd1-8fbc-9b3562dea1d0,attention,7,10,0.7,97,1,mid,1776937887.0,1776937984.0,2026-04-23 09:53:04.821+00,2026-04-23 09:53:05.169572+00,5,6,6,medium,Count Target,10,6,False,,0,0,1,10,45.0,51.0,1776937932.0,1776937938.0,ESTIMATE_ONLY_inter_question_gaps_unknown
987a35c0-b67a-45d5-b91e-604d0d6a6e47,c33adeeb-6609-4bd1-8fbc-9b3562dea1d0,attention,7,10,0.7,97,1,mid,1776937887.0,1776937984.0,2026-04-23 09:53:04.821+00,2026-04-23 09:53:05.169572+00,6,7,7,medium,Count Target,10,6,False,2,2,1,0,3,61.0,67.0,1776937948.0,1776937954.0,ESTIMATE_ONLY_inter_question_gaps_unknown
987a35c0-b67a-45d5-b91e-604d0d6a6e47,c33adeeb-6609-4bd1-8fbc-9b3562dea1d0,attention,7,10,0.7,97,1,mid,1776937887.0,1776937984.0,2026-04-23 09:53:04.821+00,2026-04-23 09:53:05.169572+00,7,8,8,hard,Count Target,12,7,False,0,2,0,0,3,70.0,77.0,1776937957.0,1776937964.0,ESTIMATE_ONLY_inter_question_gaps_unknown
987a35c0-b67a-45d5-b91e-604d0d6a6e47,c33adeeb-6609-4bd1-8fbc-9b3562dea1d0,attention,7,10,0.7,97,1,mid,1776937887.0,1776937984.0,2026-04-23 09:53:04.821+00,2026-04-23 09:53:05.169572+00,8,9,9,hard,Rule Violation,12,7,False,2,2,1,0,6,80.0,87.0,1776937967.0,1776937974.0,ESTIMATE_ONLY_inter_question_gaps_unknown
987a35c0-b67a-45d5-b91e-604d0d6a6e47,c33adeeb-6609-4bd1-8fbc-9b3562dea1d0,attention,7,10,0.7,97,1,mid,1776937887.0,1776937984.0,2026-04-23 09:53:04.821+00,2026-04-23 09:53:05.169572+00,9,10,10,hard,Pattern Break,12,7,False,2,2,1,0,4,93.0,100.0,1776937980.0,1776937987.0,ESTIMATE_ONLY_inter_question_gaps_unknown
98dd963a-b2fb-4be1-8c42-c03c29dc1c0b,8c27a478-52f0-442d-a434-fe798e047585,memory,9,10,0.9,83,1,high,1776939901.0,1776939984.0,2026-04-23 10:26:24.242+00,2026-04-23 10:26:23.851614+00,0,1,1,easy,Digit Recall,10,5,False,0,0,1,0,2,0.0,5.0,1776939901.0,1776939906.0,ESTIMATE_ONLY_inter_question_gaps_unknown
98dd963a-b2fb-4be1-8c42-c03c29dc1c0b,8c27a478-52f0-442d-a434-fe798e047585,memory,9,10,0.9,83,1,high,1776939901.0,1776939984.0,2026-04-23 10:26:24.242+00,2026-04-23 10:26:23.851614+00,1,2,2,easy,Word Recall,10,5,False,2,2,1,0,2,7.0,12.0,1776939908.0,1776939913.0,ESTIMATE_ONLY_inter_question_gaps_unknown
98dd963a-b2fb-4be1-8c42-c03c29dc1c0b,8c27a478-52f0-442d-a434-fe798e047585,memory,9,10,0.9,83,1,high,1776939901.0,1776939984.0,2026-04-23 10:26:24.242+00,2026-04-23 10:26:23.851614+00,2,3,3,easy,Digit Recall,10,5,False,1,1,1,0,3,14.0,19.0,1776939915.0,1776939920.0,ESTIMATE_ONLY_inter_question_gaps_unknown
98dd963a-b2fb-4be1-8c42-c03c29dc1c0b,8c27a478-52f0-442d-a434-fe798e047585,memory,9,10,0.9,83,1,high,1776939901.0,1776939984.0,2026-04-23 10:26:24.242+00,2026-04-23 10:26:23.851614+00,3,4,4,easy,Word Recall,10,5,False,0,0,1,0,4,22.0,27.0,1776939923.0,1776939928.0,ESTIMATE_ONLY_inter_question_gaps_unknown
98dd963a-b2fb-4be1-8c42-c03c29dc1c0b,8c27a478-52f0-442d-a434-fe798e047585,memory,9,10,0.9,83,1,high,1776939901.0,1776939984.0,2026-04-23 10:26:24.242+00,2026-04-23 10:26:23.851614+00,4,5,5,medium,Digit Recall,12,6,False,0,0,1,0,2,31.0,37.0,1776939932.0,1776939938.0,ESTIMATE_ONLY_inter_question_gaps_unknown
98dd963a-b2fb-4be1-8c42-c03c29dc1c0b,8c27a478-52f0-442d-a434-fe798e047585,memory,9,10,0.9,83,1,high,1776939901.0,1776939984.0,2026-04-23 10:26:24.242+00,2026-04-23 10:26:23.851614+00,5,6,6,medium,Position Recall,12,6,False,1,1,1,0,2,39.0,45.0,1776939940.0,1776939946.0,ESTIMATE_ONLY_inter_question_gaps_unknown
98dd963a-b2fb-4be1-8c42-c03c29dc1c0b,8c27a478-52f0-442d-a434-fe798e047585,memory,9,10,0.9,83,1,high,1776939901.0,1776939984.0,2026-04-23 10:26:24.242+00,2026-04-23 10:26:23.851614+00,6,7,7,medium,Position Recall,12,6,False,2,2,1,0,3,47.0,53.0,1776939948.0,1776939954.0,ESTIMATE_ONLY_inter_question_gaps_unknown
98dd963a-b2fb-4be1-8c42-c03c29dc1c0b,8c27a478-52f0-442d-a434-fe798e047585,memory,9,10,0.9,83,1,high,1776939901.0,1776939984.0,2026-04-23 10:26:24.242+00,2026-04-23 10:26:23.851614+00,7,8,8,hard,Sequence Recall,15,7,False,0,0,1,0,6,56.0,63.0,1776939957.0,1776939964.0,ESTIMATE_ONLY_inter_question_gaps_unknown
98dd963a-b2fb-4be1-8c42-c03c29dc1c0b,8c27a478-52f0-442d-a434-fe798e047585,memory,9,10,0.9,83,1,high,1776939901.0,1776939984.0,2026-04-23 10:26:24.242+00,2026-04-23 10:26:23.851614+00,8,9,9,hard,Position Recall,15,7,False,1,1,1,0,2,69.0,76.0,1776939970.0,1776939977.0,ESTIMATE_ONLY_inter_question_gaps_unknown
98dd963a-b2fb-4be1-8c42-c03c29dc1c0b,8c27a478-52f0-442d-a434-fe798e047585,memory,9,10,0.9,83,1,high,1776939901.0,1776939984.0,2026-04-23 10:26:24.242+00,2026-04-23 10:26:23.851614+00,9,10,10,hard,Digit Analysis,15,7,False,1,2,0,0,3,78.0,85.0,1776939979.0,1776939986.0,ESTIMATE_ONLY_inter_question_gaps_unknown
99583587-20c6-4b9b-91a6-01a5e5a10217,4cfb4306-1fd2-4cac-b1a4-e605da568d7e,pattern,17,20,0.85,136,1,high,1771581938.0,1771582074.0,2026-02-20 10:07:54.737+00,2026-02-20 10:07:56.222401+00,0,1,1,easy,Arithmetic Sequence,15,,False,2,2,1,0,3,0.0,0.0,1771581938.0,1771581938.0,ESTIMATE_ONLY_inter_question_gaps_unknown
99583587-20c6-4b9b-91a6-01a5e5a10217,4cfb4306-1fd2-4cac-b1a4-e605da568d7e,pattern,17,20,0.85,136,1,high,1771581938.0,1771582074.0,2026-02-20 10:07:54.737+00,2026-02-20 10:07:56.222401+00,1,2,2,easy,Arithmetic Sequence,15,,False,0,0,1,0,2,3.0,3.0,1771581941.0,1771581941.0,ESTIMATE_ONLY_inter_question_gaps_unknown
99583587-20c6-4b9b-91a6-01a5e5a10217,4cfb4306-1fd2-4cac-b1a4-e605da568d7e,pattern,17,20,0.85,136,1,high,1771581938.0,1771582074.0,2026-02-20 10:07:54.737+00,2026-02-20 10:07:56.222401+00,2,3,3,easy,Odd Numbers,15,,False,1,1,1,0,2,5.0,5.0,1771581943.0,1771581943.0,ESTIMATE_ONLY_inter_question_gaps_unknown
99583587-20c6-4b9b-91a6-01a5e5a10217,4cfb4306-1fd2-4cac-b1a4-e605da568d7e,pattern,17,20,0.85,136,1,high,1771581938.0,1771582074.0,2026-02-20 10:07:54.737+00,2026-02-20 10:07:56.222401+00,3,4,4,easy,Decreasing Sequence,15,,False,2,2,1,0,2,7.0,7.0,1771581945.0,1771581945.0,ESTIMATE_ONLY_inter_question_gaps_unknown
99583587-20c6-4b9b-91a6-01a5e5a10217,4cfb4306-1fd2-4cac-b1a4-e605da568d7e,pattern,17,20,0.85,136,1,high,1771581938.0,1771582074.0,2026-02-20 10:07:54.737+00,2026-02-20 10:07:56.222401+00,4,5,5,medium,Perfect Squares,20,,False,0,0,1,0,3,9.0,9.0,1771581947.0,1771581947.0,ESTIMATE_ONLY_inter_question_gaps_unknown
99583587-20c6-4b9b-91a6-01a5e5a10217,4cfb4306-1fd2-4cac-b1a4-e605da568d7e,pattern,17,20,0.85,136,1,high,1771581938.0,1771582074.0,2026-02-20 10:07:54.737+00,2026-02-20 10:07:56.222401+00,5,6,6,medium,Fibonacci,20,,False,1,1,1,0,2,12.0,12.0,1771581950.0,1771581950.0,ESTIMATE_ONLY_inter_question_gaps_unknown
99583587-20c6-4b9b-91a6-01a5e5a10217,4cfb4306-1fd2-4cac-b1a4-e605da568d7e,pattern,17,20,0.85,136,1,high,1771581938.0,1771582074.0,2026-02-20 10:07:54.737+00,2026-02-20 10:07:56.222401+00,6,7,7,medium,Perfect Cubes,20,,False,2,2,1,0,3,14.0,14.0,1771581952.0,1771581952.0,ESTIMATE_ONLY_inter_question_gaps_unknown
99583587-20c6-4b9b-91a6-01a5e5a10217,4cfb4306-1fd2-4cac-b1a4-e605da568d7e,pattern,17,20,0.85,136,1,high,1771581938.0,1771582074.0,2026-02-20 10:07:54.737+00,2026-02-20 10:07:56.222401+00,7,8,8,hard,Triangular Differences,30,,False,0,0,1,0,11,17.0,17.0,1771581955.0,1771581955.0,ESTIMATE_ONLY_inter_question_gaps_unknown
99583587-20c6-4b9b-91a6-01a5e5a10217,4cfb4306-1fd2-4cac-b1a4-e605da568d7e,pattern,17,20,0.85,136,1,high,1771581938.0,1771582074.0,2026-02-20 10:07:54.737+00,2026-02-20 10:07:56.222401+00,8,9,9,hard,Squares,30,,False,2,2,1,0,7,28.0,28.0,1771581966.0,1771581966.0,ESTIMATE_ONLY_inter_question_gaps_unknown
99583587-20c6-4b9b-91a6-01a5e5a10217,4cfb4306-1fd2-4cac-b1a4-e605da568d7e,pattern,17,20,0.85,136,1,high,1771581938.0,1771582074.0,2026-02-20 10:07:54.737+00,2026-02-20 10:07:56.222401+00,9,10,10,hard,n(n+1),30,,False,1,1,1,0,8,35.0,35.0,1771581973.0,1771581973.0,ESTIMATE_ONLY_inter_question_gaps_unknown
99583587-20c6-4b9b-91a6-01a5e5a10217,4cfb4306-1fd2-4cac-b1a4-e605da568d7e,pattern,17,20,0.85,136,1,high,1771581938.0,1771582074.0,2026-02-20 10:07:54.737+00,2026-02-20 10:07:56.222401+00,10,11,11,unknown,unknown,,,False,0,0,1,0,9,43.0,43.0,1771581981.0,1771581981.0,ESTIMATE_ONLY_inter_question_gaps_unknown
99583587-20c6-4b9b-91a6-01a5e5a10217,4cfb4306-1fd2-4cac-b1a4-e605da568d7e,pattern,17,20,0.85,136,1,high,1771581938.0,1771582074.0,2026-02-20 10:07:54.737+00,2026-02-20 10:07:56.222401+00,11,12,12,unknown,unknown,,,False,2,2,1,0,10,52.0,52.0,1771581990.0,1771581990.0,ESTIMATE_ONLY_inter_question_gaps_unknown
99583587-20c6-4b9b-91a6-01a5e5a10217,4cfb4306-1fd2-4cac-b1a4-e605da568d7e,pattern,17,20,0.85,136,1,high,1771581938.0,1771582074.0,2026-02-20 10:07:54.737+00,2026-02-20 10:07:56.222401+00,12,13,13,unknown,unknown,,,False,0,1,0,0,13,62.0,62.0,1771582000.0,1771582000.0,ESTIMATE_ONLY_inter_question_gaps_unknown
99583587-20c6-4b9b-91a6-01a5e5a10217,4cfb4306-1fd2-4cac-b1a4-e605da568d7e,pattern,17,20,0.85,136,1,high,1771581938.0,1771582074.0,2026-02-20 10:07:54.737+00,2026-02-20 10:07:56.222401+00,13,14,14,unknown,unknown,,,False,0,0,1,0,8,75.0,75.0,1771582013.0,1771582013.0,ESTIMATE_ONLY_inter_question_gaps_unknown
99583587-20c6-4b9b-91a6-01a5e5a10217,4cfb4306-1fd2-4cac-b1a4-e605da568d7e,pattern,17,20,0.85,136,1,high,1771581938.0,1771582074.0,2026-02-20 10:07:54.737+00,2026-02-20 10:07:56.222401+00,14,15,15,unknown,unknown,,,False,2,2,1,0,17,83.0,83.0,1771582021.0,1771582021.0,ESTIMATE_ONLY_inter_question_gaps_unknown
99583587-20c6-4b9b-91a6-01a5e5a10217,4cfb4306-1fd2-4cac-b1a4-e605da568d7e,pattern,17,20,0.85,136,1,high,1771581938.0,1771582074.0,2026-02-20 10:07:54.737+00,2026-02-20 10:07:56.222401+00,15,16,16,unknown,unknown,,,False,0,1,0,0,10,100.0,100.0,1771582038.0,1771582038.0,ESTIMATE_ONLY_inter_question_gaps_unknown
99583587-20c6-4b9b-91a6-01a5e5a10217,4cfb4306-1fd2-4cac-b1a4-e605da568d7e,pattern,17,20,0.85,136,1,high,1771581938.0,1771582074.0,2026-02-20 10:07:54.737+00,2026-02-20 10:07:56.222401+00,16,17,17,unknown,unknown,,,False,0,0,1,0,7,110.0,110.0,1771582048.0,1771582048.0,ESTIMATE_ONLY_inter_question_gaps_unknown
99583587-20c6-4b9b-91a6-01a5e5a10217,4cfb4306-1fd2-4cac-b1a4-e605da568d7e,pattern,17,20,0.85,136,1,high,1771581938.0,1771582074.0,2026-02-20 10:07:54.737+00,2026-02-20 10:07:56.222401+00,17,18,18,unknown,unknown,,,False,1,1,1,0,8,117.0,117.0,1771582055.0,1771582055.0,ESTIMATE_ONLY_inter_question_gaps_unknown
99583587-20c6-4b9b-91a6-01a5e5a10217,4cfb4306-1fd2-4cac-b1a4-e605da568d7e,pattern,17,20,0.85,136,1,high,1771581938.0,1771582074.0,2026-02-20 10:07:54.737+00,2026-02-20 10:07:56.222401+00,18,19,19,unknown,unknown,,,False,2,2,1,0,12,125.0,125.0,1771582063.0,1771582063.0,ESTIMATE_ONLY_inter_question_gaps_unknown
99583587-20c6-4b9b-91a6-01a5e5a10217,4cfb4306-1fd2-4cac-b1a4-e605da568d7e,pattern,17,20,0.85,136,1,high,1771581938.0,1771582074.0,2026-02-20 10:07:54.737+00,2026-02-20 10:07:56.222401+00,19,20,20,unknown,unknown,,,False,1,0,0,0,13,137.0,137.0,1771582075.0,1771582075.0,ESTIMATE_ONLY_inter_question_gaps_unknown
99db0a78-5f52-49c7-863b-40c0796c1693,c33adeeb-6609-4bd1-8fbc-9b3562dea1d0,arithmetic,3,10,0.3,97,0,low,1776937756.0,1776937853.0,2026-04-23 09:50:53.339+00,2026-04-23 09:50:53.517075+00,0,1,1,easy,Addition,15,,False,0,0,1,0,5,0.0,0.0,1776937756.0,1776937756.0,ESTIMATE_ONLY_inter_question_gaps_unknown
99db0a78-5f52-49c7-863b-40c0796c1693,c33adeeb-6609-4bd1-8fbc-9b3562dea1d0,arithmetic,3,10,0.3,97,0,low,1776937756.0,1776937853.0,2026-04-23 09:50:53.339+00,2026-04-23 09:50:53.517075+00,1,2,2,easy,Division,15,,False,2,2,1,0,3,5.0,5.0,1776937761.0,1776937761.0,ESTIMATE_ONLY_inter_question_gaps_unknown
99db0a78-5f52-49c7-863b-40c0796c1693,c33adeeb-6609-4bd1-8fbc-9b3562dea1d0,arithmetic,3,10,0.3,97,0,low,1776937756.0,1776937853.0,2026-04-23 09:50:53.339+00,2026-04-23 09:50:53.517075+00,2,3,3,easy,Addition,15,,False,0,0,1,0,6,8.0,8.0,1776937764.0,1776937764.0,ESTIMATE_ONLY_inter_question_gaps_unknown
99db0a78-5f52-49c7-863b-40c0796c1693,c33adeeb-6609-4bd1-8fbc-9b3562dea1d0,arithmetic,3,10,0.3,97,0,low,1776937756.0,1776937853.0,2026-04-23 09:50:53.339+00,2026-04-23 09:50:53.517075+00,3,4,4,easy,Subtraction,15,,False,1,0,0,0,4,14.0,14.0,1776937770.0,1776937770.0,ESTIMATE_ONLY_inter_question_gaps_unknown
99db0a78-5f52-49c7-863b-40c0796c1693,c33adeeb-6609-4bd1-8fbc-9b3562dea1d0,arithmetic,3,10,0.3,97,0,low,1776937756.0,1776937853.0,2026-04-23 09:50:53.339+00,2026-04-23 09:50:53.517075+00,4,5,5,medium,Addition,20,,False,0,2,0,0,9,18.0,18.0,1776937774.0,1776937774.0,ESTIMATE_ONLY_inter_question_gaps_unknown
99db0a78-5f52-49c7-863b-40c0796c1693,c33adeeb-6609-4bd1-8fbc-9b3562dea1d0,arithmetic,3,10,0.3,97,0,low,1776937756.0,1776937853.0,2026-04-23 09:50:53.339+00,2026-04-23 09:50:53.517075+00,5,6,6,medium,Multiplication,20,,False,2,0,0,0,18,27.0,27.0,1776937783.0,1776937783.0,ESTIMATE_ONLY_inter_question_gaps_unknown
99db0a78-5f52-49c7-863b-40c0796c1693,c33adeeb-6609-4bd1-8fbc-9b3562dea1d0,arithmetic,3,10,0.3,97,0,low,1776937756.0,1776937853.0,2026-04-23 09:50:53.339+00,2026-04-23 09:50:53.517075+00,6,7,7,medium,Division,20,,False,0,1,0,0,7,45.0,45.0,1776937801.0,1776937801.0,ESTIMATE_ONLY_inter_question_gaps_unknown
99db0a78-5f52-49c7-863b-40c0796c1693,c33adeeb-6609-4bd1-8fbc-9b3562dea1d0,arithmetic,3,10,0.3,97,0,low,1776937756.0,1776937853.0,2026-04-23 09:50:53.339+00,2026-04-23 09:50:53.517075+00,7,8,8,hard,Percentage,30,,False,0,2,0,0,17,52.0,52.0,1776937808.0,1776937808.0,ESTIMATE_ONLY_inter_question_gaps_unknown
99db0a78-5f52-49c7-863b-40c0796c1693,c33adeeb-6609-4bd1-8fbc-9b3562dea1d0,arithmetic,3,10,0.3,97,0,low,1776937756.0,1776937853.0,2026-04-23 09:50:53.339+00,2026-04-23 09:50:53.517075+00,8,9,9,hard,Multiplication,30,,False,1,0,0,0,5,69.0,69.0,1776937825.0,1776937825.0,ESTIMATE_ONLY_inter_question_gaps_unknown
99db0a78-5f52-49c7-863b-40c0796c1693,c33adeeb-6609-4bd1-8fbc-9b3562dea1d0,arithmetic,3,10,0.3,97,0,low,1776937756.0,1776937853.0,2026-04-23 09:50:53.339+00,2026-04-23 09:50:53.517075+00,9,10,10,hard,Multi-step,30,,False,,1,0,1,30,74.0,74.0,1776937830.0,1776937830.0,ESTIMATE_ONLY_inter_question_gaps_unknown
9abe7112-fb0b-4e54-b41d-32baac061f43,4b00bcd7-936b-42d2-99b5-c0b8b78272c9,attention,7,10,0.7,116,1,mid,1776330646.0,1776330762.0,2026-04-16 09:12:42.618+00,2026-04-16 09:12:45.977388+00,0,1,1,easy,Oddball Detection,8,5,False,2,2,1,0,5,0.0,5.0,1776330646.0,1776330651.0,ESTIMATE_ONLY_inter_question_gaps_unknown
9abe7112-fb0b-4e54-b41d-32baac061f43,4b00bcd7-936b-42d2-99b5-c0b8b78272c9,attention,7,10,0.7,116,1,mid,1776330646.0,1776330762.0,2026-04-16 09:12:42.618+00,2026-04-16 09:12:45.977388+00,1,2,2,easy,Count Target,8,5,False,0,0,1,0,4,10.0,15.0,1776330656.0,1776330661.0,ESTIMATE_ONLY_inter_question_gaps_unknown
9abe7112-fb0b-4e54-b41d-32baac061f43,4b00bcd7-936b-42d2-99b5-c0b8b78272c9,attention,7,10,0.7,116,1,mid,1776330646.0,1776330762.0,2026-04-16 09:12:42.618+00,2026-04-16 09:12:45.977388+00,2,3,3,easy,Pattern Break,8,5,False,2,2,1,0,5,19.0,24.0,1776330665.0,1776330670.0,ESTIMATE_ONLY_inter_question_gaps_unknown
9abe7112-fb0b-4e54-b41d-32baac061f43,4b00bcd7-936b-42d2-99b5-c0b8b78272c9,attention,7,10,0.7,116,1,mid,1776330646.0,1776330762.0,2026-04-16 09:12:42.618+00,2026-04-16 09:12:45.977388+00,3,4,4,easy,Position Detect,8,5,False,2,1,0,0,6,29.0,34.0,1776330675.0,1776330680.0,ESTIMATE_ONLY_inter_question_gaps_unknown
9abe7112-fb0b-4e54-b41d-32baac061f43,4b00bcd7-936b-42d2-99b5-c0b8b78272c9,attention,7,10,0.7,116,1,mid,1776330646.0,1776330762.0,2026-04-16 09:12:42.618+00,2026-04-16 09:12:45.977388+00,4,5,5,medium,Rule Violation,10,6,False,2,2,1,0,9,40.0,46.0,1776330686.0,1776330692.0,ESTIMATE_ONLY_inter_question_gaps_unknown
9abe7112-fb0b-4e54-b41d-32baac061f43,4b00bcd7-936b-42d2-99b5-c0b8b78272c9,attention,7,10,0.7,116,1,mid,1776330646.0,1776330762.0,2026-04-16 09:12:42.618+00,2026-04-16 09:12:45.977388+00,5,6,6,medium,Count Target,10,6,False,2,0,0,0,6,55.0,61.0,1776330701.0,1776330707.0,ESTIMATE_ONLY_inter_question_gaps_unknown
9abe7112-fb0b-4e54-b41d-32baac061f43,4b00bcd7-936b-42d2-99b5-c0b8b78272c9,attention,7,10,0.7,116,1,mid,1776330646.0,1776330762.0,2026-04-16 09:12:42.618+00,2026-04-16 09:12:45.977388+00,6,7,7,medium,Count Target,10,6,False,2,2,1,0,7,67.0,73.0,1776330713.0,1776330719.0,ESTIMATE_ONLY_inter_question_gaps_unknown
9abe7112-fb0b-4e54-b41d-32baac061f43,4b00bcd7-936b-42d2-99b5-c0b8b78272c9,attention,7,10,0.7,116,1,mid,1776330646.0,1776330762.0,2026-04-16 09:12:42.618+00,2026-04-16 09:12:45.977388+00,7,8,8,hard,Count Target,12,7,False,1,2,0,0,4,80.0,87.0,1776330726.0,1776330733.0,ESTIMATE_ONLY_inter_question_gaps_unknown
9abe7112-fb0b-4e54-b41d-32baac061f43,4b00bcd7-936b-42d2-99b5-c0b8b78272c9,attention,7,10,0.7,116,1,mid,1776330646.0,1776330762.0,2026-04-16 09:12:42.618+00,2026-04-16 09:12:45.977388+00,8,9,9,hard,Rule Violation,12,7,False,2,2,1,0,8,91.0,98.0,1776330737.0,1776330744.0,ESTIMATE_ONLY_inter_question_gaps_unknown
9abe7112-fb0b-4e54-b41d-32baac061f43,4b00bcd7-936b-42d2-99b5-c0b8b78272c9,attention,7,10,0.7,116,1,mid,1776330646.0,1776330762.0,2026-04-16 09:12:42.618+00,2026-04-16 09:12:45.977388+00,9,10,10,hard,Pattern Break,12,7,False,2,2,1,0,6,106.0,113.0,1776330752.0,1776330759.0,ESTIMATE_ONLY_inter_question_gaps_unknown
9b12b6e4-26de-491e-88d1-310bb7d03077,a9fa0a9e-4c99-49b4-b75f-ba925babb6f9,comprehension,9,10,0.9,163,1,high,1776228648.0,1776228811.0,2026-04-15 04:53:31.396+00,2026-04-15 04:53:30.311444+00,0,1,1,easy,Fact Extraction,25,,True,0,0,1,0,6,0.0,0.0,1776228648.0,1776228648.0,ESTIMATE_ONLY_reading_phase_duration_unknown
9b12b6e4-26de-491e-88d1-310bb7d03077,a9fa0a9e-4c99-49b4-b75f-ba925babb6f9,comprehension,9,10,0.9,163,1,high,1776228648.0,1776228811.0,2026-04-15 04:53:31.396+00,2026-04-15 04:53:30.311444+00,1,2,2,medium,Detail Recall,25,,False,0,0,1,0,6,6.0,6.0,1776228654.0,1776228654.0,ESTIMATE_ONLY_inter_question_gaps_unknown
9b12b6e4-26de-491e-88d1-310bb7d03077,a9fa0a9e-4c99-49b4-b75f-ba925babb6f9,comprehension,9,10,0.9,163,1,high,1776228648.0,1776228811.0,2026-04-15 04:53:31.396+00,2026-04-15 04:53:30.311444+00,2,3,3,easy,Fact Extraction,25,,False,0,0,1,0,3,12.0,12.0,1776228660.0,1776228660.0,ESTIMATE_ONLY_inter_question_gaps_unknown
9b12b6e4-26de-491e-88d1-310bb7d03077,a9fa0a9e-4c99-49b4-b75f-ba925babb6f9,comprehension,9,10,0.9,163,1,high,1776228648.0,1776228811.0,2026-04-15 04:53:31.396+00,2026-04-15 04:53:30.311444+00,3,4,4,medium,Inference,25,,False,1,1,1,0,8,15.0,15.0,1776228663.0,1776228663.0,ESTIMATE_ONLY_inter_question_gaps_unknown
9b12b6e4-26de-491e-88d1-310bb7d03077,a9fa0a9e-4c99-49b4-b75f-ba925babb6f9,comprehension,9,10,0.9,163,1,high,1776228648.0,1776228811.0,2026-04-15 04:53:31.396+00,2026-04-15 04:53:30.311444+00,4,5,5,easy,Detail Recall,25,,False,0,0,1,0,9,23.0,23.0,1776228671.0,1776228671.0,ESTIMATE_ONLY_inter_question_gaps_unknown
9b12b6e4-26de-491e-88d1-310bb7d03077,a9fa0a9e-4c99-49b4-b75f-ba925babb6f9,comprehension,9,10,0.9,163,1,high,1776228648.0,1776228811.0,2026-04-15 04:53:31.396+00,2026-04-15 04:53:30.311444+00,5,6,6,easy,Fact Extraction,25,,True,1,1,1,0,3,32.0,32.0,1776228680.0,1776228680.0,ESTIMATE_ONLY_reading_phase_duration_unknown
9b12b6e4-26de-491e-88d1-310bb7d03077,a9fa0a9e-4c99-49b4-b75f-ba925babb6f9,comprehension,9,10,0.9,163,1,high,1776228648.0,1776228811.0,2026-04-15 04:53:31.396+00,2026-04-15 04:53:30.311444+00,6,7,7,easy,Detail Recall,25,,False,1,2,0,0,10,35.0,35.0,1776228683.0,1776228683.0,ESTIMATE_ONLY_inter_question_gaps_unknown
9b12b6e4-26de-491e-88d1-310bb7d03077,a9fa0a9e-4c99-49b4-b75f-ba925babb6f9,comprehension,9,10,0.9,163,1,high,1776228648.0,1776228811.0,2026-04-15 04:53:31.396+00,2026-04-15 04:53:30.311444+00,7,8,8,medium,Detail Recall,25,,False,0,0,1,0,6,45.0,45.0,1776228693.0,1776228693.0,ESTIMATE_ONLY_inter_question_gaps_unknown
9b12b6e4-26de-491e-88d1-310bb7d03077,a9fa0a9e-4c99-49b4-b75f-ba925babb6f9,comprehension,9,10,0.9,163,1,high,1776228648.0,1776228811.0,2026-04-15 04:53:31.396+00,2026-04-15 04:53:30.311444+00,8,9,9,medium,Inference,25,,False,1,1,1,0,6,51.0,51.0,1776228699.0,1776228699.0,ESTIMATE_ONLY_inter_question_gaps_unknown
9b12b6e4-26de-491e-88d1-310bb7d03077,a9fa0a9e-4c99-49b4-b75f-ba925babb6f9,comprehension,9,10,0.9,163,1,high,1776228648.0,1776228811.0,2026-04-15 04:53:31.396+00,2026-04-15 04:53:30.311444+00,9,10,10,easy,Fact Extraction,25,,False,1,1,1,0,10,57.0,57.0,1776228705.0,1776228705.0,ESTIMATE_ONLY_inter_question_gaps_unknown
9b5d6c30-0ade-408c-8260-58b4ad72c765,d103eb77-fd3d-4b89-83f1-4f34ec8d6123,pattern,8,10,0.8,58,1,high,1776422119.0,1776422177.0,2026-04-17 10:36:17.589+00,2026-04-17 10:36:18.630945+00,0,1,1,easy,Arithmetic Sequence,15,,False,2,2,1,0,3,0.0,0.0,1776422119.0,1776422119.0,ESTIMATE_ONLY_inter_question_gaps_unknown
9b5d6c30-0ade-408c-8260-58b4ad72c765,d103eb77-fd3d-4b89-83f1-4f34ec8d6123,pattern,8,10,0.8,58,1,high,1776422119.0,1776422177.0,2026-04-17 10:36:17.589+00,2026-04-17 10:36:18.630945+00,1,2,2,easy,Arithmetic Sequence,15,,False,0,0,1,0,3,3.0,3.0,1776422122.0,1776422122.0,ESTIMATE_ONLY_inter_question_gaps_unknown
9b5d6c30-0ade-408c-8260-58b4ad72c765,d103eb77-fd3d-4b89-83f1-4f34ec8d6123,pattern,8,10,0.8,58,1,high,1776422119.0,1776422177.0,2026-04-17 10:36:17.589+00,2026-04-17 10:36:18.630945+00,2,3,3,easy,Odd Numbers,15,,False,1,1,1,0,3,6.0,6.0,1776422125.0,1776422125.0,ESTIMATE_ONLY_inter_question_gaps_unknown
9b5d6c30-0ade-408c-8260-58b4ad72c765,d103eb77-fd3d-4b89-83f1-4f34ec8d6123,pattern,8,10,0.8,58,1,high,1776422119.0,1776422177.0,2026-04-17 10:36:17.589+00,2026-04-17 10:36:18.630945+00,3,4,4,easy,Decreasing Sequence,15,,False,2,2,1,0,3,9.0,9.0,1776422128.0,1776422128.0,ESTIMATE_ONLY_inter_question_gaps_unknown
9b5d6c30-0ade-408c-8260-58b4ad72c765,d103eb77-fd3d-4b89-83f1-4f34ec8d6123,pattern,8,10,0.8,58,1,high,1776422119.0,1776422177.0,2026-04-17 10:36:17.589+00,2026-04-17 10:36:18.630945+00,4,5,5,medium,Perfect Squares,20,,False,2,2,1,0,4,12.0,12.0,1776422131.0,1776422131.0,ESTIMATE_ONLY_inter_question_gaps_unknown
9b5d6c30-0ade-408c-8260-58b4ad72c765,d103eb77-fd3d-4b89-83f1-4f34ec8d6123,pattern,8,10,0.8,58,1,high,1776422119.0,1776422177.0,2026-04-17 10:36:17.589+00,2026-04-17 10:36:18.630945+00,5,6,6,medium,Fibonacci,20,,False,1,1,1,0,3,16.0,16.0,1776422135.0,1776422135.0,ESTIMATE_ONLY_inter_question_gaps_unknown
9b5d6c30-0ade-408c-8260-58b4ad72c765,d103eb77-fd3d-4b89-83f1-4f34ec8d6123,pattern,8,10,0.8,58,1,high,1776422119.0,1776422177.0,2026-04-17 10:36:17.589+00,2026-04-17 10:36:18.630945+00,6,7,7,medium,Perfect Cubes,20,,False,2,2,1,0,2,19.0,19.0,1776422138.0,1776422138.0,ESTIMATE_ONLY_inter_question_gaps_unknown
9b5d6c30-0ade-408c-8260-58b4ad72c765,d103eb77-fd3d-4b89-83f1-4f34ec8d6123,pattern,8,10,0.8,58,1,high,1776422119.0,1776422177.0,2026-04-17 10:36:17.589+00,2026-04-17 10:36:18.630945+00,7,8,8,hard,Triangular Differences,30,,False,1,2,0,0,12,21.0,21.0,1776422140.0,1776422140.0,ESTIMATE_ONLY_inter_question_gaps_unknown
9b5d6c30-0ade-408c-8260-58b4ad72c765,d103eb77-fd3d-4b89-83f1-4f34ec8d6123,pattern,8,10,0.8,58,1,high,1776422119.0,1776422177.0,2026-04-17 10:36:17.589+00,2026-04-17 10:36:18.630945+00,8,9,9,hard,Squares,30,,False,0,0,1,0,5,33.0,33.0,1776422152.0,1776422152.0,ESTIMATE_ONLY_inter_question_gaps_unknown
9b5d6c30-0ade-408c-8260-58b4ad72c765,d103eb77-fd3d-4b89-83f1-4f34ec8d6123,pattern,8,10,0.8,58,1,high,1776422119.0,1776422177.0,2026-04-17 10:36:17.589+00,2026-04-17 10:36:18.630945+00,9,10,10,hard,n(n+1),30,,False,1,0,0,0,27,38.0,38.0,1776422157.0,1776422157.0,ESTIMATE_ONLY_inter_question_gaps_unknown
9b86cfdb-9643-449c-9dc2-f58f392ed409,182b236c-a543-4d7f-b121-473dc33918f2,arithmetic,7,10,0.7,108,1,mid,1777372110.0,1777372218.0,2026-04-28 10:30:18.849+00,2026-04-28 10:30:19.644751+00,0,1,1,easy,Addition,15,,False,0,0,1,0,2,0.0,0.0,1777372110.0,1777372110.0,ESTIMATE_ONLY_inter_question_gaps_unknown
9b86cfdb-9643-449c-9dc2-f58f392ed409,182b236c-a543-4d7f-b121-473dc33918f2,arithmetic,7,10,0.7,108,1,mid,1777372110.0,1777372218.0,2026-04-28 10:30:18.849+00,2026-04-28 10:30:19.644751+00,1,2,2,easy,Division,15,,False,2,2,1,0,3,2.0,2.0,1777372112.0,1777372112.0,ESTIMATE_ONLY_inter_question_gaps_unknown
9b86cfdb-9643-449c-9dc2-f58f392ed409,182b236c-a543-4d7f-b121-473dc33918f2,arithmetic,7,10,0.7,108,1,mid,1777372110.0,1777372218.0,2026-04-28 10:30:18.849+00,2026-04-28 10:30:19.644751+00,2,3,3,easy,Addition,15,,False,0,0,1,0,6,5.0,5.0,1777372115.0,1777372115.0,ESTIMATE_ONLY_inter_question_gaps_unknown
9b86cfdb-9643-449c-9dc2-f58f392ed409,182b236c-a543-4d7f-b121-473dc33918f2,arithmetic,7,10,0.7,108,1,mid,1777372110.0,1777372218.0,2026-04-28 10:30:18.849+00,2026-04-28 10:30:19.644751+00,3,4,4,easy,Subtraction,15,,False,0,0,1,0,6,11.0,11.0,1777372121.0,1777372121.0,ESTIMATE_ONLY_inter_question_gaps_unknown
9b86cfdb-9643-449c-9dc2-f58f392ed409,182b236c-a543-4d7f-b121-473dc33918f2,arithmetic,7,10,0.7,108,1,mid,1777372110.0,1777372218.0,2026-04-28 10:30:18.849+00,2026-04-28 10:30:19.644751+00,4,5,5,medium,Addition,20,,False,2,2,1,0,12,17.0,17.0,1777372127.0,1777372127.0,ESTIMATE_ONLY_inter_question_gaps_unknown
9b86cfdb-9643-449c-9dc2-f58f392ed409,182b236c-a543-4d7f-b121-473dc33918f2,arithmetic,7,10,0.7,108,1,mid,1777372110.0,1777372218.0,2026-04-28 10:30:18.849+00,2026-04-28 10:30:19.644751+00,5,6,6,medium,Multiplication,20,,False,0,0,1,0,10,29.0,29.0,1777372139.0,1777372139.0,ESTIMATE_ONLY_inter_question_gaps_unknown
9b86cfdb-9643-449c-9dc2-f58f392ed409,182b236c-a543-4d7f-b121-473dc33918f2,arithmetic,7,10,0.7,108,1,mid,1777372110.0,1777372218.0,2026-04-28 10:30:18.849+00,2026-04-28 10:30:19.644751+00,6,7,7,medium,Division,20,,False,0,1,0,0,17,39.0,39.0,1777372149.0,1777372149.0,ESTIMATE_ONLY_inter_question_gaps_unknown
9b86cfdb-9643-449c-9dc2-f58f392ed409,182b236c-a543-4d7f-b121-473dc33918f2,arithmetic,7,10,0.7,108,1,mid,1777372110.0,1777372218.0,2026-04-28 10:30:18.849+00,2026-04-28 10:30:19.644751+00,7,8,8,hard,Percentage,30,,False,1,2,0,0,17,56.0,56.0,1777372166.0,1777372166.0,ESTIMATE_ONLY_inter_question_gaps_unknown
9b86cfdb-9643-449c-9dc2-f58f392ed409,182b236c-a543-4d7f-b121-473dc33918f2,arithmetic,7,10,0.7,108,1,mid,1777372110.0,1777372218.0,2026-04-28 10:30:18.849+00,2026-04-28 10:30:19.644751+00,8,9,9,hard,Multiplication,30,,False,1,0,0,0,17,73.0,73.0,1777372183.0,1777372183.0,ESTIMATE_ONLY_inter_question_gaps_unknown
9b86cfdb-9643-449c-9dc2-f58f392ed409,182b236c-a543-4d7f-b121-473dc33918f2,arithmetic,7,10,0.7,108,1,mid,1777372110.0,1777372218.0,2026-04-28 10:30:18.849+00,2026-04-28 10:30:19.644751+00,9,10,10,hard,Multi-step,30,,False,1,1,1,0,23,90.0,90.0,1777372200.0,1777372200.0,ESTIMATE_ONLY_inter_question_gaps_unknown
9c326172-3f68-47f4-be39-b80960ba7845,4885d4b0-45a4-4809-93f1-b004dd932716,comprehension,7,10,0.7,87,1,mid,1776324237.0,1776324324.0,2026-04-16 07:25:24.363+00,2026-04-16 07:25:25.280915+00,0,1,1,easy,Fact Extraction,25,,True,0,0,1,0,8,0.0,0.0,1776324237.0,1776324237.0,ESTIMATE_ONLY_reading_phase_duration_unknown
9c326172-3f68-47f4-be39-b80960ba7845,4885d4b0-45a4-4809-93f1-b004dd932716,comprehension,7,10,0.7,87,1,mid,1776324237.0,1776324324.0,2026-04-16 07:25:24.363+00,2026-04-16 07:25:25.280915+00,1,2,2,medium,Detail Recall,25,,False,1,0,0,0,6,8.0,8.0,1776324245.0,1776324245.0,ESTIMATE_ONLY_inter_question_gaps_unknown
9c326172-3f68-47f4-be39-b80960ba7845,4885d4b0-45a4-4809-93f1-b004dd932716,comprehension,7,10,0.7,87,1,mid,1776324237.0,1776324324.0,2026-04-16 07:25:24.363+00,2026-04-16 07:25:25.280915+00,2,3,3,easy,Fact Extraction,25,,False,0,0,1,0,4,14.0,14.0,1776324251.0,1776324251.0,ESTIMATE_ONLY_inter_question_gaps_unknown
9c326172-3f68-47f4-be39-b80960ba7845,4885d4b0-45a4-4809-93f1-b004dd932716,comprehension,7,10,0.7,87,1,mid,1776324237.0,1776324324.0,2026-04-16 07:25:24.363+00,2026-04-16 07:25:25.280915+00,3,4,4,medium,Inference,25,,False,1,1,1,0,8,18.0,18.0,1776324255.0,1776324255.0,ESTIMATE_ONLY_inter_question_gaps_unknown
9c326172-3f68-47f4-be39-b80960ba7845,4885d4b0-45a4-4809-93f1-b004dd932716,comprehension,7,10,0.7,87,1,mid,1776324237.0,1776324324.0,2026-04-16 07:25:24.363+00,2026-04-16 07:25:25.280915+00,4,5,5,easy,Detail Recall,25,,False,0,0,1,0,8,26.0,26.0,1776324263.0,1776324263.0,ESTIMATE_ONLY_inter_question_gaps_unknown
9c326172-3f68-47f4-be39-b80960ba7845,4885d4b0-45a4-4809-93f1-b004dd932716,comprehension,7,10,0.7,87,1,mid,1776324237.0,1776324324.0,2026-04-16 07:25:24.363+00,2026-04-16 07:25:25.280915+00,5,6,6,easy,Fact Extraction,25,,True,1,1,1,0,1,34.0,34.0,1776324271.0,1776324271.0,ESTIMATE_ONLY_reading_phase_duration_unknown
9c326172-3f68-47f4-be39-b80960ba7845,4885d4b0-45a4-4809-93f1-b004dd932716,comprehension,7,10,0.7,87,1,mid,1776324237.0,1776324324.0,2026-04-16 07:25:24.363+00,2026-04-16 07:25:25.280915+00,6,7,7,easy,Detail Recall,25,,False,2,2,1,0,5,35.0,35.0,1776324272.0,1776324272.0,ESTIMATE_ONLY_inter_question_gaps_unknown
9c326172-3f68-47f4-be39-b80960ba7845,4885d4b0-45a4-4809-93f1-b004dd932716,comprehension,7,10,0.7,87,1,mid,1776324237.0,1776324324.0,2026-04-16 07:25:24.363+00,2026-04-16 07:25:25.280915+00,7,8,8,medium,Detail Recall,25,,False,1,0,0,0,7,40.0,40.0,1776324277.0,1776324277.0,ESTIMATE_ONLY_inter_question_gaps_unknown
9c326172-3f68-47f4-be39-b80960ba7845,4885d4b0-45a4-4809-93f1-b004dd932716,comprehension,7,10,0.7,87,1,mid,1776324237.0,1776324324.0,2026-04-16 07:25:24.363+00,2026-04-16 07:25:25.280915+00,8,9,9,medium,Inference,25,,False,0,1,0,0,8,47.0,47.0,1776324284.0,1776324284.0,ESTIMATE_ONLY_inter_question_gaps_unknown
9c326172-3f68-47f4-be39-b80960ba7845,4885d4b0-45a4-4809-93f1-b004dd932716,comprehension,7,10,0.7,87,1,mid,1776324237.0,1776324324.0,2026-04-16 07:25:24.363+00,2026-04-16 07:25:25.280915+00,9,10,10,easy,Fact Extraction,25,,False,1,1,1,0,6,55.0,55.0,1776324292.0,1776324292.0,ESTIMATE_ONLY_inter_question_gaps_unknown
9c5fadcc-27cc-47b5-9459-eeecc77716e2,077f1f73-3786-4d01-8c77-d40cf7f07ae1,pattern,9,10,0.9,71,1,high,1776751551.0,1776751622.0,2026-04-21 06:07:02.868+00,2026-04-21 06:07:02.585082+00,0,1,1,easy,Arithmetic Sequence,15,,False,2,2,1,0,4,0.0,0.0,1776751551.0,1776751551.0,ESTIMATE_ONLY_inter_question_gaps_unknown
9c5fadcc-27cc-47b5-9459-eeecc77716e2,077f1f73-3786-4d01-8c77-d40cf7f07ae1,pattern,9,10,0.9,71,1,high,1776751551.0,1776751622.0,2026-04-21 06:07:02.868+00,2026-04-21 06:07:02.585082+00,1,2,2,easy,Arithmetic Sequence,15,,False,0,0,1,0,2,4.0,4.0,1776751555.0,1776751555.0,ESTIMATE_ONLY_inter_question_gaps_unknown
9c5fadcc-27cc-47b5-9459-eeecc77716e2,077f1f73-3786-4d01-8c77-d40cf7f07ae1,pattern,9,10,0.9,71,1,high,1776751551.0,1776751622.0,2026-04-21 06:07:02.868+00,2026-04-21 06:07:02.585082+00,2,3,3,easy,Odd Numbers,15,,False,1,1,1,0,2,6.0,6.0,1776751557.0,1776751557.0,ESTIMATE_ONLY_inter_question_gaps_unknown
9c5fadcc-27cc-47b5-9459-eeecc77716e2,077f1f73-3786-4d01-8c77-d40cf7f07ae1,pattern,9,10,0.9,71,1,high,1776751551.0,1776751622.0,2026-04-21 06:07:02.868+00,2026-04-21 06:07:02.585082+00,3,4,4,easy,Decreasing Sequence,15,,False,2,2,1,0,3,8.0,8.0,1776751559.0,1776751559.0,ESTIMATE_ONLY_inter_question_gaps_unknown
9c5fadcc-27cc-47b5-9459-eeecc77716e2,077f1f73-3786-4d01-8c77-d40cf7f07ae1,pattern,9,10,0.9,71,1,high,1776751551.0,1776751622.0,2026-04-21 06:07:02.868+00,2026-04-21 06:07:02.585082+00,4,5,5,medium,Perfect Squares,20,,False,2,2,1,0,3,11.0,11.0,1776751562.0,1776751562.0,ESTIMATE_ONLY_inter_question_gaps_unknown
9c5fadcc-27cc-47b5-9459-eeecc77716e2,077f1f73-3786-4d01-8c77-d40cf7f07ae1,pattern,9,10,0.9,71,1,high,1776751551.0,1776751622.0,2026-04-21 06:07:02.868+00,2026-04-21 06:07:02.585082+00,5,6,6,medium,Fibonacci,20,,False,1,1,1,0,8,14.0,14.0,1776751565.0,1776751565.0,ESTIMATE_ONLY_inter_question_gaps_unknown
9c5fadcc-27cc-47b5-9459-eeecc77716e2,077f1f73-3786-4d01-8c77-d40cf7f07ae1,pattern,9,10,0.9,71,1,high,1776751551.0,1776751622.0,2026-04-21 06:07:02.868+00,2026-04-21 06:07:02.585082+00,6,7,7,medium,Perfect Cubes,20,,False,2,2,1,0,15,22.0,22.0,1776751573.0,1776751573.0,ESTIMATE_ONLY_inter_question_gaps_unknown
9c5fadcc-27cc-47b5-9459-eeecc77716e2,077f1f73-3786-4d01-8c77-d40cf7f07ae1,pattern,9,10,0.9,71,1,high,1776751551.0,1776751622.0,2026-04-21 06:07:02.868+00,2026-04-21 06:07:02.585082+00,7,8,8,hard,Triangular Differences,30,,False,2,2,1,0,14,37.0,37.0,1776751588.0,1776751588.0,ESTIMATE_ONLY_inter_question_gaps_unknown
9c5fadcc-27cc-47b5-9459-eeecc77716e2,077f1f73-3786-4d01-8c77-d40cf7f07ae1,pattern,9,10,0.9,71,1,high,1776751551.0,1776751622.0,2026-04-21 06:07:02.868+00,2026-04-21 06:07:02.585082+00,8,9,9,hard,Squares,30,,False,2,0,0,0,5,51.0,51.0,1776751602.0,1776751602.0,ESTIMATE_ONLY_inter_question_gaps_unknown
9c5fadcc-27cc-47b5-9459-eeecc77716e2,077f1f73-3786-4d01-8c77-d40cf7f07ae1,pattern,9,10,0.9,71,1,high,1776751551.0,1776751622.0,2026-04-21 06:07:02.868+00,2026-04-21 06:07:02.585082+00,9,10,10,hard,n(n+1),30,,False,0,0,1,0,19,56.0,56.0,1776751607.0,1776751607.0,ESTIMATE_ONLY_inter_question_gaps_unknown
9d4c753d-62ca-4ff0-9eb6-552ab4ecaf16,8c27a478-52f0-442d-a434-fe798e047585,pattern,10,10,1.0,49,1,high,1776939827.0,1776939876.0,2026-04-23 10:24:36.948+00,2026-04-23 10:24:36.670004+00,0,1,1,easy,Arithmetic Sequence,15,,False,2,2,1,0,3,0.0,0.0,1776939827.0,1776939827.0,ESTIMATE_ONLY_inter_question_gaps_unknown
9d4c753d-62ca-4ff0-9eb6-552ab4ecaf16,8c27a478-52f0-442d-a434-fe798e047585,pattern,10,10,1.0,49,1,high,1776939827.0,1776939876.0,2026-04-23 10:24:36.948+00,2026-04-23 10:24:36.670004+00,1,2,2,easy,Arithmetic Sequence,15,,False,0,0,1,0,2,3.0,3.0,1776939830.0,1776939830.0,ESTIMATE_ONLY_inter_question_gaps_unknown
9d4c753d-62ca-4ff0-9eb6-552ab4ecaf16,8c27a478-52f0-442d-a434-fe798e047585,pattern,10,10,1.0,49,1,high,1776939827.0,1776939876.0,2026-04-23 10:24:36.948+00,2026-04-23 10:24:36.670004+00,2,3,3,easy,Odd Numbers,15,,False,1,1,1,0,2,5.0,5.0,1776939832.0,1776939832.0,ESTIMATE_ONLY_inter_question_gaps_unknown
9d4c753d-62ca-4ff0-9eb6-552ab4ecaf16,8c27a478-52f0-442d-a434-fe798e047585,pattern,10,10,1.0,49,1,high,1776939827.0,1776939876.0,2026-04-23 10:24:36.948+00,2026-04-23 10:24:36.670004+00,3,4,4,easy,Decreasing Sequence,15,,False,2,2,1,0,3,7.0,7.0,1776939834.0,1776939834.0,ESTIMATE_ONLY_inter_question_gaps_unknown
9d4c753d-62ca-4ff0-9eb6-552ab4ecaf16,8c27a478-52f0-442d-a434-fe798e047585,pattern,10,10,1.0,49,1,high,1776939827.0,1776939876.0,2026-04-23 10:24:36.948+00,2026-04-23 10:24:36.670004+00,4,5,5,medium,Perfect Squares,20,,False,2,2,1,0,4,10.0,10.0,1776939837.0,1776939837.0,ESTIMATE_ONLY_inter_question_gaps_unknown
9d4c753d-62ca-4ff0-9eb6-552ab4ecaf16,8c27a478-52f0-442d-a434-fe798e047585,pattern,10,10,1.0,49,1,high,1776939827.0,1776939876.0,2026-04-23 10:24:36.948+00,2026-04-23 10:24:36.670004+00,5,6,6,medium,Fibonacci,20,,False,1,1,1,0,5,14.0,14.0,1776939841.0,1776939841.0,ESTIMATE_ONLY_inter_question_gaps_unknown
9d4c753d-62ca-4ff0-9eb6-552ab4ecaf16,8c27a478-52f0-442d-a434-fe798e047585,pattern,10,10,1.0,49,1,high,1776939827.0,1776939876.0,2026-04-23 10:24:36.948+00,2026-04-23 10:24:36.670004+00,6,7,7,medium,Perfect Cubes,20,,False,2,2,1,0,3,19.0,19.0,1776939846.0,1776939846.0,ESTIMATE_ONLY_inter_question_gaps_unknown
9d4c753d-62ca-4ff0-9eb6-552ab4ecaf16,8c27a478-52f0-442d-a434-fe798e047585,pattern,10,10,1.0,49,1,high,1776939827.0,1776939876.0,2026-04-23 10:24:36.948+00,2026-04-23 10:24:36.670004+00,7,8,8,hard,Triangular Differences,30,,False,2,2,1,0,18,22.0,22.0,1776939849.0,1776939849.0,ESTIMATE_ONLY_inter_question_gaps_unknown
9d4c753d-62ca-4ff0-9eb6-552ab4ecaf16,8c27a478-52f0-442d-a434-fe798e047585,pattern,10,10,1.0,49,1,high,1776939827.0,1776939876.0,2026-04-23 10:24:36.948+00,2026-04-23 10:24:36.670004+00,8,9,9,hard,Squares,30,,False,0,0,1,0,3,40.0,40.0,1776939867.0,1776939867.0,ESTIMATE_ONLY_inter_question_gaps_unknown
9d4c753d-62ca-4ff0-9eb6-552ab4ecaf16,8c27a478-52f0-442d-a434-fe798e047585,pattern,10,10,1.0,49,1,high,1776939827.0,1776939876.0,2026-04-23 10:24:36.948+00,2026-04-23 10:24:36.670004+00,9,10,10,hard,n(n+1),30,,False,0,0,1,0,11,43.0,43.0,1776939870.0,1776939870.0,ESTIMATE_ONLY_inter_question_gaps_unknown
9d8974fc-7af8-451a-b0a3-f430c20b041a,a32edb5b-8092-4f01-add0-35bbaf8e88b3,memory,9,10,0.9,85,1,high,1777006160.0,1777006245.0,2026-04-24 04:50:45.847+00,2026-04-24 04:50:46.32974+00,0,1,1,easy,Digit Recall,10,5,False,0,0,1,0,3,0.0,5.0,1777006160.0,1777006165.0,ESTIMATE_ONLY_inter_question_gaps_unknown
9d8974fc-7af8-451a-b0a3-f430c20b041a,a32edb5b-8092-4f01-add0-35bbaf8e88b3,memory,9,10,0.9,85,1,high,1777006160.0,1777006245.0,2026-04-24 04:50:45.847+00,2026-04-24 04:50:46.32974+00,1,2,2,easy,Word Recall,10,5,False,2,2,1,0,3,8.0,13.0,1777006168.0,1777006173.0,ESTIMATE_ONLY_inter_question_gaps_unknown
9d8974fc-7af8-451a-b0a3-f430c20b041a,a32edb5b-8092-4f01-add0-35bbaf8e88b3,memory,9,10,0.9,85,1,high,1777006160.0,1777006245.0,2026-04-24 04:50:45.847+00,2026-04-24 04:50:46.32974+00,2,3,3,easy,Digit Recall,10,5,False,1,1,1,0,2,16.0,21.0,1777006176.0,1777006181.0,ESTIMATE_ONLY_inter_question_gaps_unknown
9d8974fc-7af8-451a-b0a3-f430c20b041a,a32edb5b-8092-4f01-add0-35bbaf8e88b3,memory,9,10,0.9,85,1,high,1777006160.0,1777006245.0,2026-04-24 04:50:45.847+00,2026-04-24 04:50:46.32974+00,3,4,4,easy,Word Recall,10,5,False,0,0,1,0,3,23.0,28.0,1777006183.0,1777006188.0,ESTIMATE_ONLY_inter_question_gaps_unknown
9d8974fc-7af8-451a-b0a3-f430c20b041a,a32edb5b-8092-4f01-add0-35bbaf8e88b3,memory,9,10,0.9,85,1,high,1777006160.0,1777006245.0,2026-04-24 04:50:45.847+00,2026-04-24 04:50:46.32974+00,4,5,5,medium,Digit Recall,12,6,False,0,0,1,0,2,31.0,37.0,1777006191.0,1777006197.0,ESTIMATE_ONLY_inter_question_gaps_unknown
9d8974fc-7af8-451a-b0a3-f430c20b041a,a32edb5b-8092-4f01-add0-35bbaf8e88b3,memory,9,10,0.9,85,1,high,1777006160.0,1777006245.0,2026-04-24 04:50:45.847+00,2026-04-24 04:50:46.32974+00,5,6,6,medium,Position Recall,12,6,False,1,1,1,0,3,39.0,45.0,1777006199.0,1777006205.0,ESTIMATE_ONLY_inter_question_gaps_unknown
9d8974fc-7af8-451a-b0a3-f430c20b041a,a32edb5b-8092-4f01-add0-35bbaf8e88b3,memory,9,10,0.9,85,1,high,1777006160.0,1777006245.0,2026-04-24 04:50:45.847+00,2026-04-24 04:50:46.32974+00,6,7,7,medium,Position Recall,12,6,False,2,2,1,0,4,48.0,54.0,1777006208.0,1777006214.0,ESTIMATE_ONLY_inter_question_gaps_unknown
9d8974fc-7af8-451a-b0a3-f430c20b041a,a32edb5b-8092-4f01-add0-35bbaf8e88b3,memory,9,10,0.9,85,1,high,1777006160.0,1777006245.0,2026-04-24 04:50:45.847+00,2026-04-24 04:50:46.32974+00,7,8,8,hard,Sequence Recall,15,7,False,0,0,1,0,4,58.0,65.0,1777006218.0,1777006225.0,ESTIMATE_ONLY_inter_question_gaps_unknown
9d8974fc-7af8-451a-b0a3-f430c20b041a,a32edb5b-8092-4f01-add0-35bbaf8e88b3,memory,9,10,0.9,85,1,high,1777006160.0,1777006245.0,2026-04-24 04:50:45.847+00,2026-04-24 04:50:46.32974+00,8,9,9,hard,Position Recall,15,7,False,1,1,1,0,2,69.0,76.0,1777006229.0,1777006236.0,ESTIMATE_ONLY_inter_question_gaps_unknown
9d8974fc-7af8-451a-b0a3-f430c20b041a,a32edb5b-8092-4f01-add0-35bbaf8e88b3,memory,9,10,0.9,85,1,high,1777006160.0,1777006245.0,2026-04-24 04:50:45.847+00,2026-04-24 04:50:46.32974+00,9,10,10,hard,Digit Analysis,15,7,False,0,2,0,0,3,78.0,85.0,1777006238.0,1777006245.0,ESTIMATE_ONLY_inter_question_gaps_unknown
9d994208-8fce-420e-892a-e80dff71accb,15f6773b-607d-4409-a94f-78d24eac8e34,arithmetic,7,10,0.7,67,1,mid,1776331502.0,1776331569.0,2026-04-16 09:26:09.42+00,2026-04-16 09:26:14.602113+00,0,1,1,easy,Addition,15,,False,0,0,1,0,4,0.0,0.0,1776331502.0,1776331502.0,ESTIMATE_ONLY_inter_question_gaps_unknown
9d994208-8fce-420e-892a-e80dff71accb,15f6773b-607d-4409-a94f-78d24eac8e34,arithmetic,7,10,0.7,67,1,mid,1776331502.0,1776331569.0,2026-04-16 09:26:09.42+00,2026-04-16 09:26:14.602113+00,1,2,2,easy,Division,15,,False,2,2,1,0,5,4.0,4.0,1776331506.0,1776331506.0,ESTIMATE_ONLY_inter_question_gaps_unknown
9d994208-8fce-420e-892a-e80dff71accb,15f6773b-607d-4409-a94f-78d24eac8e34,arithmetic,7,10,0.7,67,1,mid,1776331502.0,1776331569.0,2026-04-16 09:26:09.42+00,2026-04-16 09:26:14.602113+00,2,3,3,easy,Addition,15,,False,0,0,1,0,7,9.0,9.0,1776331511.0,1776331511.0,ESTIMATE_ONLY_inter_question_gaps_unknown
9d994208-8fce-420e-892a-e80dff71accb,15f6773b-607d-4409-a94f-78d24eac8e34,arithmetic,7,10,0.7,67,1,mid,1776331502.0,1776331569.0,2026-04-16 09:26:09.42+00,2026-04-16 09:26:14.602113+00,3,4,4,easy,Subtraction,15,,False,0,0,1,0,4,16.0,16.0,1776331518.0,1776331518.0,ESTIMATE_ONLY_inter_question_gaps_unknown
9d994208-8fce-420e-892a-e80dff71accb,15f6773b-607d-4409-a94f-78d24eac8e34,arithmetic,7,10,0.7,67,1,mid,1776331502.0,1776331569.0,2026-04-16 09:26:09.42+00,2026-04-16 09:26:14.602113+00,4,5,5,medium,Addition,20,,False,0,2,0,0,8,20.0,20.0,1776331522.0,1776331522.0,ESTIMATE_ONLY_inter_question_gaps_unknown
9d994208-8fce-420e-892a-e80dff71accb,15f6773b-607d-4409-a94f-78d24eac8e34,arithmetic,7,10,0.7,67,1,mid,1776331502.0,1776331569.0,2026-04-16 09:26:09.42+00,2026-04-16 09:26:14.602113+00,5,6,6,medium,Multiplication,20,,False,0,0,1,0,9,28.0,28.0,1776331530.0,1776331530.0,ESTIMATE_ONLY_inter_question_gaps_unknown
9d994208-8fce-420e-892a-e80dff71accb,15f6773b-607d-4409-a94f-78d24eac8e34,arithmetic,7,10,0.7,67,1,mid,1776331502.0,1776331569.0,2026-04-16 09:26:09.42+00,2026-04-16 09:26:14.602113+00,6,7,7,medium,Division,20,,False,1,1,1,0,5,37.0,37.0,1776331539.0,1776331539.0,ESTIMATE_ONLY_inter_question_gaps_unknown
9d994208-8fce-420e-892a-e80dff71accb,15f6773b-607d-4409-a94f-78d24eac8e34,arithmetic,7,10,0.7,67,1,mid,1776331502.0,1776331569.0,2026-04-16 09:26:09.42+00,2026-04-16 09:26:14.602113+00,7,8,8,hard,Percentage,30,,False,2,2,1,0,4,42.0,42.0,1776331544.0,1776331544.0,ESTIMATE_ONLY_inter_question_gaps_unknown
9d994208-8fce-420e-892a-e80dff71accb,15f6773b-607d-4409-a94f-78d24eac8e34,arithmetic,7,10,0.7,67,1,mid,1776331502.0,1776331569.0,2026-04-16 09:26:09.42+00,2026-04-16 09:26:14.602113+00,8,9,9,hard,Multiplication,30,,False,2,0,0,0,6,46.0,46.0,1776331548.0,1776331548.0,ESTIMATE_ONLY_inter_question_gaps_unknown
9d994208-8fce-420e-892a-e80dff71accb,15f6773b-607d-4409-a94f-78d24eac8e34,arithmetic,7,10,0.7,67,1,mid,1776331502.0,1776331569.0,2026-04-16 09:26:09.42+00,2026-04-16 09:26:14.602113+00,9,10,10,hard,Multi-step,30,,False,2,1,0,0,19,52.0,52.0,1776331554.0,1776331554.0,ESTIMATE_ONLY_inter_question_gaps_unknown
a07dafe0-8a80-448b-89fe-93e860c4db3b,4b00bcd7-936b-42d2-99b5-c0b8b78272c9,attention,7,10,0.7,116,1,mid,1776330630.0,1776330746.0,2026-04-16 09:12:26.207+00,2026-04-16 09:12:40.733409+00,0,1,1,easy,Oddball Detection,8,5,False,2,2,1,0,5,0.0,5.0,1776330630.0,1776330635.0,ESTIMATE_ONLY_inter_question_gaps_unknown
a07dafe0-8a80-448b-89fe-93e860c4db3b,4b00bcd7-936b-42d2-99b5-c0b8b78272c9,attention,7,10,0.7,116,1,mid,1776330630.0,1776330746.0,2026-04-16 09:12:26.207+00,2026-04-16 09:12:40.733409+00,1,2,2,easy,Count Target,8,5,False,0,0,1,0,4,10.0,15.0,1776330640.0,1776330645.0,ESTIMATE_ONLY_inter_question_gaps_unknown
a07dafe0-8a80-448b-89fe-93e860c4db3b,4b00bcd7-936b-42d2-99b5-c0b8b78272c9,attention,7,10,0.7,116,1,mid,1776330630.0,1776330746.0,2026-04-16 09:12:26.207+00,2026-04-16 09:12:40.733409+00,2,3,3,easy,Pattern Break,8,5,False,2,2,1,0,5,19.0,24.0,1776330649.0,1776330654.0,ESTIMATE_ONLY_inter_question_gaps_unknown
a07dafe0-8a80-448b-89fe-93e860c4db3b,4b00bcd7-936b-42d2-99b5-c0b8b78272c9,attention,7,10,0.7,116,1,mid,1776330630.0,1776330746.0,2026-04-16 09:12:26.207+00,2026-04-16 09:12:40.733409+00,3,4,4,easy,Position Detect,8,5,False,2,1,0,0,6,29.0,34.0,1776330659.0,1776330664.0,ESTIMATE_ONLY_inter_question_gaps_unknown
a07dafe0-8a80-448b-89fe-93e860c4db3b,4b00bcd7-936b-42d2-99b5-c0b8b78272c9,attention,7,10,0.7,116,1,mid,1776330630.0,1776330746.0,2026-04-16 09:12:26.207+00,2026-04-16 09:12:40.733409+00,4,5,5,medium,Rule Violation,10,6,False,2,2,1,0,9,40.0,46.0,1776330670.0,1776330676.0,ESTIMATE_ONLY_inter_question_gaps_unknown
a07dafe0-8a80-448b-89fe-93e860c4db3b,4b00bcd7-936b-42d2-99b5-c0b8b78272c9,attention,7,10,0.7,116,1,mid,1776330630.0,1776330746.0,2026-04-16 09:12:26.207+00,2026-04-16 09:12:40.733409+00,5,6,6,medium,Count Target,10,6,False,2,0,0,0,6,55.0,61.0,1776330685.0,1776330691.0,ESTIMATE_ONLY_inter_question_gaps_unknown
a07dafe0-8a80-448b-89fe-93e860c4db3b,4b00bcd7-936b-42d2-99b5-c0b8b78272c9,attention,7,10,0.7,116,1,mid,1776330630.0,1776330746.0,2026-04-16 09:12:26.207+00,2026-04-16 09:12:40.733409+00,6,7,7,medium,Count Target,10,6,False,2,2,1,0,7,67.0,73.0,1776330697.0,1776330703.0,ESTIMATE_ONLY_inter_question_gaps_unknown
a07dafe0-8a80-448b-89fe-93e860c4db3b,4b00bcd7-936b-42d2-99b5-c0b8b78272c9,attention,7,10,0.7,116,1,mid,1776330630.0,1776330746.0,2026-04-16 09:12:26.207+00,2026-04-16 09:12:40.733409+00,7,8,8,hard,Count Target,12,7,False,1,2,0,0,4,80.0,87.0,1776330710.0,1776330717.0,ESTIMATE_ONLY_inter_question_gaps_unknown
a07dafe0-8a80-448b-89fe-93e860c4db3b,4b00bcd7-936b-42d2-99b5-c0b8b78272c9,attention,7,10,0.7,116,1,mid,1776330630.0,1776330746.0,2026-04-16 09:12:26.207+00,2026-04-16 09:12:40.733409+00,8,9,9,hard,Rule Violation,12,7,False,2,2,1,0,8,91.0,98.0,1776330721.0,1776330728.0,ESTIMATE_ONLY_inter_question_gaps_unknown
a07dafe0-8a80-448b-89fe-93e860c4db3b,4b00bcd7-936b-42d2-99b5-c0b8b78272c9,attention,7,10,0.7,116,1,mid,1776330630.0,1776330746.0,2026-04-16 09:12:26.207+00,2026-04-16 09:12:40.733409+00,9,10,10,hard,Pattern Break,12,7,False,2,2,1,0,6,106.0,113.0,1776330736.0,1776330743.0,ESTIMATE_ONLY_inter_question_gaps_unknown
a199b778-5d76-442c-b56a-518eb9fe8063,caa4b854-4eea-4177-a19c-2d0f4929874e,memory,9,10,0.9,88,1,high,1776333351.0,1776333439.0,2026-04-16 09:57:19.661+00,2026-04-16 09:57:20.56775+00,0,1,1,easy,Digit Recall,10,5,False,0,0,1,0,3,0.0,5.0,1776333351.0,1776333356.0,ESTIMATE_ONLY_inter_question_gaps_unknown
a199b778-5d76-442c-b56a-518eb9fe8063,caa4b854-4eea-4177-a19c-2d0f4929874e,memory,9,10,0.9,88,1,high,1776333351.0,1776333439.0,2026-04-16 09:57:19.661+00,2026-04-16 09:57:20.56775+00,1,2,2,easy,Word Recall,10,5,False,2,2,1,0,3,8.0,13.0,1776333359.0,1776333364.0,ESTIMATE_ONLY_inter_question_gaps_unknown
a199b778-5d76-442c-b56a-518eb9fe8063,caa4b854-4eea-4177-a19c-2d0f4929874e,memory,9,10,0.9,88,1,high,1776333351.0,1776333439.0,2026-04-16 09:57:19.661+00,2026-04-16 09:57:20.56775+00,2,3,3,easy,Digit Recall,10,5,False,1,1,1,0,2,16.0,21.0,1776333367.0,1776333372.0,ESTIMATE_ONLY_inter_question_gaps_unknown
a199b778-5d76-442c-b56a-518eb9fe8063,caa4b854-4eea-4177-a19c-2d0f4929874e,memory,9,10,0.9,88,1,high,1776333351.0,1776333439.0,2026-04-16 09:57:19.661+00,2026-04-16 09:57:20.56775+00,3,4,4,easy,Word Recall,10,5,False,0,0,1,0,2,23.0,28.0,1776333374.0,1776333379.0,ESTIMATE_ONLY_inter_question_gaps_unknown
a199b778-5d76-442c-b56a-518eb9fe8063,caa4b854-4eea-4177-a19c-2d0f4929874e,memory,9,10,0.9,88,1,high,1776333351.0,1776333439.0,2026-04-16 09:57:19.661+00,2026-04-16 09:57:20.56775+00,4,5,5,medium,Digit Recall,12,6,False,0,0,1,0,4,30.0,36.0,1776333381.0,1776333387.0,ESTIMATE_ONLY_inter_question_gaps_unknown
a199b778-5d76-442c-b56a-518eb9fe8063,caa4b854-4eea-4177-a19c-2d0f4929874e,memory,9,10,0.9,88,1,high,1776333351.0,1776333439.0,2026-04-16 09:57:19.661+00,2026-04-16 09:57:20.56775+00,5,6,6,medium,Position Recall,12,6,False,1,1,1,0,3,40.0,46.0,1776333391.0,1776333397.0,ESTIMATE_ONLY_inter_question_gaps_unknown
a199b778-5d76-442c-b56a-518eb9fe8063,caa4b854-4eea-4177-a19c-2d0f4929874e,memory,9,10,0.9,88,1,high,1776333351.0,1776333439.0,2026-04-16 09:57:19.661+00,2026-04-16 09:57:20.56775+00,6,7,7,medium,Position Recall,12,6,False,2,2,1,0,3,49.0,55.0,1776333400.0,1776333406.0,ESTIMATE_ONLY_inter_question_gaps_unknown
a199b778-5d76-442c-b56a-518eb9fe8063,caa4b854-4eea-4177-a19c-2d0f4929874e,memory,9,10,0.9,88,1,high,1776333351.0,1776333439.0,2026-04-16 09:57:19.661+00,2026-04-16 09:57:20.56775+00,7,8,8,hard,Sequence Recall,15,7,False,0,0,1,0,5,58.0,65.0,1776333409.0,1776333416.0,ESTIMATE_ONLY_inter_question_gaps_unknown
a199b778-5d76-442c-b56a-518eb9fe8063,caa4b854-4eea-4177-a19c-2d0f4929874e,memory,9,10,0.9,88,1,high,1776333351.0,1776333439.0,2026-04-16 09:57:19.661+00,2026-04-16 09:57:20.56775+00,8,9,9,hard,Position Recall,15,7,False,1,1,1,0,1,70.0,77.0,1776333421.0,1776333428.0,ESTIMATE_ONLY_inter_question_gaps_unknown
a199b778-5d76-442c-b56a-518eb9fe8063,caa4b854-4eea-4177-a19c-2d0f4929874e,memory,9,10,0.9,88,1,high,1776333351.0,1776333439.0,2026-04-16 09:57:19.661+00,2026-04-16 09:57:20.56775+00,9,10,10,hard,Digit Analysis,15,7,False,1,2,0,0,9,78.0,85.0,1776333429.0,1776333436.0,ESTIMATE_ONLY_inter_question_gaps_unknown
a30e9497-b295-4ee2-aa6a-f51bca451258,d103eb77-fd3d-4b89-83f1-4f34ec8d6123,arithmetic,8,10,0.8,94,1,high,1776418397.0,1776418491.0,2026-04-17 09:34:51.383+00,2026-04-17 09:34:52.615466+00,0,1,1,easy,Addition,15,,False,0,0,1,0,5,0.0,0.0,1776418397.0,1776418397.0,ESTIMATE_ONLY_inter_question_gaps_unknown
a30e9497-b295-4ee2-aa6a-f51bca451258,d103eb77-fd3d-4b89-83f1-4f34ec8d6123,arithmetic,8,10,0.8,94,1,high,1776418397.0,1776418491.0,2026-04-17 09:34:51.383+00,2026-04-17 09:34:52.615466+00,1,2,2,easy,Division,15,,False,2,2,1,0,3,5.0,5.0,1776418402.0,1776418402.0,ESTIMATE_ONLY_inter_question_gaps_unknown
a30e9497-b295-4ee2-aa6a-f51bca451258,d103eb77-fd3d-4b89-83f1-4f34ec8d6123,arithmetic,8,10,0.8,94,1,high,1776418397.0,1776418491.0,2026-04-17 09:34:51.383+00,2026-04-17 09:34:52.615466+00,2,3,3,easy,Addition,15,,False,0,0,1,0,6,8.0,8.0,1776418405.0,1776418405.0,ESTIMATE_ONLY_inter_question_gaps_unknown
a30e9497-b295-4ee2-aa6a-f51bca451258,d103eb77-fd3d-4b89-83f1-4f34ec8d6123,arithmetic,8,10,0.8,94,1,high,1776418397.0,1776418491.0,2026-04-17 09:34:51.383+00,2026-04-17 09:34:52.615466+00,3,4,4,easy,Subtraction,15,,False,0,0,1,0,3,14.0,14.0,1776418411.0,1776418411.0,ESTIMATE_ONLY_inter_question_gaps_unknown
a30e9497-b295-4ee2-aa6a-f51bca451258,d103eb77-fd3d-4b89-83f1-4f34ec8d6123,arithmetic,8,10,0.8,94,1,high,1776418397.0,1776418491.0,2026-04-17 09:34:51.383+00,2026-04-17 09:34:52.615466+00,4,5,5,medium,Addition,20,,False,2,2,1,0,5,17.0,17.0,1776418414.0,1776418414.0,ESTIMATE_ONLY_inter_question_gaps_unknown
a30e9497-b295-4ee2-aa6a-f51bca451258,d103eb77-fd3d-4b89-83f1-4f34ec8d6123,arithmetic,8,10,0.8,94,1,high,1776418397.0,1776418491.0,2026-04-17 09:34:51.383+00,2026-04-17 09:34:52.615466+00,5,6,6,medium,Multiplication,20,,False,0,0,1,0,4,22.0,22.0,1776418419.0,1776418419.0,ESTIMATE_ONLY_inter_question_gaps_unknown
a30e9497-b295-4ee2-aa6a-f51bca451258,d103eb77-fd3d-4b89-83f1-4f34ec8d6123,arithmetic,8,10,0.8,94,1,high,1776418397.0,1776418491.0,2026-04-17 09:34:51.383+00,2026-04-17 09:34:52.615466+00,6,7,7,medium,Division,20,,False,1,1,1,0,12,26.0,26.0,1776418423.0,1776418423.0,ESTIMATE_ONLY_inter_question_gaps_unknown
a30e9497-b295-4ee2-aa6a-f51bca451258,d103eb77-fd3d-4b89-83f1-4f34ec8d6123,arithmetic,8,10,0.8,94,1,high,1776418397.0,1776418491.0,2026-04-17 09:34:51.383+00,2026-04-17 09:34:52.615466+00,7,8,8,hard,Percentage,30,,False,2,2,1,0,8,38.0,38.0,1776418435.0,1776418435.0,ESTIMATE_ONLY_inter_question_gaps_unknown
a30e9497-b295-4ee2-aa6a-f51bca451258,d103eb77-fd3d-4b89-83f1-4f34ec8d6123,arithmetic,8,10,0.8,94,1,high,1776418397.0,1776418491.0,2026-04-17 09:34:51.383+00,2026-04-17 09:34:52.615466+00,8,9,9,hard,Multiplication,30,,False,1,0,0,0,22,46.0,46.0,1776418443.0,1776418443.0,ESTIMATE_ONLY_inter_question_gaps_unknown
a30e9497-b295-4ee2-aa6a-f51bca451258,d103eb77-fd3d-4b89-83f1-4f34ec8d6123,arithmetic,8,10,0.8,94,1,high,1776418397.0,1776418491.0,2026-04-17 09:34:51.383+00,2026-04-17 09:34:52.615466+00,9,10,10,hard,Multi-step,30,,False,,1,0,1,30,68.0,68.0,1776418465.0,1776418465.0,ESTIMATE_ONLY_inter_question_gaps_unknown
a542a124-e1b2-4421-9c49-4cab5e905a4d,caa4b854-4eea-4177-a19c-2d0f4929874e,attention,8,10,0.8,102,1,high,1776333680.0,1776333782.0,2026-04-16 10:03:02.098+00,2026-04-16 10:03:03.003006+00,0,1,1,easy,Oddball Detection,8,5,False,2,2,1,0,6,0.0,5.0,1776333680.0,1776333685.0,ESTIMATE_ONLY_inter_question_gaps_unknown
a542a124-e1b2-4421-9c49-4cab5e905a4d,caa4b854-4eea-4177-a19c-2d0f4929874e,attention,8,10,0.8,102,1,high,1776333680.0,1776333782.0,2026-04-16 10:03:02.098+00,2026-04-16 10:03:03.003006+00,1,2,2,easy,Count Target,8,5,False,0,0,1,0,2,11.0,16.0,1776333691.0,1776333696.0,ESTIMATE_ONLY_inter_question_gaps_unknown
a542a124-e1b2-4421-9c49-4cab5e905a4d,caa4b854-4eea-4177-a19c-2d0f4929874e,attention,8,10,0.8,102,1,high,1776333680.0,1776333782.0,2026-04-16 10:03:02.098+00,2026-04-16 10:03:03.003006+00,2,3,3,easy,Pattern Break,8,5,False,2,2,1,0,3,18.0,23.0,1776333698.0,1776333703.0,ESTIMATE_ONLY_inter_question_gaps_unknown
a542a124-e1b2-4421-9c49-4cab5e905a4d,caa4b854-4eea-4177-a19c-2d0f4929874e,attention,8,10,0.8,102,1,high,1776333680.0,1776333782.0,2026-04-16 10:03:02.098+00,2026-04-16 10:03:03.003006+00,3,4,4,easy,Position Detect,8,5,False,1,1,1,0,4,26.0,31.0,1776333706.0,1776333711.0,ESTIMATE_ONLY_inter_question_gaps_unknown
a542a124-e1b2-4421-9c49-4cab5e905a4d,caa4b854-4eea-4177-a19c-2d0f4929874e,attention,8,10,0.8,102,1,high,1776333680.0,1776333782.0,2026-04-16 10:03:02.098+00,2026-04-16 10:03:03.003006+00,4,5,5,medium,Rule Violation,10,6,False,2,2,1,0,4,35.0,41.0,1776333715.0,1776333721.0,ESTIMATE_ONLY_inter_question_gaps_unknown
a542a124-e1b2-4421-9c49-4cab5e905a4d,caa4b854-4eea-4177-a19c-2d0f4929874e,attention,8,10,0.8,102,1,high,1776333680.0,1776333782.0,2026-04-16 10:03:02.098+00,2026-04-16 10:03:03.003006+00,5,6,6,medium,Count Target,10,6,False,0,0,1,0,7,45.0,51.0,1776333725.0,1776333731.0,ESTIMATE_ONLY_inter_question_gaps_unknown
a542a124-e1b2-4421-9c49-4cab5e905a4d,caa4b854-4eea-4177-a19c-2d0f4929874e,attention,8,10,0.8,102,1,high,1776333680.0,1776333782.0,2026-04-16 10:03:02.098+00,2026-04-16 10:03:03.003006+00,6,7,7,medium,Count Target,10,6,False,2,2,1,0,2,58.0,64.0,1776333738.0,1776333744.0,ESTIMATE_ONLY_inter_question_gaps_unknown
a542a124-e1b2-4421-9c49-4cab5e905a4d,caa4b854-4eea-4177-a19c-2d0f4929874e,attention,8,10,0.8,102,1,high,1776333680.0,1776333782.0,2026-04-16 10:03:02.098+00,2026-04-16 10:03:03.003006+00,7,8,8,hard,Count Target,12,7,False,2,2,1,0,2,66.0,73.0,1776333746.0,1776333753.0,ESTIMATE_ONLY_inter_question_gaps_unknown
a542a124-e1b2-4421-9c49-4cab5e905a4d,caa4b854-4eea-4177-a19c-2d0f4929874e,attention,8,10,0.8,102,1,high,1776333680.0,1776333782.0,2026-04-16 10:03:02.098+00,2026-04-16 10:03:03.003006+00,8,9,9,hard,Rule Violation,12,7,False,0,2,0,0,4,75.0,82.0,1776333755.0,1776333762.0,ESTIMATE_ONLY_inter_question_gaps_unknown
a542a124-e1b2-4421-9c49-4cab5e905a4d,caa4b854-4eea-4177-a19c-2d0f4929874e,attention,8,10,0.8,102,1,high,1776333680.0,1776333782.0,2026-04-16 10:03:02.098+00,2026-04-16 10:03:03.003006+00,9,10,10,hard,Pattern Break,12,7,False,,2,0,1,12,86.0,93.0,1776333766.0,1776333773.0,ESTIMATE_ONLY_inter_question_gaps_unknown
a565ac34-0f23-4eed-97fb-bd7ae7784834,7aff8ec5-acae-493c-a6b3-9d61b98ba0b4,pattern,5,10,0.5,89,0,mid,1777545377.0,1777545466.0,2026-04-30 10:37:46.763+00,2026-04-30 10:37:48.043615+00,0,1,1,easy,Arithmetic Sequence,15,,False,2,2,1,0,8,0.0,0.0,1777545377.0,1777545377.0,ESTIMATE_ONLY_inter_question_gaps_unknown
a565ac34-0f23-4eed-97fb-bd7ae7784834,7aff8ec5-acae-493c-a6b3-9d61b98ba0b4,pattern,5,10,0.5,89,0,mid,1777545377.0,1777545466.0,2026-04-30 10:37:46.763+00,2026-04-30 10:37:48.043615+00,1,2,2,easy,Arithmetic Sequence,15,,False,0,0,1,0,4,8.0,8.0,1777545385.0,1777545385.0,ESTIMATE_ONLY_inter_question_gaps_unknown
a565ac34-0f23-4eed-97fb-bd7ae7784834,7aff8ec5-acae-493c-a6b3-9d61b98ba0b4,pattern,5,10,0.5,89,0,mid,1777545377.0,1777545466.0,2026-04-30 10:37:46.763+00,2026-04-30 10:37:48.043615+00,2,3,3,easy,Odd Numbers,15,,False,1,1,1,0,4,12.0,12.0,1777545389.0,1777545389.0,ESTIMATE_ONLY_inter_question_gaps_unknown
a565ac34-0f23-4eed-97fb-bd7ae7784834,7aff8ec5-acae-493c-a6b3-9d61b98ba0b4,pattern,5,10,0.5,89,0,mid,1777545377.0,1777545466.0,2026-04-30 10:37:46.763+00,2026-04-30 10:37:48.043615+00,3,4,4,easy,Decreasing Sequence,15,,False,2,2,1,0,6,16.0,16.0,1777545393.0,1777545393.0,ESTIMATE_ONLY_inter_question_gaps_unknown
a565ac34-0f23-4eed-97fb-bd7ae7784834,7aff8ec5-acae-493c-a6b3-9d61b98ba0b4,pattern,5,10,0.5,89,0,mid,1777545377.0,1777545466.0,2026-04-30 10:37:46.763+00,2026-04-30 10:37:48.043615+00,4,5,5,medium,Perfect Squares,20,,False,1,2,0,0,13,22.0,22.0,1777545399.0,1777545399.0,ESTIMATE_ONLY_inter_question_gaps_unknown
a565ac34-0f23-4eed-97fb-bd7ae7784834,7aff8ec5-acae-493c-a6b3-9d61b98ba0b4,pattern,5,10,0.5,89,0,mid,1777545377.0,1777545466.0,2026-04-30 10:37:46.763+00,2026-04-30 10:37:48.043615+00,5,6,6,medium,Fibonacci,20,,False,0,1,0,0,19,35.0,35.0,1777545412.0,1777545412.0,ESTIMATE_ONLY_inter_question_gaps_unknown
a565ac34-0f23-4eed-97fb-bd7ae7784834,7aff8ec5-acae-493c-a6b3-9d61b98ba0b4,pattern,5,10,0.5,89,0,mid,1777545377.0,1777545466.0,2026-04-30 10:37:46.763+00,2026-04-30 10:37:48.043615+00,6,7,7,medium,Perfect Cubes,20,,False,1,2,0,0,10,54.0,54.0,1777545431.0,1777545431.0,ESTIMATE_ONLY_inter_question_gaps_unknown
a565ac34-0f23-4eed-97fb-bd7ae7784834,7aff8ec5-acae-493c-a6b3-9d61b98ba0b4,pattern,5,10,0.5,89,0,mid,1777545377.0,1777545466.0,2026-04-30 10:37:46.763+00,2026-04-30 10:37:48.043615+00,7,8,8,hard,Triangular Differences,30,,False,0,2,0,0,15,64.0,64.0,1777545441.0,1777545441.0,ESTIMATE_ONLY_inter_question_gaps_unknown
a565ac34-0f23-4eed-97fb-bd7ae7784834,7aff8ec5-acae-493c-a6b3-9d61b98ba0b4,pattern,5,10,0.5,89,0,mid,1777545377.0,1777545466.0,2026-04-30 10:37:46.763+00,2026-04-30 10:37:48.043615+00,8,9,9,hard,Squares,30,,False,2,0,0,0,7,79.0,79.0,1777545456.0,1777545456.0,ESTIMATE_ONLY_inter_question_gaps_unknown
a565ac34-0f23-4eed-97fb-bd7ae7784834,7aff8ec5-acae-493c-a6b3-9d61b98ba0b4,pattern,5,10,0.5,89,0,mid,1777545377.0,1777545466.0,2026-04-30 10:37:46.763+00,2026-04-30 10:37:48.043615+00,9,10,10,hard,n(n+1),30,,False,0,0,1,0,12,86.0,86.0,1777545463.0,1777545463.0,ESTIMATE_ONLY_inter_question_gaps_unknown
a61423d6-3609-4f6f-93c9-ba39265a5976,caa4b854-4eea-4177-a19c-2d0f4929874e,arithmetic,10,10,1.0,42,1,high,1776333213.0,1776333255.0,2026-04-16 09:54:15.056+00,2026-04-16 09:54:15.921984+00,0,1,1,easy,Addition,15,,False,0,0,1,0,4,0.0,0.0,1776333213.0,1776333213.0,ESTIMATE_ONLY_inter_question_gaps_unknown
a61423d6-3609-4f6f-93c9-ba39265a5976,caa4b854-4eea-4177-a19c-2d0f4929874e,arithmetic,10,10,1.0,42,1,high,1776333213.0,1776333255.0,2026-04-16 09:54:15.056+00,2026-04-16 09:54:15.921984+00,1,2,2,easy,Division,15,,False,2,2,1,0,3,4.0,4.0,1776333217.0,1776333217.0,ESTIMATE_ONLY_inter_question_gaps_unknown
a61423d6-3609-4f6f-93c9-ba39265a5976,caa4b854-4eea-4177-a19c-2d0f4929874e,arithmetic,10,10,1.0,42,1,high,1776333213.0,1776333255.0,2026-04-16 09:54:15.056+00,2026-04-16 09:54:15.921984+00,2,3,3,easy,Addition,15,,False,0,0,1,0,6,7.0,7.0,1776333220.0,1776333220.0,ESTIMATE_ONLY_inter_question_gaps_unknown
a61423d6-3609-4f6f-93c9-ba39265a5976,caa4b854-4eea-4177-a19c-2d0f4929874e,arithmetic,10,10,1.0,42,1,high,1776333213.0,1776333255.0,2026-04-16 09:54:15.056+00,2026-04-16 09:54:15.921984+00,3,4,4,easy,Subtraction,15,,False,0,0,1,0,4,13.0,13.0,1776333226.0,1776333226.0,ESTIMATE_ONLY_inter_question_gaps_unknown
a61423d6-3609-4f6f-93c9-ba39265a5976,caa4b854-4eea-4177-a19c-2d0f4929874e,arithmetic,10,10,1.0,42,1,high,1776333213.0,1776333255.0,2026-04-16 09:54:15.056+00,2026-04-16 09:54:15.921984+00,4,5,5,medium,Addition,20,,False,2,2,1,0,4,17.0,17.0,1776333230.0,1776333230.0,ESTIMATE_ONLY_inter_question_gaps_unknown
a61423d6-3609-4f6f-93c9-ba39265a5976,caa4b854-4eea-4177-a19c-2d0f4929874e,arithmetic,10,10,1.0,42,1,high,1776333213.0,1776333255.0,2026-04-16 09:54:15.056+00,2026-04-16 09:54:15.921984+00,5,6,6,medium,Multiplication,20,,False,0,0,1,0,8,21.0,21.0,1776333234.0,1776333234.0,ESTIMATE_ONLY_inter_question_gaps_unknown
a61423d6-3609-4f6f-93c9-ba39265a5976,caa4b854-4eea-4177-a19c-2d0f4929874e,arithmetic,10,10,1.0,42,1,high,1776333213.0,1776333255.0,2026-04-16 09:54:15.056+00,2026-04-16 09:54:15.921984+00,6,7,7,medium,Division,20,,False,1,1,1,0,3,29.0,29.0,1776333242.0,1776333242.0,ESTIMATE_ONLY_inter_question_gaps_unknown
a61423d6-3609-4f6f-93c9-ba39265a5976,caa4b854-4eea-4177-a19c-2d0f4929874e,arithmetic,10,10,1.0,42,1,high,1776333213.0,1776333255.0,2026-04-16 09:54:15.056+00,2026-04-16 09:54:15.921984+00,7,8,8,hard,Percentage,30,,False,2,2,1,0,6,32.0,32.0,1776333245.0,1776333245.0,ESTIMATE_ONLY_inter_question_gaps_unknown
a61423d6-3609-4f6f-93c9-ba39265a5976,caa4b854-4eea-4177-a19c-2d0f4929874e,arithmetic,10,10,1.0,42,1,high,1776333213.0,1776333255.0,2026-04-16 09:54:15.056+00,2026-04-16 09:54:15.921984+00,8,9,9,hard,Multiplication,30,,False,0,0,1,0,4,38.0,38.0,1776333251.0,1776333251.0,ESTIMATE_ONLY_inter_question_gaps_unknown
a61423d6-3609-4f6f-93c9-ba39265a5976,caa4b854-4eea-4177-a19c-2d0f4929874e,arithmetic,10,10,1.0,42,1,high,1776333213.0,1776333255.0,2026-04-16 09:54:15.056+00,2026-04-16 09:54:15.921984+00,9,10,10,hard,Multi-step,30,,False,1,1,1,0,7,42.0,42.0,1776333255.0,1776333255.0,ESTIMATE_ONLY_inter_question_gaps_unknown
a6a31650-24a1-42e1-adae-b50688eab9dc,7aff8ec5-acae-493c-a6b3-9d61b98ba0b4,memory,6,10,0.6,93,0,mid,1777545497.0,1777545590.0,2026-04-30 10:39:50.528+00,2026-04-30 10:39:50.869992+00,0,1,1,easy,Digit Recall,10,5,False,1,0,0,0,2,0.0,5.0,1777545497.0,1777545502.0,ESTIMATE_ONLY_inter_question_gaps_unknown
a6a31650-24a1-42e1-adae-b50688eab9dc,7aff8ec5-acae-493c-a6b3-9d61b98ba0b4,memory,6,10,0.6,93,0,mid,1777545497.0,1777545590.0,2026-04-30 10:39:50.528+00,2026-04-30 10:39:50.869992+00,1,2,2,easy,Word Recall,10,5,False,2,2,1,0,2,7.0,12.0,1777545504.0,1777545509.0,ESTIMATE_ONLY_inter_question_gaps_unknown
a6a31650-24a1-42e1-adae-b50688eab9dc,7aff8ec5-acae-493c-a6b3-9d61b98ba0b4,memory,6,10,0.6,93,0,mid,1777545497.0,1777545590.0,2026-04-30 10:39:50.528+00,2026-04-30 10:39:50.869992+00,2,3,3,easy,Digit Recall,10,5,False,1,1,1,0,3,14.0,19.0,1777545511.0,1777545516.0,ESTIMATE_ONLY_inter_question_gaps_unknown
a6a31650-24a1-42e1-adae-b50688eab9dc,7aff8ec5-acae-493c-a6b3-9d61b98ba0b4,memory,6,10,0.6,93,0,mid,1777545497.0,1777545590.0,2026-04-30 10:39:50.528+00,2026-04-30 10:39:50.869992+00,3,4,4,easy,Word Recall,10,5,False,0,0,1,0,3,22.0,27.0,1777545519.0,1777545524.0,ESTIMATE_ONLY_inter_question_gaps_unknown
a6a31650-24a1-42e1-adae-b50688eab9dc,7aff8ec5-acae-493c-a6b3-9d61b98ba0b4,memory,6,10,0.6,93,0,mid,1777545497.0,1777545590.0,2026-04-30 10:39:50.528+00,2026-04-30 10:39:50.869992+00,4,5,5,medium,Digit Recall,12,6,False,1,0,0,0,4,30.0,36.0,1777545527.0,1777545533.0,ESTIMATE_ONLY_inter_question_gaps_unknown
a6a31650-24a1-42e1-adae-b50688eab9dc,7aff8ec5-acae-493c-a6b3-9d61b98ba0b4,memory,6,10,0.6,93,0,mid,1777545497.0,1777545590.0,2026-04-30 10:39:50.528+00,2026-04-30 10:39:50.869992+00,5,6,6,medium,Position Recall,12,6,False,1,1,1,0,4,40.0,46.0,1777545537.0,1777545543.0,ESTIMATE_ONLY_inter_question_gaps_unknown
a6a31650-24a1-42e1-adae-b50688eab9dc,7aff8ec5-acae-493c-a6b3-9d61b98ba0b4,memory,6,10,0.6,93,0,mid,1777545497.0,1777545590.0,2026-04-30 10:39:50.528+00,2026-04-30 10:39:50.869992+00,6,7,7,medium,Position Recall,12,6,False,0,2,0,0,3,50.0,56.0,1777545547.0,1777545553.0,ESTIMATE_ONLY_inter_question_gaps_unknown
a6a31650-24a1-42e1-adae-b50688eab9dc,7aff8ec5-acae-493c-a6b3-9d61b98ba0b4,memory,6,10,0.6,93,0,mid,1777545497.0,1777545590.0,2026-04-30 10:39:50.528+00,2026-04-30 10:39:50.869992+00,7,8,8,hard,Sequence Recall,15,7,False,1,0,0,0,8,59.0,66.0,1777545556.0,1777545563.0,ESTIMATE_ONLY_inter_question_gaps_unknown
a6a31650-24a1-42e1-adae-b50688eab9dc,7aff8ec5-acae-493c-a6b3-9d61b98ba0b4,memory,6,10,0.6,93,0,mid,1777545497.0,1777545590.0,2026-04-30 10:39:50.528+00,2026-04-30 10:39:50.869992+00,8,9,9,hard,Position Recall,15,7,False,1,1,1,0,4,74.0,81.0,1777545571.0,1777545578.0,ESTIMATE_ONLY_inter_question_gaps_unknown
a6a31650-24a1-42e1-adae-b50688eab9dc,7aff8ec5-acae-493c-a6b3-9d61b98ba0b4,memory,6,10,0.6,93,0,mid,1777545497.0,1777545590.0,2026-04-30 10:39:50.528+00,2026-04-30 10:39:50.869992+00,9,10,10,hard,Digit Analysis,15,7,False,2,2,1,0,3,85.0,92.0,1777545582.0,1777545589.0,ESTIMATE_ONLY_inter_question_gaps_unknown
a8406ed8-61e1-45e0-ae38-33ffcb45cbb0,b60e1ae3-b420-4c8c-b2f5-fe145674e306,comprehension,9,10,0.9,183,1,high,1776231092.0,1776231275.0,2026-04-15 05:34:35.156+00,2026-04-15 05:34:34.013384+00,0,1,1,easy,Fact Extraction,25,,True,0,0,1,0,11,0.0,0.0,1776231092.0,1776231092.0,ESTIMATE_ONLY_reading_phase_duration_unknown
a8406ed8-61e1-45e0-ae38-33ffcb45cbb0,b60e1ae3-b420-4c8c-b2f5-fe145674e306,comprehension,9,10,0.9,183,1,high,1776231092.0,1776231275.0,2026-04-15 05:34:35.156+00,2026-04-15 05:34:34.013384+00,1,2,2,medium,Detail Recall,25,,False,0,0,1,0,4,11.0,11.0,1776231103.0,1776231103.0,ESTIMATE_ONLY_inter_question_gaps_unknown
a8406ed8-61e1-45e0-ae38-33ffcb45cbb0,b60e1ae3-b420-4c8c-b2f5-fe145674e306,comprehension,9,10,0.9,183,1,high,1776231092.0,1776231275.0,2026-04-15 05:34:35.156+00,2026-04-15 05:34:34.013384+00,2,3,3,easy,Fact Extraction,25,,False,0,0,1,0,3,15.0,15.0,1776231107.0,1776231107.0,ESTIMATE_ONLY_inter_question_gaps_unknown
a8406ed8-61e1-45e0-ae38-33ffcb45cbb0,b60e1ae3-b420-4c8c-b2f5-fe145674e306,comprehension,9,10,0.9,183,1,high,1776231092.0,1776231275.0,2026-04-15 05:34:35.156+00,2026-04-15 05:34:34.013384+00,3,4,4,medium,Inference,25,,False,1,1,1,0,13,18.0,18.0,1776231110.0,1776231110.0,ESTIMATE_ONLY_inter_question_gaps_unknown
a8406ed8-61e1-45e0-ae38-33ffcb45cbb0,b60e1ae3-b420-4c8c-b2f5-fe145674e306,comprehension,9,10,0.9,183,1,high,1776231092.0,1776231275.0,2026-04-15 05:34:35.156+00,2026-04-15 05:34:34.013384+00,4,5,5,easy,Detail Recall,25,,False,0,0,1,0,11,31.0,31.0,1776231123.0,1776231123.0,ESTIMATE_ONLY_inter_question_gaps_unknown
a8406ed8-61e1-45e0-ae38-33ffcb45cbb0,b60e1ae3-b420-4c8c-b2f5-fe145674e306,comprehension,9,10,0.9,183,1,high,1776231092.0,1776231275.0,2026-04-15 05:34:35.156+00,2026-04-15 05:34:34.013384+00,5,6,6,easy,Fact Extraction,25,,True,1,1,1,0,5,42.0,42.0,1776231134.0,1776231134.0,ESTIMATE_ONLY_reading_phase_duration_unknown
a8406ed8-61e1-45e0-ae38-33ffcb45cbb0,b60e1ae3-b420-4c8c-b2f5-fe145674e306,comprehension,9,10,0.9,183,1,high,1776231092.0,1776231275.0,2026-04-15 05:34:35.156+00,2026-04-15 05:34:34.013384+00,6,7,7,easy,Detail Recall,25,,False,2,2,1,0,7,47.0,47.0,1776231139.0,1776231139.0,ESTIMATE_ONLY_inter_question_gaps_unknown
a8406ed8-61e1-45e0-ae38-33ffcb45cbb0,b60e1ae3-b420-4c8c-b2f5-fe145674e306,comprehension,9,10,0.9,183,1,high,1776231092.0,1776231275.0,2026-04-15 05:34:35.156+00,2026-04-15 05:34:34.013384+00,7,8,8,medium,Detail Recall,25,,False,0,0,1,0,7,54.0,54.0,1776231146.0,1776231146.0,ESTIMATE_ONLY_inter_question_gaps_unknown
a8406ed8-61e1-45e0-ae38-33ffcb45cbb0,b60e1ae3-b420-4c8c-b2f5-fe145674e306,comprehension,9,10,0.9,183,1,high,1776231092.0,1776231275.0,2026-04-15 05:34:35.156+00,2026-04-15 05:34:34.013384+00,8,9,9,medium,Inference,25,,False,0,1,0,0,11,61.0,61.0,1776231153.0,1776231153.0,ESTIMATE_ONLY_inter_question_gaps_unknown
a8406ed8-61e1-45e0-ae38-33ffcb45cbb0,b60e1ae3-b420-4c8c-b2f5-fe145674e306,comprehension,9,10,0.9,183,1,high,1776231092.0,1776231275.0,2026-04-15 05:34:35.156+00,2026-04-15 05:34:34.013384+00,9,10,10,easy,Fact Extraction,25,,False,1,1,1,0,6,72.0,72.0,1776231164.0,1776231164.0,ESTIMATE_ONLY_inter_question_gaps_unknown
a880239b-c2bb-46f1-b86d-bbd492f1cc56,617c750a-6289-4403-8ead-1ee0ff4fcf88,memory,7,10,0.7,96,1,mid,1776746937.0,1776747033.0,2026-04-21 04:50:33.13+00,2026-04-21 04:50:32.857141+00,0,1,1,easy,Digit Recall,10,5,False,0,0,1,0,3,0.0,5.0,1776746937.0,1776746942.0,ESTIMATE_ONLY_inter_question_gaps_unknown
a880239b-c2bb-46f1-b86d-bbd492f1cc56,617c750a-6289-4403-8ead-1ee0ff4fcf88,memory,7,10,0.7,96,1,mid,1776746937.0,1776747033.0,2026-04-21 04:50:33.13+00,2026-04-21 04:50:32.857141+00,1,2,2,easy,Word Recall,10,5,False,2,2,1,0,4,8.0,13.0,1776746945.0,1776746950.0,ESTIMATE_ONLY_inter_question_gaps_unknown
a880239b-c2bb-46f1-b86d-bbd492f1cc56,617c750a-6289-4403-8ead-1ee0ff4fcf88,memory,7,10,0.7,96,1,mid,1776746937.0,1776747033.0,2026-04-21 04:50:33.13+00,2026-04-21 04:50:32.857141+00,2,3,3,easy,Digit Recall,10,5,False,1,1,1,0,4,17.0,22.0,1776746954.0,1776746959.0,ESTIMATE_ONLY_inter_question_gaps_unknown
a880239b-c2bb-46f1-b86d-bbd492f1cc56,617c750a-6289-4403-8ead-1ee0ff4fcf88,memory,7,10,0.7,96,1,mid,1776746937.0,1776747033.0,2026-04-21 04:50:33.13+00,2026-04-21 04:50:32.857141+00,3,4,4,easy,Word Recall,10,5,False,0,0,1,0,4,26.0,31.0,1776746963.0,1776746968.0,ESTIMATE_ONLY_inter_question_gaps_unknown
a880239b-c2bb-46f1-b86d-bbd492f1cc56,617c750a-6289-4403-8ead-1ee0ff4fcf88,memory,7,10,0.7,96,1,mid,1776746937.0,1776747033.0,2026-04-21 04:50:33.13+00,2026-04-21 04:50:32.857141+00,4,5,5,medium,Digit Recall,12,6,False,0,0,1,0,3,35.0,41.0,1776746972.0,1776746978.0,ESTIMATE_ONLY_inter_question_gaps_unknown
a880239b-c2bb-46f1-b86d-bbd492f1cc56,617c750a-6289-4403-8ead-1ee0ff4fcf88,memory,7,10,0.7,96,1,mid,1776746937.0,1776747033.0,2026-04-21 04:50:33.13+00,2026-04-21 04:50:32.857141+00,5,6,6,medium,Position Recall,12,6,False,0,1,0,0,6,44.0,50.0,1776746981.0,1776746987.0,ESTIMATE_ONLY_inter_question_gaps_unknown
a880239b-c2bb-46f1-b86d-bbd492f1cc56,617c750a-6289-4403-8ead-1ee0ff4fcf88,memory,7,10,0.7,96,1,mid,1776746937.0,1776747033.0,2026-04-21 04:50:33.13+00,2026-04-21 04:50:32.857141+00,6,7,7,medium,Position Recall,12,6,False,2,2,1,0,4,56.0,62.0,1776746993.0,1776746999.0,ESTIMATE_ONLY_inter_question_gaps_unknown
a880239b-c2bb-46f1-b86d-bbd492f1cc56,617c750a-6289-4403-8ead-1ee0ff4fcf88,memory,7,10,0.7,96,1,mid,1776746937.0,1776747033.0,2026-04-21 04:50:33.13+00,2026-04-21 04:50:32.857141+00,7,8,8,hard,Sequence Recall,15,7,False,1,0,0,0,8,66.0,73.0,1776747003.0,1776747010.0,ESTIMATE_ONLY_inter_question_gaps_unknown
a880239b-c2bb-46f1-b86d-bbd492f1cc56,617c750a-6289-4403-8ead-1ee0ff4fcf88,memory,7,10,0.7,96,1,mid,1776746937.0,1776747033.0,2026-04-21 04:50:33.13+00,2026-04-21 04:50:32.857141+00,8,9,9,hard,Position Recall,15,7,False,1,1,1,0,3,81.0,88.0,1776747018.0,1776747025.0,ESTIMATE_ONLY_inter_question_gaps_unknown
a880239b-c2bb-46f1-b86d-bbd492f1cc56,617c750a-6289-4403-8ead-1ee0ff4fcf88,memory,7,10,0.7,96,1,mid,1776746937.0,1776747033.0,2026-04-21 04:50:33.13+00,2026-04-21 04:50:32.857141+00,9,10,10,hard,Digit Analysis,15,7,False,1,2,0,0,4,91.0,98.0,1776747028.0,1776747035.0,ESTIMATE_ONLY_inter_question_gaps_unknown
a99785c2-74aa-4132-8450-6418be2a2e1a,4b00bcd7-936b-42d2-99b5-c0b8b78272c9,attention,7,10,0.7,116,1,mid,1776330634.0,1776330750.0,2026-04-16 09:12:30.902+00,2026-04-16 09:12:40.554628+00,0,1,1,easy,Oddball Detection,8,5,False,2,2,1,0,5,0.0,5.0,1776330634.0,1776330639.0,ESTIMATE_ONLY_inter_question_gaps_unknown
a99785c2-74aa-4132-8450-6418be2a2e1a,4b00bcd7-936b-42d2-99b5-c0b8b78272c9,attention,7,10,0.7,116,1,mid,1776330634.0,1776330750.0,2026-04-16 09:12:30.902+00,2026-04-16 09:12:40.554628+00,1,2,2,easy,Count Target,8,5,False,0,0,1,0,4,10.0,15.0,1776330644.0,1776330649.0,ESTIMATE_ONLY_inter_question_gaps_unknown
a99785c2-74aa-4132-8450-6418be2a2e1a,4b00bcd7-936b-42d2-99b5-c0b8b78272c9,attention,7,10,0.7,116,1,mid,1776330634.0,1776330750.0,2026-04-16 09:12:30.902+00,2026-04-16 09:12:40.554628+00,2,3,3,easy,Pattern Break,8,5,False,2,2,1,0,5,19.0,24.0,1776330653.0,1776330658.0,ESTIMATE_ONLY_inter_question_gaps_unknown
a99785c2-74aa-4132-8450-6418be2a2e1a,4b00bcd7-936b-42d2-99b5-c0b8b78272c9,attention,7,10,0.7,116,1,mid,1776330634.0,1776330750.0,2026-04-16 09:12:30.902+00,2026-04-16 09:12:40.554628+00,3,4,4,easy,Position Detect,8,5,False,2,1,0,0,6,29.0,34.0,1776330663.0,1776330668.0,ESTIMATE_ONLY_inter_question_gaps_unknown
a99785c2-74aa-4132-8450-6418be2a2e1a,4b00bcd7-936b-42d2-99b5-c0b8b78272c9,attention,7,10,0.7,116,1,mid,1776330634.0,1776330750.0,2026-04-16 09:12:30.902+00,2026-04-16 09:12:40.554628+00,4,5,5,medium,Rule Violation,10,6,False,2,2,1,0,9,40.0,46.0,1776330674.0,1776330680.0,ESTIMATE_ONLY_inter_question_gaps_unknown
a99785c2-74aa-4132-8450-6418be2a2e1a,4b00bcd7-936b-42d2-99b5-c0b8b78272c9,attention,7,10,0.7,116,1,mid,1776330634.0,1776330750.0,2026-04-16 09:12:30.902+00,2026-04-16 09:12:40.554628+00,5,6,6,medium,Count Target,10,6,False,2,0,0,0,6,55.0,61.0,1776330689.0,1776330695.0,ESTIMATE_ONLY_inter_question_gaps_unknown
a99785c2-74aa-4132-8450-6418be2a2e1a,4b00bcd7-936b-42d2-99b5-c0b8b78272c9,attention,7,10,0.7,116,1,mid,1776330634.0,1776330750.0,2026-04-16 09:12:30.902+00,2026-04-16 09:12:40.554628+00,6,7,7,medium,Count Target,10,6,False,2,2,1,0,7,67.0,73.0,1776330701.0,1776330707.0,ESTIMATE_ONLY_inter_question_gaps_unknown
a99785c2-74aa-4132-8450-6418be2a2e1a,4b00bcd7-936b-42d2-99b5-c0b8b78272c9,attention,7,10,0.7,116,1,mid,1776330634.0,1776330750.0,2026-04-16 09:12:30.902+00,2026-04-16 09:12:40.554628+00,7,8,8,hard,Count Target,12,7,False,1,2,0,0,4,80.0,87.0,1776330714.0,1776330721.0,ESTIMATE_ONLY_inter_question_gaps_unknown
a99785c2-74aa-4132-8450-6418be2a2e1a,4b00bcd7-936b-42d2-99b5-c0b8b78272c9,attention,7,10,0.7,116,1,mid,1776330634.0,1776330750.0,2026-04-16 09:12:30.902+00,2026-04-16 09:12:40.554628+00,8,9,9,hard,Rule Violation,12,7,False,2,2,1,0,8,91.0,98.0,1776330725.0,1776330732.0,ESTIMATE_ONLY_inter_question_gaps_unknown
a99785c2-74aa-4132-8450-6418be2a2e1a,4b00bcd7-936b-42d2-99b5-c0b8b78272c9,attention,7,10,0.7,116,1,mid,1776330634.0,1776330750.0,2026-04-16 09:12:30.902+00,2026-04-16 09:12:40.554628+00,9,10,10,hard,Pattern Break,12,7,False,2,2,1,0,6,106.0,113.0,1776330740.0,1776330747.0,ESTIMATE_ONLY_inter_question_gaps_unknown
ac4a44c4-b19f-47db-91d5-42d37acafe26,ad1b69f4-c7df-4d3a-bc43-55840a73478f,pattern,7,10,0.7,80,1,mid,1777459270.0,1777459350.0,2026-04-29 10:42:30.663+00,2026-04-29 10:42:31.799869+00,0,1,1,easy,Arithmetic Sequence,15,,False,2,2,1,0,4,0.0,0.0,1777459270.0,1777459270.0,ESTIMATE_ONLY_inter_question_gaps_unknown
ac4a44c4-b19f-47db-91d5-42d37acafe26,ad1b69f4-c7df-4d3a-bc43-55840a73478f,pattern,7,10,0.7,80,1,mid,1777459270.0,1777459350.0,2026-04-29 10:42:30.663+00,2026-04-29 10:42:31.799869+00,1,2,2,easy,Arithmetic Sequence,15,,False,0,0,1,0,3,4.0,4.0,1777459274.0,1777459274.0,ESTIMATE_ONLY_inter_question_gaps_unknown
ac4a44c4-b19f-47db-91d5-42d37acafe26,ad1b69f4-c7df-4d3a-bc43-55840a73478f,pattern,7,10,0.7,80,1,mid,1777459270.0,1777459350.0,2026-04-29 10:42:30.663+00,2026-04-29 10:42:31.799869+00,2,3,3,easy,Odd Numbers,15,,False,1,1,1,0,3,7.0,7.0,1777459277.0,1777459277.0,ESTIMATE_ONLY_inter_question_gaps_unknown
ac4a44c4-b19f-47db-91d5-42d37acafe26,ad1b69f4-c7df-4d3a-bc43-55840a73478f,pattern,7,10,0.7,80,1,mid,1777459270.0,1777459350.0,2026-04-29 10:42:30.663+00,2026-04-29 10:42:31.799869+00,3,4,4,easy,Decreasing Sequence,15,,False,2,2,1,0,9,10.0,10.0,1777459280.0,1777459280.0,ESTIMATE_ONLY_inter_question_gaps_unknown
ac4a44c4-b19f-47db-91d5-42d37acafe26,ad1b69f4-c7df-4d3a-bc43-55840a73478f,pattern,7,10,0.7,80,1,mid,1777459270.0,1777459350.0,2026-04-29 10:42:30.663+00,2026-04-29 10:42:31.799869+00,4,5,5,medium,Perfect Squares,20,,False,0,2,0,0,9,19.0,19.0,1777459289.0,1777459289.0,ESTIMATE_ONLY_inter_question_gaps_unknown
ac4a44c4-b19f-47db-91d5-42d37acafe26,ad1b69f4-c7df-4d3a-bc43-55840a73478f,pattern,7,10,0.7,80,1,mid,1777459270.0,1777459350.0,2026-04-29 10:42:30.663+00,2026-04-29 10:42:31.799869+00,5,6,6,medium,Fibonacci,20,,False,1,1,1,0,14,28.0,28.0,1777459298.0,1777459298.0,ESTIMATE_ONLY_inter_question_gaps_unknown
ac4a44c4-b19f-47db-91d5-42d37acafe26,ad1b69f4-c7df-4d3a-bc43-55840a73478f,pattern,7,10,0.7,80,1,mid,1777459270.0,1777459350.0,2026-04-29 10:42:30.663+00,2026-04-29 10:42:31.799869+00,6,7,7,medium,Perfect Cubes,20,,False,2,2,1,0,12,42.0,42.0,1777459312.0,1777459312.0,ESTIMATE_ONLY_inter_question_gaps_unknown
ac4a44c4-b19f-47db-91d5-42d37acafe26,ad1b69f4-c7df-4d3a-bc43-55840a73478f,pattern,7,10,0.7,80,1,mid,1777459270.0,1777459350.0,2026-04-29 10:42:30.663+00,2026-04-29 10:42:31.799869+00,7,8,8,hard,Triangular Differences,30,,False,2,2,1,0,12,54.0,54.0,1777459324.0,1777459324.0,ESTIMATE_ONLY_inter_question_gaps_unknown
ac4a44c4-b19f-47db-91d5-42d37acafe26,ad1b69f4-c7df-4d3a-bc43-55840a73478f,pattern,7,10,0.7,80,1,mid,1777459270.0,1777459350.0,2026-04-29 10:42:30.663+00,2026-04-29 10:42:31.799869+00,8,9,9,hard,Squares,30,,False,2,0,0,0,10,66.0,66.0,1777459336.0,1777459336.0,ESTIMATE_ONLY_inter_question_gaps_unknown
ac4a44c4-b19f-47db-91d5-42d37acafe26,ad1b69f4-c7df-4d3a-bc43-55840a73478f,pattern,7,10,0.7,80,1,mid,1777459270.0,1777459350.0,2026-04-29 10:42:30.663+00,2026-04-29 10:42:31.799869+00,9,10,10,hard,n(n+1),30,,False,1,0,0,0,10,76.0,76.0,1777459346.0,1777459346.0,ESTIMATE_ONLY_inter_question_gaps_unknown
ac61280f-b149-493e-b793-b99601e48cef,7aff8ec5-acae-493c-a6b3-9d61b98ba0b4,memory,6,10,0.6,93,0,mid,1777545495.0,1777545588.0,2026-04-30 10:39:48.15+00,2026-04-30 10:39:48.787711+00,0,1,1,easy,Digit Recall,10,5,False,1,0,0,0,2,0.0,5.0,1777545495.0,1777545500.0,ESTIMATE_ONLY_inter_question_gaps_unknown
ac61280f-b149-493e-b793-b99601e48cef,7aff8ec5-acae-493c-a6b3-9d61b98ba0b4,memory,6,10,0.6,93,0,mid,1777545495.0,1777545588.0,2026-04-30 10:39:48.15+00,2026-04-30 10:39:48.787711+00,1,2,2,easy,Word Recall,10,5,False,2,2,1,0,2,7.0,12.0,1777545502.0,1777545507.0,ESTIMATE_ONLY_inter_question_gaps_unknown
ac61280f-b149-493e-b793-b99601e48cef,7aff8ec5-acae-493c-a6b3-9d61b98ba0b4,memory,6,10,0.6,93,0,mid,1777545495.0,1777545588.0,2026-04-30 10:39:48.15+00,2026-04-30 10:39:48.787711+00,2,3,3,easy,Digit Recall,10,5,False,1,1,1,0,3,14.0,19.0,1777545509.0,1777545514.0,ESTIMATE_ONLY_inter_question_gaps_unknown
ac61280f-b149-493e-b793-b99601e48cef,7aff8ec5-acae-493c-a6b3-9d61b98ba0b4,memory,6,10,0.6,93,0,mid,1777545495.0,1777545588.0,2026-04-30 10:39:48.15+00,2026-04-30 10:39:48.787711+00,3,4,4,easy,Word Recall,10,5,False,0,0,1,0,3,22.0,27.0,1777545517.0,1777545522.0,ESTIMATE_ONLY_inter_question_gaps_unknown
ac61280f-b149-493e-b793-b99601e48cef,7aff8ec5-acae-493c-a6b3-9d61b98ba0b4,memory,6,10,0.6,93,0,mid,1777545495.0,1777545588.0,2026-04-30 10:39:48.15+00,2026-04-30 10:39:48.787711+00,4,5,5,medium,Digit Recall,12,6,False,1,0,0,0,4,30.0,36.0,1777545525.0,1777545531.0,ESTIMATE_ONLY_inter_question_gaps_unknown
ac61280f-b149-493e-b793-b99601e48cef,7aff8ec5-acae-493c-a6b3-9d61b98ba0b4,memory,6,10,0.6,93,0,mid,1777545495.0,1777545588.0,2026-04-30 10:39:48.15+00,2026-04-30 10:39:48.787711+00,5,6,6,medium,Position Recall,12,6,False,1,1,1,0,4,40.0,46.0,1777545535.0,1777545541.0,ESTIMATE_ONLY_inter_question_gaps_unknown
ac61280f-b149-493e-b793-b99601e48cef,7aff8ec5-acae-493c-a6b3-9d61b98ba0b4,memory,6,10,0.6,93,0,mid,1777545495.0,1777545588.0,2026-04-30 10:39:48.15+00,2026-04-30 10:39:48.787711+00,6,7,7,medium,Position Recall,12,6,False,0,2,0,0,3,50.0,56.0,1777545545.0,1777545551.0,ESTIMATE_ONLY_inter_question_gaps_unknown
ac61280f-b149-493e-b793-b99601e48cef,7aff8ec5-acae-493c-a6b3-9d61b98ba0b4,memory,6,10,0.6,93,0,mid,1777545495.0,1777545588.0,2026-04-30 10:39:48.15+00,2026-04-30 10:39:48.787711+00,7,8,8,hard,Sequence Recall,15,7,False,1,0,0,0,8,59.0,66.0,1777545554.0,1777545561.0,ESTIMATE_ONLY_inter_question_gaps_unknown
ac61280f-b149-493e-b793-b99601e48cef,7aff8ec5-acae-493c-a6b3-9d61b98ba0b4,memory,6,10,0.6,93,0,mid,1777545495.0,1777545588.0,2026-04-30 10:39:48.15+00,2026-04-30 10:39:48.787711+00,8,9,9,hard,Position Recall,15,7,False,1,1,1,0,4,74.0,81.0,1777545569.0,1777545576.0,ESTIMATE_ONLY_inter_question_gaps_unknown
ac61280f-b149-493e-b793-b99601e48cef,7aff8ec5-acae-493c-a6b3-9d61b98ba0b4,memory,6,10,0.6,93,0,mid,1777545495.0,1777545588.0,2026-04-30 10:39:48.15+00,2026-04-30 10:39:48.787711+00,9,10,10,hard,Digit Analysis,15,7,False,2,2,1,0,3,85.0,92.0,1777545580.0,1777545587.0,ESTIMATE_ONLY_inter_question_gaps_unknown
af8386c0-106d-4524-85f0-9a859b5d0e34,4885d4b0-45a4-4809-93f1-b004dd932716,memory,8,10,0.8,90,1,high,1776324108.0,1776324198.0,2026-04-16 07:23:18.814+00,2026-04-16 07:23:19.879732+00,0,1,1,easy,Digit Recall,10,5,False,1,0,0,0,2,0.0,5.0,1776324108.0,1776324113.0,ESTIMATE_ONLY_inter_question_gaps_unknown
af8386c0-106d-4524-85f0-9a859b5d0e34,4885d4b0-45a4-4809-93f1-b004dd932716,memory,8,10,0.8,90,1,high,1776324108.0,1776324198.0,2026-04-16 07:23:18.814+00,2026-04-16 07:23:19.879732+00,1,2,2,easy,Word Recall,10,5,False,2,2,1,0,2,7.0,12.0,1776324115.0,1776324120.0,ESTIMATE_ONLY_inter_question_gaps_unknown
af8386c0-106d-4524-85f0-9a859b5d0e34,4885d4b0-45a4-4809-93f1-b004dd932716,memory,8,10,0.8,90,1,high,1776324108.0,1776324198.0,2026-04-16 07:23:18.814+00,2026-04-16 07:23:19.879732+00,2,3,3,easy,Digit Recall,10,5,False,1,1,1,0,3,14.0,19.0,1776324122.0,1776324127.0,ESTIMATE_ONLY_inter_question_gaps_unknown
af8386c0-106d-4524-85f0-9a859b5d0e34,4885d4b0-45a4-4809-93f1-b004dd932716,memory,8,10,0.8,90,1,high,1776324108.0,1776324198.0,2026-04-16 07:23:18.814+00,2026-04-16 07:23:19.879732+00,3,4,4,easy,Word Recall,10,5,False,0,0,1,0,3,22.0,27.0,1776324130.0,1776324135.0,ESTIMATE_ONLY_inter_question_gaps_unknown
af8386c0-106d-4524-85f0-9a859b5d0e34,4885d4b0-45a4-4809-93f1-b004dd932716,memory,8,10,0.8,90,1,high,1776324108.0,1776324198.0,2026-04-16 07:23:18.814+00,2026-04-16 07:23:19.879732+00,4,5,5,medium,Digit Recall,12,6,False,0,0,1,0,3,30.0,36.0,1776324138.0,1776324144.0,ESTIMATE_ONLY_inter_question_gaps_unknown
af8386c0-106d-4524-85f0-9a859b5d0e34,4885d4b0-45a4-4809-93f1-b004dd932716,memory,8,10,0.8,90,1,high,1776324108.0,1776324198.0,2026-04-16 07:23:18.814+00,2026-04-16 07:23:19.879732+00,5,6,6,medium,Position Recall,12,6,False,1,1,1,0,4,39.0,45.0,1776324147.0,1776324153.0,ESTIMATE_ONLY_inter_question_gaps_unknown
af8386c0-106d-4524-85f0-9a859b5d0e34,4885d4b0-45a4-4809-93f1-b004dd932716,memory,8,10,0.8,90,1,high,1776324108.0,1776324198.0,2026-04-16 07:23:18.814+00,2026-04-16 07:23:19.879732+00,6,7,7,medium,Position Recall,12,6,False,1,2,0,0,3,49.0,55.0,1776324157.0,1776324163.0,ESTIMATE_ONLY_inter_question_gaps_unknown
af8386c0-106d-4524-85f0-9a859b5d0e34,4885d4b0-45a4-4809-93f1-b004dd932716,memory,8,10,0.8,90,1,high,1776324108.0,1776324198.0,2026-04-16 07:23:18.814+00,2026-04-16 07:23:19.879732+00,7,8,8,hard,Sequence Recall,15,7,False,0,0,1,0,8,58.0,65.0,1776324166.0,1776324173.0,ESTIMATE_ONLY_inter_question_gaps_unknown
af8386c0-106d-4524-85f0-9a859b5d0e34,4885d4b0-45a4-4809-93f1-b004dd932716,memory,8,10,0.8,90,1,high,1776324108.0,1776324198.0,2026-04-16 07:23:18.814+00,2026-04-16 07:23:19.879732+00,8,9,9,hard,Position Recall,15,7,False,1,1,1,0,3,73.0,80.0,1776324181.0,1776324188.0,ESTIMATE_ONLY_inter_question_gaps_unknown
af8386c0-106d-4524-85f0-9a859b5d0e34,4885d4b0-45a4-4809-93f1-b004dd932716,memory,8,10,0.8,90,1,high,1776324108.0,1776324198.0,2026-04-16 07:23:18.814+00,2026-04-16 07:23:19.879732+00,9,10,10,hard,Digit Analysis,15,7,False,2,2,1,0,4,83.0,90.0,1776324191.0,1776324198.0,ESTIMATE_ONLY_inter_question_gaps_unknown
b07efff5-d724-4117-bbc3-72bf2ecc4717,699dd060-e5d3-4dfb-bd49-1e58c9a7801d,memory,5,10,0.5,96,0,mid,1776492914.0,1776493010.0,2026-04-18 06:16:50.677+00,2026-04-18 06:16:51.524766+00,0,1,1,easy,Digit Recall,10,5,False,2,0,0,0,3,0.0,5.0,1776492914.0,1776492919.0,ESTIMATE_ONLY_inter_question_gaps_unknown
b07efff5-d724-4117-bbc3-72bf2ecc4717,699dd060-e5d3-4dfb-bd49-1e58c9a7801d,memory,5,10,0.5,96,0,mid,1776492914.0,1776493010.0,2026-04-18 06:16:50.677+00,2026-04-18 06:16:51.524766+00,1,2,2,easy,Word Recall,10,5,False,2,2,1,0,3,8.0,13.0,1776492922.0,1776492927.0,ESTIMATE_ONLY_inter_question_gaps_unknown
b07efff5-d724-4117-bbc3-72bf2ecc4717,699dd060-e5d3-4dfb-bd49-1e58c9a7801d,memory,5,10,0.5,96,0,mid,1776492914.0,1776493010.0,2026-04-18 06:16:50.677+00,2026-04-18 06:16:51.524766+00,2,3,3,easy,Digit Recall,10,5,False,1,1,1,0,5,16.0,21.0,1776492930.0,1776492935.0,ESTIMATE_ONLY_inter_question_gaps_unknown
b07efff5-d724-4117-bbc3-72bf2ecc4717,699dd060-e5d3-4dfb-bd49-1e58c9a7801d,memory,5,10,0.5,96,0,mid,1776492914.0,1776493010.0,2026-04-18 06:16:50.677+00,2026-04-18 06:16:51.524766+00,3,4,4,easy,Word Recall,10,5,False,2,0,0,0,5,26.0,31.0,1776492940.0,1776492945.0,ESTIMATE_ONLY_inter_question_gaps_unknown
b07efff5-d724-4117-bbc3-72bf2ecc4717,699dd060-e5d3-4dfb-bd49-1e58c9a7801d,memory,5,10,0.5,96,0,mid,1776492914.0,1776493010.0,2026-04-18 06:16:50.677+00,2026-04-18 06:16:51.524766+00,4,5,5,medium,Digit Recall,12,6,False,1,0,0,0,4,36.0,42.0,1776492950.0,1776492956.0,ESTIMATE_ONLY_inter_question_gaps_unknown
b07efff5-d724-4117-bbc3-72bf2ecc4717,699dd060-e5d3-4dfb-bd49-1e58c9a7801d,memory,5,10,0.5,96,0,mid,1776492914.0,1776493010.0,2026-04-18 06:16:50.677+00,2026-04-18 06:16:51.524766+00,5,6,6,medium,Position Recall,12,6,False,1,1,1,0,4,46.0,52.0,1776492960.0,1776492966.0,ESTIMATE_ONLY_inter_question_gaps_unknown
b07efff5-d724-4117-bbc3-72bf2ecc4717,699dd060-e5d3-4dfb-bd49-1e58c9a7801d,memory,5,10,0.5,96,0,mid,1776492914.0,1776493010.0,2026-04-18 06:16:50.677+00,2026-04-18 06:16:51.524766+00,6,7,7,medium,Position Recall,12,6,False,2,2,1,0,3,56.0,62.0,1776492970.0,1776492976.0,ESTIMATE_ONLY_inter_question_gaps_unknown
b07efff5-d724-4117-bbc3-72bf2ecc4717,699dd060-e5d3-4dfb-bd49-1e58c9a7801d,memory,5,10,0.5,96,0,mid,1776492914.0,1776493010.0,2026-04-18 06:16:50.677+00,2026-04-18 06:16:51.524766+00,7,8,8,hard,Sequence Recall,15,7,False,0,0,1,0,7,65.0,72.0,1776492979.0,1776492986.0,ESTIMATE_ONLY_inter_question_gaps_unknown
b07efff5-d724-4117-bbc3-72bf2ecc4717,699dd060-e5d3-4dfb-bd49-1e58c9a7801d,memory,5,10,0.5,96,0,mid,1776492914.0,1776493010.0,2026-04-18 06:16:50.677+00,2026-04-18 06:16:51.524766+00,8,9,9,hard,Position Recall,15,7,False,2,1,0,0,4,79.0,86.0,1776492993.0,1776493000.0,ESTIMATE_ONLY_inter_question_gaps_unknown
b07efff5-d724-4117-bbc3-72bf2ecc4717,699dd060-e5d3-4dfb-bd49-1e58c9a7801d,memory,5,10,0.5,96,0,mid,1776492914.0,1776493010.0,2026-04-18 06:16:50.677+00,2026-04-18 06:16:51.524766+00,9,10,10,hard,Digit Analysis,15,7,False,1,2,0,0,3,90.0,97.0,1776493004.0,1776493011.0,ESTIMATE_ONLY_inter_question_gaps_unknown
b15f455a-5f32-41c5-9ced-6a50a87cb102,4cfb4306-1fd2-4cac-b1a4-e605da568d7e,arithmetic,15,20,0.75,195,1,high,1771581711.0,1771581906.0,2026-02-20 10:05:06.667+00,2026-02-20 10:05:07.938611+00,0,1,1,easy,Addition,15,,False,0,0,1,0,4,0.0,0.0,1771581711.0,1771581711.0,ESTIMATE_ONLY_inter_question_gaps_unknown
b15f455a-5f32-41c5-9ced-6a50a87cb102,4cfb4306-1fd2-4cac-b1a4-e605da568d7e,arithmetic,15,20,0.75,195,1,high,1771581711.0,1771581906.0,2026-02-20 10:05:06.667+00,2026-02-20 10:05:07.938611+00,1,2,2,easy,Division,15,,False,2,2,1,0,3,4.0,4.0,1771581715.0,1771581715.0,ESTIMATE_ONLY_inter_question_gaps_unknown
b15f455a-5f32-41c5-9ced-6a50a87cb102,4cfb4306-1fd2-4cac-b1a4-e605da568d7e,arithmetic,15,20,0.75,195,1,high,1771581711.0,1771581906.0,2026-02-20 10:05:06.667+00,2026-02-20 10:05:07.938611+00,2,3,3,easy,Addition,15,,False,1,1,1,0,2,7.0,7.0,1771581718.0,1771581718.0,ESTIMATE_ONLY_inter_question_gaps_unknown
b15f455a-5f32-41c5-9ced-6a50a87cb102,4cfb4306-1fd2-4cac-b1a4-e605da568d7e,arithmetic,15,20,0.75,195,1,high,1771581711.0,1771581906.0,2026-02-20 10:05:06.667+00,2026-02-20 10:05:07.938611+00,3,4,4,easy,Subtraction,15,,False,2,2,1,0,2,9.0,9.0,1771581720.0,1771581720.0,ESTIMATE_ONLY_inter_question_gaps_unknown
b15f455a-5f32-41c5-9ced-6a50a87cb102,4cfb4306-1fd2-4cac-b1a4-e605da568d7e,arithmetic,15,20,0.75,195,1,high,1771581711.0,1771581906.0,2026-02-20 10:05:06.667+00,2026-02-20 10:05:07.938611+00,4,5,5,medium,Addition,20,,False,0,0,1,0,4,11.0,11.0,1771581722.0,1771581722.0,ESTIMATE_ONLY_inter_question_gaps_unknown
b15f455a-5f32-41c5-9ced-6a50a87cb102,4cfb4306-1fd2-4cac-b1a4-e605da568d7e,arithmetic,15,20,0.75,195,1,high,1771581711.0,1771581906.0,2026-02-20 10:05:06.667+00,2026-02-20 10:05:07.938611+00,5,6,6,medium,Multiplication,20,,False,2,2,1,0,7,15.0,15.0,1771581726.0,1771581726.0,ESTIMATE_ONLY_inter_question_gaps_unknown
b15f455a-5f32-41c5-9ced-6a50a87cb102,4cfb4306-1fd2-4cac-b1a4-e605da568d7e,arithmetic,15,20,0.75,195,1,high,1771581711.0,1771581906.0,2026-02-20 10:05:06.667+00,2026-02-20 10:05:07.938611+00,6,7,7,medium,Division,20,,False,0,0,1,0,4,22.0,22.0,1771581733.0,1771581733.0,ESTIMATE_ONLY_inter_question_gaps_unknown
b15f455a-5f32-41c5-9ced-6a50a87cb102,4cfb4306-1fd2-4cac-b1a4-e605da568d7e,arithmetic,15,20,0.75,195,1,high,1771581711.0,1771581906.0,2026-02-20 10:05:06.667+00,2026-02-20 10:05:07.938611+00,7,8,8,hard,Percentage,30,,False,2,2,1,0,11,26.0,26.0,1771581737.0,1771581737.0,ESTIMATE_ONLY_inter_question_gaps_unknown
b15f455a-5f32-41c5-9ced-6a50a87cb102,4cfb4306-1fd2-4cac-b1a4-e605da568d7e,arithmetic,15,20,0.75,195,1,high,1771581711.0,1771581906.0,2026-02-20 10:05:06.667+00,2026-02-20 10:05:07.938611+00,8,9,9,hard,Multiplication,30,,False,2,0,0,0,7,37.0,37.0,1771581748.0,1771581748.0,ESTIMATE_ONLY_inter_question_gaps_unknown
b15f455a-5f32-41c5-9ced-6a50a87cb102,4cfb4306-1fd2-4cac-b1a4-e605da568d7e,arithmetic,15,20,0.75,195,1,high,1771581711.0,1771581906.0,2026-02-20 10:05:06.667+00,2026-02-20 10:05:07.938611+00,9,10,10,hard,Multi-step,30,,False,1,1,1,0,12,44.0,44.0,1771581755.0,1771581755.0,ESTIMATE_ONLY_inter_question_gaps_unknown
b15f455a-5f32-41c5-9ced-6a50a87cb102,4cfb4306-1fd2-4cac-b1a4-e605da568d7e,arithmetic,15,20,0.75,195,1,high,1771581711.0,1771581906.0,2026-02-20 10:05:06.667+00,2026-02-20 10:05:07.938611+00,10,11,11,unknown,unknown,,,False,0,2,0,0,17,56.0,56.0,1771581767.0,1771581767.0,ESTIMATE_ONLY_inter_question_gaps_unknown
b15f455a-5f32-41c5-9ced-6a50a87cb102,4cfb4306-1fd2-4cac-b1a4-e605da568d7e,arithmetic,15,20,0.75,195,1,high,1771581711.0,1771581906.0,2026-02-20 10:05:06.667+00,2026-02-20 10:05:07.938611+00,11,12,12,unknown,unknown,,,False,0,0,1,0,11,73.0,73.0,1771581784.0,1771581784.0,ESTIMATE_ONLY_inter_question_gaps_unknown
b15f455a-5f32-41c5-9ced-6a50a87cb102,4cfb4306-1fd2-4cac-b1a4-e605da568d7e,arithmetic,15,20,0.75,195,1,high,1771581711.0,1771581906.0,2026-02-20 10:05:06.667+00,2026-02-20 10:05:07.938611+00,12,13,13,unknown,unknown,,,False,2,2,1,0,10,84.0,84.0,1771581795.0,1771581795.0,ESTIMATE_ONLY_inter_question_gaps_unknown
b15f455a-5f32-41c5-9ced-6a50a87cb102,4cfb4306-1fd2-4cac-b1a4-e605da568d7e,arithmetic,15,20,0.75,195,1,high,1771581711.0,1771581906.0,2026-02-20 10:05:06.667+00,2026-02-20 10:05:07.938611+00,13,14,14,unknown,unknown,,,False,1,1,1,0,2,94.0,94.0,1771581805.0,1771581805.0,ESTIMATE_ONLY_inter_question_gaps_unknown
b15f455a-5f32-41c5-9ced-6a50a87cb102,4cfb4306-1fd2-4cac-b1a4-e605da568d7e,arithmetic,15,20,0.75,195,1,high,1771581711.0,1771581906.0,2026-02-20 10:05:06.667+00,2026-02-20 10:05:07.938611+00,14,15,15,unknown,unknown,,,False,0,2,0,0,18,96.0,96.0,1771581807.0,1771581807.0,ESTIMATE_ONLY_inter_question_gaps_unknown
b15f455a-5f32-41c5-9ced-6a50a87cb102,4cfb4306-1fd2-4cac-b1a4-e605da568d7e,arithmetic,15,20,0.75,195,1,high,1771581711.0,1771581906.0,2026-02-20 10:05:06.667+00,2026-02-20 10:05:07.938611+00,15,16,16,unknown,unknown,,,False,0,0,1,0,11,114.0,114.0,1771581825.0,1771581825.0,ESTIMATE_ONLY_inter_question_gaps_unknown
b15f455a-5f32-41c5-9ced-6a50a87cb102,4cfb4306-1fd2-4cac-b1a4-e605da568d7e,arithmetic,15,20,0.75,195,1,high,1771581711.0,1771581906.0,2026-02-20 10:05:06.667+00,2026-02-20 10:05:07.938611+00,16,17,17,unknown,unknown,,,False,1,1,1,0,21,125.0,125.0,1771581836.0,1771581836.0,ESTIMATE_ONLY_inter_question_gaps_unknown
b15f455a-5f32-41c5-9ced-6a50a87cb102,4cfb4306-1fd2-4cac-b1a4-e605da568d7e,arithmetic,15,20,0.75,195,1,high,1771581711.0,1771581906.0,2026-02-20 10:05:06.667+00,2026-02-20 10:05:07.938611+00,17,18,18,unknown,unknown,,,False,2,2,1,0,19,146.0,146.0,1771581857.0,1771581857.0,ESTIMATE_ONLY_inter_question_gaps_unknown
b15f455a-5f32-41c5-9ced-6a50a87cb102,4cfb4306-1fd2-4cac-b1a4-e605da568d7e,arithmetic,15,20,0.75,195,1,high,1771581711.0,1771581906.0,2026-02-20 10:05:06.667+00,2026-02-20 10:05:07.938611+00,18,19,19,unknown,unknown,,,False,1,0,0,0,20,165.0,165.0,1771581876.0,1771581876.0,ESTIMATE_ONLY_inter_question_gaps_unknown
b15f455a-5f32-41c5-9ced-6a50a87cb102,4cfb4306-1fd2-4cac-b1a4-e605da568d7e,arithmetic,15,20,0.75,195,1,high,1771581711.0,1771581906.0,2026-02-20 10:05:06.667+00,2026-02-20 10:05:07.938611+00,19,20,20,unknown,unknown,,,False,0,1,0,0,19,185.0,185.0,1771581896.0,1771581896.0,ESTIMATE_ONLY_inter_question_gaps_unknown
b1a93f2f-10e3-4196-97bd-50b2f22b9c5e,a32edb5b-8092-4f01-add0-35bbaf8e88b3,attention,9,10,0.9,99,1,high,1777006365.0,1777006464.0,2026-04-24 04:54:24.793+00,2026-04-24 04:54:25.27639+00,0,1,1,easy,Oddball Detection,8,5,False,2,2,1,0,3,0.0,5.0,1777006365.0,1777006370.0,ESTIMATE_ONLY_inter_question_gaps_unknown
b1a93f2f-10e3-4196-97bd-50b2f22b9c5e,a32edb5b-8092-4f01-add0-35bbaf8e88b3,attention,9,10,0.9,99,1,high,1777006365.0,1777006464.0,2026-04-24 04:54:24.793+00,2026-04-24 04:54:25.27639+00,1,2,2,easy,Count Target,8,5,False,0,0,1,0,3,8.0,13.0,1777006373.0,1777006378.0,ESTIMATE_ONLY_inter_question_gaps_unknown
b1a93f2f-10e3-4196-97bd-50b2f22b9c5e,a32edb5b-8092-4f01-add0-35bbaf8e88b3,attention,9,10,0.9,99,1,high,1777006365.0,1777006464.0,2026-04-24 04:54:24.793+00,2026-04-24 04:54:25.27639+00,2,3,3,easy,Pattern Break,8,5,False,2,2,1,0,3,16.0,21.0,1777006381.0,1777006386.0,ESTIMATE_ONLY_inter_question_gaps_unknown
b1a93f2f-10e3-4196-97bd-50b2f22b9c5e,a32edb5b-8092-4f01-add0-35bbaf8e88b3,attention,9,10,0.9,99,1,high,1777006365.0,1777006464.0,2026-04-24 04:54:24.793+00,2026-04-24 04:54:25.27639+00,3,4,4,easy,Position Detect,8,5,False,1,1,1,0,4,24.0,29.0,1777006389.0,1777006394.0,ESTIMATE_ONLY_inter_question_gaps_unknown
b1a93f2f-10e3-4196-97bd-50b2f22b9c5e,a32edb5b-8092-4f01-add0-35bbaf8e88b3,attention,9,10,0.9,99,1,high,1777006365.0,1777006464.0,2026-04-24 04:54:24.793+00,2026-04-24 04:54:25.27639+00,4,5,5,medium,Rule Violation,10,6,False,2,2,1,0,8,33.0,39.0,1777006398.0,1777006404.0,ESTIMATE_ONLY_inter_question_gaps_unknown
b1a93f2f-10e3-4196-97bd-50b2f22b9c5e,a32edb5b-8092-4f01-add0-35bbaf8e88b3,attention,9,10,0.9,99,1,high,1777006365.0,1777006464.0,2026-04-24 04:54:24.793+00,2026-04-24 04:54:25.27639+00,5,6,6,medium,Count Target,10,6,False,0,0,1,0,6,47.0,53.0,1777006412.0,1777006418.0,ESTIMATE_ONLY_inter_question_gaps_unknown
b1a93f2f-10e3-4196-97bd-50b2f22b9c5e,a32edb5b-8092-4f01-add0-35bbaf8e88b3,attention,9,10,0.9,99,1,high,1777006365.0,1777006464.0,2026-04-24 04:54:24.793+00,2026-04-24 04:54:25.27639+00,6,7,7,medium,Count Target,10,6,False,2,2,1,0,4,59.0,65.0,1777006424.0,1777006430.0,ESTIMATE_ONLY_inter_question_gaps_unknown
b1a93f2f-10e3-4196-97bd-50b2f22b9c5e,a32edb5b-8092-4f01-add0-35bbaf8e88b3,attention,9,10,0.9,99,1,high,1777006365.0,1777006464.0,2026-04-24 04:54:24.793+00,2026-04-24 04:54:25.27639+00,7,8,8,hard,Count Target,12,7,False,1,2,0,0,3,69.0,76.0,1777006434.0,1777006441.0,ESTIMATE_ONLY_inter_question_gaps_unknown
b1a93f2f-10e3-4196-97bd-50b2f22b9c5e,a32edb5b-8092-4f01-add0-35bbaf8e88b3,attention,9,10,0.9,99,1,high,1777006365.0,1777006464.0,2026-04-24 04:54:24.793+00,2026-04-24 04:54:25.27639+00,8,9,9,hard,Rule Violation,12,7,False,2,2,1,0,6,79.0,86.0,1777006444.0,1777006451.0,ESTIMATE_ONLY_inter_question_gaps_unknown
b1a93f2f-10e3-4196-97bd-50b2f22b9c5e,a32edb5b-8092-4f01-add0-35bbaf8e88b3,attention,9,10,0.9,99,1,high,1777006365.0,1777006464.0,2026-04-24 04:54:24.793+00,2026-04-24 04:54:25.27639+00,9,10,10,hard,Pattern Break,12,7,False,2,2,1,0,7,92.0,99.0,1777006457.0,1777006464.0,ESTIMATE_ONLY_inter_question_gaps_unknown
b23dfb9d-c101-48af-bd0d-41e95cf7a556,6f2c1a12-a0ec-4367-92f6-b0403cc5b56c,attention,7,10,0.7,93,1,mid,1776583811.0,1776583904.0,2026-04-19 07:31:44.376+00,2026-04-19 07:31:45.373666+00,0,1,1,easy,Oddball Detection,8,5,False,2,2,1,0,3,0.0,5.0,1776583811.0,1776583816.0,ESTIMATE_ONLY_inter_question_gaps_unknown
b23dfb9d-c101-48af-bd0d-41e95cf7a556,6f2c1a12-a0ec-4367-92f6-b0403cc5b56c,attention,7,10,0.7,93,1,mid,1776583811.0,1776583904.0,2026-04-19 07:31:44.376+00,2026-04-19 07:31:45.373666+00,1,2,2,easy,Count Target,8,5,False,0,0,1,0,4,8.0,13.0,1776583819.0,1776583824.0,ESTIMATE_ONLY_inter_question_gaps_unknown
b23dfb9d-c101-48af-bd0d-41e95cf7a556,6f2c1a12-a0ec-4367-92f6-b0403cc5b56c,attention,7,10,0.7,93,1,mid,1776583811.0,1776583904.0,2026-04-19 07:31:44.376+00,2026-04-19 07:31:45.373666+00,2,3,3,easy,Pattern Break,8,5,False,2,2,1,0,4,17.0,22.0,1776583828.0,1776583833.0,ESTIMATE_ONLY_inter_question_gaps_unknown
b23dfb9d-c101-48af-bd0d-41e95cf7a556,6f2c1a12-a0ec-4367-92f6-b0403cc5b56c,attention,7,10,0.7,93,1,mid,1776583811.0,1776583904.0,2026-04-19 07:31:44.376+00,2026-04-19 07:31:45.373666+00,3,4,4,easy,Position Detect,8,5,False,1,1,1,0,6,26.0,31.0,1776583837.0,1776583842.0,ESTIMATE_ONLY_inter_question_gaps_unknown
b23dfb9d-c101-48af-bd0d-41e95cf7a556,6f2c1a12-a0ec-4367-92f6-b0403cc5b56c,attention,7,10,0.7,93,1,mid,1776583811.0,1776583904.0,2026-04-19 07:31:44.376+00,2026-04-19 07:31:45.373666+00,4,5,5,medium,Rule Violation,10,6,False,2,2,1,0,5,37.0,43.0,1776583848.0,1776583854.0,ESTIMATE_ONLY_inter_question_gaps_unknown
b23dfb9d-c101-48af-bd0d-41e95cf7a556,6f2c1a12-a0ec-4367-92f6-b0403cc5b56c,attention,7,10,0.7,93,1,mid,1776583811.0,1776583904.0,2026-04-19 07:31:44.376+00,2026-04-19 07:31:45.373666+00,5,6,6,medium,Count Target,10,6,False,2,0,0,0,3,48.0,54.0,1776583859.0,1776583865.0,ESTIMATE_ONLY_inter_question_gaps_unknown
b23dfb9d-c101-48af-bd0d-41e95cf7a556,6f2c1a12-a0ec-4367-92f6-b0403cc5b56c,attention,7,10,0.7,93,1,mid,1776583811.0,1776583904.0,2026-04-19 07:31:44.376+00,2026-04-19 07:31:45.373666+00,6,7,7,medium,Count Target,10,6,False,2,2,1,0,3,57.0,63.0,1776583868.0,1776583874.0,ESTIMATE_ONLY_inter_question_gaps_unknown
b23dfb9d-c101-48af-bd0d-41e95cf7a556,6f2c1a12-a0ec-4367-92f6-b0403cc5b56c,attention,7,10,0.7,93,1,mid,1776583811.0,1776583904.0,2026-04-19 07:31:44.376+00,2026-04-19 07:31:45.373666+00,7,8,8,hard,Count Target,12,7,False,1,2,0,0,3,66.0,73.0,1776583877.0,1776583884.0,ESTIMATE_ONLY_inter_question_gaps_unknown
b23dfb9d-c101-48af-bd0d-41e95cf7a556,6f2c1a12-a0ec-4367-92f6-b0403cc5b56c,attention,7,10,0.7,93,1,mid,1776583811.0,1776583904.0,2026-04-19 07:31:44.376+00,2026-04-19 07:31:45.373666+00,8,9,9,hard,Rule Violation,12,7,False,2,2,1,0,4,76.0,83.0,1776583887.0,1776583894.0,ESTIMATE_ONLY_inter_question_gaps_unknown
b23dfb9d-c101-48af-bd0d-41e95cf7a556,6f2c1a12-a0ec-4367-92f6-b0403cc5b56c,attention,7,10,0.7,93,1,mid,1776583811.0,1776583904.0,2026-04-19 07:31:44.376+00,2026-04-19 07:31:45.373666+00,9,10,10,hard,Pattern Break,12,7,False,1,2,0,0,4,87.0,94.0,1776583898.0,1776583905.0,ESTIMATE_ONLY_inter_question_gaps_unknown
b479345c-a0db-4ee8-a435-bdb728214df8,3cebc90b-7bb9-4438-bb6d-00b1b897bdf9,attention,9,10,0.9,87,1,high,1777544359.0,1777544446.0,2026-04-30 10:20:46.655+00,2026-04-30 10:20:47.118873+00,0,1,1,easy,Oddball Detection,8,5,False,2,2,1,0,3,0.0,5.0,1777544359.0,1777544364.0,ESTIMATE_ONLY_inter_question_gaps_unknown
b479345c-a0db-4ee8-a435-bdb728214df8,3cebc90b-7bb9-4438-bb6d-00b1b897bdf9,attention,9,10,0.9,87,1,high,1777544359.0,1777544446.0,2026-04-30 10:20:46.655+00,2026-04-30 10:20:47.118873+00,1,2,2,easy,Count Target,8,5,False,0,0,1,0,3,8.0,13.0,1777544367.0,1777544372.0,ESTIMATE_ONLY_inter_question_gaps_unknown
b479345c-a0db-4ee8-a435-bdb728214df8,3cebc90b-7bb9-4438-bb6d-00b1b897bdf9,attention,9,10,0.9,87,1,high,1777544359.0,1777544446.0,2026-04-30 10:20:46.655+00,2026-04-30 10:20:47.118873+00,2,3,3,easy,Pattern Break,8,5,False,2,2,1,0,3,16.0,21.0,1777544375.0,1777544380.0,ESTIMATE_ONLY_inter_question_gaps_unknown
b479345c-a0db-4ee8-a435-bdb728214df8,3cebc90b-7bb9-4438-bb6d-00b1b897bdf9,attention,9,10,0.9,87,1,high,1777544359.0,1777544446.0,2026-04-30 10:20:46.655+00,2026-04-30 10:20:47.118873+00,3,4,4,easy,Position Detect,8,5,False,1,1,1,0,2,24.0,29.0,1777544383.0,1777544388.0,ESTIMATE_ONLY_inter_question_gaps_unknown
b479345c-a0db-4ee8-a435-bdb728214df8,3cebc90b-7bb9-4438-bb6d-00b1b897bdf9,attention,9,10,0.9,87,1,high,1777544359.0,1777544446.0,2026-04-30 10:20:46.655+00,2026-04-30 10:20:47.118873+00,4,5,5,medium,Rule Violation,10,6,False,2,2,1,0,2,31.0,37.0,1777544390.0,1777544396.0,ESTIMATE_ONLY_inter_question_gaps_unknown
b479345c-a0db-4ee8-a435-bdb728214df8,3cebc90b-7bb9-4438-bb6d-00b1b897bdf9,attention,9,10,0.9,87,1,high,1777544359.0,1777544446.0,2026-04-30 10:20:46.655+00,2026-04-30 10:20:47.118873+00,5,6,6,medium,Count Target,10,6,False,0,0,1,0,7,39.0,45.0,1777544398.0,1777544404.0,ESTIMATE_ONLY_inter_question_gaps_unknown
b479345c-a0db-4ee8-a435-bdb728214df8,3cebc90b-7bb9-4438-bb6d-00b1b897bdf9,attention,9,10,0.9,87,1,high,1777544359.0,1777544446.0,2026-04-30 10:20:46.655+00,2026-04-30 10:20:47.118873+00,6,7,7,medium,Count Target,10,6,False,2,2,1,0,5,52.0,58.0,1777544411.0,1777544417.0,ESTIMATE_ONLY_inter_question_gaps_unknown
b479345c-a0db-4ee8-a435-bdb728214df8,3cebc90b-7bb9-4438-bb6d-00b1b897bdf9,attention,9,10,0.9,87,1,high,1777544359.0,1777544446.0,2026-04-30 10:20:46.655+00,2026-04-30 10:20:47.118873+00,7,8,8,hard,Count Target,12,7,False,1,2,0,0,2,63.0,70.0,1777544422.0,1777544429.0,ESTIMATE_ONLY_inter_question_gaps_unknown
b479345c-a0db-4ee8-a435-bdb728214df8,3cebc90b-7bb9-4438-bb6d-00b1b897bdf9,attention,9,10,0.9,87,1,high,1777544359.0,1777544446.0,2026-04-30 10:20:46.655+00,2026-04-30 10:20:47.118873+00,8,9,9,hard,Rule Violation,12,7,False,2,2,1,0,4,72.0,79.0,1777544431.0,1777544438.0,ESTIMATE_ONLY_inter_question_gaps_unknown
b479345c-a0db-4ee8-a435-bdb728214df8,3cebc90b-7bb9-4438-bb6d-00b1b897bdf9,attention,9,10,0.9,87,1,high,1777544359.0,1777544446.0,2026-04-30 10:20:46.655+00,2026-04-30 10:20:47.118873+00,9,10,10,hard,Pattern Break,12,7,False,2,2,1,0,2,83.0,90.0,1777544442.0,1777544449.0,ESTIMATE_ONLY_inter_question_gaps_unknown
b495c390-361f-46c6-9c85-fb5efb226fa3,daa69244-ed2c-41a5-883b-3352a4c9284b,arithmetic,8,10,0.8,66,1,high,1776425667.0,1776425733.0,2026-04-17 11:35:33.955+00,2026-04-17 11:35:34.186683+00,0,1,1,easy,Addition,15,,False,0,0,1,0,3,0.0,0.0,1776425667.0,1776425667.0,ESTIMATE_ONLY_inter_question_gaps_unknown
b495c390-361f-46c6-9c85-fb5efb226fa3,daa69244-ed2c-41a5-883b-3352a4c9284b,arithmetic,8,10,0.8,66,1,high,1776425667.0,1776425733.0,2026-04-17 11:35:33.955+00,2026-04-17 11:35:34.186683+00,1,2,2,easy,Division,15,,False,2,2,1,0,3,3.0,3.0,1776425670.0,1776425670.0,ESTIMATE_ONLY_inter_question_gaps_unknown
b495c390-361f-46c6-9c85-fb5efb226fa3,daa69244-ed2c-41a5-883b-3352a4c9284b,arithmetic,8,10,0.8,66,1,high,1776425667.0,1776425733.0,2026-04-17 11:35:33.955+00,2026-04-17 11:35:34.186683+00,2,3,3,easy,Addition,15,,False,0,0,1,0,2,6.0,6.0,1776425673.0,1776425673.0,ESTIMATE_ONLY_inter_question_gaps_unknown
b495c390-361f-46c6-9c85-fb5efb226fa3,daa69244-ed2c-41a5-883b-3352a4c9284b,arithmetic,8,10,0.8,66,1,high,1776425667.0,1776425733.0,2026-04-17 11:35:33.955+00,2026-04-17 11:35:34.186683+00,3,4,4,easy,Subtraction,15,,False,0,0,1,0,4,8.0,8.0,1776425675.0,1776425675.0,ESTIMATE_ONLY_inter_question_gaps_unknown
b495c390-361f-46c6-9c85-fb5efb226fa3,daa69244-ed2c-41a5-883b-3352a4c9284b,arithmetic,8,10,0.8,66,1,high,1776425667.0,1776425733.0,2026-04-17 11:35:33.955+00,2026-04-17 11:35:34.186683+00,4,5,5,medium,Addition,20,,False,2,2,1,0,6,12.0,12.0,1776425679.0,1776425679.0,ESTIMATE_ONLY_inter_question_gaps_unknown
b495c390-361f-46c6-9c85-fb5efb226fa3,daa69244-ed2c-41a5-883b-3352a4c9284b,arithmetic,8,10,0.8,66,1,high,1776425667.0,1776425733.0,2026-04-17 11:35:33.955+00,2026-04-17 11:35:34.186683+00,5,6,6,medium,Multiplication,20,,False,1,0,0,0,6,18.0,18.0,1776425685.0,1776425685.0,ESTIMATE_ONLY_inter_question_gaps_unknown
b495c390-361f-46c6-9c85-fb5efb226fa3,daa69244-ed2c-41a5-883b-3352a4c9284b,arithmetic,8,10,0.8,66,1,high,1776425667.0,1776425733.0,2026-04-17 11:35:33.955+00,2026-04-17 11:35:34.186683+00,6,7,7,medium,Division,20,,False,1,1,1,0,4,24.0,24.0,1776425691.0,1776425691.0,ESTIMATE_ONLY_inter_question_gaps_unknown
b495c390-361f-46c6-9c85-fb5efb226fa3,daa69244-ed2c-41a5-883b-3352a4c9284b,arithmetic,8,10,0.8,66,1,high,1776425667.0,1776425733.0,2026-04-17 11:35:33.955+00,2026-04-17 11:35:34.186683+00,7,8,8,hard,Percentage,30,,False,2,2,1,0,11,28.0,28.0,1776425695.0,1776425695.0,ESTIMATE_ONLY_inter_question_gaps_unknown
b495c390-361f-46c6-9c85-fb5efb226fa3,daa69244-ed2c-41a5-883b-3352a4c9284b,arithmetic,8,10,0.8,66,1,high,1776425667.0,1776425733.0,2026-04-17 11:35:33.955+00,2026-04-17 11:35:34.186683+00,8,9,9,hard,Multiplication,30,,False,1,0,0,0,12,39.0,39.0,1776425706.0,1776425706.0,ESTIMATE_ONLY_inter_question_gaps_unknown
b495c390-361f-46c6-9c85-fb5efb226fa3,daa69244-ed2c-41a5-883b-3352a4c9284b,arithmetic,8,10,0.8,66,1,high,1776425667.0,1776425733.0,2026-04-17 11:35:33.955+00,2026-04-17 11:35:34.186683+00,9,10,10,hard,Multi-step,30,,False,1,1,1,0,19,51.0,51.0,1776425718.0,1776425718.0,ESTIMATE_ONLY_inter_question_gaps_unknown
b619dd4f-7f7c-4f6f-b4d1-cce6da8fb8dc,d103eb77-fd3d-4b89-83f1-4f34ec8d6123,memory,9,10,0.9,86,1,high,1776422204.0,1776422290.0,2026-04-17 10:38:10.385+00,2026-04-17 10:38:11.462014+00,0,1,1,easy,Digit Recall,10,5,False,0,0,1,0,2,0.0,5.0,1776422204.0,1776422209.0,ESTIMATE_ONLY_inter_question_gaps_unknown
b619dd4f-7f7c-4f6f-b4d1-cce6da8fb8dc,d103eb77-fd3d-4b89-83f1-4f34ec8d6123,memory,9,10,0.9,86,1,high,1776422204.0,1776422290.0,2026-04-17 10:38:10.385+00,2026-04-17 10:38:11.462014+00,1,2,2,easy,Word Recall,10,5,False,2,2,1,0,2,7.0,12.0,1776422211.0,1776422216.0,ESTIMATE_ONLY_inter_question_gaps_unknown
b619dd4f-7f7c-4f6f-b4d1-cce6da8fb8dc,d103eb77-fd3d-4b89-83f1-4f34ec8d6123,memory,9,10,0.9,86,1,high,1776422204.0,1776422290.0,2026-04-17 10:38:10.385+00,2026-04-17 10:38:11.462014+00,2,3,3,easy,Digit Recall,10,5,False,1,1,1,0,3,14.0,19.0,1776422218.0,1776422223.0,ESTIMATE_ONLY_inter_question_gaps_unknown
b619dd4f-7f7c-4f6f-b4d1-cce6da8fb8dc,d103eb77-fd3d-4b89-83f1-4f34ec8d6123,memory,9,10,0.9,86,1,high,1776422204.0,1776422290.0,2026-04-17 10:38:10.385+00,2026-04-17 10:38:11.462014+00,3,4,4,easy,Word Recall,10,5,False,0,0,1,0,2,22.0,27.0,1776422226.0,1776422231.0,ESTIMATE_ONLY_inter_question_gaps_unknown
b619dd4f-7f7c-4f6f-b4d1-cce6da8fb8dc,d103eb77-fd3d-4b89-83f1-4f34ec8d6123,memory,9,10,0.9,86,1,high,1776422204.0,1776422290.0,2026-04-17 10:38:10.385+00,2026-04-17 10:38:11.462014+00,4,5,5,medium,Digit Recall,12,6,False,0,0,1,0,2,29.0,35.0,1776422233.0,1776422239.0,ESTIMATE_ONLY_inter_question_gaps_unknown
b619dd4f-7f7c-4f6f-b4d1-cce6da8fb8dc,d103eb77-fd3d-4b89-83f1-4f34ec8d6123,memory,9,10,0.9,86,1,high,1776422204.0,1776422290.0,2026-04-17 10:38:10.385+00,2026-04-17 10:38:11.462014+00,5,6,6,medium,Position Recall,12,6,False,1,1,1,0,4,37.0,43.0,1776422241.0,1776422247.0,ESTIMATE_ONLY_inter_question_gaps_unknown
b619dd4f-7f7c-4f6f-b4d1-cce6da8fb8dc,d103eb77-fd3d-4b89-83f1-4f34ec8d6123,memory,9,10,0.9,86,1,high,1776422204.0,1776422290.0,2026-04-17 10:38:10.385+00,2026-04-17 10:38:11.462014+00,6,7,7,medium,Position Recall,12,6,False,2,2,1,0,4,47.0,53.0,1776422251.0,1776422257.0,ESTIMATE_ONLY_inter_question_gaps_unknown
b619dd4f-7f7c-4f6f-b4d1-cce6da8fb8dc,d103eb77-fd3d-4b89-83f1-4f34ec8d6123,memory,9,10,0.9,86,1,high,1776422204.0,1776422290.0,2026-04-17 10:38:10.385+00,2026-04-17 10:38:11.462014+00,7,8,8,hard,Sequence Recall,15,7,False,1,0,0,0,3,57.0,64.0,1776422261.0,1776422268.0,ESTIMATE_ONLY_inter_question_gaps_unknown
b619dd4f-7f7c-4f6f-b4d1-cce6da8fb8dc,d103eb77-fd3d-4b89-83f1-4f34ec8d6123,memory,9,10,0.9,86,1,high,1776422204.0,1776422290.0,2026-04-17 10:38:10.385+00,2026-04-17 10:38:11.462014+00,8,9,9,hard,Position Recall,15,7,False,1,1,1,0,5,67.0,74.0,1776422271.0,1776422278.0,ESTIMATE_ONLY_inter_question_gaps_unknown
b619dd4f-7f7c-4f6f-b4d1-cce6da8fb8dc,d103eb77-fd3d-4b89-83f1-4f34ec8d6123,memory,9,10,0.9,86,1,high,1776422204.0,1776422290.0,2026-04-17 10:38:10.385+00,2026-04-17 10:38:11.462014+00,9,10,10,hard,Digit Analysis,15,7,False,2,2,1,0,5,79.0,86.0,1776422283.0,1776422290.0,ESTIMATE_ONLY_inter_question_gaps_unknown
b6fb7d6f-8e60-4470-ba60-c7c0e0c55f78,9c588e1c-b67d-4964-9795-ff4e62e1f292,comprehension,10,10,1.0,86,1,high,1776581687.0,1776581773.0,2026-04-19 06:56:13.267+00,2026-04-19 06:56:14.163626+00,0,1,1,easy,Fact Extraction,25,,True,0,0,1,0,5,0.0,0.0,1776581687.0,1776581687.0,ESTIMATE_ONLY_reading_phase_duration_unknown
b6fb7d6f-8e60-4470-ba60-c7c0e0c55f78,9c588e1c-b67d-4964-9795-ff4e62e1f292,comprehension,10,10,1.0,86,1,high,1776581687.0,1776581773.0,2026-04-19 06:56:13.267+00,2026-04-19 06:56:14.163626+00,1,2,2,medium,Detail Recall,25,,False,0,0,1,0,2,5.0,5.0,1776581692.0,1776581692.0,ESTIMATE_ONLY_inter_question_gaps_unknown
b6fb7d6f-8e60-4470-ba60-c7c0e0c55f78,9c588e1c-b67d-4964-9795-ff4e62e1f292,comprehension,10,10,1.0,86,1,high,1776581687.0,1776581773.0,2026-04-19 06:56:13.267+00,2026-04-19 06:56:14.163626+00,2,3,3,easy,Fact Extraction,25,,False,0,0,1,0,2,7.0,7.0,1776581694.0,1776581694.0,ESTIMATE_ONLY_inter_question_gaps_unknown
b6fb7d6f-8e60-4470-ba60-c7c0e0c55f78,9c588e1c-b67d-4964-9795-ff4e62e1f292,comprehension,10,10,1.0,86,1,high,1776581687.0,1776581773.0,2026-04-19 06:56:13.267+00,2026-04-19 06:56:14.163626+00,3,4,4,medium,Inference,25,,False,1,1,1,0,3,9.0,9.0,1776581696.0,1776581696.0,ESTIMATE_ONLY_inter_question_gaps_unknown
b6fb7d6f-8e60-4470-ba60-c7c0e0c55f78,9c588e1c-b67d-4964-9795-ff4e62e1f292,comprehension,10,10,1.0,86,1,high,1776581687.0,1776581773.0,2026-04-19 06:56:13.267+00,2026-04-19 06:56:14.163626+00,4,5,5,easy,Detail Recall,25,,False,0,0,1,0,4,12.0,12.0,1776581699.0,1776581699.0,ESTIMATE_ONLY_inter_question_gaps_unknown
b6fb7d6f-8e60-4470-ba60-c7c0e0c55f78,9c588e1c-b67d-4964-9795-ff4e62e1f292,comprehension,10,10,1.0,86,1,high,1776581687.0,1776581773.0,2026-04-19 06:56:13.267+00,2026-04-19 06:56:14.163626+00,5,6,6,easy,Fact Extraction,25,,True,1,1,1,0,3,16.0,16.0,1776581703.0,1776581703.0,ESTIMATE_ONLY_reading_phase_duration_unknown
b6fb7d6f-8e60-4470-ba60-c7c0e0c55f78,9c588e1c-b67d-4964-9795-ff4e62e1f292,comprehension,10,10,1.0,86,1,high,1776581687.0,1776581773.0,2026-04-19 06:56:13.267+00,2026-04-19 06:56:14.163626+00,6,7,7,easy,Detail Recall,25,,False,2,2,1,0,3,19.0,19.0,1776581706.0,1776581706.0,ESTIMATE_ONLY_inter_question_gaps_unknown
b6fb7d6f-8e60-4470-ba60-c7c0e0c55f78,9c588e1c-b67d-4964-9795-ff4e62e1f292,comprehension,10,10,1.0,86,1,high,1776581687.0,1776581773.0,2026-04-19 06:56:13.267+00,2026-04-19 06:56:14.163626+00,7,8,8,medium,Detail Recall,25,,False,0,0,1,0,4,22.0,22.0,1776581709.0,1776581709.0,ESTIMATE_ONLY_inter_question_gaps_unknown
b6fb7d6f-8e60-4470-ba60-c7c0e0c55f78,9c588e1c-b67d-4964-9795-ff4e62e1f292,comprehension,10,10,1.0,86,1,high,1776581687.0,1776581773.0,2026-04-19 06:56:13.267+00,2026-04-19 06:56:14.163626+00,8,9,9,medium,Inference,25,,False,1,1,1,0,7,26.0,26.0,1776581713.0,1776581713.0,ESTIMATE_ONLY_inter_question_gaps_unknown
b6fb7d6f-8e60-4470-ba60-c7c0e0c55f78,9c588e1c-b67d-4964-9795-ff4e62e1f292,comprehension,10,10,1.0,86,1,high,1776581687.0,1776581773.0,2026-04-19 06:56:13.267+00,2026-04-19 06:56:14.163626+00,9,10,10,easy,Fact Extraction,25,,False,1,1,1,0,4,33.0,33.0,1776581720.0,1776581720.0,ESTIMATE_ONLY_inter_question_gaps_unknown
b7c55d4c-3c13-40c2-95b3-869ae025a09f,c33adeeb-6609-4bd1-8fbc-9b3562dea1d0,memory,5,10,0.5,92,0,mid,1776937623.0,1776937715.0,2026-04-23 09:48:35.193+00,2026-04-23 09:48:35.472161+00,0,1,1,easy,Digit Recall,10,5,False,0,0,1,0,4,0.0,5.0,1776937623.0,1776937628.0,ESTIMATE_ONLY_inter_question_gaps_unknown
b7c55d4c-3c13-40c2-95b3-869ae025a09f,c33adeeb-6609-4bd1-8fbc-9b3562dea1d0,memory,5,10,0.5,92,0,mid,1776937623.0,1776937715.0,2026-04-23 09:48:35.193+00,2026-04-23 09:48:35.472161+00,1,2,2,easy,Word Recall,10,5,False,2,2,1,0,3,9.0,14.0,1776937632.0,1776937637.0,ESTIMATE_ONLY_inter_question_gaps_unknown
b7c55d4c-3c13-40c2-95b3-869ae025a09f,c33adeeb-6609-4bd1-8fbc-9b3562dea1d0,memory,5,10,0.5,92,0,mid,1776937623.0,1776937715.0,2026-04-23 09:48:35.193+00,2026-04-23 09:48:35.472161+00,2,3,3,easy,Digit Recall,10,5,False,1,1,1,0,5,17.0,22.0,1776937640.0,1776937645.0,ESTIMATE_ONLY_inter_question_gaps_unknown
b7c55d4c-3c13-40c2-95b3-869ae025a09f,c33adeeb-6609-4bd1-8fbc-9b3562dea1d0,memory,5,10,0.5,92,0,mid,1776937623.0,1776937715.0,2026-04-23 09:48:35.193+00,2026-04-23 09:48:35.472161+00,3,4,4,easy,Word Recall,10,5,False,0,0,1,0,3,27.0,32.0,1776937650.0,1776937655.0,ESTIMATE_ONLY_inter_question_gaps_unknown
b7c55d4c-3c13-40c2-95b3-869ae025a09f,c33adeeb-6609-4bd1-8fbc-9b3562dea1d0,memory,5,10,0.5,92,0,mid,1776937623.0,1776937715.0,2026-04-23 09:48:35.193+00,2026-04-23 09:48:35.472161+00,4,5,5,medium,Digit Recall,12,6,False,1,0,0,0,4,35.0,41.0,1776937658.0,1776937664.0,ESTIMATE_ONLY_inter_question_gaps_unknown
b7c55d4c-3c13-40c2-95b3-869ae025a09f,c33adeeb-6609-4bd1-8fbc-9b3562dea1d0,memory,5,10,0.5,92,0,mid,1776937623.0,1776937715.0,2026-04-23 09:48:35.193+00,2026-04-23 09:48:35.472161+00,5,6,6,medium,Position Recall,12,6,False,1,1,1,0,4,45.0,51.0,1776937668.0,1776937674.0,ESTIMATE_ONLY_inter_question_gaps_unknown
b7c55d4c-3c13-40c2-95b3-869ae025a09f,c33adeeb-6609-4bd1-8fbc-9b3562dea1d0,memory,5,10,0.5,92,0,mid,1776937623.0,1776937715.0,2026-04-23 09:48:35.193+00,2026-04-23 09:48:35.472161+00,6,7,7,medium,Position Recall,12,6,False,0,2,0,0,3,55.0,61.0,1776937678.0,1776937684.0,ESTIMATE_ONLY_inter_question_gaps_unknown
b7c55d4c-3c13-40c2-95b3-869ae025a09f,c33adeeb-6609-4bd1-8fbc-9b3562dea1d0,memory,5,10,0.5,92,0,mid,1776937623.0,1776937715.0,2026-04-23 09:48:35.193+00,2026-04-23 09:48:35.472161+00,7,8,8,hard,Sequence Recall,15,7,False,2,0,0,0,6,64.0,71.0,1776937687.0,1776937694.0,ESTIMATE_ONLY_inter_question_gaps_unknown
b7c55d4c-3c13-40c2-95b3-869ae025a09f,c33adeeb-6609-4bd1-8fbc-9b3562dea1d0,memory,5,10,0.5,92,0,mid,1776937623.0,1776937715.0,2026-04-23 09:48:35.193+00,2026-04-23 09:48:35.472161+00,8,9,9,hard,Position Recall,15,7,False,0,1,0,0,4,77.0,84.0,1776937700.0,1776937707.0,ESTIMATE_ONLY_inter_question_gaps_unknown
b7c55d4c-3c13-40c2-95b3-869ae025a09f,c33adeeb-6609-4bd1-8fbc-9b3562dea1d0,memory,5,10,0.5,92,0,mid,1776937623.0,1776937715.0,2026-04-23 09:48:35.193+00,2026-04-23 09:48:35.472161+00,9,10,10,hard,Digit Analysis,15,7,False,0,2,0,0,5,88.0,95.0,1776937711.0,1776937718.0,ESTIMATE_ONLY_inter_question_gaps_unknown
b7d8331c-a11d-4eee-8788-8458632e308d,038c88b9-98c6-4009-810c-b905483f4baf,memory,7,10,0.7,84,1,mid,1776850775.0,1776850859.0,2026-04-22 09:40:59.235+00,2026-04-22 09:40:59.728153+00,0,1,1,easy,Digit Recall,10,5,False,0,0,1,0,3,0.0,5.0,1776850775.0,1776850780.0,ESTIMATE_ONLY_inter_question_gaps_unknown
b7d8331c-a11d-4eee-8788-8458632e308d,038c88b9-98c6-4009-810c-b905483f4baf,memory,7,10,0.7,84,1,mid,1776850775.0,1776850859.0,2026-04-22 09:40:59.235+00,2026-04-22 09:40:59.728153+00,1,2,2,easy,Word Recall,10,5,False,2,2,1,0,2,8.0,13.0,1776850783.0,1776850788.0,ESTIMATE_ONLY_inter_question_gaps_unknown
b7d8331c-a11d-4eee-8788-8458632e308d,038c88b9-98c6-4009-810c-b905483f4baf,memory,7,10,0.7,84,1,mid,1776850775.0,1776850859.0,2026-04-22 09:40:59.235+00,2026-04-22 09:40:59.728153+00,2,3,3,easy,Digit Recall,10,5,False,1,1,1,0,4,15.0,20.0,1776850790.0,1776850795.0,ESTIMATE_ONLY_inter_question_gaps_unknown
b7d8331c-a11d-4eee-8788-8458632e308d,038c88b9-98c6-4009-810c-b905483f4baf,memory,7,10,0.7,84,1,mid,1776850775.0,1776850859.0,2026-04-22 09:40:59.235+00,2026-04-22 09:40:59.728153+00,3,4,4,easy,Word Recall,10,5,False,0,0,1,0,2,24.0,29.0,1776850799.0,1776850804.0,ESTIMATE_ONLY_inter_question_gaps_unknown
b7d8331c-a11d-4eee-8788-8458632e308d,038c88b9-98c6-4009-810c-b905483f4baf,memory,7,10,0.7,84,1,mid,1776850775.0,1776850859.0,2026-04-22 09:40:59.235+00,2026-04-22 09:40:59.728153+00,4,5,5,medium,Digit Recall,12,6,False,0,0,1,0,3,31.0,37.0,1776850806.0,1776850812.0,ESTIMATE_ONLY_inter_question_gaps_unknown
b7d8331c-a11d-4eee-8788-8458632e308d,038c88b9-98c6-4009-810c-b905483f4baf,memory,7,10,0.7,84,1,mid,1776850775.0,1776850859.0,2026-04-22 09:40:59.235+00,2026-04-22 09:40:59.728153+00,5,6,6,medium,Position Recall,12,6,False,1,1,1,0,3,40.0,46.0,1776850815.0,1776850821.0,ESTIMATE_ONLY_inter_question_gaps_unknown
b7d8331c-a11d-4eee-8788-8458632e308d,038c88b9-98c6-4009-810c-b905483f4baf,memory,7,10,0.7,84,1,mid,1776850775.0,1776850859.0,2026-04-22 09:40:59.235+00,2026-04-22 09:40:59.728153+00,6,7,7,medium,Position Recall,12,6,False,0,2,0,0,2,49.0,55.0,1776850824.0,1776850830.0,ESTIMATE_ONLY_inter_question_gaps_unknown
b7d8331c-a11d-4eee-8788-8458632e308d,038c88b9-98c6-4009-810c-b905483f4baf,memory,7,10,0.7,84,1,mid,1776850775.0,1776850859.0,2026-04-22 09:40:59.235+00,2026-04-22 09:40:59.728153+00,7,8,8,hard,Sequence Recall,15,7,False,0,0,1,0,3,57.0,64.0,1776850832.0,1776850839.0,ESTIMATE_ONLY_inter_question_gaps_unknown
b7d8331c-a11d-4eee-8788-8458632e308d,038c88b9-98c6-4009-810c-b905483f4baf,memory,7,10,0.7,84,1,mid,1776850775.0,1776850859.0,2026-04-22 09:40:59.235+00,2026-04-22 09:40:59.728153+00,8,9,9,hard,Position Recall,15,7,False,2,1,0,0,2,67.0,74.0,1776850842.0,1776850849.0,ESTIMATE_ONLY_inter_question_gaps_unknown
b7d8331c-a11d-4eee-8788-8458632e308d,038c88b9-98c6-4009-810c-b905483f4baf,memory,7,10,0.7,84,1,mid,1776850775.0,1776850859.0,2026-04-22 09:40:59.235+00,2026-04-22 09:40:59.728153+00,9,10,10,hard,Digit Analysis,15,7,False,0,2,0,0,5,76.0,83.0,1776850851.0,1776850858.0,ESTIMATE_ONLY_inter_question_gaps_unknown
b81d5795-2ef8-4433-8c20-3654679ff718,a9fa0a9e-4c99-49b4-b75f-ba925babb6f9,memory,8,10,0.8,88,1,high,1776228528.0,1776228616.0,2026-04-15 04:50:16.64+00,2026-04-15 04:50:15.686759+00,0,1,1,easy,Digit Recall,10,5,False,0,0,1,0,3,0.0,5.0,1776228528.0,1776228533.0,ESTIMATE_ONLY_inter_question_gaps_unknown
b81d5795-2ef8-4433-8c20-3654679ff718,a9fa0a9e-4c99-49b4-b75f-ba925babb6f9,memory,8,10,0.8,88,1,high,1776228528.0,1776228616.0,2026-04-15 04:50:16.64+00,2026-04-15 04:50:15.686759+00,1,2,2,easy,Word Recall,10,5,False,2,2,1,0,3,8.0,13.0,1776228536.0,1776228541.0,ESTIMATE_ONLY_inter_question_gaps_unknown
b81d5795-2ef8-4433-8c20-3654679ff718,a9fa0a9e-4c99-49b4-b75f-ba925babb6f9,memory,8,10,0.8,88,1,high,1776228528.0,1776228616.0,2026-04-15 04:50:16.64+00,2026-04-15 04:50:15.686759+00,2,3,3,easy,Digit Recall,10,5,False,1,1,1,0,3,16.0,21.0,1776228544.0,1776228549.0,ESTIMATE_ONLY_inter_question_gaps_unknown
b81d5795-2ef8-4433-8c20-3654679ff718,a9fa0a9e-4c99-49b4-b75f-ba925babb6f9,memory,8,10,0.8,88,1,high,1776228528.0,1776228616.0,2026-04-15 04:50:16.64+00,2026-04-15 04:50:15.686759+00,3,4,4,easy,Word Recall,10,5,False,0,0,1,0,3,24.0,29.0,1776228552.0,1776228557.0,ESTIMATE_ONLY_inter_question_gaps_unknown
b81d5795-2ef8-4433-8c20-3654679ff718,a9fa0a9e-4c99-49b4-b75f-ba925babb6f9,memory,8,10,0.8,88,1,high,1776228528.0,1776228616.0,2026-04-15 04:50:16.64+00,2026-04-15 04:50:15.686759+00,4,5,5,medium,Digit Recall,12,6,False,0,0,1,0,2,32.0,38.0,1776228560.0,1776228566.0,ESTIMATE_ONLY_inter_question_gaps_unknown
b81d5795-2ef8-4433-8c20-3654679ff718,a9fa0a9e-4c99-49b4-b75f-ba925babb6f9,memory,8,10,0.8,88,1,high,1776228528.0,1776228616.0,2026-04-15 04:50:16.64+00,2026-04-15 04:50:15.686759+00,5,6,6,medium,Position Recall,12,6,False,1,1,1,0,4,40.0,46.0,1776228568.0,1776228574.0,ESTIMATE_ONLY_inter_question_gaps_unknown
b81d5795-2ef8-4433-8c20-3654679ff718,a9fa0a9e-4c99-49b4-b75f-ba925babb6f9,memory,8,10,0.8,88,1,high,1776228528.0,1776228616.0,2026-04-15 04:50:16.64+00,2026-04-15 04:50:15.686759+00,6,7,7,medium,Position Recall,12,6,False,2,2,1,0,4,50.0,56.0,1776228578.0,1776228584.0,ESTIMATE_ONLY_inter_question_gaps_unknown
b81d5795-2ef8-4433-8c20-3654679ff718,a9fa0a9e-4c99-49b4-b75f-ba925babb6f9,memory,8,10,0.8,88,1,high,1776228528.0,1776228616.0,2026-04-15 04:50:16.64+00,2026-04-15 04:50:15.686759+00,7,8,8,hard,Sequence Recall,15,7,False,1,0,0,0,8,60.0,67.0,1776228588.0,1776228595.0,ESTIMATE_ONLY_inter_question_gaps_unknown
b81d5795-2ef8-4433-8c20-3654679ff718,a9fa0a9e-4c99-49b4-b75f-ba925babb6f9,memory,8,10,0.8,88,1,high,1776228528.0,1776228616.0,2026-04-15 04:50:16.64+00,2026-04-15 04:50:15.686759+00,8,9,9,hard,Position Recall,15,7,False,1,1,1,0,3,75.0,82.0,1776228603.0,1776228610.0,ESTIMATE_ONLY_inter_question_gaps_unknown
b81d5795-2ef8-4433-8c20-3654679ff718,a9fa0a9e-4c99-49b4-b75f-ba925babb6f9,memory,8,10,0.8,88,1,high,1776228528.0,1776228616.0,2026-04-15 04:50:16.64+00,2026-04-15 04:50:15.686759+00,9,10,10,hard,Digit Analysis,15,7,False,0,2,0,0,4,85.0,92.0,1776228613.0,1776228620.0,ESTIMATE_ONLY_inter_question_gaps_unknown
bb0b4fdd-d71b-48f9-868e-1e509a28b9bd,69c167cf-2224-4a55-adef-a54aa83f75c5,pattern,10,10,1.0,81,1,high,1776919423.0,1776919504.0,2026-04-23 04:45:04.541+00,2026-04-23 04:45:04.748044+00,0,1,1,easy,Arithmetic Sequence,15,,False,2,2,1,0,3,0.0,0.0,1776919423.0,1776919423.0,ESTIMATE_ONLY_inter_question_gaps_unknown
bb0b4fdd-d71b-48f9-868e-1e509a28b9bd,69c167cf-2224-4a55-adef-a54aa83f75c5,pattern,10,10,1.0,81,1,high,1776919423.0,1776919504.0,2026-04-23 04:45:04.541+00,2026-04-23 04:45:04.748044+00,1,2,2,easy,Arithmetic Sequence,15,,False,0,0,1,0,4,3.0,3.0,1776919426.0,1776919426.0,ESTIMATE_ONLY_inter_question_gaps_unknown
bb0b4fdd-d71b-48f9-868e-1e509a28b9bd,69c167cf-2224-4a55-adef-a54aa83f75c5,pattern,10,10,1.0,81,1,high,1776919423.0,1776919504.0,2026-04-23 04:45:04.541+00,2026-04-23 04:45:04.748044+00,2,3,3,easy,Odd Numbers,15,,False,1,1,1,0,4,7.0,7.0,1776919430.0,1776919430.0,ESTIMATE_ONLY_inter_question_gaps_unknown
bb0b4fdd-d71b-48f9-868e-1e509a28b9bd,69c167cf-2224-4a55-adef-a54aa83f75c5,pattern,10,10,1.0,81,1,high,1776919423.0,1776919504.0,2026-04-23 04:45:04.541+00,2026-04-23 04:45:04.748044+00,3,4,4,easy,Decreasing Sequence,15,,False,2,2,1,0,4,11.0,11.0,1776919434.0,1776919434.0,ESTIMATE_ONLY_inter_question_gaps_unknown
bb0b4fdd-d71b-48f9-868e-1e509a28b9bd,69c167cf-2224-4a55-adef-a54aa83f75c5,pattern,10,10,1.0,81,1,high,1776919423.0,1776919504.0,2026-04-23 04:45:04.541+00,2026-04-23 04:45:04.748044+00,4,5,5,medium,Perfect Squares,20,,False,2,2,1,0,7,15.0,15.0,1776919438.0,1776919438.0,ESTIMATE_ONLY_inter_question_gaps_unknown
bb0b4fdd-d71b-48f9-868e-1e509a28b9bd,69c167cf-2224-4a55-adef-a54aa83f75c5,pattern,10,10,1.0,81,1,high,1776919423.0,1776919504.0,2026-04-23 04:45:04.541+00,2026-04-23 04:45:04.748044+00,5,6,6,medium,Fibonacci,20,,False,1,1,1,0,13,22.0,22.0,1776919445.0,1776919445.0,ESTIMATE_ONLY_inter_question_gaps_unknown
bb0b4fdd-d71b-48f9-868e-1e509a28b9bd,69c167cf-2224-4a55-adef-a54aa83f75c5,pattern,10,10,1.0,81,1,high,1776919423.0,1776919504.0,2026-04-23 04:45:04.541+00,2026-04-23 04:45:04.748044+00,6,7,7,medium,Perfect Cubes,20,,False,2,2,1,0,8,35.0,35.0,1776919458.0,1776919458.0,ESTIMATE_ONLY_inter_question_gaps_unknown
bb0b4fdd-d71b-48f9-868e-1e509a28b9bd,69c167cf-2224-4a55-adef-a54aa83f75c5,pattern,10,10,1.0,81,1,high,1776919423.0,1776919504.0,2026-04-23 04:45:04.541+00,2026-04-23 04:45:04.748044+00,7,8,8,hard,Triangular Differences,30,,False,2,2,1,0,17,43.0,43.0,1776919466.0,1776919466.0,ESTIMATE_ONLY_inter_question_gaps_unknown
bb0b4fdd-d71b-48f9-868e-1e509a28b9bd,69c167cf-2224-4a55-adef-a54aa83f75c5,pattern,10,10,1.0,81,1,high,1776919423.0,1776919504.0,2026-04-23 04:45:04.541+00,2026-04-23 04:45:04.748044+00,8,9,9,hard,Squares,30,,False,0,0,1,0,9,60.0,60.0,1776919483.0,1776919483.0,ESTIMATE_ONLY_inter_question_gaps_unknown
bb0b4fdd-d71b-48f9-868e-1e509a28b9bd,69c167cf-2224-4a55-adef-a54aa83f75c5,pattern,10,10,1.0,81,1,high,1776919423.0,1776919504.0,2026-04-23 04:45:04.541+00,2026-04-23 04:45:04.748044+00,9,10,10,hard,n(n+1),30,,False,0,0,1,0,19,69.0,69.0,1776919492.0,1776919492.0,ESTIMATE_ONLY_inter_question_gaps_unknown
bb5d7cbb-205b-479c-a9b1-31365c166e97,50e80c06-aaf0-4193-90cb-eb43ae74b701,attention,10,10,1.0,82,1,high,1776834707.0,1776834789.0,2026-04-22 05:13:09.015+00,2026-04-22 05:13:11.068949+00,0,1,1,easy,Oddball Detection,8,5,False,2,2,1,0,3,0.0,5.0,1776834707.0,1776834712.0,ESTIMATE_ONLY_inter_question_gaps_unknown
bb5d7cbb-205b-479c-a9b1-31365c166e97,50e80c06-aaf0-4193-90cb-eb43ae74b701,attention,10,10,1.0,82,1,high,1776834707.0,1776834789.0,2026-04-22 05:13:09.015+00,2026-04-22 05:13:11.068949+00,1,2,2,easy,Count Target,8,5,False,0,0,1,0,3,8.0,13.0,1776834715.0,1776834720.0,ESTIMATE_ONLY_inter_question_gaps_unknown
bb5d7cbb-205b-479c-a9b1-31365c166e97,50e80c06-aaf0-4193-90cb-eb43ae74b701,attention,10,10,1.0,82,1,high,1776834707.0,1776834789.0,2026-04-22 05:13:09.015+00,2026-04-22 05:13:11.068949+00,2,3,3,easy,Pattern Break,8,5,False,2,2,1,0,3,16.0,21.0,1776834723.0,1776834728.0,ESTIMATE_ONLY_inter_question_gaps_unknown
bb5d7cbb-205b-479c-a9b1-31365c166e97,50e80c06-aaf0-4193-90cb-eb43ae74b701,attention,10,10,1.0,82,1,high,1776834707.0,1776834789.0,2026-04-22 05:13:09.015+00,2026-04-22 05:13:11.068949+00,3,4,4,easy,Position Detect,8,5,False,1,1,1,0,2,24.0,29.0,1776834731.0,1776834736.0,ESTIMATE_ONLY_inter_question_gaps_unknown
bb5d7cbb-205b-479c-a9b1-31365c166e97,50e80c06-aaf0-4193-90cb-eb43ae74b701,attention,10,10,1.0,82,1,high,1776834707.0,1776834789.0,2026-04-22 05:13:09.015+00,2026-04-22 05:13:11.068949+00,4,5,5,medium,Rule Violation,10,6,False,2,2,1,0,3,31.0,37.0,1776834738.0,1776834744.0,ESTIMATE_ONLY_inter_question_gaps_unknown
bb5d7cbb-205b-479c-a9b1-31365c166e97,50e80c06-aaf0-4193-90cb-eb43ae74b701,attention,10,10,1.0,82,1,high,1776834707.0,1776834789.0,2026-04-22 05:13:09.015+00,2026-04-22 05:13:11.068949+00,5,6,6,medium,Count Target,10,6,False,0,0,1,0,2,40.0,46.0,1776834747.0,1776834753.0,ESTIMATE_ONLY_inter_question_gaps_unknown
bb5d7cbb-205b-479c-a9b1-31365c166e97,50e80c06-aaf0-4193-90cb-eb43ae74b701,attention,10,10,1.0,82,1,high,1776834707.0,1776834789.0,2026-04-22 05:13:09.015+00,2026-04-22 05:13:11.068949+00,6,7,7,medium,Count Target,10,6,False,2,2,1,0,2,48.0,54.0,1776834755.0,1776834761.0,ESTIMATE_ONLY_inter_question_gaps_unknown
bb5d7cbb-205b-479c-a9b1-31365c166e97,50e80c06-aaf0-4193-90cb-eb43ae74b701,attention,10,10,1.0,82,1,high,1776834707.0,1776834789.0,2026-04-22 05:13:09.015+00,2026-04-22 05:13:11.068949+00,7,8,8,hard,Count Target,12,7,False,2,2,1,0,3,56.0,63.0,1776834763.0,1776834770.0,ESTIMATE_ONLY_inter_question_gaps_unknown
bb5d7cbb-205b-479c-a9b1-31365c166e97,50e80c06-aaf0-4193-90cb-eb43ae74b701,attention,10,10,1.0,82,1,high,1776834707.0,1776834789.0,2026-04-22 05:13:09.015+00,2026-04-22 05:13:11.068949+00,8,9,9,hard,Rule Violation,12,7,False,2,2,1,0,4,66.0,73.0,1776834773.0,1776834780.0,ESTIMATE_ONLY_inter_question_gaps_unknown
bb5d7cbb-205b-479c-a9b1-31365c166e97,50e80c06-aaf0-4193-90cb-eb43ae74b701,attention,10,10,1.0,82,1,high,1776834707.0,1776834789.0,2026-04-22 05:13:09.015+00,2026-04-22 05:13:11.068949+00,9,10,10,hard,Pattern Break,12,7,False,2,2,1,0,4,77.0,84.0,1776834784.0,1776834791.0,ESTIMATE_ONLY_inter_question_gaps_unknown
bd46810b-c191-4ddb-ac51-69d63ec542ff,50e80c06-aaf0-4193-90cb-eb43ae74b701,comprehension,9,10,0.9,78,1,high,1776834603.0,1776834681.0,2026-04-22 05:11:21.199+00,2026-04-22 05:11:22.821889+00,0,1,1,easy,Fact Extraction,25,,True,0,0,1,0,9,0.0,0.0,1776834603.0,1776834603.0,ESTIMATE_ONLY_reading_phase_duration_unknown
bd46810b-c191-4ddb-ac51-69d63ec542ff,50e80c06-aaf0-4193-90cb-eb43ae74b701,comprehension,9,10,0.9,78,1,high,1776834603.0,1776834681.0,2026-04-22 05:11:21.199+00,2026-04-22 05:11:22.821889+00,1,2,2,medium,Detail Recall,25,,False,0,0,1,0,6,9.0,9.0,1776834612.0,1776834612.0,ESTIMATE_ONLY_inter_question_gaps_unknown
bd46810b-c191-4ddb-ac51-69d63ec542ff,50e80c06-aaf0-4193-90cb-eb43ae74b701,comprehension,9,10,0.9,78,1,high,1776834603.0,1776834681.0,2026-04-22 05:11:21.199+00,2026-04-22 05:11:22.821889+00,2,3,3,easy,Fact Extraction,25,,False,0,0,1,0,3,15.0,15.0,1776834618.0,1776834618.0,ESTIMATE_ONLY_inter_question_gaps_unknown
bd46810b-c191-4ddb-ac51-69d63ec542ff,50e80c06-aaf0-4193-90cb-eb43ae74b701,comprehension,9,10,0.9,78,1,high,1776834603.0,1776834681.0,2026-04-22 05:11:21.199+00,2026-04-22 05:11:22.821889+00,3,4,4,medium,Inference,25,,False,1,1,1,0,18,18.0,18.0,1776834621.0,1776834621.0,ESTIMATE_ONLY_inter_question_gaps_unknown
bd46810b-c191-4ddb-ac51-69d63ec542ff,50e80c06-aaf0-4193-90cb-eb43ae74b701,comprehension,9,10,0.9,78,1,high,1776834603.0,1776834681.0,2026-04-22 05:11:21.199+00,2026-04-22 05:11:22.821889+00,4,5,5,easy,Detail Recall,25,,False,0,0,1,0,7,36.0,36.0,1776834639.0,1776834639.0,ESTIMATE_ONLY_inter_question_gaps_unknown
bd46810b-c191-4ddb-ac51-69d63ec542ff,50e80c06-aaf0-4193-90cb-eb43ae74b701,comprehension,9,10,0.9,78,1,high,1776834603.0,1776834681.0,2026-04-22 05:11:21.199+00,2026-04-22 05:11:22.821889+00,5,6,6,easy,Fact Extraction,25,,True,0,1,0,0,3,43.0,43.0,1776834646.0,1776834646.0,ESTIMATE_ONLY_reading_phase_duration_unknown
bd46810b-c191-4ddb-ac51-69d63ec542ff,50e80c06-aaf0-4193-90cb-eb43ae74b701,comprehension,9,10,0.9,78,1,high,1776834603.0,1776834681.0,2026-04-22 05:11:21.199+00,2026-04-22 05:11:22.821889+00,6,7,7,easy,Detail Recall,25,,False,2,2,1,0,5,46.0,46.0,1776834649.0,1776834649.0,ESTIMATE_ONLY_inter_question_gaps_unknown
bd46810b-c191-4ddb-ac51-69d63ec542ff,50e80c06-aaf0-4193-90cb-eb43ae74b701,comprehension,9,10,0.9,78,1,high,1776834603.0,1776834681.0,2026-04-22 05:11:21.199+00,2026-04-22 05:11:22.821889+00,7,8,8,medium,Detail Recall,25,,False,0,0,1,0,7,51.0,51.0,1776834654.0,1776834654.0,ESTIMATE_ONLY_inter_question_gaps_unknown
bd46810b-c191-4ddb-ac51-69d63ec542ff,50e80c06-aaf0-4193-90cb-eb43ae74b701,comprehension,9,10,0.9,78,1,high,1776834603.0,1776834681.0,2026-04-22 05:11:21.199+00,2026-04-22 05:11:22.821889+00,8,9,9,medium,Inference,25,,False,1,1,1,0,6,58.0,58.0,1776834661.0,1776834661.0,ESTIMATE_ONLY_inter_question_gaps_unknown
bd46810b-c191-4ddb-ac51-69d63ec542ff,50e80c06-aaf0-4193-90cb-eb43ae74b701,comprehension,9,10,0.9,78,1,high,1776834603.0,1776834681.0,2026-04-22 05:11:21.199+00,2026-04-22 05:11:22.821889+00,9,10,10,easy,Fact Extraction,25,,False,1,1,1,0,6,64.0,64.0,1776834667.0,1776834667.0,ESTIMATE_ONLY_inter_question_gaps_unknown
bea27d56-b47e-4b56-aef3-71f082d93f9c,cbdba92c-9740-49a5-8627-91d15f9db8f9,memory,9,10,0.9,98,1,high,1776064677.0,1776064775.0,2026-04-13 07:19:35.291+00,2026-04-13 07:19:35.557898+00,0,1,1,easy,Digit Recall,10,5,False,0,0,1,0,4,0.0,5.0,1776064677.0,1776064682.0,ESTIMATE_ONLY_inter_question_gaps_unknown
bea27d56-b47e-4b56-aef3-71f082d93f9c,cbdba92c-9740-49a5-8627-91d15f9db8f9,memory,9,10,0.9,98,1,high,1776064677.0,1776064775.0,2026-04-13 07:19:35.291+00,2026-04-13 07:19:35.557898+00,1,2,2,easy,Word Recall,10,5,False,2,2,1,0,4,9.0,14.0,1776064686.0,1776064691.0,ESTIMATE_ONLY_inter_question_gaps_unknown
bea27d56-b47e-4b56-aef3-71f082d93f9c,cbdba92c-9740-49a5-8627-91d15f9db8f9,memory,9,10,0.9,98,1,high,1776064677.0,1776064775.0,2026-04-13 07:19:35.291+00,2026-04-13 07:19:35.557898+00,2,3,3,easy,Digit Recall,10,5,False,1,1,1,0,3,18.0,23.0,1776064695.0,1776064700.0,ESTIMATE_ONLY_inter_question_gaps_unknown
bea27d56-b47e-4b56-aef3-71f082d93f9c,cbdba92c-9740-49a5-8627-91d15f9db8f9,memory,9,10,0.9,98,1,high,1776064677.0,1776064775.0,2026-04-13 07:19:35.291+00,2026-04-13 07:19:35.557898+00,3,4,4,easy,Word Recall,10,5,False,0,0,1,0,3,26.0,31.0,1776064703.0,1776064708.0,ESTIMATE_ONLY_inter_question_gaps_unknown
bea27d56-b47e-4b56-aef3-71f082d93f9c,cbdba92c-9740-49a5-8627-91d15f9db8f9,memory,9,10,0.9,98,1,high,1776064677.0,1776064775.0,2026-04-13 07:19:35.291+00,2026-04-13 07:19:35.557898+00,4,5,5,medium,Digit Recall,12,6,False,0,0,1,0,4,34.0,40.0,1776064711.0,1776064717.0,ESTIMATE_ONLY_inter_question_gaps_unknown
bea27d56-b47e-4b56-aef3-71f082d93f9c,cbdba92c-9740-49a5-8627-91d15f9db8f9,memory,9,10,0.9,98,1,high,1776064677.0,1776064775.0,2026-04-13 07:19:35.291+00,2026-04-13 07:19:35.557898+00,5,6,6,medium,Position Recall,12,6,False,0,1,0,0,4,44.0,50.0,1776064721.0,1776064727.0,ESTIMATE_ONLY_inter_question_gaps_unknown
bea27d56-b47e-4b56-aef3-71f082d93f9c,cbdba92c-9740-49a5-8627-91d15f9db8f9,memory,9,10,0.9,98,1,high,1776064677.0,1776064775.0,2026-04-13 07:19:35.291+00,2026-04-13 07:19:35.557898+00,6,7,7,medium,Position Recall,12,6,False,2,2,1,0,2,54.0,60.0,1776064731.0,1776064737.0,ESTIMATE_ONLY_inter_question_gaps_unknown
bea27d56-b47e-4b56-aef3-71f082d93f9c,cbdba92c-9740-49a5-8627-91d15f9db8f9,memory,9,10,0.9,98,1,high,1776064677.0,1776064775.0,2026-04-13 07:19:35.291+00,2026-04-13 07:19:35.557898+00,7,8,8,hard,Sequence Recall,15,7,False,0,0,1,0,9,62.0,69.0,1776064739.0,1776064746.0,ESTIMATE_ONLY_inter_question_gaps_unknown
bea27d56-b47e-4b56-aef3-71f082d93f9c,cbdba92c-9740-49a5-8627-91d15f9db8f9,memory,9,10,0.9,98,1,high,1776064677.0,1776064775.0,2026-04-13 07:19:35.291+00,2026-04-13 07:19:35.557898+00,8,9,9,hard,Position Recall,15,7,False,1,1,1,0,3,78.0,85.0,1776064755.0,1776064762.0,ESTIMATE_ONLY_inter_question_gaps_unknown
bea27d56-b47e-4b56-aef3-71f082d93f9c,cbdba92c-9740-49a5-8627-91d15f9db8f9,memory,9,10,0.9,98,1,high,1776064677.0,1776064775.0,2026-04-13 07:19:35.291+00,2026-04-13 07:19:35.557898+00,9,10,10,hard,Digit Analysis,15,7,False,2,2,1,0,7,88.0,95.0,1776064765.0,1776064772.0,ESTIMATE_ONLY_inter_question_gaps_unknown
bf0ce6b6-28a0-45f4-b2c7-7015c95a594b,9c588e1c-b67d-4964-9795-ff4e62e1f292,pattern,8,10,0.8,49,1,high,1776581504.0,1776581553.0,2026-04-19 06:52:33.882+00,2026-04-19 06:52:34.926618+00,0,1,1,easy,Arithmetic Sequence,15,,False,2,2,1,0,4,0.0,0.0,1776581504.0,1776581504.0,ESTIMATE_ONLY_inter_question_gaps_unknown
bf0ce6b6-28a0-45f4-b2c7-7015c95a594b,9c588e1c-b67d-4964-9795-ff4e62e1f292,pattern,8,10,0.8,49,1,high,1776581504.0,1776581553.0,2026-04-19 06:52:33.882+00,2026-04-19 06:52:34.926618+00,1,2,2,easy,Arithmetic Sequence,15,,False,0,0,1,0,2,4.0,4.0,1776581508.0,1776581508.0,ESTIMATE_ONLY_inter_question_gaps_unknown
bf0ce6b6-28a0-45f4-b2c7-7015c95a594b,9c588e1c-b67d-4964-9795-ff4e62e1f292,pattern,8,10,0.8,49,1,high,1776581504.0,1776581553.0,2026-04-19 06:52:33.882+00,2026-04-19 06:52:34.926618+00,2,3,3,easy,Odd Numbers,15,,False,1,1,1,0,3,6.0,6.0,1776581510.0,1776581510.0,ESTIMATE_ONLY_inter_question_gaps_unknown
bf0ce6b6-28a0-45f4-b2c7-7015c95a594b,9c588e1c-b67d-4964-9795-ff4e62e1f292,pattern,8,10,0.8,49,1,high,1776581504.0,1776581553.0,2026-04-19 06:52:33.882+00,2026-04-19 06:52:34.926618+00,3,4,4,easy,Decreasing Sequence,15,,False,2,2,1,0,3,9.0,9.0,1776581513.0,1776581513.0,ESTIMATE_ONLY_inter_question_gaps_unknown
bf0ce6b6-28a0-45f4-b2c7-7015c95a594b,9c588e1c-b67d-4964-9795-ff4e62e1f292,pattern,8,10,0.8,49,1,high,1776581504.0,1776581553.0,2026-04-19 06:52:33.882+00,2026-04-19 06:52:34.926618+00,4,5,5,medium,Perfect Squares,20,,False,2,2,1,0,2,12.0,12.0,1776581516.0,1776581516.0,ESTIMATE_ONLY_inter_question_gaps_unknown
bf0ce6b6-28a0-45f4-b2c7-7015c95a594b,9c588e1c-b67d-4964-9795-ff4e62e1f292,pattern,8,10,0.8,49,1,high,1776581504.0,1776581553.0,2026-04-19 06:52:33.882+00,2026-04-19 06:52:34.926618+00,5,6,6,medium,Fibonacci,20,,False,0,1,0,0,5,14.0,14.0,1776581518.0,1776581518.0,ESTIMATE_ONLY_inter_question_gaps_unknown
bf0ce6b6-28a0-45f4-b2c7-7015c95a594b,9c588e1c-b67d-4964-9795-ff4e62e1f292,pattern,8,10,0.8,49,1,high,1776581504.0,1776581553.0,2026-04-19 06:52:33.882+00,2026-04-19 06:52:34.926618+00,6,7,7,medium,Perfect Cubes,20,,False,2,2,1,0,4,19.0,19.0,1776581523.0,1776581523.0,ESTIMATE_ONLY_inter_question_gaps_unknown
bf0ce6b6-28a0-45f4-b2c7-7015c95a594b,9c588e1c-b67d-4964-9795-ff4e62e1f292,pattern,8,10,0.8,49,1,high,1776581504.0,1776581553.0,2026-04-19 06:52:33.882+00,2026-04-19 06:52:34.926618+00,7,8,8,hard,Triangular Differences,30,,False,2,2,1,0,13,23.0,23.0,1776581527.0,1776581527.0,ESTIMATE_ONLY_inter_question_gaps_unknown
bf0ce6b6-28a0-45f4-b2c7-7015c95a594b,9c588e1c-b67d-4964-9795-ff4e62e1f292,pattern,8,10,0.8,49,1,high,1776581504.0,1776581553.0,2026-04-19 06:52:33.882+00,2026-04-19 06:52:34.926618+00,8,9,9,hard,Squares,30,,False,0,0,1,0,8,36.0,36.0,1776581540.0,1776581540.0,ESTIMATE_ONLY_inter_question_gaps_unknown
bf0ce6b6-28a0-45f4-b2c7-7015c95a594b,9c588e1c-b67d-4964-9795-ff4e62e1f292,pattern,8,10,0.8,49,1,high,1776581504.0,1776581553.0,2026-04-19 06:52:33.882+00,2026-04-19 06:52:34.926618+00,9,10,10,hard,n(n+1),30,,False,2,0,0,0,10,44.0,44.0,1776581548.0,1776581548.0,ESTIMATE_ONLY_inter_question_gaps_unknown
c02936b7-3848-43e0-b1e9-d05de29beaf5,4b00bcd7-936b-42d2-99b5-c0b8b78272c9,comprehension,10,10,1.0,198,1,high,1776330395.0,1776330593.0,2026-04-16 09:09:53.872+00,2026-04-16 09:09:59.276265+00,0,1,1,easy,Fact Extraction,25,,True,0,0,1,0,6,0.0,0.0,1776330395.0,1776330395.0,ESTIMATE_ONLY_reading_phase_duration_unknown
c02936b7-3848-43e0-b1e9-d05de29beaf5,4b00bcd7-936b-42d2-99b5-c0b8b78272c9,comprehension,10,10,1.0,198,1,high,1776330395.0,1776330593.0,2026-04-16 09:09:53.872+00,2026-04-16 09:09:59.276265+00,1,2,2,medium,Detail Recall,25,,False,0,0,1,0,8,6.0,6.0,1776330401.0,1776330401.0,ESTIMATE_ONLY_inter_question_gaps_unknown
c02936b7-3848-43e0-b1e9-d05de29beaf5,4b00bcd7-936b-42d2-99b5-c0b8b78272c9,comprehension,10,10,1.0,198,1,high,1776330395.0,1776330593.0,2026-04-16 09:09:53.872+00,2026-04-16 09:09:59.276265+00,2,3,3,easy,Fact Extraction,25,,False,0,0,1,0,7,14.0,14.0,1776330409.0,1776330409.0,ESTIMATE_ONLY_inter_question_gaps_unknown
c02936b7-3848-43e0-b1e9-d05de29beaf5,4b00bcd7-936b-42d2-99b5-c0b8b78272c9,comprehension,10,10,1.0,198,1,high,1776330395.0,1776330593.0,2026-04-16 09:09:53.872+00,2026-04-16 09:09:59.276265+00,3,4,4,medium,Inference,25,,False,1,1,1,0,7,21.0,21.0,1776330416.0,1776330416.0,ESTIMATE_ONLY_inter_question_gaps_unknown
c02936b7-3848-43e0-b1e9-d05de29beaf5,4b00bcd7-936b-42d2-99b5-c0b8b78272c9,comprehension,10,10,1.0,198,1,high,1776330395.0,1776330593.0,2026-04-16 09:09:53.872+00,2026-04-16 09:09:59.276265+00,4,5,5,easy,Detail Recall,25,,False,0,0,1,0,8,28.0,28.0,1776330423.0,1776330423.0,ESTIMATE_ONLY_inter_question_gaps_unknown
c02936b7-3848-43e0-b1e9-d05de29beaf5,4b00bcd7-936b-42d2-99b5-c0b8b78272c9,comprehension,10,10,1.0,198,1,high,1776330395.0,1776330593.0,2026-04-16 09:09:53.872+00,2026-04-16 09:09:59.276265+00,5,6,6,easy,Fact Extraction,25,,True,1,1,1,0,5,36.0,36.0,1776330431.0,1776330431.0,ESTIMATE_ONLY_reading_phase_duration_unknown
c02936b7-3848-43e0-b1e9-d05de29beaf5,4b00bcd7-936b-42d2-99b5-c0b8b78272c9,comprehension,10,10,1.0,198,1,high,1776330395.0,1776330593.0,2026-04-16 09:09:53.872+00,2026-04-16 09:09:59.276265+00,6,7,7,easy,Detail Recall,25,,False,2,2,1,0,6,41.0,41.0,1776330436.0,1776330436.0,ESTIMATE_ONLY_inter_question_gaps_unknown
c02936b7-3848-43e0-b1e9-d05de29beaf5,4b00bcd7-936b-42d2-99b5-c0b8b78272c9,comprehension,10,10,1.0,198,1,high,1776330395.0,1776330593.0,2026-04-16 09:09:53.872+00,2026-04-16 09:09:59.276265+00,7,8,8,medium,Detail Recall,25,,False,0,0,1,0,6,47.0,47.0,1776330442.0,1776330442.0,ESTIMATE_ONLY_inter_question_gaps_unknown
c02936b7-3848-43e0-b1e9-d05de29beaf5,4b00bcd7-936b-42d2-99b5-c0b8b78272c9,comprehension,10,10,1.0,198,1,high,1776330395.0,1776330593.0,2026-04-16 09:09:53.872+00,2026-04-16 09:09:59.276265+00,8,9,9,medium,Inference,25,,False,1,1,1,0,7,53.0,53.0,1776330448.0,1776330448.0,ESTIMATE_ONLY_inter_question_gaps_unknown
c02936b7-3848-43e0-b1e9-d05de29beaf5,4b00bcd7-936b-42d2-99b5-c0b8b78272c9,comprehension,10,10,1.0,198,1,high,1776330395.0,1776330593.0,2026-04-16 09:09:53.872+00,2026-04-16 09:09:59.276265+00,9,10,10,easy,Fact Extraction,25,,False,1,1,1,0,8,60.0,60.0,1776330455.0,1776330455.0,ESTIMATE_ONLY_inter_question_gaps_unknown
c1d8c2e1-f2b4-4602-89d3-0cdae362a0d6,d103eb77-fd3d-4b89-83f1-4f34ec8d6123,attention,8,10,0.8,86,1,high,1776422461.0,1776422547.0,2026-04-17 10:42:27.37+00,2026-04-17 10:42:28.410344+00,0,1,1,easy,Oddball Detection,8,5,False,1,2,0,0,3,0.0,5.0,1776422461.0,1776422466.0,ESTIMATE_ONLY_inter_question_gaps_unknown
c1d8c2e1-f2b4-4602-89d3-0cdae362a0d6,d103eb77-fd3d-4b89-83f1-4f34ec8d6123,attention,8,10,0.8,86,1,high,1776422461.0,1776422547.0,2026-04-17 10:42:27.37+00,2026-04-17 10:42:28.410344+00,1,2,2,easy,Count Target,8,5,False,0,0,1,0,2,8.0,13.0,1776422469.0,1776422474.0,ESTIMATE_ONLY_inter_question_gaps_unknown
c1d8c2e1-f2b4-4602-89d3-0cdae362a0d6,d103eb77-fd3d-4b89-83f1-4f34ec8d6123,attention,8,10,0.8,86,1,high,1776422461.0,1776422547.0,2026-04-17 10:42:27.37+00,2026-04-17 10:42:28.410344+00,2,3,3,easy,Pattern Break,8,5,False,2,2,1,0,2,15.0,20.0,1776422476.0,1776422481.0,ESTIMATE_ONLY_inter_question_gaps_unknown
c1d8c2e1-f2b4-4602-89d3-0cdae362a0d6,d103eb77-fd3d-4b89-83f1-4f34ec8d6123,attention,8,10,0.8,86,1,high,1776422461.0,1776422547.0,2026-04-17 10:42:27.37+00,2026-04-17 10:42:28.410344+00,3,4,4,easy,Position Detect,8,5,False,1,1,1,0,2,22.0,27.0,1776422483.0,1776422488.0,ESTIMATE_ONLY_inter_question_gaps_unknown
c1d8c2e1-f2b4-4602-89d3-0cdae362a0d6,d103eb77-fd3d-4b89-83f1-4f34ec8d6123,attention,8,10,0.8,86,1,high,1776422461.0,1776422547.0,2026-04-17 10:42:27.37+00,2026-04-17 10:42:28.410344+00,4,5,5,medium,Rule Violation,10,6,False,2,2,1,0,4,29.0,35.0,1776422490.0,1776422496.0,ESTIMATE_ONLY_inter_question_gaps_unknown
c1d8c2e1-f2b4-4602-89d3-0cdae362a0d6,d103eb77-fd3d-4b89-83f1-4f34ec8d6123,attention,8,10,0.8,86,1,high,1776422461.0,1776422547.0,2026-04-17 10:42:27.37+00,2026-04-17 10:42:28.410344+00,5,6,6,medium,Count Target,10,6,False,0,0,1,0,2,39.0,45.0,1776422500.0,1776422506.0,ESTIMATE_ONLY_inter_question_gaps_unknown
c1d8c2e1-f2b4-4602-89d3-0cdae362a0d6,d103eb77-fd3d-4b89-83f1-4f34ec8d6123,attention,8,10,0.8,86,1,high,1776422461.0,1776422547.0,2026-04-17 10:42:27.37+00,2026-04-17 10:42:28.410344+00,6,7,7,medium,Count Target,10,6,False,2,2,1,0,8,47.0,53.0,1776422508.0,1776422514.0,ESTIMATE_ONLY_inter_question_gaps_unknown
c1d8c2e1-f2b4-4602-89d3-0cdae362a0d6,d103eb77-fd3d-4b89-83f1-4f34ec8d6123,attention,8,10,0.8,86,1,high,1776422461.0,1776422547.0,2026-04-17 10:42:27.37+00,2026-04-17 10:42:28.410344+00,7,8,8,hard,Count Target,12,7,False,1,2,0,0,4,61.0,68.0,1776422522.0,1776422529.0,ESTIMATE_ONLY_inter_question_gaps_unknown
c1d8c2e1-f2b4-4602-89d3-0cdae362a0d6,d103eb77-fd3d-4b89-83f1-4f34ec8d6123,attention,8,10,0.8,86,1,high,1776422461.0,1776422547.0,2026-04-17 10:42:27.37+00,2026-04-17 10:42:28.410344+00,8,9,9,hard,Rule Violation,12,7,False,2,2,1,0,4,72.0,79.0,1776422533.0,1776422540.0,ESTIMATE_ONLY_inter_question_gaps_unknown
c1d8c2e1-f2b4-4602-89d3-0cdae362a0d6,d103eb77-fd3d-4b89-83f1-4f34ec8d6123,attention,8,10,0.8,86,1,high,1776422461.0,1776422547.0,2026-04-17 10:42:27.37+00,2026-04-17 10:42:28.410344+00,9,10,10,hard,Pattern Break,12,7,False,2,2,1,0,3,83.0,90.0,1776422544.0,1776422551.0,ESTIMATE_ONLY_inter_question_gaps_unknown
c1ddec17-b16f-41dd-944b-8f2a0962eff7,4cfb4306-1fd2-4cac-b1a4-e605da568d7e,pattern,17,20,0.85,136,1,high,1771581936.0,1771582072.0,2026-02-20 10:07:52.195+00,2026-02-20 10:07:53.988265+00,0,1,1,easy,Arithmetic Sequence,15,,False,2,2,1,0,3,0.0,0.0,1771581936.0,1771581936.0,ESTIMATE_ONLY_inter_question_gaps_unknown
c1ddec17-b16f-41dd-944b-8f2a0962eff7,4cfb4306-1fd2-4cac-b1a4-e605da568d7e,pattern,17,20,0.85,136,1,high,1771581936.0,1771582072.0,2026-02-20 10:07:52.195+00,2026-02-20 10:07:53.988265+00,1,2,2,easy,Arithmetic Sequence,15,,False,0,0,1,0,2,3.0,3.0,1771581939.0,1771581939.0,ESTIMATE_ONLY_inter_question_gaps_unknown
c1ddec17-b16f-41dd-944b-8f2a0962eff7,4cfb4306-1fd2-4cac-b1a4-e605da568d7e,pattern,17,20,0.85,136,1,high,1771581936.0,1771582072.0,2026-02-20 10:07:52.195+00,2026-02-20 10:07:53.988265+00,2,3,3,easy,Odd Numbers,15,,False,1,1,1,0,2,5.0,5.0,1771581941.0,1771581941.0,ESTIMATE_ONLY_inter_question_gaps_unknown
c1ddec17-b16f-41dd-944b-8f2a0962eff7,4cfb4306-1fd2-4cac-b1a4-e605da568d7e,pattern,17,20,0.85,136,1,high,1771581936.0,1771582072.0,2026-02-20 10:07:52.195+00,2026-02-20 10:07:53.988265+00,3,4,4,easy,Decreasing Sequence,15,,False,2,2,1,0,2,7.0,7.0,1771581943.0,1771581943.0,ESTIMATE_ONLY_inter_question_gaps_unknown
c1ddec17-b16f-41dd-944b-8f2a0962eff7,4cfb4306-1fd2-4cac-b1a4-e605da568d7e,pattern,17,20,0.85,136,1,high,1771581936.0,1771582072.0,2026-02-20 10:07:52.195+00,2026-02-20 10:07:53.988265+00,4,5,5,medium,Perfect Squares,20,,False,0,0,1,0,3,9.0,9.0,1771581945.0,1771581945.0,ESTIMATE_ONLY_inter_question_gaps_unknown
c1ddec17-b16f-41dd-944b-8f2a0962eff7,4cfb4306-1fd2-4cac-b1a4-e605da568d7e,pattern,17,20,0.85,136,1,high,1771581936.0,1771582072.0,2026-02-20 10:07:52.195+00,2026-02-20 10:07:53.988265+00,5,6,6,medium,Fibonacci,20,,False,1,1,1,0,2,12.0,12.0,1771581948.0,1771581948.0,ESTIMATE_ONLY_inter_question_gaps_unknown
c1ddec17-b16f-41dd-944b-8f2a0962eff7,4cfb4306-1fd2-4cac-b1a4-e605da568d7e,pattern,17,20,0.85,136,1,high,1771581936.0,1771582072.0,2026-02-20 10:07:52.195+00,2026-02-20 10:07:53.988265+00,6,7,7,medium,Perfect Cubes,20,,False,2,2,1,0,3,14.0,14.0,1771581950.0,1771581950.0,ESTIMATE_ONLY_inter_question_gaps_unknown
c1ddec17-b16f-41dd-944b-8f2a0962eff7,4cfb4306-1fd2-4cac-b1a4-e605da568d7e,pattern,17,20,0.85,136,1,high,1771581936.0,1771582072.0,2026-02-20 10:07:52.195+00,2026-02-20 10:07:53.988265+00,7,8,8,hard,Triangular Differences,30,,False,0,0,1,0,11,17.0,17.0,1771581953.0,1771581953.0,ESTIMATE_ONLY_inter_question_gaps_unknown
c1ddec17-b16f-41dd-944b-8f2a0962eff7,4cfb4306-1fd2-4cac-b1a4-e605da568d7e,pattern,17,20,0.85,136,1,high,1771581936.0,1771582072.0,2026-02-20 10:07:52.195+00,2026-02-20 10:07:53.988265+00,8,9,9,hard,Squares,30,,False,2,2,1,0,7,28.0,28.0,1771581964.0,1771581964.0,ESTIMATE_ONLY_inter_question_gaps_unknown
c1ddec17-b16f-41dd-944b-8f2a0962eff7,4cfb4306-1fd2-4cac-b1a4-e605da568d7e,pattern,17,20,0.85,136,1,high,1771581936.0,1771582072.0,2026-02-20 10:07:52.195+00,2026-02-20 10:07:53.988265+00,9,10,10,hard,n(n+1),30,,False,1,1,1,0,8,35.0,35.0,1771581971.0,1771581971.0,ESTIMATE_ONLY_inter_question_gaps_unknown
c1ddec17-b16f-41dd-944b-8f2a0962eff7,4cfb4306-1fd2-4cac-b1a4-e605da568d7e,pattern,17,20,0.85,136,1,high,1771581936.0,1771582072.0,2026-02-20 10:07:52.195+00,2026-02-20 10:07:53.988265+00,10,11,11,unknown,unknown,,,False,0,0,1,0,9,43.0,43.0,1771581979.0,1771581979.0,ESTIMATE_ONLY_inter_question_gaps_unknown
c1ddec17-b16f-41dd-944b-8f2a0962eff7,4cfb4306-1fd2-4cac-b1a4-e605da568d7e,pattern,17,20,0.85,136,1,high,1771581936.0,1771582072.0,2026-02-20 10:07:52.195+00,2026-02-20 10:07:53.988265+00,11,12,12,unknown,unknown,,,False,2,2,1,0,10,52.0,52.0,1771581988.0,1771581988.0,ESTIMATE_ONLY_inter_question_gaps_unknown
c1ddec17-b16f-41dd-944b-8f2a0962eff7,4cfb4306-1fd2-4cac-b1a4-e605da568d7e,pattern,17,20,0.85,136,1,high,1771581936.0,1771582072.0,2026-02-20 10:07:52.195+00,2026-02-20 10:07:53.988265+00,12,13,13,unknown,unknown,,,False,0,1,0,0,13,62.0,62.0,1771581998.0,1771581998.0,ESTIMATE_ONLY_inter_question_gaps_unknown
c1ddec17-b16f-41dd-944b-8f2a0962eff7,4cfb4306-1fd2-4cac-b1a4-e605da568d7e,pattern,17,20,0.85,136,1,high,1771581936.0,1771582072.0,2026-02-20 10:07:52.195+00,2026-02-20 10:07:53.988265+00,13,14,14,unknown,unknown,,,False,0,0,1,0,8,75.0,75.0,1771582011.0,1771582011.0,ESTIMATE_ONLY_inter_question_gaps_unknown
c1ddec17-b16f-41dd-944b-8f2a0962eff7,4cfb4306-1fd2-4cac-b1a4-e605da568d7e,pattern,17,20,0.85,136,1,high,1771581936.0,1771582072.0,2026-02-20 10:07:52.195+00,2026-02-20 10:07:53.988265+00,14,15,15,unknown,unknown,,,False,2,2,1,0,17,83.0,83.0,1771582019.0,1771582019.0,ESTIMATE_ONLY_inter_question_gaps_unknown
c1ddec17-b16f-41dd-944b-8f2a0962eff7,4cfb4306-1fd2-4cac-b1a4-e605da568d7e,pattern,17,20,0.85,136,1,high,1771581936.0,1771582072.0,2026-02-20 10:07:52.195+00,2026-02-20 10:07:53.988265+00,15,16,16,unknown,unknown,,,False,0,1,0,0,10,100.0,100.0,1771582036.0,1771582036.0,ESTIMATE_ONLY_inter_question_gaps_unknown
c1ddec17-b16f-41dd-944b-8f2a0962eff7,4cfb4306-1fd2-4cac-b1a4-e605da568d7e,pattern,17,20,0.85,136,1,high,1771581936.0,1771582072.0,2026-02-20 10:07:52.195+00,2026-02-20 10:07:53.988265+00,16,17,17,unknown,unknown,,,False,0,0,1,0,7,110.0,110.0,1771582046.0,1771582046.0,ESTIMATE_ONLY_inter_question_gaps_unknown
c1ddec17-b16f-41dd-944b-8f2a0962eff7,4cfb4306-1fd2-4cac-b1a4-e605da568d7e,pattern,17,20,0.85,136,1,high,1771581936.0,1771582072.0,2026-02-20 10:07:52.195+00,2026-02-20 10:07:53.988265+00,17,18,18,unknown,unknown,,,False,1,1,1,0,8,117.0,117.0,1771582053.0,1771582053.0,ESTIMATE_ONLY_inter_question_gaps_unknown
c1ddec17-b16f-41dd-944b-8f2a0962eff7,4cfb4306-1fd2-4cac-b1a4-e605da568d7e,pattern,17,20,0.85,136,1,high,1771581936.0,1771582072.0,2026-02-20 10:07:52.195+00,2026-02-20 10:07:53.988265+00,18,19,19,unknown,unknown,,,False,2,2,1,0,12,125.0,125.0,1771582061.0,1771582061.0,ESTIMATE_ONLY_inter_question_gaps_unknown
c1ddec17-b16f-41dd-944b-8f2a0962eff7,4cfb4306-1fd2-4cac-b1a4-e605da568d7e,pattern,17,20,0.85,136,1,high,1771581936.0,1771582072.0,2026-02-20 10:07:52.195+00,2026-02-20 10:07:53.988265+00,19,20,20,unknown,unknown,,,False,1,0,0,0,13,137.0,137.0,1771582073.0,1771582073.0,ESTIMATE_ONLY_inter_question_gaps_unknown
c4564f59-dce9-4cb7-a383-03c44b7637db,50d2e6aa-24c6-4d68-8bb3-f3b2f03f9b50,arithmetic,7,10,0.7,94,1,mid,1776325269.0,1776325363.0,2026-04-16 07:42:43.732+00,2026-04-16 07:42:45.470032+00,0,1,1,easy,Addition,15,,False,0,0,1,0,7,0.0,0.0,1776325269.0,1776325269.0,ESTIMATE_ONLY_inter_question_gaps_unknown
c4564f59-dce9-4cb7-a383-03c44b7637db,50d2e6aa-24c6-4d68-8bb3-f3b2f03f9b50,arithmetic,7,10,0.7,94,1,mid,1776325269.0,1776325363.0,2026-04-16 07:42:43.732+00,2026-04-16 07:42:45.470032+00,1,2,2,easy,Division,15,,False,2,2,1,0,5,7.0,7.0,1776325276.0,1776325276.0,ESTIMATE_ONLY_inter_question_gaps_unknown
c4564f59-dce9-4cb7-a383-03c44b7637db,50d2e6aa-24c6-4d68-8bb3-f3b2f03f9b50,arithmetic,7,10,0.7,94,1,mid,1776325269.0,1776325363.0,2026-04-16 07:42:43.732+00,2026-04-16 07:42:45.470032+00,2,3,3,easy,Addition,15,,False,0,0,1,0,10,12.0,12.0,1776325281.0,1776325281.0,ESTIMATE_ONLY_inter_question_gaps_unknown
c4564f59-dce9-4cb7-a383-03c44b7637db,50d2e6aa-24c6-4d68-8bb3-f3b2f03f9b50,arithmetic,7,10,0.7,94,1,mid,1776325269.0,1776325363.0,2026-04-16 07:42:43.732+00,2026-04-16 07:42:45.470032+00,3,4,4,easy,Subtraction,15,,False,0,0,1,0,6,22.0,22.0,1776325291.0,1776325291.0,ESTIMATE_ONLY_inter_question_gaps_unknown
c4564f59-dce9-4cb7-a383-03c44b7637db,50d2e6aa-24c6-4d68-8bb3-f3b2f03f9b50,arithmetic,7,10,0.7,94,1,mid,1776325269.0,1776325363.0,2026-04-16 07:42:43.732+00,2026-04-16 07:42:45.470032+00,4,5,5,medium,Addition,20,,False,2,2,1,0,8,28.0,28.0,1776325297.0,1776325297.0,ESTIMATE_ONLY_inter_question_gaps_unknown
c4564f59-dce9-4cb7-a383-03c44b7637db,50d2e6aa-24c6-4d68-8bb3-f3b2f03f9b50,arithmetic,7,10,0.7,94,1,mid,1776325269.0,1776325363.0,2026-04-16 07:42:43.732+00,2026-04-16 07:42:45.470032+00,5,6,6,medium,Multiplication,20,,False,0,0,1,0,8,36.0,36.0,1776325305.0,1776325305.0,ESTIMATE_ONLY_inter_question_gaps_unknown
c4564f59-dce9-4cb7-a383-03c44b7637db,50d2e6aa-24c6-4d68-8bb3-f3b2f03f9b50,arithmetic,7,10,0.7,94,1,mid,1776325269.0,1776325363.0,2026-04-16 07:42:43.732+00,2026-04-16 07:42:45.470032+00,6,7,7,medium,Division,20,,False,1,1,1,0,7,44.0,44.0,1776325313.0,1776325313.0,ESTIMATE_ONLY_inter_question_gaps_unknown
c4564f59-dce9-4cb7-a383-03c44b7637db,50d2e6aa-24c6-4d68-8bb3-f3b2f03f9b50,arithmetic,7,10,0.7,94,1,mid,1776325269.0,1776325363.0,2026-04-16 07:42:43.732+00,2026-04-16 07:42:45.470032+00,7,8,8,hard,Percentage,30,,False,1,2,0,0,14,51.0,51.0,1776325320.0,1776325320.0,ESTIMATE_ONLY_inter_question_gaps_unknown
c4564f59-dce9-4cb7-a383-03c44b7637db,50d2e6aa-24c6-4d68-8bb3-f3b2f03f9b50,arithmetic,7,10,0.7,94,1,mid,1776325269.0,1776325363.0,2026-04-16 07:42:43.732+00,2026-04-16 07:42:45.470032+00,8,9,9,hard,Multiplication,30,,False,1,0,0,0,18,65.0,65.0,1776325334.0,1776325334.0,ESTIMATE_ONLY_inter_question_gaps_unknown
c4564f59-dce9-4cb7-a383-03c44b7637db,50d2e6aa-24c6-4d68-8bb3-f3b2f03f9b50,arithmetic,7,10,0.7,94,1,mid,1776325269.0,1776325363.0,2026-04-16 07:42:43.732+00,2026-04-16 07:42:45.470032+00,9,10,10,hard,Multi-step,30,,False,2,1,0,0,13,83.0,83.0,1776325352.0,1776325352.0,ESTIMATE_ONLY_inter_question_gaps_unknown
c5bd30eb-27e0-40db-990c-b6a78bc1c9e2,4b00bcd7-936b-42d2-99b5-c0b8b78272c9,attention,7,10,0.7,116,1,mid,1776330640.0,1776330756.0,2026-04-16 09:12:36.788+00,2026-04-16 09:12:44.84626+00,0,1,1,easy,Oddball Detection,8,5,False,2,2,1,0,5,0.0,5.0,1776330640.0,1776330645.0,ESTIMATE_ONLY_inter_question_gaps_unknown
c5bd30eb-27e0-40db-990c-b6a78bc1c9e2,4b00bcd7-936b-42d2-99b5-c0b8b78272c9,attention,7,10,0.7,116,1,mid,1776330640.0,1776330756.0,2026-04-16 09:12:36.788+00,2026-04-16 09:12:44.84626+00,1,2,2,easy,Count Target,8,5,False,0,0,1,0,4,10.0,15.0,1776330650.0,1776330655.0,ESTIMATE_ONLY_inter_question_gaps_unknown
c5bd30eb-27e0-40db-990c-b6a78bc1c9e2,4b00bcd7-936b-42d2-99b5-c0b8b78272c9,attention,7,10,0.7,116,1,mid,1776330640.0,1776330756.0,2026-04-16 09:12:36.788+00,2026-04-16 09:12:44.84626+00,2,3,3,easy,Pattern Break,8,5,False,2,2,1,0,5,19.0,24.0,1776330659.0,1776330664.0,ESTIMATE_ONLY_inter_question_gaps_unknown
c5bd30eb-27e0-40db-990c-b6a78bc1c9e2,4b00bcd7-936b-42d2-99b5-c0b8b78272c9,attention,7,10,0.7,116,1,mid,1776330640.0,1776330756.0,2026-04-16 09:12:36.788+00,2026-04-16 09:12:44.84626+00,3,4,4,easy,Position Detect,8,5,False,2,1,0,0,6,29.0,34.0,1776330669.0,1776330674.0,ESTIMATE_ONLY_inter_question_gaps_unknown
c5bd30eb-27e0-40db-990c-b6a78bc1c9e2,4b00bcd7-936b-42d2-99b5-c0b8b78272c9,attention,7,10,0.7,116,1,mid,1776330640.0,1776330756.0,2026-04-16 09:12:36.788+00,2026-04-16 09:12:44.84626+00,4,5,5,medium,Rule Violation,10,6,False,2,2,1,0,9,40.0,46.0,1776330680.0,1776330686.0,ESTIMATE_ONLY_inter_question_gaps_unknown
c5bd30eb-27e0-40db-990c-b6a78bc1c9e2,4b00bcd7-936b-42d2-99b5-c0b8b78272c9,attention,7,10,0.7,116,1,mid,1776330640.0,1776330756.0,2026-04-16 09:12:36.788+00,2026-04-16 09:12:44.84626+00,5,6,6,medium,Count Target,10,6,False,2,0,0,0,6,55.0,61.0,1776330695.0,1776330701.0,ESTIMATE_ONLY_inter_question_gaps_unknown
c5bd30eb-27e0-40db-990c-b6a78bc1c9e2,4b00bcd7-936b-42d2-99b5-c0b8b78272c9,attention,7,10,0.7,116,1,mid,1776330640.0,1776330756.0,2026-04-16 09:12:36.788+00,2026-04-16 09:12:44.84626+00,6,7,7,medium,Count Target,10,6,False,2,2,1,0,7,67.0,73.0,1776330707.0,1776330713.0,ESTIMATE_ONLY_inter_question_gaps_unknown
c5bd30eb-27e0-40db-990c-b6a78bc1c9e2,4b00bcd7-936b-42d2-99b5-c0b8b78272c9,attention,7,10,0.7,116,1,mid,1776330640.0,1776330756.0,2026-04-16 09:12:36.788+00,2026-04-16 09:12:44.84626+00,7,8,8,hard,Count Target,12,7,False,1,2,0,0,4,80.0,87.0,1776330720.0,1776330727.0,ESTIMATE_ONLY_inter_question_gaps_unknown
c5bd30eb-27e0-40db-990c-b6a78bc1c9e2,4b00bcd7-936b-42d2-99b5-c0b8b78272c9,attention,7,10,0.7,116,1,mid,1776330640.0,1776330756.0,2026-04-16 09:12:36.788+00,2026-04-16 09:12:44.84626+00,8,9,9,hard,Rule Violation,12,7,False,2,2,1,0,8,91.0,98.0,1776330731.0,1776330738.0,ESTIMATE_ONLY_inter_question_gaps_unknown
c5bd30eb-27e0-40db-990c-b6a78bc1c9e2,4b00bcd7-936b-42d2-99b5-c0b8b78272c9,attention,7,10,0.7,116,1,mid,1776330640.0,1776330756.0,2026-04-16 09:12:36.788+00,2026-04-16 09:12:44.84626+00,9,10,10,hard,Pattern Break,12,7,False,2,2,1,0,6,106.0,113.0,1776330746.0,1776330753.0,ESTIMATE_ONLY_inter_question_gaps_unknown
c6038bc4-6ca3-439d-bf81-3715f7789d60,41e7ea84-ede5-4a76-8176-b877187f4b39,attention,7,10,0.7,94,1,mid,1776582763.0,1776582857.0,2026-04-19 07:14:17.926+00,2026-04-19 07:14:19.037538+00,0,1,1,easy,Oddball Detection,8,5,False,2,2,1,0,3,0.0,5.0,1776582763.0,1776582768.0,ESTIMATE_ONLY_inter_question_gaps_unknown
c6038bc4-6ca3-439d-bf81-3715f7789d60,41e7ea84-ede5-4a76-8176-b877187f4b39,attention,7,10,0.7,94,1,mid,1776582763.0,1776582857.0,2026-04-19 07:14:17.926+00,2026-04-19 07:14:19.037538+00,1,2,2,easy,Count Target,8,5,False,0,0,1,0,3,8.0,13.0,1776582771.0,1776582776.0,ESTIMATE_ONLY_inter_question_gaps_unknown
c6038bc4-6ca3-439d-bf81-3715f7789d60,41e7ea84-ede5-4a76-8176-b877187f4b39,attention,7,10,0.7,94,1,mid,1776582763.0,1776582857.0,2026-04-19 07:14:17.926+00,2026-04-19 07:14:19.037538+00,2,3,3,easy,Pattern Break,8,5,False,2,2,1,0,5,16.0,21.0,1776582779.0,1776582784.0,ESTIMATE_ONLY_inter_question_gaps_unknown
c6038bc4-6ca3-439d-bf81-3715f7789d60,41e7ea84-ede5-4a76-8176-b877187f4b39,attention,7,10,0.7,94,1,mid,1776582763.0,1776582857.0,2026-04-19 07:14:17.926+00,2026-04-19 07:14:19.037538+00,3,4,4,easy,Position Detect,8,5,False,0,1,0,0,7,26.0,31.0,1776582789.0,1776582794.0,ESTIMATE_ONLY_inter_question_gaps_unknown
c6038bc4-6ca3-439d-bf81-3715f7789d60,41e7ea84-ede5-4a76-8176-b877187f4b39,attention,7,10,0.7,94,1,mid,1776582763.0,1776582857.0,2026-04-19 07:14:17.926+00,2026-04-19 07:14:19.037538+00,4,5,5,medium,Rule Violation,10,6,False,2,2,1,0,3,38.0,44.0,1776582801.0,1776582807.0,ESTIMATE_ONLY_inter_question_gaps_unknown
c6038bc4-6ca3-439d-bf81-3715f7789d60,41e7ea84-ede5-4a76-8176-b877187f4b39,attention,7,10,0.7,94,1,mid,1776582763.0,1776582857.0,2026-04-19 07:14:17.926+00,2026-04-19 07:14:19.037538+00,5,6,6,medium,Count Target,10,6,False,2,0,0,0,4,47.0,53.0,1776582810.0,1776582816.0,ESTIMATE_ONLY_inter_question_gaps_unknown
c6038bc4-6ca3-439d-bf81-3715f7789d60,41e7ea84-ede5-4a76-8176-b877187f4b39,attention,7,10,0.7,94,1,mid,1776582763.0,1776582857.0,2026-04-19 07:14:17.926+00,2026-04-19 07:14:19.037538+00,6,7,7,medium,Count Target,10,6,False,2,2,1,0,2,57.0,63.0,1776582820.0,1776582826.0,ESTIMATE_ONLY_inter_question_gaps_unknown
c6038bc4-6ca3-439d-bf81-3715f7789d60,41e7ea84-ede5-4a76-8176-b877187f4b39,attention,7,10,0.7,94,1,mid,1776582763.0,1776582857.0,2026-04-19 07:14:17.926+00,2026-04-19 07:14:19.037538+00,7,8,8,hard,Count Target,12,7,False,2,2,1,0,3,65.0,72.0,1776582828.0,1776582835.0,ESTIMATE_ONLY_inter_question_gaps_unknown
c6038bc4-6ca3-439d-bf81-3715f7789d60,41e7ea84-ede5-4a76-8176-b877187f4b39,attention,7,10,0.7,94,1,mid,1776582763.0,1776582857.0,2026-04-19 07:14:17.926+00,2026-04-19 07:14:19.037538+00,8,9,9,hard,Rule Violation,12,7,False,1,2,0,0,2,75.0,82.0,1776582838.0,1776582845.0,ESTIMATE_ONLY_inter_question_gaps_unknown
c6038bc4-6ca3-439d-bf81-3715f7789d60,41e7ea84-ede5-4a76-8176-b877187f4b39,attention,7,10,0.7,94,1,mid,1776582763.0,1776582857.0,2026-04-19 07:14:17.926+00,2026-04-19 07:14:19.037538+00,9,10,10,hard,Pattern Break,12,7,False,2,2,1,0,5,84.0,91.0,1776582847.0,1776582854.0,ESTIMATE_ONLY_inter_question_gaps_unknown
c890e2bb-c75e-47c4-af6f-365287ca3d1e,4885d4b0-45a4-4809-93f1-b004dd932716,arithmetic,4,10,0.4,76,0,low,1776323919.0,1776323995.0,2026-04-16 07:19:55.079+00,2026-04-16 07:19:56.50662+00,0,1,1,easy,Addition,15,,False,0,0,1,0,5,0.0,0.0,1776323919.0,1776323919.0,ESTIMATE_ONLY_inter_question_gaps_unknown
c890e2bb-c75e-47c4-af6f-365287ca3d1e,4885d4b0-45a4-4809-93f1-b004dd932716,arithmetic,4,10,0.4,76,0,low,1776323919.0,1776323995.0,2026-04-16 07:19:55.079+00,2026-04-16 07:19:56.50662+00,1,2,2,easy,Division,15,,False,2,2,1,0,6,5.0,5.0,1776323924.0,1776323924.0,ESTIMATE_ONLY_inter_question_gaps_unknown
c890e2bb-c75e-47c4-af6f-365287ca3d1e,4885d4b0-45a4-4809-93f1-b004dd932716,arithmetic,4,10,0.4,76,0,low,1776323919.0,1776323995.0,2026-04-16 07:19:55.079+00,2026-04-16 07:19:56.50662+00,2,3,3,easy,Addition,15,,False,2,0,0,0,12,11.0,11.0,1776323930.0,1776323930.0,ESTIMATE_ONLY_inter_question_gaps_unknown
c890e2bb-c75e-47c4-af6f-365287ca3d1e,4885d4b0-45a4-4809-93f1-b004dd932716,arithmetic,4,10,0.4,76,0,low,1776323919.0,1776323995.0,2026-04-16 07:19:55.079+00,2026-04-16 07:19:56.50662+00,3,4,4,easy,Subtraction,15,,False,2,0,0,0,3,23.0,23.0,1776323942.0,1776323942.0,ESTIMATE_ONLY_inter_question_gaps_unknown
c890e2bb-c75e-47c4-af6f-365287ca3d1e,4885d4b0-45a4-4809-93f1-b004dd932716,arithmetic,4,10,0.4,76,0,low,1776323919.0,1776323995.0,2026-04-16 07:19:55.079+00,2026-04-16 07:19:56.50662+00,4,5,5,medium,Addition,20,,False,0,2,0,0,14,26.0,26.0,1776323945.0,1776323945.0,ESTIMATE_ONLY_inter_question_gaps_unknown
c890e2bb-c75e-47c4-af6f-365287ca3d1e,4885d4b0-45a4-4809-93f1-b004dd932716,arithmetic,4,10,0.4,76,0,low,1776323919.0,1776323995.0,2026-04-16 07:19:55.079+00,2026-04-16 07:19:56.50662+00,5,6,6,medium,Multiplication,20,,False,2,0,0,0,12,40.0,40.0,1776323959.0,1776323959.0,ESTIMATE_ONLY_inter_question_gaps_unknown
c890e2bb-c75e-47c4-af6f-365287ca3d1e,4885d4b0-45a4-4809-93f1-b004dd932716,arithmetic,4,10,0.4,76,0,low,1776323919.0,1776323995.0,2026-04-16 07:19:55.079+00,2026-04-16 07:19:56.50662+00,6,7,7,medium,Division,20,,False,1,1,1,0,9,52.0,52.0,1776323971.0,1776323971.0,ESTIMATE_ONLY_inter_question_gaps_unknown
c890e2bb-c75e-47c4-af6f-365287ca3d1e,4885d4b0-45a4-4809-93f1-b004dd932716,arithmetic,4,10,0.4,76,0,low,1776323919.0,1776323995.0,2026-04-16 07:19:55.079+00,2026-04-16 07:19:56.50662+00,7,8,8,hard,Percentage,30,,False,2,2,1,0,7,61.0,61.0,1776323980.0,1776323980.0,ESTIMATE_ONLY_inter_question_gaps_unknown
c890e2bb-c75e-47c4-af6f-365287ca3d1e,4885d4b0-45a4-4809-93f1-b004dd932716,arithmetic,4,10,0.4,76,0,low,1776323919.0,1776323995.0,2026-04-16 07:19:55.079+00,2026-04-16 07:19:56.50662+00,8,9,9,hard,Multiplication,30,,False,1,0,0,0,6,68.0,68.0,1776323987.0,1776323987.0,ESTIMATE_ONLY_inter_question_gaps_unknown
c890e2bb-c75e-47c4-af6f-365287ca3d1e,4885d4b0-45a4-4809-93f1-b004dd932716,arithmetic,4,10,0.4,76,0,low,1776323919.0,1776323995.0,2026-04-16 07:19:55.079+00,2026-04-16 07:19:56.50662+00,9,10,10,hard,Multi-step,30,,False,0,1,0,0,10,74.0,74.0,1776323993.0,1776323993.0,ESTIMATE_ONLY_inter_question_gaps_unknown
c99a790a-56e8-41b6-933c-796e8152fa56,caa4b854-4eea-4177-a19c-2d0f4929874e,pattern,9,10,0.9,42,1,high,1776333282.0,1776333324.0,2026-04-16 09:55:24.817+00,2026-04-16 09:55:25.690268+00,0,1,1,easy,Arithmetic Sequence,15,,False,2,2,1,0,3,0.0,0.0,1776333282.0,1776333282.0,ESTIMATE_ONLY_inter_question_gaps_unknown
c99a790a-56e8-41b6-933c-796e8152fa56,caa4b854-4eea-4177-a19c-2d0f4929874e,pattern,9,10,0.9,42,1,high,1776333282.0,1776333324.0,2026-04-16 09:55:24.817+00,2026-04-16 09:55:25.690268+00,1,2,2,easy,Arithmetic Sequence,15,,False,0,0,1,0,4,3.0,3.0,1776333285.0,1776333285.0,ESTIMATE_ONLY_inter_question_gaps_unknown
c99a790a-56e8-41b6-933c-796e8152fa56,caa4b854-4eea-4177-a19c-2d0f4929874e,pattern,9,10,0.9,42,1,high,1776333282.0,1776333324.0,2026-04-16 09:55:24.817+00,2026-04-16 09:55:25.690268+00,2,3,3,easy,Odd Numbers,15,,False,1,1,1,0,5,7.0,7.0,1776333289.0,1776333289.0,ESTIMATE_ONLY_inter_question_gaps_unknown
c99a790a-56e8-41b6-933c-796e8152fa56,caa4b854-4eea-4177-a19c-2d0f4929874e,pattern,9,10,0.9,42,1,high,1776333282.0,1776333324.0,2026-04-16 09:55:24.817+00,2026-04-16 09:55:25.690268+00,3,4,4,easy,Decreasing Sequence,15,,False,2,2,1,0,4,12.0,12.0,1776333294.0,1776333294.0,ESTIMATE_ONLY_inter_question_gaps_unknown
c99a790a-56e8-41b6-933c-796e8152fa56,caa4b854-4eea-4177-a19c-2d0f4929874e,pattern,9,10,0.9,42,1,high,1776333282.0,1776333324.0,2026-04-16 09:55:24.817+00,2026-04-16 09:55:25.690268+00,4,5,5,medium,Perfect Squares,20,,False,2,2,1,0,8,16.0,16.0,1776333298.0,1776333298.0,ESTIMATE_ONLY_inter_question_gaps_unknown
c99a790a-56e8-41b6-933c-796e8152fa56,caa4b854-4eea-4177-a19c-2d0f4929874e,pattern,9,10,0.9,42,1,high,1776333282.0,1776333324.0,2026-04-16 09:55:24.817+00,2026-04-16 09:55:25.690268+00,5,6,6,medium,Fibonacci,20,,False,1,1,1,0,4,24.0,24.0,1776333306.0,1776333306.0,ESTIMATE_ONLY_inter_question_gaps_unknown
c99a790a-56e8-41b6-933c-796e8152fa56,caa4b854-4eea-4177-a19c-2d0f4929874e,pattern,9,10,0.9,42,1,high,1776333282.0,1776333324.0,2026-04-16 09:55:24.817+00,2026-04-16 09:55:25.690268+00,6,7,7,medium,Perfect Cubes,20,,False,2,2,1,0,3,28.0,28.0,1776333310.0,1776333310.0,ESTIMATE_ONLY_inter_question_gaps_unknown
c99a790a-56e8-41b6-933c-796e8152fa56,caa4b854-4eea-4177-a19c-2d0f4929874e,pattern,9,10,0.9,42,1,high,1776333282.0,1776333324.0,2026-04-16 09:55:24.817+00,2026-04-16 09:55:25.690268+00,7,8,8,hard,Triangular Differences,30,,False,2,2,1,0,6,31.0,31.0,1776333313.0,1776333313.0,ESTIMATE_ONLY_inter_question_gaps_unknown
c99a790a-56e8-41b6-933c-796e8152fa56,caa4b854-4eea-4177-a19c-2d0f4929874e,pattern,9,10,0.9,42,1,high,1776333282.0,1776333324.0,2026-04-16 09:55:24.817+00,2026-04-16 09:55:25.690268+00,8,9,9,hard,Squares,30,,False,0,0,1,0,4,37.0,37.0,1776333319.0,1776333319.0,ESTIMATE_ONLY_inter_question_gaps_unknown
c99a790a-56e8-41b6-933c-796e8152fa56,caa4b854-4eea-4177-a19c-2d0f4929874e,pattern,9,10,0.9,42,1,high,1776333282.0,1776333324.0,2026-04-16 09:55:24.817+00,2026-04-16 09:55:25.690268+00,9,10,10,hard,n(n+1),30,,False,2,0,0,0,5,41.0,41.0,1776333323.0,1776333323.0,ESTIMATE_ONLY_inter_question_gaps_unknown
cac93861-bd3c-4e5a-9edf-9cd835e82d85,38486085-f824-4b7b-82b0-ebfd7c8629e4,attention,8,10,0.8,104,1,high,1776768648.0,1776768752.0,2026-04-21 10:52:32.513+00,2026-04-21 10:52:33.018149+00,0,1,1,easy,Oddball Detection,8,5,False,2,2,1,0,4,0.0,5.0,1776768648.0,1776768653.0,ESTIMATE_ONLY_inter_question_gaps_unknown
cac93861-bd3c-4e5a-9edf-9cd835e82d85,38486085-f824-4b7b-82b0-ebfd7c8629e4,attention,8,10,0.8,104,1,high,1776768648.0,1776768752.0,2026-04-21 10:52:32.513+00,2026-04-21 10:52:33.018149+00,1,2,2,easy,Count Target,8,5,False,2,0,0,0,7,9.0,14.0,1776768657.0,1776768662.0,ESTIMATE_ONLY_inter_question_gaps_unknown
cac93861-bd3c-4e5a-9edf-9cd835e82d85,38486085-f824-4b7b-82b0-ebfd7c8629e4,attention,8,10,0.8,104,1,high,1776768648.0,1776768752.0,2026-04-21 10:52:32.513+00,2026-04-21 10:52:33.018149+00,2,3,3,easy,Pattern Break,8,5,False,2,2,1,0,3,21.0,26.0,1776768669.0,1776768674.0,ESTIMATE_ONLY_inter_question_gaps_unknown
cac93861-bd3c-4e5a-9edf-9cd835e82d85,38486085-f824-4b7b-82b0-ebfd7c8629e4,attention,8,10,0.8,104,1,high,1776768648.0,1776768752.0,2026-04-21 10:52:32.513+00,2026-04-21 10:52:33.018149+00,3,4,4,easy,Position Detect,8,5,False,1,1,1,0,4,29.0,34.0,1776768677.0,1776768682.0,ESTIMATE_ONLY_inter_question_gaps_unknown
cac93861-bd3c-4e5a-9edf-9cd835e82d85,38486085-f824-4b7b-82b0-ebfd7c8629e4,attention,8,10,0.8,104,1,high,1776768648.0,1776768752.0,2026-04-21 10:52:32.513+00,2026-04-21 10:52:33.018149+00,4,5,5,medium,Rule Violation,10,6,False,2,2,1,0,2,38.0,44.0,1776768686.0,1776768692.0,ESTIMATE_ONLY_inter_question_gaps_unknown
cac93861-bd3c-4e5a-9edf-9cd835e82d85,38486085-f824-4b7b-82b0-ebfd7c8629e4,attention,8,10,0.8,104,1,high,1776768648.0,1776768752.0,2026-04-21 10:52:32.513+00,2026-04-21 10:52:33.018149+00,5,6,6,medium,Count Target,10,6,False,0,0,1,0,7,46.0,52.0,1776768694.0,1776768700.0,ESTIMATE_ONLY_inter_question_gaps_unknown
cac93861-bd3c-4e5a-9edf-9cd835e82d85,38486085-f824-4b7b-82b0-ebfd7c8629e4,attention,8,10,0.8,104,1,high,1776768648.0,1776768752.0,2026-04-21 10:52:32.513+00,2026-04-21 10:52:33.018149+00,6,7,7,medium,Count Target,10,6,False,2,2,1,0,5,59.0,65.0,1776768707.0,1776768713.0,ESTIMATE_ONLY_inter_question_gaps_unknown
cac93861-bd3c-4e5a-9edf-9cd835e82d85,38486085-f824-4b7b-82b0-ebfd7c8629e4,attention,8,10,0.8,104,1,high,1776768648.0,1776768752.0,2026-04-21 10:52:32.513+00,2026-04-21 10:52:33.018149+00,7,8,8,hard,Count Target,12,7,False,2,2,1,0,3,70.0,77.0,1776768718.0,1776768725.0,ESTIMATE_ONLY_inter_question_gaps_unknown
cac93861-bd3c-4e5a-9edf-9cd835e82d85,38486085-f824-4b7b-82b0-ebfd7c8629e4,attention,8,10,0.8,104,1,high,1776768648.0,1776768752.0,2026-04-21 10:52:32.513+00,2026-04-21 10:52:33.018149+00,8,9,9,hard,Rule Violation,12,7,False,,2,0,1,12,80.0,87.0,1776768728.0,1776768735.0,ESTIMATE_ONLY_inter_question_gaps_unknown
cac93861-bd3c-4e5a-9edf-9cd835e82d85,38486085-f824-4b7b-82b0-ebfd7c8629e4,attention,8,10,0.8,104,1,high,1776768648.0,1776768752.0,2026-04-21 10:52:32.513+00,2026-04-21 10:52:33.018149+00,9,10,10,hard,Pattern Break,12,7,False,2,2,1,0,3,99.0,106.0,1776768747.0,1776768754.0,ESTIMATE_ONLY_inter_question_gaps_unknown
cb3e2c5d-c975-4cc1-b77b-facada303aed,15f6773b-607d-4409-a94f-78d24eac8e34,comprehension,7,10,0.7,182,1,mid,1776331838.0,1776332020.0,2026-04-16 09:33:40.945+00,2026-04-16 09:33:41.713725+00,0,1,1,easy,Fact Extraction,25,,True,0,0,1,0,5,0.0,0.0,1776331838.0,1776331838.0,ESTIMATE_ONLY_reading_phase_duration_unknown
cb3e2c5d-c975-4cc1-b77b-facada303aed,15f6773b-607d-4409-a94f-78d24eac8e34,comprehension,7,10,0.7,182,1,mid,1776331838.0,1776332020.0,2026-04-16 09:33:40.945+00,2026-04-16 09:33:41.713725+00,1,2,2,medium,Detail Recall,25,,False,0,0,1,0,4,5.0,5.0,1776331843.0,1776331843.0,ESTIMATE_ONLY_inter_question_gaps_unknown
cb3e2c5d-c975-4cc1-b77b-facada303aed,15f6773b-607d-4409-a94f-78d24eac8e34,comprehension,7,10,0.7,182,1,mid,1776331838.0,1776332020.0,2026-04-16 09:33:40.945+00,2026-04-16 09:33:41.713725+00,2,3,3,easy,Fact Extraction,25,,False,0,0,1,0,3,9.0,9.0,1776331847.0,1776331847.0,ESTIMATE_ONLY_inter_question_gaps_unknown
cb3e2c5d-c975-4cc1-b77b-facada303aed,15f6773b-607d-4409-a94f-78d24eac8e34,comprehension,7,10,0.7,182,1,mid,1776331838.0,1776332020.0,2026-04-16 09:33:40.945+00,2026-04-16 09:33:41.713725+00,3,4,4,medium,Inference,25,,False,0,1,0,0,4,12.0,12.0,1776331850.0,1776331850.0,ESTIMATE_ONLY_inter_question_gaps_unknown
cb3e2c5d-c975-4cc1-b77b-facada303aed,15f6773b-607d-4409-a94f-78d24eac8e34,comprehension,7,10,0.7,182,1,mid,1776331838.0,1776332020.0,2026-04-16 09:33:40.945+00,2026-04-16 09:33:41.713725+00,4,5,5,easy,Detail Recall,25,,False,0,0,1,0,6,16.0,16.0,1776331854.0,1776331854.0,ESTIMATE_ONLY_inter_question_gaps_unknown
cb3e2c5d-c975-4cc1-b77b-facada303aed,15f6773b-607d-4409-a94f-78d24eac8e34,comprehension,7,10,0.7,182,1,mid,1776331838.0,1776332020.0,2026-04-16 09:33:40.945+00,2026-04-16 09:33:41.713725+00,5,6,6,easy,Fact Extraction,25,,True,1,1,1,0,3,22.0,22.0,1776331860.0,1776331860.0,ESTIMATE_ONLY_reading_phase_duration_unknown
cb3e2c5d-c975-4cc1-b77b-facada303aed,15f6773b-607d-4409-a94f-78d24eac8e34,comprehension,7,10,0.7,182,1,mid,1776331838.0,1776332020.0,2026-04-16 09:33:40.945+00,2026-04-16 09:33:41.713725+00,6,7,7,easy,Detail Recall,25,,False,0,2,0,0,5,25.0,25.0,1776331863.0,1776331863.0,ESTIMATE_ONLY_inter_question_gaps_unknown
cb3e2c5d-c975-4cc1-b77b-facada303aed,15f6773b-607d-4409-a94f-78d24eac8e34,comprehension,7,10,0.7,182,1,mid,1776331838.0,1776332020.0,2026-04-16 09:33:40.945+00,2026-04-16 09:33:41.713725+00,7,8,8,medium,Detail Recall,25,,False,0,0,1,0,10,30.0,30.0,1776331868.0,1776331868.0,ESTIMATE_ONLY_inter_question_gaps_unknown
cb3e2c5d-c975-4cc1-b77b-facada303aed,15f6773b-607d-4409-a94f-78d24eac8e34,comprehension,7,10,0.7,182,1,mid,1776331838.0,1776332020.0,2026-04-16 09:33:40.945+00,2026-04-16 09:33:41.713725+00,8,9,9,medium,Inference,25,,False,0,1,0,0,14,40.0,40.0,1776331878.0,1776331878.0,ESTIMATE_ONLY_inter_question_gaps_unknown
cb3e2c5d-c975-4cc1-b77b-facada303aed,15f6773b-607d-4409-a94f-78d24eac8e34,comprehension,7,10,0.7,182,1,mid,1776331838.0,1776332020.0,2026-04-16 09:33:40.945+00,2026-04-16 09:33:41.713725+00,9,10,10,easy,Fact Extraction,25,,False,1,1,1,0,8,54.0,54.0,1776331892.0,1776331892.0,ESTIMATE_ONLY_inter_question_gaps_unknown
cbc53b54-c20b-463c-92cd-01792227a4a7,077f1f73-3786-4d01-8c77-d40cf7f07ae1,attention,8,10,0.8,89,1,high,1776751901.0,1776751990.0,2026-04-21 06:13:10.212+00,2026-04-21 06:13:10.02991+00,0,1,1,easy,Oddball Detection,8,5,False,2,2,1,0,2,0.0,5.0,1776751901.0,1776751906.0,ESTIMATE_ONLY_inter_question_gaps_unknown
cbc53b54-c20b-463c-92cd-01792227a4a7,077f1f73-3786-4d01-8c77-d40cf7f07ae1,attention,8,10,0.8,89,1,high,1776751901.0,1776751990.0,2026-04-21 06:13:10.212+00,2026-04-21 06:13:10.02991+00,1,2,2,easy,Count Target,8,5,False,0,0,1,0,2,7.0,12.0,1776751908.0,1776751913.0,ESTIMATE_ONLY_inter_question_gaps_unknown
cbc53b54-c20b-463c-92cd-01792227a4a7,077f1f73-3786-4d01-8c77-d40cf7f07ae1,attention,8,10,0.8,89,1,high,1776751901.0,1776751990.0,2026-04-21 06:13:10.212+00,2026-04-21 06:13:10.02991+00,2,3,3,easy,Pattern Break,8,5,False,2,2,1,0,3,14.0,19.0,1776751915.0,1776751920.0,ESTIMATE_ONLY_inter_question_gaps_unknown
cbc53b54-c20b-463c-92cd-01792227a4a7,077f1f73-3786-4d01-8c77-d40cf7f07ae1,attention,8,10,0.8,89,1,high,1776751901.0,1776751990.0,2026-04-21 06:13:10.212+00,2026-04-21 06:13:10.02991+00,3,4,4,easy,Position Detect,8,5,False,1,1,1,0,3,22.0,27.0,1776751923.0,1776751928.0,ESTIMATE_ONLY_inter_question_gaps_unknown
cbc53b54-c20b-463c-92cd-01792227a4a7,077f1f73-3786-4d01-8c77-d40cf7f07ae1,attention,8,10,0.8,89,1,high,1776751901.0,1776751990.0,2026-04-21 06:13:10.212+00,2026-04-21 06:13:10.02991+00,4,5,5,medium,Rule Violation,10,6,False,2,2,1,0,2,30.0,36.0,1776751931.0,1776751937.0,ESTIMATE_ONLY_inter_question_gaps_unknown
cbc53b54-c20b-463c-92cd-01792227a4a7,077f1f73-3786-4d01-8c77-d40cf7f07ae1,attention,8,10,0.8,89,1,high,1776751901.0,1776751990.0,2026-04-21 06:13:10.212+00,2026-04-21 06:13:10.02991+00,5,6,6,medium,Count Target,10,6,False,2,0,0,0,9,38.0,44.0,1776751939.0,1776751945.0,ESTIMATE_ONLY_inter_question_gaps_unknown
cbc53b54-c20b-463c-92cd-01792227a4a7,077f1f73-3786-4d01-8c77-d40cf7f07ae1,attention,8,10,0.8,89,1,high,1776751901.0,1776751990.0,2026-04-21 06:13:10.212+00,2026-04-21 06:13:10.02991+00,6,7,7,medium,Count Target,10,6,False,2,2,1,0,2,53.0,59.0,1776751954.0,1776751960.0,ESTIMATE_ONLY_inter_question_gaps_unknown
cbc53b54-c20b-463c-92cd-01792227a4a7,077f1f73-3786-4d01-8c77-d40cf7f07ae1,attention,8,10,0.8,89,1,high,1776751901.0,1776751990.0,2026-04-21 06:13:10.212+00,2026-04-21 06:13:10.02991+00,7,8,8,hard,Count Target,12,7,False,2,2,1,0,2,61.0,68.0,1776751962.0,1776751969.0,ESTIMATE_ONLY_inter_question_gaps_unknown
cbc53b54-c20b-463c-92cd-01792227a4a7,077f1f73-3786-4d01-8c77-d40cf7f07ae1,attention,8,10,0.8,89,1,high,1776751901.0,1776751990.0,2026-04-21 06:13:10.212+00,2026-04-21 06:13:10.02991+00,8,9,9,hard,Rule Violation,12,7,False,1,2,0,0,7,70.0,77.0,1776751971.0,1776751978.0,ESTIMATE_ONLY_inter_question_gaps_unknown
cbc53b54-c20b-463c-92cd-01792227a4a7,077f1f73-3786-4d01-8c77-d40cf7f07ae1,attention,8,10,0.8,89,1,high,1776751901.0,1776751990.0,2026-04-21 06:13:10.212+00,2026-04-21 06:13:10.02991+00,9,10,10,hard,Pattern Break,12,7,False,2,2,1,0,3,84.0,91.0,1776751985.0,1776751992.0,ESTIMATE_ONLY_inter_question_gaps_unknown
cc8ddeb2-6a33-4b3e-a96a-52377f32264b,4885d4b0-45a4-4809-93f1-b004dd932716,attention,8,10,0.8,86,1,high,1776324359.0,1776324445.0,2026-04-16 07:27:25.424+00,2026-04-16 07:27:26.467854+00,0,1,1,easy,Oddball Detection,8,5,False,2,2,1,0,3,0.0,5.0,1776324359.0,1776324364.0,ESTIMATE_ONLY_inter_question_gaps_unknown
cc8ddeb2-6a33-4b3e-a96a-52377f32264b,4885d4b0-45a4-4809-93f1-b004dd932716,attention,8,10,0.8,86,1,high,1776324359.0,1776324445.0,2026-04-16 07:27:25.424+00,2026-04-16 07:27:26.467854+00,1,2,2,easy,Count Target,8,5,False,0,0,1,0,3,8.0,13.0,1776324367.0,1776324372.0,ESTIMATE_ONLY_inter_question_gaps_unknown
cc8ddeb2-6a33-4b3e-a96a-52377f32264b,4885d4b0-45a4-4809-93f1-b004dd932716,attention,8,10,0.8,86,1,high,1776324359.0,1776324445.0,2026-04-16 07:27:25.424+00,2026-04-16 07:27:26.467854+00,2,3,3,easy,Pattern Break,8,5,False,2,2,1,0,5,16.0,21.0,1776324375.0,1776324380.0,ESTIMATE_ONLY_inter_question_gaps_unknown
cc8ddeb2-6a33-4b3e-a96a-52377f32264b,4885d4b0-45a4-4809-93f1-b004dd932716,attention,8,10,0.8,86,1,high,1776324359.0,1776324445.0,2026-04-16 07:27:25.424+00,2026-04-16 07:27:26.467854+00,3,4,4,easy,Position Detect,8,5,False,1,1,1,0,3,26.0,31.0,1776324385.0,1776324390.0,ESTIMATE_ONLY_inter_question_gaps_unknown
cc8ddeb2-6a33-4b3e-a96a-52377f32264b,4885d4b0-45a4-4809-93f1-b004dd932716,attention,8,10,0.8,86,1,high,1776324359.0,1776324445.0,2026-04-16 07:27:25.424+00,2026-04-16 07:27:26.467854+00,4,5,5,medium,Rule Violation,10,6,False,2,2,1,0,3,34.0,40.0,1776324393.0,1776324399.0,ESTIMATE_ONLY_inter_question_gaps_unknown
cc8ddeb2-6a33-4b3e-a96a-52377f32264b,4885d4b0-45a4-4809-93f1-b004dd932716,attention,8,10,0.8,86,1,high,1776324359.0,1776324445.0,2026-04-16 07:27:25.424+00,2026-04-16 07:27:26.467854+00,5,6,6,medium,Count Target,10,6,False,2,0,0,0,3,43.0,49.0,1776324402.0,1776324408.0,ESTIMATE_ONLY_inter_question_gaps_unknown
cc8ddeb2-6a33-4b3e-a96a-52377f32264b,4885d4b0-45a4-4809-93f1-b004dd932716,attention,8,10,0.8,86,1,high,1776324359.0,1776324445.0,2026-04-16 07:27:25.424+00,2026-04-16 07:27:26.467854+00,6,7,7,medium,Count Target,10,6,False,2,2,1,0,5,52.0,58.0,1776324411.0,1776324417.0,ESTIMATE_ONLY_inter_question_gaps_unknown
cc8ddeb2-6a33-4b3e-a96a-52377f32264b,4885d4b0-45a4-4809-93f1-b004dd932716,attention,8,10,0.8,86,1,high,1776324359.0,1776324445.0,2026-04-16 07:27:25.424+00,2026-04-16 07:27:26.467854+00,7,8,8,hard,Count Target,12,7,False,1,2,0,0,3,63.0,70.0,1776324422.0,1776324429.0,ESTIMATE_ONLY_inter_question_gaps_unknown
cc8ddeb2-6a33-4b3e-a96a-52377f32264b,4885d4b0-45a4-4809-93f1-b004dd932716,attention,8,10,0.8,86,1,high,1776324359.0,1776324445.0,2026-04-16 07:27:25.424+00,2026-04-16 07:27:26.467854+00,8,9,9,hard,Rule Violation,12,7,False,2,2,1,0,3,73.0,80.0,1776324432.0,1776324439.0,ESTIMATE_ONLY_inter_question_gaps_unknown
cc8ddeb2-6a33-4b3e-a96a-52377f32264b,4885d4b0-45a4-4809-93f1-b004dd932716,attention,8,10,0.8,86,1,high,1776324359.0,1776324445.0,2026-04-16 07:27:25.424+00,2026-04-16 07:27:26.467854+00,9,10,10,hard,Pattern Break,12,7,False,2,2,1,0,4,83.0,90.0,1776324442.0,1776324449.0,ESTIMATE_ONLY_inter_question_gaps_unknown
d0518f3f-3b52-42b8-b769-99ff203761d1,4885d4b0-45a4-4809-93f1-b004dd932716,comprehension,7,10,0.7,87,1,mid,1776324236.0,1776324323.0,2026-04-16 07:25:23.08+00,2026-04-16 07:25:24.347243+00,0,1,1,easy,Fact Extraction,25,,True,0,0,1,0,8,0.0,0.0,1776324236.0,1776324236.0,ESTIMATE_ONLY_reading_phase_duration_unknown
d0518f3f-3b52-42b8-b769-99ff203761d1,4885d4b0-45a4-4809-93f1-b004dd932716,comprehension,7,10,0.7,87,1,mid,1776324236.0,1776324323.0,2026-04-16 07:25:23.08+00,2026-04-16 07:25:24.347243+00,1,2,2,medium,Detail Recall,25,,False,1,0,0,0,6,8.0,8.0,1776324244.0,1776324244.0,ESTIMATE_ONLY_inter_question_gaps_unknown
d0518f3f-3b52-42b8-b769-99ff203761d1,4885d4b0-45a4-4809-93f1-b004dd932716,comprehension,7,10,0.7,87,1,mid,1776324236.0,1776324323.0,2026-04-16 07:25:23.08+00,2026-04-16 07:25:24.347243+00,2,3,3,easy,Fact Extraction,25,,False,0,0,1,0,4,14.0,14.0,1776324250.0,1776324250.0,ESTIMATE_ONLY_inter_question_gaps_unknown
d0518f3f-3b52-42b8-b769-99ff203761d1,4885d4b0-45a4-4809-93f1-b004dd932716,comprehension,7,10,0.7,87,1,mid,1776324236.0,1776324323.0,2026-04-16 07:25:23.08+00,2026-04-16 07:25:24.347243+00,3,4,4,medium,Inference,25,,False,1,1,1,0,8,18.0,18.0,1776324254.0,1776324254.0,ESTIMATE_ONLY_inter_question_gaps_unknown
d0518f3f-3b52-42b8-b769-99ff203761d1,4885d4b0-45a4-4809-93f1-b004dd932716,comprehension,7,10,0.7,87,1,mid,1776324236.0,1776324323.0,2026-04-16 07:25:23.08+00,2026-04-16 07:25:24.347243+00,4,5,5,easy,Detail Recall,25,,False,0,0,1,0,8,26.0,26.0,1776324262.0,1776324262.0,ESTIMATE_ONLY_inter_question_gaps_unknown
d0518f3f-3b52-42b8-b769-99ff203761d1,4885d4b0-45a4-4809-93f1-b004dd932716,comprehension,7,10,0.7,87,1,mid,1776324236.0,1776324323.0,2026-04-16 07:25:23.08+00,2026-04-16 07:25:24.347243+00,5,6,6,easy,Fact Extraction,25,,True,1,1,1,0,1,34.0,34.0,1776324270.0,1776324270.0,ESTIMATE_ONLY_reading_phase_duration_unknown
d0518f3f-3b52-42b8-b769-99ff203761d1,4885d4b0-45a4-4809-93f1-b004dd932716,comprehension,7,10,0.7,87,1,mid,1776324236.0,1776324323.0,2026-04-16 07:25:23.08+00,2026-04-16 07:25:24.347243+00,6,7,7,easy,Detail Recall,25,,False,2,2,1,0,5,35.0,35.0,1776324271.0,1776324271.0,ESTIMATE_ONLY_inter_question_gaps_unknown
d0518f3f-3b52-42b8-b769-99ff203761d1,4885d4b0-45a4-4809-93f1-b004dd932716,comprehension,7,10,0.7,87,1,mid,1776324236.0,1776324323.0,2026-04-16 07:25:23.08+00,2026-04-16 07:25:24.347243+00,7,8,8,medium,Detail Recall,25,,False,1,0,0,0,7,40.0,40.0,1776324276.0,1776324276.0,ESTIMATE_ONLY_inter_question_gaps_unknown
d0518f3f-3b52-42b8-b769-99ff203761d1,4885d4b0-45a4-4809-93f1-b004dd932716,comprehension,7,10,0.7,87,1,mid,1776324236.0,1776324323.0,2026-04-16 07:25:23.08+00,2026-04-16 07:25:24.347243+00,8,9,9,medium,Inference,25,,False,0,1,0,0,8,47.0,47.0,1776324283.0,1776324283.0,ESTIMATE_ONLY_inter_question_gaps_unknown
d0518f3f-3b52-42b8-b769-99ff203761d1,4885d4b0-45a4-4809-93f1-b004dd932716,comprehension,7,10,0.7,87,1,mid,1776324236.0,1776324323.0,2026-04-16 07:25:23.08+00,2026-04-16 07:25:24.347243+00,9,10,10,easy,Fact Extraction,25,,False,1,1,1,0,6,55.0,55.0,1776324291.0,1776324291.0,ESTIMATE_ONLY_inter_question_gaps_unknown
d11b9798-c000-4982-929b-3c3ce5234231,15f6773b-607d-4409-a94f-78d24eac8e34,arithmetic,7,10,0.7,67,1,mid,1776331503.0,1776331570.0,2026-04-16 09:26:10.189+00,2026-04-16 09:26:14.586834+00,0,1,1,easy,Addition,15,,False,0,0,1,0,4,0.0,0.0,1776331503.0,1776331503.0,ESTIMATE_ONLY_inter_question_gaps_unknown
d11b9798-c000-4982-929b-3c3ce5234231,15f6773b-607d-4409-a94f-78d24eac8e34,arithmetic,7,10,0.7,67,1,mid,1776331503.0,1776331570.0,2026-04-16 09:26:10.189+00,2026-04-16 09:26:14.586834+00,1,2,2,easy,Division,15,,False,2,2,1,0,5,4.0,4.0,1776331507.0,1776331507.0,ESTIMATE_ONLY_inter_question_gaps_unknown
d11b9798-c000-4982-929b-3c3ce5234231,15f6773b-607d-4409-a94f-78d24eac8e34,arithmetic,7,10,0.7,67,1,mid,1776331503.0,1776331570.0,2026-04-16 09:26:10.189+00,2026-04-16 09:26:14.586834+00,2,3,3,easy,Addition,15,,False,0,0,1,0,7,9.0,9.0,1776331512.0,1776331512.0,ESTIMATE_ONLY_inter_question_gaps_unknown
d11b9798-c000-4982-929b-3c3ce5234231,15f6773b-607d-4409-a94f-78d24eac8e34,arithmetic,7,10,0.7,67,1,mid,1776331503.0,1776331570.0,2026-04-16 09:26:10.189+00,2026-04-16 09:26:14.586834+00,3,4,4,easy,Subtraction,15,,False,0,0,1,0,4,16.0,16.0,1776331519.0,1776331519.0,ESTIMATE_ONLY_inter_question_gaps_unknown
d11b9798-c000-4982-929b-3c3ce5234231,15f6773b-607d-4409-a94f-78d24eac8e34,arithmetic,7,10,0.7,67,1,mid,1776331503.0,1776331570.0,2026-04-16 09:26:10.189+00,2026-04-16 09:26:14.586834+00,4,5,5,medium,Addition,20,,False,0,2,0,0,8,20.0,20.0,1776331523.0,1776331523.0,ESTIMATE_ONLY_inter_question_gaps_unknown
d11b9798-c000-4982-929b-3c3ce5234231,15f6773b-607d-4409-a94f-78d24eac8e34,arithmetic,7,10,0.7,67,1,mid,1776331503.0,1776331570.0,2026-04-16 09:26:10.189+00,2026-04-16 09:26:14.586834+00,5,6,6,medium,Multiplication,20,,False,0,0,1,0,9,28.0,28.0,1776331531.0,1776331531.0,ESTIMATE_ONLY_inter_question_gaps_unknown
d11b9798-c000-4982-929b-3c3ce5234231,15f6773b-607d-4409-a94f-78d24eac8e34,arithmetic,7,10,0.7,67,1,mid,1776331503.0,1776331570.0,2026-04-16 09:26:10.189+00,2026-04-16 09:26:14.586834+00,6,7,7,medium,Division,20,,False,1,1,1,0,5,37.0,37.0,1776331540.0,1776331540.0,ESTIMATE_ONLY_inter_question_gaps_unknown
d11b9798-c000-4982-929b-3c3ce5234231,15f6773b-607d-4409-a94f-78d24eac8e34,arithmetic,7,10,0.7,67,1,mid,1776331503.0,1776331570.0,2026-04-16 09:26:10.189+00,2026-04-16 09:26:14.586834+00,7,8,8,hard,Percentage,30,,False,2,2,1,0,4,42.0,42.0,1776331545.0,1776331545.0,ESTIMATE_ONLY_inter_question_gaps_unknown
d11b9798-c000-4982-929b-3c3ce5234231,15f6773b-607d-4409-a94f-78d24eac8e34,arithmetic,7,10,0.7,67,1,mid,1776331503.0,1776331570.0,2026-04-16 09:26:10.189+00,2026-04-16 09:26:14.586834+00,8,9,9,hard,Multiplication,30,,False,2,0,0,0,6,46.0,46.0,1776331549.0,1776331549.0,ESTIMATE_ONLY_inter_question_gaps_unknown
d11b9798-c000-4982-929b-3c3ce5234231,15f6773b-607d-4409-a94f-78d24eac8e34,arithmetic,7,10,0.7,67,1,mid,1776331503.0,1776331570.0,2026-04-16 09:26:10.189+00,2026-04-16 09:26:14.586834+00,9,10,10,hard,Multi-step,30,,False,2,1,0,0,19,52.0,52.0,1776331555.0,1776331555.0,ESTIMATE_ONLY_inter_question_gaps_unknown
d4ee4266-296f-4307-b809-114e57210316,caa4b854-4eea-4177-a19c-2d0f4929874e,arithmetic,9,10,0.9,68,1,high,1776332664.0,1776332732.0,2026-04-16 09:45:32.383+00,2026-04-16 09:45:33.43936+00,0,1,1,easy,Addition,15,,False,0,0,1,0,7,0.0,0.0,1776332664.0,1776332664.0,ESTIMATE_ONLY_inter_question_gaps_unknown
d4ee4266-296f-4307-b809-114e57210316,caa4b854-4eea-4177-a19c-2d0f4929874e,arithmetic,9,10,0.9,68,1,high,1776332664.0,1776332732.0,2026-04-16 09:45:32.383+00,2026-04-16 09:45:33.43936+00,1,2,2,easy,Division,15,,False,2,2,1,0,2,7.0,7.0,1776332671.0,1776332671.0,ESTIMATE_ONLY_inter_question_gaps_unknown
d4ee4266-296f-4307-b809-114e57210316,caa4b854-4eea-4177-a19c-2d0f4929874e,arithmetic,9,10,0.9,68,1,high,1776332664.0,1776332732.0,2026-04-16 09:45:32.383+00,2026-04-16 09:45:33.43936+00,2,3,3,easy,Addition,15,,False,0,0,1,0,6,9.0,9.0,1776332673.0,1776332673.0,ESTIMATE_ONLY_inter_question_gaps_unknown
d4ee4266-296f-4307-b809-114e57210316,caa4b854-4eea-4177-a19c-2d0f4929874e,arithmetic,9,10,0.9,68,1,high,1776332664.0,1776332732.0,2026-04-16 09:45:32.383+00,2026-04-16 09:45:33.43936+00,3,4,4,easy,Subtraction,15,,False,0,0,1,0,4,15.0,15.0,1776332679.0,1776332679.0,ESTIMATE_ONLY_inter_question_gaps_unknown
d4ee4266-296f-4307-b809-114e57210316,caa4b854-4eea-4177-a19c-2d0f4929874e,arithmetic,9,10,0.9,68,1,high,1776332664.0,1776332732.0,2026-04-16 09:45:32.383+00,2026-04-16 09:45:33.43936+00,4,5,5,medium,Addition,20,,False,2,2,1,0,4,19.0,19.0,1776332683.0,1776332683.0,ESTIMATE_ONLY_inter_question_gaps_unknown
d4ee4266-296f-4307-b809-114e57210316,caa4b854-4eea-4177-a19c-2d0f4929874e,arithmetic,9,10,0.9,68,1,high,1776332664.0,1776332732.0,2026-04-16 09:45:32.383+00,2026-04-16 09:45:33.43936+00,5,6,6,medium,Multiplication,20,,False,0,0,1,0,15,23.0,23.0,1776332687.0,1776332687.0,ESTIMATE_ONLY_inter_question_gaps_unknown
d4ee4266-296f-4307-b809-114e57210316,caa4b854-4eea-4177-a19c-2d0f4929874e,arithmetic,9,10,0.9,68,1,high,1776332664.0,1776332732.0,2026-04-16 09:45:32.383+00,2026-04-16 09:45:33.43936+00,6,7,7,medium,Division,20,,False,0,1,0,0,17,38.0,38.0,1776332702.0,1776332702.0,ESTIMATE_ONLY_inter_question_gaps_unknown
d4ee4266-296f-4307-b809-114e57210316,caa4b854-4eea-4177-a19c-2d0f4929874e,arithmetic,9,10,0.9,68,1,high,1776332664.0,1776332732.0,2026-04-16 09:45:32.383+00,2026-04-16 09:45:33.43936+00,7,8,8,hard,Percentage,30,,False,2,2,1,0,3,55.0,55.0,1776332719.0,1776332719.0,ESTIMATE_ONLY_inter_question_gaps_unknown
d4ee4266-296f-4307-b809-114e57210316,caa4b854-4eea-4177-a19c-2d0f4929874e,arithmetic,9,10,0.9,68,1,high,1776332664.0,1776332732.0,2026-04-16 09:45:32.383+00,2026-04-16 09:45:33.43936+00,8,9,9,hard,Multiplication,30,,False,0,0,1,0,2,58.0,58.0,1776332722.0,1776332722.0,ESTIMATE_ONLY_inter_question_gaps_unknown
d4ee4266-296f-4307-b809-114e57210316,caa4b854-4eea-4177-a19c-2d0f4929874e,arithmetic,9,10,0.9,68,1,high,1776332664.0,1776332732.0,2026-04-16 09:45:32.383+00,2026-04-16 09:45:33.43936+00,9,10,10,hard,Multi-step,30,,False,1,1,1,0,16,60.0,60.0,1776332724.0,1776332724.0,ESTIMATE_ONLY_inter_question_gaps_unknown
d54cd8ae-31ab-4725-b217-4644f152ae87,182b236c-a543-4d7f-b121-473dc33918f2,memory,5,10,0.5,92,0,mid,1777372356.0,1777372448.0,2026-04-28 10:34:08.334+00,2026-04-28 10:34:09.30851+00,0,1,1,easy,Digit Recall,10,5,False,0,0,1,0,3,0.0,5.0,1777372356.0,1777372361.0,ESTIMATE_ONLY_inter_question_gaps_unknown
d54cd8ae-31ab-4725-b217-4644f152ae87,182b236c-a543-4d7f-b121-473dc33918f2,memory,5,10,0.5,92,0,mid,1777372356.0,1777372448.0,2026-04-28 10:34:08.334+00,2026-04-28 10:34:09.30851+00,1,2,2,easy,Word Recall,10,5,False,2,2,1,0,2,8.0,13.0,1777372364.0,1777372369.0,ESTIMATE_ONLY_inter_question_gaps_unknown
d54cd8ae-31ab-4725-b217-4644f152ae87,182b236c-a543-4d7f-b121-473dc33918f2,memory,5,10,0.5,92,0,mid,1777372356.0,1777372448.0,2026-04-28 10:34:08.334+00,2026-04-28 10:34:09.30851+00,2,3,3,easy,Digit Recall,10,5,False,1,1,1,0,3,15.0,20.0,1777372371.0,1777372376.0,ESTIMATE_ONLY_inter_question_gaps_unknown
d54cd8ae-31ab-4725-b217-4644f152ae87,182b236c-a543-4d7f-b121-473dc33918f2,memory,5,10,0.5,92,0,mid,1777372356.0,1777372448.0,2026-04-28 10:34:08.334+00,2026-04-28 10:34:09.30851+00,3,4,4,easy,Word Recall,10,5,False,0,0,1,0,2,23.0,28.0,1777372379.0,1777372384.0,ESTIMATE_ONLY_inter_question_gaps_unknown
d54cd8ae-31ab-4725-b217-4644f152ae87,182b236c-a543-4d7f-b121-473dc33918f2,memory,5,10,0.5,92,0,mid,1777372356.0,1777372448.0,2026-04-28 10:34:08.334+00,2026-04-28 10:34:09.30851+00,4,5,5,medium,Digit Recall,12,6,False,1,0,0,0,5,30.0,36.0,1777372386.0,1777372392.0,ESTIMATE_ONLY_inter_question_gaps_unknown
d54cd8ae-31ab-4725-b217-4644f152ae87,182b236c-a543-4d7f-b121-473dc33918f2,memory,5,10,0.5,92,0,mid,1777372356.0,1777372448.0,2026-04-28 10:34:08.334+00,2026-04-28 10:34:09.30851+00,5,6,6,medium,Position Recall,12,6,False,1,1,1,0,3,41.0,47.0,1777372397.0,1777372403.0,ESTIMATE_ONLY_inter_question_gaps_unknown
d54cd8ae-31ab-4725-b217-4644f152ae87,182b236c-a543-4d7f-b121-473dc33918f2,memory,5,10,0.5,92,0,mid,1777372356.0,1777372448.0,2026-04-28 10:34:08.334+00,2026-04-28 10:34:09.30851+00,6,7,7,medium,Position Recall,12,6,False,0,2,0,0,4,50.0,56.0,1777372406.0,1777372412.0,ESTIMATE_ONLY_inter_question_gaps_unknown
d54cd8ae-31ab-4725-b217-4644f152ae87,182b236c-a543-4d7f-b121-473dc33918f2,memory,5,10,0.5,92,0,mid,1777372356.0,1777372448.0,2026-04-28 10:34:08.334+00,2026-04-28 10:34:09.30851+00,7,8,8,hard,Sequence Recall,15,7,False,1,0,0,0,5,60.0,67.0,1777372416.0,1777372423.0,ESTIMATE_ONLY_inter_question_gaps_unknown
d54cd8ae-31ab-4725-b217-4644f152ae87,182b236c-a543-4d7f-b121-473dc33918f2,memory,5,10,0.5,92,0,mid,1777372356.0,1777372448.0,2026-04-28 10:34:08.334+00,2026-04-28 10:34:09.30851+00,8,9,9,hard,Position Recall,15,7,False,2,1,0,0,7,72.0,79.0,1777372428.0,1777372435.0,ESTIMATE_ONLY_inter_question_gaps_unknown
d54cd8ae-31ab-4725-b217-4644f152ae87,182b236c-a543-4d7f-b121-473dc33918f2,memory,5,10,0.5,92,0,mid,1777372356.0,1777372448.0,2026-04-28 10:34:08.334+00,2026-04-28 10:34:09.30851+00,9,10,10,hard,Digit Analysis,15,7,False,0,2,0,0,6,86.0,93.0,1777372442.0,1777372449.0,ESTIMATE_ONLY_inter_question_gaps_unknown
d5c61ed8-876d-4d09-b7da-48a451bc4412,6f2c1a12-a0ec-4367-92f6-b0403cc5b56c,memory,6,10,0.6,93,0,mid,1776583461.0,1776583554.0,2026-04-19 07:25:54.963+00,2026-04-19 07:25:55.882639+00,0,1,1,easy,Digit Recall,10,5,False,0,0,1,0,4,0.0,5.0,1776583461.0,1776583466.0,ESTIMATE_ONLY_inter_question_gaps_unknown
d5c61ed8-876d-4d09-b7da-48a451bc4412,6f2c1a12-a0ec-4367-92f6-b0403cc5b56c,memory,6,10,0.6,93,0,mid,1776583461.0,1776583554.0,2026-04-19 07:25:54.963+00,2026-04-19 07:25:55.882639+00,1,2,2,easy,Word Recall,10,5,False,2,2,1,0,3,9.0,14.0,1776583470.0,1776583475.0,ESTIMATE_ONLY_inter_question_gaps_unknown
d5c61ed8-876d-4d09-b7da-48a451bc4412,6f2c1a12-a0ec-4367-92f6-b0403cc5b56c,memory,6,10,0.6,93,0,mid,1776583461.0,1776583554.0,2026-04-19 07:25:54.963+00,2026-04-19 07:25:55.882639+00,2,3,3,easy,Digit Recall,10,5,False,1,1,1,0,4,17.0,22.0,1776583478.0,1776583483.0,ESTIMATE_ONLY_inter_question_gaps_unknown
d5c61ed8-876d-4d09-b7da-48a451bc4412,6f2c1a12-a0ec-4367-92f6-b0403cc5b56c,memory,6,10,0.6,93,0,mid,1776583461.0,1776583554.0,2026-04-19 07:25:54.963+00,2026-04-19 07:25:55.882639+00,3,4,4,easy,Word Recall,10,5,False,0,0,1,0,5,26.0,31.0,1776583487.0,1776583492.0,ESTIMATE_ONLY_inter_question_gaps_unknown
d5c61ed8-876d-4d09-b7da-48a451bc4412,6f2c1a12-a0ec-4367-92f6-b0403cc5b56c,memory,6,10,0.6,93,0,mid,1776583461.0,1776583554.0,2026-04-19 07:25:54.963+00,2026-04-19 07:25:55.882639+00,4,5,5,medium,Digit Recall,12,6,False,1,0,0,0,4,36.0,42.0,1776583497.0,1776583503.0,ESTIMATE_ONLY_inter_question_gaps_unknown
d5c61ed8-876d-4d09-b7da-48a451bc4412,6f2c1a12-a0ec-4367-92f6-b0403cc5b56c,memory,6,10,0.6,93,0,mid,1776583461.0,1776583554.0,2026-04-19 07:25:54.963+00,2026-04-19 07:25:55.882639+00,5,6,6,medium,Position Recall,12,6,False,0,1,0,0,4,46.0,52.0,1776583507.0,1776583513.0,ESTIMATE_ONLY_inter_question_gaps_unknown
d5c61ed8-876d-4d09-b7da-48a451bc4412,6f2c1a12-a0ec-4367-92f6-b0403cc5b56c,memory,6,10,0.6,93,0,mid,1776583461.0,1776583554.0,2026-04-19 07:25:54.963+00,2026-04-19 07:25:55.882639+00,6,7,7,medium,Position Recall,12,6,False,1,2,0,0,3,56.0,62.0,1776583517.0,1776583523.0,ESTIMATE_ONLY_inter_question_gaps_unknown
d5c61ed8-876d-4d09-b7da-48a451bc4412,6f2c1a12-a0ec-4367-92f6-b0403cc5b56c,memory,6,10,0.6,93,0,mid,1776583461.0,1776583554.0,2026-04-19 07:25:54.963+00,2026-04-19 07:25:55.882639+00,7,8,8,hard,Sequence Recall,15,7,False,0,0,1,0,5,65.0,72.0,1776583526.0,1776583533.0,ESTIMATE_ONLY_inter_question_gaps_unknown
d5c61ed8-876d-4d09-b7da-48a451bc4412,6f2c1a12-a0ec-4367-92f6-b0403cc5b56c,memory,6,10,0.6,93,0,mid,1776583461.0,1776583554.0,2026-04-19 07:25:54.963+00,2026-04-19 07:25:55.882639+00,8,9,9,hard,Position Recall,15,7,False,1,1,1,0,4,77.0,84.0,1776583538.0,1776583545.0,ESTIMATE_ONLY_inter_question_gaps_unknown
d5c61ed8-876d-4d09-b7da-48a451bc4412,6f2c1a12-a0ec-4367-92f6-b0403cc5b56c,memory,6,10,0.6,93,0,mid,1776583461.0,1776583554.0,2026-04-19 07:25:54.963+00,2026-04-19 07:25:55.882639+00,9,10,10,hard,Digit Analysis,15,7,False,1,2,0,0,4,88.0,95.0,1776583549.0,1776583556.0,ESTIMATE_ONLY_inter_question_gaps_unknown
d6abd449-1144-4d5c-91a7-6b3c389b1232,4b00bcd7-936b-42d2-99b5-c0b8b78272c9,attention,7,10,0.7,116,1,mid,1776330641.0,1776330757.0,2026-04-16 09:12:37.418+00,2026-04-16 09:12:45.777305+00,0,1,1,easy,Oddball Detection,8,5,False,2,2,1,0,5,0.0,5.0,1776330641.0,1776330646.0,ESTIMATE_ONLY_inter_question_gaps_unknown
d6abd449-1144-4d5c-91a7-6b3c389b1232,4b00bcd7-936b-42d2-99b5-c0b8b78272c9,attention,7,10,0.7,116,1,mid,1776330641.0,1776330757.0,2026-04-16 09:12:37.418+00,2026-04-16 09:12:45.777305+00,1,2,2,easy,Count Target,8,5,False,0,0,1,0,4,10.0,15.0,1776330651.0,1776330656.0,ESTIMATE_ONLY_inter_question_gaps_unknown
d6abd449-1144-4d5c-91a7-6b3c389b1232,4b00bcd7-936b-42d2-99b5-c0b8b78272c9,attention,7,10,0.7,116,1,mid,1776330641.0,1776330757.0,2026-04-16 09:12:37.418+00,2026-04-16 09:12:45.777305+00,2,3,3,easy,Pattern Break,8,5,False,2,2,1,0,5,19.0,24.0,1776330660.0,1776330665.0,ESTIMATE_ONLY_inter_question_gaps_unknown
d6abd449-1144-4d5c-91a7-6b3c389b1232,4b00bcd7-936b-42d2-99b5-c0b8b78272c9,attention,7,10,0.7,116,1,mid,1776330641.0,1776330757.0,2026-04-16 09:12:37.418+00,2026-04-16 09:12:45.777305+00,3,4,4,easy,Position Detect,8,5,False,2,1,0,0,6,29.0,34.0,1776330670.0,1776330675.0,ESTIMATE_ONLY_inter_question_gaps_unknown
d6abd449-1144-4d5c-91a7-6b3c389b1232,4b00bcd7-936b-42d2-99b5-c0b8b78272c9,attention,7,10,0.7,116,1,mid,1776330641.0,1776330757.0,2026-04-16 09:12:37.418+00,2026-04-16 09:12:45.777305+00,4,5,5,medium,Rule Violation,10,6,False,2,2,1,0,9,40.0,46.0,1776330681.0,1776330687.0,ESTIMATE_ONLY_inter_question_gaps_unknown
d6abd449-1144-4d5c-91a7-6b3c389b1232,4b00bcd7-936b-42d2-99b5-c0b8b78272c9,attention,7,10,0.7,116,1,mid,1776330641.0,1776330757.0,2026-04-16 09:12:37.418+00,2026-04-16 09:12:45.777305+00,5,6,6,medium,Count Target,10,6,False,2,0,0,0,6,55.0,61.0,1776330696.0,1776330702.0,ESTIMATE_ONLY_inter_question_gaps_unknown
d6abd449-1144-4d5c-91a7-6b3c389b1232,4b00bcd7-936b-42d2-99b5-c0b8b78272c9,attention,7,10,0.7,116,1,mid,1776330641.0,1776330757.0,2026-04-16 09:12:37.418+00,2026-04-16 09:12:45.777305+00,6,7,7,medium,Count Target,10,6,False,2,2,1,0,7,67.0,73.0,1776330708.0,1776330714.0,ESTIMATE_ONLY_inter_question_gaps_unknown
d6abd449-1144-4d5c-91a7-6b3c389b1232,4b00bcd7-936b-42d2-99b5-c0b8b78272c9,attention,7,10,0.7,116,1,mid,1776330641.0,1776330757.0,2026-04-16 09:12:37.418+00,2026-04-16 09:12:45.777305+00,7,8,8,hard,Count Target,12,7,False,1,2,0,0,4,80.0,87.0,1776330721.0,1776330728.0,ESTIMATE_ONLY_inter_question_gaps_unknown
d6abd449-1144-4d5c-91a7-6b3c389b1232,4b00bcd7-936b-42d2-99b5-c0b8b78272c9,attention,7,10,0.7,116,1,mid,1776330641.0,1776330757.0,2026-04-16 09:12:37.418+00,2026-04-16 09:12:45.777305+00,8,9,9,hard,Rule Violation,12,7,False,2,2,1,0,8,91.0,98.0,1776330732.0,1776330739.0,ESTIMATE_ONLY_inter_question_gaps_unknown
d6abd449-1144-4d5c-91a7-6b3c389b1232,4b00bcd7-936b-42d2-99b5-c0b8b78272c9,attention,7,10,0.7,116,1,mid,1776330641.0,1776330757.0,2026-04-16 09:12:37.418+00,2026-04-16 09:12:45.777305+00,9,10,10,hard,Pattern Break,12,7,False,2,2,1,0,6,106.0,113.0,1776330747.0,1776330754.0,ESTIMATE_ONLY_inter_question_gaps_unknown
d6d87a15-78e4-46ca-a18b-b088ff833f99,a9fa0a9e-4c99-49b4-b75f-ba925babb6f9,arithmetic,7,10,0.7,85,1,mid,1776228328.0,1776228413.0,2026-04-15 04:46:53.434+00,2026-04-15 04:46:54.390601+00,0,1,1,easy,Addition,15,,False,0,0,1,0,4,0.0,0.0,1776228328.0,1776228328.0,ESTIMATE_ONLY_inter_question_gaps_unknown
d6d87a15-78e4-46ca-a18b-b088ff833f99,a9fa0a9e-4c99-49b4-b75f-ba925babb6f9,arithmetic,7,10,0.7,85,1,mid,1776228328.0,1776228413.0,2026-04-15 04:46:53.434+00,2026-04-15 04:46:54.390601+00,1,2,2,easy,Division,15,,False,2,2,1,0,2,4.0,4.0,1776228332.0,1776228332.0,ESTIMATE_ONLY_inter_question_gaps_unknown
d6d87a15-78e4-46ca-a18b-b088ff833f99,a9fa0a9e-4c99-49b4-b75f-ba925babb6f9,arithmetic,7,10,0.7,85,1,mid,1776228328.0,1776228413.0,2026-04-15 04:46:53.434+00,2026-04-15 04:46:54.390601+00,2,3,3,easy,Addition,15,,False,0,0,1,0,3,6.0,6.0,1776228334.0,1776228334.0,ESTIMATE_ONLY_inter_question_gaps_unknown
d6d87a15-78e4-46ca-a18b-b088ff833f99,a9fa0a9e-4c99-49b4-b75f-ba925babb6f9,arithmetic,7,10,0.7,85,1,mid,1776228328.0,1776228413.0,2026-04-15 04:46:53.434+00,2026-04-15 04:46:54.390601+00,3,4,4,easy,Subtraction,15,,False,0,0,1,0,3,9.0,9.0,1776228337.0,1776228337.0,ESTIMATE_ONLY_inter_question_gaps_unknown
d6d87a15-78e4-46ca-a18b-b088ff833f99,a9fa0a9e-4c99-49b4-b75f-ba925babb6f9,arithmetic,7,10,0.7,85,1,mid,1776228328.0,1776228413.0,2026-04-15 04:46:53.434+00,2026-04-15 04:46:54.390601+00,4,5,5,medium,Addition,20,,False,2,2,1,0,8,12.0,12.0,1776228340.0,1776228340.0,ESTIMATE_ONLY_inter_question_gaps_unknown
d6d87a15-78e4-46ca-a18b-b088ff833f99,a9fa0a9e-4c99-49b4-b75f-ba925babb6f9,arithmetic,7,10,0.7,85,1,mid,1776228328.0,1776228413.0,2026-04-15 04:46:53.434+00,2026-04-15 04:46:54.390601+00,5,6,6,medium,Multiplication,20,,False,0,0,1,0,5,20.0,20.0,1776228348.0,1776228348.0,ESTIMATE_ONLY_inter_question_gaps_unknown
d6d87a15-78e4-46ca-a18b-b088ff833f99,a9fa0a9e-4c99-49b4-b75f-ba925babb6f9,arithmetic,7,10,0.7,85,1,mid,1776228328.0,1776228413.0,2026-04-15 04:46:53.434+00,2026-04-15 04:46:54.390601+00,6,7,7,medium,Division,20,,False,1,1,1,0,3,25.0,25.0,1776228353.0,1776228353.0,ESTIMATE_ONLY_inter_question_gaps_unknown
d6d87a15-78e4-46ca-a18b-b088ff833f99,a9fa0a9e-4c99-49b4-b75f-ba925babb6f9,arithmetic,7,10,0.7,85,1,mid,1776228328.0,1776228413.0,2026-04-15 04:46:53.434+00,2026-04-15 04:46:54.390601+00,7,8,8,hard,Percentage,30,,False,0,2,0,0,26,28.0,28.0,1776228356.0,1776228356.0,ESTIMATE_ONLY_inter_question_gaps_unknown
d6d87a15-78e4-46ca-a18b-b088ff833f99,a9fa0a9e-4c99-49b4-b75f-ba925babb6f9,arithmetic,7,10,0.7,85,1,mid,1776228328.0,1776228413.0,2026-04-15 04:46:53.434+00,2026-04-15 04:46:54.390601+00,8,9,9,hard,Multiplication,30,,False,1,0,0,0,18,54.0,54.0,1776228382.0,1776228382.0,ESTIMATE_ONLY_inter_question_gaps_unknown
d6d87a15-78e4-46ca-a18b-b088ff833f99,a9fa0a9e-4c99-49b4-b75f-ba925babb6f9,arithmetic,7,10,0.7,85,1,mid,1776228328.0,1776228413.0,2026-04-15 04:46:53.434+00,2026-04-15 04:46:54.390601+00,9,10,10,hard,Multi-step,30,,False,0,1,0,0,16,72.0,72.0,1776228400.0,1776228400.0,ESTIMATE_ONLY_inter_question_gaps_unknown
d7179171-11bc-4f48-8235-463160cc70a5,d103eb77-fd3d-4b89-83f1-4f34ec8d6123,arithmetic,7,10,0.7,55,1,mid,1776422036.0,1776422091.0,2026-04-17 10:34:51.215+00,2026-04-17 10:34:52.494012+00,0,1,1,easy,Addition,15,,False,0,0,1,0,1,0.0,0.0,1776422036.0,1776422036.0,ESTIMATE_ONLY_inter_question_gaps_unknown
d7179171-11bc-4f48-8235-463160cc70a5,d103eb77-fd3d-4b89-83f1-4f34ec8d6123,arithmetic,7,10,0.7,55,1,mid,1776422036.0,1776422091.0,2026-04-17 10:34:51.215+00,2026-04-17 10:34:52.494012+00,1,2,2,easy,Division,15,,False,2,2,1,0,2,1.0,1.0,1776422037.0,1776422037.0,ESTIMATE_ONLY_inter_question_gaps_unknown
d7179171-11bc-4f48-8235-463160cc70a5,d103eb77-fd3d-4b89-83f1-4f34ec8d6123,arithmetic,7,10,0.7,55,1,mid,1776422036.0,1776422091.0,2026-04-17 10:34:51.215+00,2026-04-17 10:34:52.494012+00,2,3,3,easy,Addition,15,,False,1,0,0,0,4,3.0,3.0,1776422039.0,1776422039.0,ESTIMATE_ONLY_inter_question_gaps_unknown
d7179171-11bc-4f48-8235-463160cc70a5,d103eb77-fd3d-4b89-83f1-4f34ec8d6123,arithmetic,7,10,0.7,55,1,mid,1776422036.0,1776422091.0,2026-04-17 10:34:51.215+00,2026-04-17 10:34:52.494012+00,3,4,4,easy,Subtraction,15,,False,0,0,1,0,5,7.0,7.0,1776422043.0,1776422043.0,ESTIMATE_ONLY_inter_question_gaps_unknown
d7179171-11bc-4f48-8235-463160cc70a5,d103eb77-fd3d-4b89-83f1-4f34ec8d6123,arithmetic,7,10,0.7,55,1,mid,1776422036.0,1776422091.0,2026-04-17 10:34:51.215+00,2026-04-17 10:34:52.494012+00,4,5,5,medium,Addition,20,,False,1,2,0,0,7,12.0,12.0,1776422048.0,1776422048.0,ESTIMATE_ONLY_inter_question_gaps_unknown
d7179171-11bc-4f48-8235-463160cc70a5,d103eb77-fd3d-4b89-83f1-4f34ec8d6123,arithmetic,7,10,0.7,55,1,mid,1776422036.0,1776422091.0,2026-04-17 10:34:51.215+00,2026-04-17 10:34:52.494012+00,5,6,6,medium,Multiplication,20,,False,0,0,1,0,4,19.0,19.0,1776422055.0,1776422055.0,ESTIMATE_ONLY_inter_question_gaps_unknown
d7179171-11bc-4f48-8235-463160cc70a5,d103eb77-fd3d-4b89-83f1-4f34ec8d6123,arithmetic,7,10,0.7,55,1,mid,1776422036.0,1776422091.0,2026-04-17 10:34:51.215+00,2026-04-17 10:34:52.494012+00,6,7,7,medium,Division,20,,False,1,1,1,0,4,23.0,23.0,1776422059.0,1776422059.0,ESTIMATE_ONLY_inter_question_gaps_unknown
d7179171-11bc-4f48-8235-463160cc70a5,d103eb77-fd3d-4b89-83f1-4f34ec8d6123,arithmetic,7,10,0.7,55,1,mid,1776422036.0,1776422091.0,2026-04-17 10:34:51.215+00,2026-04-17 10:34:52.494012+00,7,8,8,hard,Percentage,30,,False,2,2,1,0,5,27.0,27.0,1776422063.0,1776422063.0,ESTIMATE_ONLY_inter_question_gaps_unknown
d7179171-11bc-4f48-8235-463160cc70a5,d103eb77-fd3d-4b89-83f1-4f34ec8d6123,arithmetic,7,10,0.7,55,1,mid,1776422036.0,1776422091.0,2026-04-17 10:34:51.215+00,2026-04-17 10:34:52.494012+00,8,9,9,hard,Multiplication,30,,False,0,0,1,0,19,32.0,32.0,1776422068.0,1776422068.0,ESTIMATE_ONLY_inter_question_gaps_unknown
d7179171-11bc-4f48-8235-463160cc70a5,d103eb77-fd3d-4b89-83f1-4f34ec8d6123,arithmetic,7,10,0.7,55,1,mid,1776422036.0,1776422091.0,2026-04-17 10:34:51.215+00,2026-04-17 10:34:52.494012+00,9,10,10,hard,Multi-step,30,,False,2,1,0,0,8,51.0,51.0,1776422087.0,1776422087.0,ESTIMATE_ONLY_inter_question_gaps_unknown
d9474f8a-7bbc-4ce2-84f3-149fc6fc7ab9,6f2c1a12-a0ec-4367-92f6-b0403cc5b56c,pattern,5,10,0.5,52,0,mid,1776583382.0,1776583434.0,2026-04-19 07:23:54.386+00,2026-04-19 07:23:55.208756+00,0,1,1,easy,Arithmetic Sequence,15,,False,0,2,0,0,5,0.0,0.0,1776583382.0,1776583382.0,ESTIMATE_ONLY_inter_question_gaps_unknown
d9474f8a-7bbc-4ce2-84f3-149fc6fc7ab9,6f2c1a12-a0ec-4367-92f6-b0403cc5b56c,pattern,5,10,0.5,52,0,mid,1776583382.0,1776583434.0,2026-04-19 07:23:54.386+00,2026-04-19 07:23:55.208756+00,1,2,2,easy,Arithmetic Sequence,15,,False,0,0,1,0,5,5.0,5.0,1776583387.0,1776583387.0,ESTIMATE_ONLY_inter_question_gaps_unknown
d9474f8a-7bbc-4ce2-84f3-149fc6fc7ab9,6f2c1a12-a0ec-4367-92f6-b0403cc5b56c,pattern,5,10,0.5,52,0,mid,1776583382.0,1776583434.0,2026-04-19 07:23:54.386+00,2026-04-19 07:23:55.208756+00,2,3,3,easy,Odd Numbers,15,,False,1,1,1,0,6,10.0,10.0,1776583392.0,1776583392.0,ESTIMATE_ONLY_inter_question_gaps_unknown
d9474f8a-7bbc-4ce2-84f3-149fc6fc7ab9,6f2c1a12-a0ec-4367-92f6-b0403cc5b56c,pattern,5,10,0.5,52,0,mid,1776583382.0,1776583434.0,2026-04-19 07:23:54.386+00,2026-04-19 07:23:55.208756+00,3,4,4,easy,Decreasing Sequence,15,,False,2,2,1,0,5,16.0,16.0,1776583398.0,1776583398.0,ESTIMATE_ONLY_inter_question_gaps_unknown
d9474f8a-7bbc-4ce2-84f3-149fc6fc7ab9,6f2c1a12-a0ec-4367-92f6-b0403cc5b56c,pattern,5,10,0.5,52,0,mid,1776583382.0,1776583434.0,2026-04-19 07:23:54.386+00,2026-04-19 07:23:55.208756+00,4,5,5,medium,Perfect Squares,20,,False,0,2,0,0,7,21.0,21.0,1776583403.0,1776583403.0,ESTIMATE_ONLY_inter_question_gaps_unknown
d9474f8a-7bbc-4ce2-84f3-149fc6fc7ab9,6f2c1a12-a0ec-4367-92f6-b0403cc5b56c,pattern,5,10,0.5,52,0,mid,1776583382.0,1776583434.0,2026-04-19 07:23:54.386+00,2026-04-19 07:23:55.208756+00,5,6,6,medium,Fibonacci,20,,False,1,1,1,0,6,28.0,28.0,1776583410.0,1776583410.0,ESTIMATE_ONLY_inter_question_gaps_unknown
d9474f8a-7bbc-4ce2-84f3-149fc6fc7ab9,6f2c1a12-a0ec-4367-92f6-b0403cc5b56c,pattern,5,10,0.5,52,0,mid,1776583382.0,1776583434.0,2026-04-19 07:23:54.386+00,2026-04-19 07:23:55.208756+00,6,7,7,medium,Perfect Cubes,20,,False,2,2,1,0,7,34.0,34.0,1776583416.0,1776583416.0,ESTIMATE_ONLY_inter_question_gaps_unknown
d9474f8a-7bbc-4ce2-84f3-149fc6fc7ab9,6f2c1a12-a0ec-4367-92f6-b0403cc5b56c,pattern,5,10,0.5,52,0,mid,1776583382.0,1776583434.0,2026-04-19 07:23:54.386+00,2026-04-19 07:23:55.208756+00,7,8,8,hard,Triangular Differences,30,,False,1,2,0,0,6,41.0,41.0,1776583423.0,1776583423.0,ESTIMATE_ONLY_inter_question_gaps_unknown
d9474f8a-7bbc-4ce2-84f3-149fc6fc7ab9,6f2c1a12-a0ec-4367-92f6-b0403cc5b56c,pattern,5,10,0.5,52,0,mid,1776583382.0,1776583434.0,2026-04-19 07:23:54.386+00,2026-04-19 07:23:55.208756+00,8,9,9,hard,Squares,30,,False,1,0,0,0,6,47.0,47.0,1776583429.0,1776583429.0,ESTIMATE_ONLY_inter_question_gaps_unknown
d9474f8a-7bbc-4ce2-84f3-149fc6fc7ab9,6f2c1a12-a0ec-4367-92f6-b0403cc5b56c,pattern,5,10,0.5,52,0,mid,1776583382.0,1776583434.0,2026-04-19 07:23:54.386+00,2026-04-19 07:23:55.208756+00,9,10,10,hard,n(n+1),30,,False,2,0,0,0,6,53.0,53.0,1776583435.0,1776583435.0,ESTIMATE_ONLY_inter_question_gaps_unknown
d97a92da-0f18-4891-a23a-b1ac6bf8b8ac,077f1f73-3786-4d01-8c77-d40cf7f07ae1,arithmetic,6,10,0.6,111,0,mid,1776751416.0,1776751527.0,2026-04-21 06:05:27.327+00,2026-04-21 06:05:26.916073+00,0,1,1,easy,Addition,15,,False,1,0,0,0,6,0.0,0.0,1776751416.0,1776751416.0,ESTIMATE_ONLY_inter_question_gaps_unknown
d97a92da-0f18-4891-a23a-b1ac6bf8b8ac,077f1f73-3786-4d01-8c77-d40cf7f07ae1,arithmetic,6,10,0.6,111,0,mid,1776751416.0,1776751527.0,2026-04-21 06:05:27.327+00,2026-04-21 06:05:26.916073+00,1,2,2,easy,Division,15,,False,2,2,1,0,2,6.0,6.0,1776751422.0,1776751422.0,ESTIMATE_ONLY_inter_question_gaps_unknown
d97a92da-0f18-4891-a23a-b1ac6bf8b8ac,077f1f73-3786-4d01-8c77-d40cf7f07ae1,arithmetic,6,10,0.6,111,0,mid,1776751416.0,1776751527.0,2026-04-21 06:05:27.327+00,2026-04-21 06:05:26.916073+00,2,3,3,easy,Addition,15,,False,0,0,1,0,9,8.0,8.0,1776751424.0,1776751424.0,ESTIMATE_ONLY_inter_question_gaps_unknown
d97a92da-0f18-4891-a23a-b1ac6bf8b8ac,077f1f73-3786-4d01-8c77-d40cf7f07ae1,arithmetic,6,10,0.6,111,0,mid,1776751416.0,1776751527.0,2026-04-21 06:05:27.327+00,2026-04-21 06:05:26.916073+00,3,4,4,easy,Subtraction,15,,False,0,0,1,0,4,17.0,17.0,1776751433.0,1776751433.0,ESTIMATE_ONLY_inter_question_gaps_unknown
d97a92da-0f18-4891-a23a-b1ac6bf8b8ac,077f1f73-3786-4d01-8c77-d40cf7f07ae1,arithmetic,6,10,0.6,111,0,mid,1776751416.0,1776751527.0,2026-04-21 06:05:27.327+00,2026-04-21 06:05:26.916073+00,4,5,5,medium,Addition,20,,False,2,2,1,0,13,21.0,21.0,1776751437.0,1776751437.0,ESTIMATE_ONLY_inter_question_gaps_unknown
d97a92da-0f18-4891-a23a-b1ac6bf8b8ac,077f1f73-3786-4d01-8c77-d40cf7f07ae1,arithmetic,6,10,0.6,111,0,mid,1776751416.0,1776751527.0,2026-04-21 06:05:27.327+00,2026-04-21 06:05:26.916073+00,5,6,6,medium,Multiplication,20,,False,2,0,0,0,11,34.0,34.0,1776751450.0,1776751450.0,ESTIMATE_ONLY_inter_question_gaps_unknown
d97a92da-0f18-4891-a23a-b1ac6bf8b8ac,077f1f73-3786-4d01-8c77-d40cf7f07ae1,arithmetic,6,10,0.6,111,0,mid,1776751416.0,1776751527.0,2026-04-21 06:05:27.327+00,2026-04-21 06:05:26.916073+00,6,7,7,medium,Division,20,,False,1,1,1,0,13,45.0,45.0,1776751461.0,1776751461.0,ESTIMATE_ONLY_inter_question_gaps_unknown
d97a92da-0f18-4891-a23a-b1ac6bf8b8ac,077f1f73-3786-4d01-8c77-d40cf7f07ae1,arithmetic,6,10,0.6,111,0,mid,1776751416.0,1776751527.0,2026-04-21 06:05:27.327+00,2026-04-21 06:05:26.916073+00,7,8,8,hard,Percentage,30,,False,2,2,1,0,11,58.0,58.0,1776751474.0,1776751474.0,ESTIMATE_ONLY_inter_question_gaps_unknown
d97a92da-0f18-4891-a23a-b1ac6bf8b8ac,077f1f73-3786-4d01-8c77-d40cf7f07ae1,arithmetic,6,10,0.6,111,0,mid,1776751416.0,1776751527.0,2026-04-21 06:05:27.327+00,2026-04-21 06:05:26.916073+00,8,9,9,hard,Multiplication,30,,False,1,0,0,0,22,69.0,69.0,1776751485.0,1776751485.0,ESTIMATE_ONLY_inter_question_gaps_unknown
d97a92da-0f18-4891-a23a-b1ac6bf8b8ac,077f1f73-3786-4d01-8c77-d40cf7f07ae1,arithmetic,6,10,0.6,111,0,mid,1776751416.0,1776751527.0,2026-04-21 06:05:27.327+00,2026-04-21 06:05:26.916073+00,9,10,10,hard,Multi-step,30,,False,2,1,0,0,26,91.0,91.0,1776751507.0,1776751507.0,ESTIMATE_ONLY_inter_question_gaps_unknown
da301ed1-6dc6-4d88-8ac5-2400507c2f94,3cebc90b-7bb9-4438-bb6d-00b1b897bdf9,memory,8,10,0.8,85,1,high,1777544154.0,1777544239.0,2026-04-30 10:17:19.672+00,2026-04-30 10:17:20.176395+00,0,1,1,easy,Digit Recall,10,5,False,0,0,1,0,3,0.0,5.0,1777544154.0,1777544159.0,ESTIMATE_ONLY_inter_question_gaps_unknown
da301ed1-6dc6-4d88-8ac5-2400507c2f94,3cebc90b-7bb9-4438-bb6d-00b1b897bdf9,memory,8,10,0.8,85,1,high,1777544154.0,1777544239.0,2026-04-30 10:17:19.672+00,2026-04-30 10:17:20.176395+00,1,2,2,easy,Word Recall,10,5,False,2,2,1,0,2,8.0,13.0,1777544162.0,1777544167.0,ESTIMATE_ONLY_inter_question_gaps_unknown
da301ed1-6dc6-4d88-8ac5-2400507c2f94,3cebc90b-7bb9-4438-bb6d-00b1b897bdf9,memory,8,10,0.8,85,1,high,1777544154.0,1777544239.0,2026-04-30 10:17:19.672+00,2026-04-30 10:17:20.176395+00,2,3,3,easy,Digit Recall,10,5,False,1,1,1,0,3,15.0,20.0,1777544169.0,1777544174.0,ESTIMATE_ONLY_inter_question_gaps_unknown
da301ed1-6dc6-4d88-8ac5-2400507c2f94,3cebc90b-7bb9-4438-bb6d-00b1b897bdf9,memory,8,10,0.8,85,1,high,1777544154.0,1777544239.0,2026-04-30 10:17:19.672+00,2026-04-30 10:17:20.176395+00,3,4,4,easy,Word Recall,10,5,False,0,0,1,0,2,23.0,28.0,1777544177.0,1777544182.0,ESTIMATE_ONLY_inter_question_gaps_unknown
da301ed1-6dc6-4d88-8ac5-2400507c2f94,3cebc90b-7bb9-4438-bb6d-00b1b897bdf9,memory,8,10,0.8,85,1,high,1777544154.0,1777544239.0,2026-04-30 10:17:19.672+00,2026-04-30 10:17:20.176395+00,4,5,5,medium,Digit Recall,12,6,False,0,0,1,0,2,30.0,36.0,1777544184.0,1777544190.0,ESTIMATE_ONLY_inter_question_gaps_unknown
da301ed1-6dc6-4d88-8ac5-2400507c2f94,3cebc90b-7bb9-4438-bb6d-00b1b897bdf9,memory,8,10,0.8,85,1,high,1777544154.0,1777544239.0,2026-04-30 10:17:19.672+00,2026-04-30 10:17:20.176395+00,5,6,6,medium,Position Recall,12,6,False,1,1,1,0,3,38.0,44.0,1777544192.0,1777544198.0,ESTIMATE_ONLY_inter_question_gaps_unknown
da301ed1-6dc6-4d88-8ac5-2400507c2f94,3cebc90b-7bb9-4438-bb6d-00b1b897bdf9,memory,8,10,0.8,85,1,high,1777544154.0,1777544239.0,2026-04-30 10:17:19.672+00,2026-04-30 10:17:20.176395+00,6,7,7,medium,Position Recall,12,6,False,2,2,1,0,3,47.0,53.0,1777544201.0,1777544207.0,ESTIMATE_ONLY_inter_question_gaps_unknown
da301ed1-6dc6-4d88-8ac5-2400507c2f94,3cebc90b-7bb9-4438-bb6d-00b1b897bdf9,memory,8,10,0.8,85,1,high,1777544154.0,1777544239.0,2026-04-30 10:17:19.672+00,2026-04-30 10:17:20.176395+00,7,8,8,hard,Sequence Recall,15,7,False,0,0,1,0,5,56.0,63.0,1777544210.0,1777544217.0,ESTIMATE_ONLY_inter_question_gaps_unknown
da301ed1-6dc6-4d88-8ac5-2400507c2f94,3cebc90b-7bb9-4438-bb6d-00b1b897bdf9,memory,8,10,0.8,85,1,high,1777544154.0,1777544239.0,2026-04-30 10:17:19.672+00,2026-04-30 10:17:20.176395+00,8,9,9,hard,Position Recall,15,7,False,2,1,0,0,3,68.0,75.0,1777544222.0,1777544229.0,ESTIMATE_ONLY_inter_question_gaps_unknown
da301ed1-6dc6-4d88-8ac5-2400507c2f94,3cebc90b-7bb9-4438-bb6d-00b1b897bdf9,memory,8,10,0.8,85,1,high,1777544154.0,1777544239.0,2026-04-30 10:17:19.672+00,2026-04-30 10:17:20.176395+00,9,10,10,hard,Digit Analysis,15,7,False,0,2,0,0,3,78.0,85.0,1777544232.0,1777544239.0,ESTIMATE_ONLY_inter_question_gaps_unknown
da98b134-1d0a-4ed6-9069-687b2361074b,182b236c-a543-4d7f-b121-473dc33918f2,attention,6,10,0.6,94,0,mid,1777372595.0,1777372689.0,2026-04-28 10:38:09.837+00,2026-04-28 10:38:10.143401+00,0,1,1,easy,Oddball Detection,8,5,False,2,2,1,0,3,0.0,5.0,1777372595.0,1777372600.0,ESTIMATE_ONLY_inter_question_gaps_unknown
da98b134-1d0a-4ed6-9069-687b2361074b,182b236c-a543-4d7f-b121-473dc33918f2,attention,6,10,0.6,94,0,mid,1777372595.0,1777372689.0,2026-04-28 10:38:09.837+00,2026-04-28 10:38:10.143401+00,1,2,2,easy,Count Target,8,5,False,0,0,1,0,2,8.0,13.0,1777372603.0,1777372608.0,ESTIMATE_ONLY_inter_question_gaps_unknown
da98b134-1d0a-4ed6-9069-687b2361074b,182b236c-a543-4d7f-b121-473dc33918f2,attention,6,10,0.6,94,0,mid,1777372595.0,1777372689.0,2026-04-28 10:38:09.837+00,2026-04-28 10:38:10.143401+00,2,3,3,easy,Pattern Break,8,5,False,0,2,0,0,3,15.0,20.0,1777372610.0,1777372615.0,ESTIMATE_ONLY_inter_question_gaps_unknown
da98b134-1d0a-4ed6-9069-687b2361074b,182b236c-a543-4d7f-b121-473dc33918f2,attention,6,10,0.6,94,0,mid,1777372595.0,1777372689.0,2026-04-28 10:38:09.837+00,2026-04-28 10:38:10.143401+00,3,4,4,easy,Position Detect,8,5,False,1,1,1,0,3,23.0,28.0,1777372618.0,1777372623.0,ESTIMATE_ONLY_inter_question_gaps_unknown
da98b134-1d0a-4ed6-9069-687b2361074b,182b236c-a543-4d7f-b121-473dc33918f2,attention,6,10,0.6,94,0,mid,1777372595.0,1777372689.0,2026-04-28 10:38:09.837+00,2026-04-28 10:38:10.143401+00,4,5,5,medium,Rule Violation,10,6,False,2,2,1,0,4,31.0,37.0,1777372626.0,1777372632.0,ESTIMATE_ONLY_inter_question_gaps_unknown
da98b134-1d0a-4ed6-9069-687b2361074b,182b236c-a543-4d7f-b121-473dc33918f2,attention,6,10,0.6,94,0,mid,1777372595.0,1777372689.0,2026-04-28 10:38:09.837+00,2026-04-28 10:38:10.143401+00,5,6,6,medium,Count Target,10,6,False,2,0,0,0,6,41.0,47.0,1777372636.0,1777372642.0,ESTIMATE_ONLY_inter_question_gaps_unknown
da98b134-1d0a-4ed6-9069-687b2361074b,182b236c-a543-4d7f-b121-473dc33918f2,attention,6,10,0.6,94,0,mid,1777372595.0,1777372689.0,2026-04-28 10:38:09.837+00,2026-04-28 10:38:10.143401+00,6,7,7,medium,Count Target,10,6,False,1,2,0,0,6,53.0,59.0,1777372648.0,1777372654.0,ESTIMATE_ONLY_inter_question_gaps_unknown
da98b134-1d0a-4ed6-9069-687b2361074b,182b236c-a543-4d7f-b121-473dc33918f2,attention,6,10,0.6,94,0,mid,1777372595.0,1777372689.0,2026-04-28 10:38:09.837+00,2026-04-28 10:38:10.143401+00,7,8,8,hard,Count Target,12,7,False,1,2,0,0,2,65.0,72.0,1777372660.0,1777372667.0,ESTIMATE_ONLY_inter_question_gaps_unknown
da98b134-1d0a-4ed6-9069-687b2361074b,182b236c-a543-4d7f-b121-473dc33918f2,attention,6,10,0.6,94,0,mid,1777372595.0,1777372689.0,2026-04-28 10:38:09.837+00,2026-04-28 10:38:10.143401+00,8,9,9,hard,Rule Violation,12,7,False,2,2,1,0,5,74.0,81.0,1777372669.0,1777372676.0,ESTIMATE_ONLY_inter_question_gaps_unknown
da98b134-1d0a-4ed6-9069-687b2361074b,182b236c-a543-4d7f-b121-473dc33918f2,attention,6,10,0.6,94,0,mid,1777372595.0,1777372689.0,2026-04-28 10:38:09.837+00,2026-04-28 10:38:10.143401+00,9,10,10,hard,Pattern Break,12,7,False,2,2,1,0,5,86.0,93.0,1777372681.0,1777372688.0,ESTIMATE_ONLY_inter_question_gaps_unknown
db180d62-f64a-4e18-a981-1d61c2f6109a,d129448b-a4c5-49ee-9795-d4463d27334a,memory,8,10,0.8,93,1,high,1776408244.0,1776408337.0,2026-04-17 06:45:37.161+00,2026-04-17 06:45:37.561767+00,0,1,1,easy,Digit Recall,10,5,False,0,0,1,0,2,0.0,5.0,1776408244.0,1776408249.0,ESTIMATE_ONLY_inter_question_gaps_unknown
db180d62-f64a-4e18-a981-1d61c2f6109a,d129448b-a4c5-49ee-9795-d4463d27334a,memory,8,10,0.8,93,1,high,1776408244.0,1776408337.0,2026-04-17 06:45:37.161+00,2026-04-17 06:45:37.561767+00,1,2,2,easy,Word Recall,10,5,False,2,2,1,0,3,7.0,12.0,1776408251.0,1776408256.0,ESTIMATE_ONLY_inter_question_gaps_unknown
db180d62-f64a-4e18-a981-1d61c2f6109a,d129448b-a4c5-49ee-9795-d4463d27334a,memory,8,10,0.8,93,1,high,1776408244.0,1776408337.0,2026-04-17 06:45:37.161+00,2026-04-17 06:45:37.561767+00,2,3,3,easy,Digit Recall,10,5,False,1,1,1,0,4,15.0,20.0,1776408259.0,1776408264.0,ESTIMATE_ONLY_inter_question_gaps_unknown
db180d62-f64a-4e18-a981-1d61c2f6109a,d129448b-a4c5-49ee-9795-d4463d27334a,memory,8,10,0.8,93,1,high,1776408244.0,1776408337.0,2026-04-17 06:45:37.161+00,2026-04-17 06:45:37.561767+00,3,4,4,easy,Word Recall,10,5,False,0,0,1,0,2,24.0,29.0,1776408268.0,1776408273.0,ESTIMATE_ONLY_inter_question_gaps_unknown
db180d62-f64a-4e18-a981-1d61c2f6109a,d129448b-a4c5-49ee-9795-d4463d27334a,memory,8,10,0.8,93,1,high,1776408244.0,1776408337.0,2026-04-17 06:45:37.161+00,2026-04-17 06:45:37.561767+00,4,5,5,medium,Digit Recall,12,6,False,0,0,1,0,3,31.0,37.0,1776408275.0,1776408281.0,ESTIMATE_ONLY_inter_question_gaps_unknown
db180d62-f64a-4e18-a981-1d61c2f6109a,d129448b-a4c5-49ee-9795-d4463d27334a,memory,8,10,0.8,93,1,high,1776408244.0,1776408337.0,2026-04-17 06:45:37.161+00,2026-04-17 06:45:37.561767+00,5,6,6,medium,Position Recall,12,6,False,1,1,1,0,5,40.0,46.0,1776408284.0,1776408290.0,ESTIMATE_ONLY_inter_question_gaps_unknown
db180d62-f64a-4e18-a981-1d61c2f6109a,d129448b-a4c5-49ee-9795-d4463d27334a,memory,8,10,0.8,93,1,high,1776408244.0,1776408337.0,2026-04-17 06:45:37.161+00,2026-04-17 06:45:37.561767+00,6,7,7,medium,Position Recall,12,6,False,1,2,0,0,3,51.0,57.0,1776408295.0,1776408301.0,ESTIMATE_ONLY_inter_question_gaps_unknown
db180d62-f64a-4e18-a981-1d61c2f6109a,d129448b-a4c5-49ee-9795-d4463d27334a,memory,8,10,0.8,93,1,high,1776408244.0,1776408337.0,2026-04-17 06:45:37.161+00,2026-04-17 06:45:37.561767+00,7,8,8,hard,Sequence Recall,15,7,False,0,0,1,0,5,60.0,67.0,1776408304.0,1776408311.0,ESTIMATE_ONLY_inter_question_gaps_unknown
db180d62-f64a-4e18-a981-1d61c2f6109a,d129448b-a4c5-49ee-9795-d4463d27334a,memory,8,10,0.8,93,1,high,1776408244.0,1776408337.0,2026-04-17 06:45:37.161+00,2026-04-17 06:45:37.561767+00,8,9,9,hard,Position Recall,15,7,False,1,1,1,0,2,72.0,79.0,1776408316.0,1776408323.0,ESTIMATE_ONLY_inter_question_gaps_unknown
db180d62-f64a-4e18-a981-1d61c2f6109a,d129448b-a4c5-49ee-9795-d4463d27334a,memory,8,10,0.8,93,1,high,1776408244.0,1776408337.0,2026-04-17 06:45:37.161+00,2026-04-17 06:45:37.561767+00,9,10,10,hard,Digit Analysis,15,7,False,0,2,0,0,6,81.0,88.0,1776408325.0,1776408332.0,ESTIMATE_ONLY_inter_question_gaps_unknown
dc7b65c3-d228-4f79-8244-a4ed88da41d8,4885d4b0-45a4-4809-93f1-b004dd932716,pattern,8,10,0.8,43,1,high,1776324033.0,1776324076.0,2026-04-16 07:21:16.765+00,2026-04-16 07:21:17.755032+00,0,1,1,easy,Arithmetic Sequence,15,,False,2,2,1,0,3,0.0,0.0,1776324033.0,1776324033.0,ESTIMATE_ONLY_inter_question_gaps_unknown
dc7b65c3-d228-4f79-8244-a4ed88da41d8,4885d4b0-45a4-4809-93f1-b004dd932716,pattern,8,10,0.8,43,1,high,1776324033.0,1776324076.0,2026-04-16 07:21:16.765+00,2026-04-16 07:21:17.755032+00,1,2,2,easy,Arithmetic Sequence,15,,False,0,0,1,0,8,3.0,3.0,1776324036.0,1776324036.0,ESTIMATE_ONLY_inter_question_gaps_unknown
dc7b65c3-d228-4f79-8244-a4ed88da41d8,4885d4b0-45a4-4809-93f1-b004dd932716,pattern,8,10,0.8,43,1,high,1776324033.0,1776324076.0,2026-04-16 07:21:16.765+00,2026-04-16 07:21:17.755032+00,2,3,3,easy,Odd Numbers,15,,False,1,1,1,0,3,11.0,11.0,1776324044.0,1776324044.0,ESTIMATE_ONLY_inter_question_gaps_unknown
dc7b65c3-d228-4f79-8244-a4ed88da41d8,4885d4b0-45a4-4809-93f1-b004dd932716,pattern,8,10,0.8,43,1,high,1776324033.0,1776324076.0,2026-04-16 07:21:16.765+00,2026-04-16 07:21:17.755032+00,3,4,4,easy,Decreasing Sequence,15,,False,2,2,1,0,3,14.0,14.0,1776324047.0,1776324047.0,ESTIMATE_ONLY_inter_question_gaps_unknown
dc7b65c3-d228-4f79-8244-a4ed88da41d8,4885d4b0-45a4-4809-93f1-b004dd932716,pattern,8,10,0.8,43,1,high,1776324033.0,1776324076.0,2026-04-16 07:21:16.765+00,2026-04-16 07:21:17.755032+00,4,5,5,medium,Perfect Squares,20,,False,0,2,0,0,7,17.0,17.0,1776324050.0,1776324050.0,ESTIMATE_ONLY_inter_question_gaps_unknown
dc7b65c3-d228-4f79-8244-a4ed88da41d8,4885d4b0-45a4-4809-93f1-b004dd932716,pattern,8,10,0.8,43,1,high,1776324033.0,1776324076.0,2026-04-16 07:21:16.765+00,2026-04-16 07:21:17.755032+00,5,6,6,medium,Fibonacci,20,,False,0,1,0,0,6,24.0,24.0,1776324057.0,1776324057.0,ESTIMATE_ONLY_inter_question_gaps_unknown
dc7b65c3-d228-4f79-8244-a4ed88da41d8,4885d4b0-45a4-4809-93f1-b004dd932716,pattern,8,10,0.8,43,1,high,1776324033.0,1776324076.0,2026-04-16 07:21:16.765+00,2026-04-16 07:21:17.755032+00,6,7,7,medium,Perfect Cubes,20,,False,2,2,1,0,4,30.0,30.0,1776324063.0,1776324063.0,ESTIMATE_ONLY_inter_question_gaps_unknown
dc7b65c3-d228-4f79-8244-a4ed88da41d8,4885d4b0-45a4-4809-93f1-b004dd932716,pattern,8,10,0.8,43,1,high,1776324033.0,1776324076.0,2026-04-16 07:21:16.765+00,2026-04-16 07:21:17.755032+00,7,8,8,hard,Triangular Differences,30,,False,2,2,1,0,5,34.0,34.0,1776324067.0,1776324067.0,ESTIMATE_ONLY_inter_question_gaps_unknown
dc7b65c3-d228-4f79-8244-a4ed88da41d8,4885d4b0-45a4-4809-93f1-b004dd932716,pattern,8,10,0.8,43,1,high,1776324033.0,1776324076.0,2026-04-16 07:21:16.765+00,2026-04-16 07:21:17.755032+00,8,9,9,hard,Squares,30,,False,0,0,1,0,5,39.0,39.0,1776324072.0,1776324072.0,ESTIMATE_ONLY_inter_question_gaps_unknown
dc7b65c3-d228-4f79-8244-a4ed88da41d8,4885d4b0-45a4-4809-93f1-b004dd932716,pattern,8,10,0.8,43,1,high,1776324033.0,1776324076.0,2026-04-16 07:21:16.765+00,2026-04-16 07:21:17.755032+00,9,10,10,hard,n(n+1),30,,False,0,0,1,0,5,44.0,44.0,1776324077.0,1776324077.0,ESTIMATE_ONLY_inter_question_gaps_unknown
dda1961a-583f-49d7-95b9-692111bcd151,cbdba92c-9740-49a5-8627-91d15f9db8f9,pattern,9,10,0.9,75,1,high,1776064555.0,1776064630.0,2026-04-13 07:17:10.802+00,2026-04-13 07:17:11.017348+00,0,1,1,easy,Arithmetic Sequence,15,,False,2,2,1,0,4,0.0,0.0,1776064555.0,1776064555.0,ESTIMATE_ONLY_inter_question_gaps_unknown
dda1961a-583f-49d7-95b9-692111bcd151,cbdba92c-9740-49a5-8627-91d15f9db8f9,pattern,9,10,0.9,75,1,high,1776064555.0,1776064630.0,2026-04-13 07:17:10.802+00,2026-04-13 07:17:11.017348+00,1,2,2,easy,Arithmetic Sequence,15,,False,0,0,1,0,2,4.0,4.0,1776064559.0,1776064559.0,ESTIMATE_ONLY_inter_question_gaps_unknown
dda1961a-583f-49d7-95b9-692111bcd151,cbdba92c-9740-49a5-8627-91d15f9db8f9,pattern,9,10,0.9,75,1,high,1776064555.0,1776064630.0,2026-04-13 07:17:10.802+00,2026-04-13 07:17:11.017348+00,2,3,3,easy,Odd Numbers,15,,False,1,1,1,0,9,6.0,6.0,1776064561.0,1776064561.0,ESTIMATE_ONLY_inter_question_gaps_unknown
dda1961a-583f-49d7-95b9-692111bcd151,cbdba92c-9740-49a5-8627-91d15f9db8f9,pattern,9,10,0.9,75,1,high,1776064555.0,1776064630.0,2026-04-13 07:17:10.802+00,2026-04-13 07:17:11.017348+00,3,4,4,easy,Decreasing Sequence,15,,False,2,2,1,0,5,15.0,15.0,1776064570.0,1776064570.0,ESTIMATE_ONLY_inter_question_gaps_unknown
dda1961a-583f-49d7-95b9-692111bcd151,cbdba92c-9740-49a5-8627-91d15f9db8f9,pattern,9,10,0.9,75,1,high,1776064555.0,1776064630.0,2026-04-13 07:17:10.802+00,2026-04-13 07:17:11.017348+00,4,5,5,medium,Perfect Squares,20,,False,2,2,1,0,6,20.0,20.0,1776064575.0,1776064575.0,ESTIMATE_ONLY_inter_question_gaps_unknown
dda1961a-583f-49d7-95b9-692111bcd151,cbdba92c-9740-49a5-8627-91d15f9db8f9,pattern,9,10,0.9,75,1,high,1776064555.0,1776064630.0,2026-04-13 07:17:10.802+00,2026-04-13 07:17:11.017348+00,5,6,6,medium,Fibonacci,20,,False,1,1,1,0,11,26.0,26.0,1776064581.0,1776064581.0,ESTIMATE_ONLY_inter_question_gaps_unknown
dda1961a-583f-49d7-95b9-692111bcd151,cbdba92c-9740-49a5-8627-91d15f9db8f9,pattern,9,10,0.9,75,1,high,1776064555.0,1776064630.0,2026-04-13 07:17:10.802+00,2026-04-13 07:17:11.017348+00,6,7,7,medium,Perfect Cubes,20,,False,2,2,1,0,12,37.0,37.0,1776064592.0,1776064592.0,ESTIMATE_ONLY_inter_question_gaps_unknown
dda1961a-583f-49d7-95b9-692111bcd151,cbdba92c-9740-49a5-8627-91d15f9db8f9,pattern,9,10,0.9,75,1,high,1776064555.0,1776064630.0,2026-04-13 07:17:10.802+00,2026-04-13 07:17:11.017348+00,7,8,8,hard,Triangular Differences,30,,False,2,2,1,0,11,49.0,49.0,1776064604.0,1776064604.0,ESTIMATE_ONLY_inter_question_gaps_unknown
dda1961a-583f-49d7-95b9-692111bcd151,cbdba92c-9740-49a5-8627-91d15f9db8f9,pattern,9,10,0.9,75,1,high,1776064555.0,1776064630.0,2026-04-13 07:17:10.802+00,2026-04-13 07:17:11.017348+00,8,9,9,hard,Squares,30,,False,2,0,0,0,7,60.0,60.0,1776064615.0,1776064615.0,ESTIMATE_ONLY_inter_question_gaps_unknown
dda1961a-583f-49d7-95b9-692111bcd151,cbdba92c-9740-49a5-8627-91d15f9db8f9,pattern,9,10,0.9,75,1,high,1776064555.0,1776064630.0,2026-04-13 07:17:10.802+00,2026-04-13 07:17:11.017348+00,9,10,10,hard,n(n+1),30,,False,0,0,1,0,11,67.0,67.0,1776064622.0,1776064622.0,ESTIMATE_ONLY_inter_question_gaps_unknown
dfd8d5ed-0723-44e0-a85c-24097319d4e6,c33adeeb-6609-4bd1-8fbc-9b3562dea1d0,arithmetic,3,10,0.3,97,0,low,1776937755.0,1776937852.0,2026-04-23 09:50:52.158+00,2026-04-23 09:50:52.482917+00,0,1,1,easy,Addition,15,,False,0,0,1,0,5,0.0,0.0,1776937755.0,1776937755.0,ESTIMATE_ONLY_inter_question_gaps_unknown
dfd8d5ed-0723-44e0-a85c-24097319d4e6,c33adeeb-6609-4bd1-8fbc-9b3562dea1d0,arithmetic,3,10,0.3,97,0,low,1776937755.0,1776937852.0,2026-04-23 09:50:52.158+00,2026-04-23 09:50:52.482917+00,1,2,2,easy,Division,15,,False,2,2,1,0,3,5.0,5.0,1776937760.0,1776937760.0,ESTIMATE_ONLY_inter_question_gaps_unknown
dfd8d5ed-0723-44e0-a85c-24097319d4e6,c33adeeb-6609-4bd1-8fbc-9b3562dea1d0,arithmetic,3,10,0.3,97,0,low,1776937755.0,1776937852.0,2026-04-23 09:50:52.158+00,2026-04-23 09:50:52.482917+00,2,3,3,easy,Addition,15,,False,0,0,1,0,6,8.0,8.0,1776937763.0,1776937763.0,ESTIMATE_ONLY_inter_question_gaps_unknown
dfd8d5ed-0723-44e0-a85c-24097319d4e6,c33adeeb-6609-4bd1-8fbc-9b3562dea1d0,arithmetic,3,10,0.3,97,0,low,1776937755.0,1776937852.0,2026-04-23 09:50:52.158+00,2026-04-23 09:50:52.482917+00,3,4,4,easy,Subtraction,15,,False,1,0,0,0,4,14.0,14.0,1776937769.0,1776937769.0,ESTIMATE_ONLY_inter_question_gaps_unknown
dfd8d5ed-0723-44e0-a85c-24097319d4e6,c33adeeb-6609-4bd1-8fbc-9b3562dea1d0,arithmetic,3,10,0.3,97,0,low,1776937755.0,1776937852.0,2026-04-23 09:50:52.158+00,2026-04-23 09:50:52.482917+00,4,5,5,medium,Addition,20,,False,0,2,0,0,9,18.0,18.0,1776937773.0,1776937773.0,ESTIMATE_ONLY_inter_question_gaps_unknown
dfd8d5ed-0723-44e0-a85c-24097319d4e6,c33adeeb-6609-4bd1-8fbc-9b3562dea1d0,arithmetic,3,10,0.3,97,0,low,1776937755.0,1776937852.0,2026-04-23 09:50:52.158+00,2026-04-23 09:50:52.482917+00,5,6,6,medium,Multiplication,20,,False,2,0,0,0,18,27.0,27.0,1776937782.0,1776937782.0,ESTIMATE_ONLY_inter_question_gaps_unknown
dfd8d5ed-0723-44e0-a85c-24097319d4e6,c33adeeb-6609-4bd1-8fbc-9b3562dea1d0,arithmetic,3,10,0.3,97,0,low,1776937755.0,1776937852.0,2026-04-23 09:50:52.158+00,2026-04-23 09:50:52.482917+00,6,7,7,medium,Division,20,,False,0,1,0,0,7,45.0,45.0,1776937800.0,1776937800.0,ESTIMATE_ONLY_inter_question_gaps_unknown
dfd8d5ed-0723-44e0-a85c-24097319d4e6,c33adeeb-6609-4bd1-8fbc-9b3562dea1d0,arithmetic,3,10,0.3,97,0,low,1776937755.0,1776937852.0,2026-04-23 09:50:52.158+00,2026-04-23 09:50:52.482917+00,7,8,8,hard,Percentage,30,,False,0,2,0,0,17,52.0,52.0,1776937807.0,1776937807.0,ESTIMATE_ONLY_inter_question_gaps_unknown
dfd8d5ed-0723-44e0-a85c-24097319d4e6,c33adeeb-6609-4bd1-8fbc-9b3562dea1d0,arithmetic,3,10,0.3,97,0,low,1776937755.0,1776937852.0,2026-04-23 09:50:52.158+00,2026-04-23 09:50:52.482917+00,8,9,9,hard,Multiplication,30,,False,1,0,0,0,5,69.0,69.0,1776937824.0,1776937824.0,ESTIMATE_ONLY_inter_question_gaps_unknown
dfd8d5ed-0723-44e0-a85c-24097319d4e6,c33adeeb-6609-4bd1-8fbc-9b3562dea1d0,arithmetic,3,10,0.3,97,0,low,1776937755.0,1776937852.0,2026-04-23 09:50:52.158+00,2026-04-23 09:50:52.482917+00,9,10,10,hard,Multi-step,30,,False,,1,0,1,30,74.0,74.0,1776937829.0,1776937829.0,ESTIMATE_ONLY_inter_question_gaps_unknown
e02d717c-827d-4f64-b484-c7c2120b9991,b60e1ae3-b420-4c8c-b2f5-fe145674e306,memory,7,10,0.7,92,1,mid,1776230952.0,1776231044.0,2026-04-15 05:30:44.222+00,2026-04-15 05:30:43.289913+00,0,1,1,easy,Digit Recall,10,5,False,0,0,1,0,4,0.0,5.0,1776230952.0,1776230957.0,ESTIMATE_ONLY_inter_question_gaps_unknown
e02d717c-827d-4f64-b484-c7c2120b9991,b60e1ae3-b420-4c8c-b2f5-fe145674e306,memory,7,10,0.7,92,1,mid,1776230952.0,1776231044.0,2026-04-15 05:30:44.222+00,2026-04-15 05:30:43.289913+00,1,2,2,easy,Word Recall,10,5,False,2,2,1,0,3,9.0,14.0,1776230961.0,1776230966.0,ESTIMATE_ONLY_inter_question_gaps_unknown
e02d717c-827d-4f64-b484-c7c2120b9991,b60e1ae3-b420-4c8c-b2f5-fe145674e306,memory,7,10,0.7,92,1,mid,1776230952.0,1776231044.0,2026-04-15 05:30:44.222+00,2026-04-15 05:30:43.289913+00,2,3,3,easy,Digit Recall,10,5,False,1,1,1,0,5,17.0,22.0,1776230969.0,1776230974.0,ESTIMATE_ONLY_inter_question_gaps_unknown
e02d717c-827d-4f64-b484-c7c2120b9991,b60e1ae3-b420-4c8c-b2f5-fe145674e306,memory,7,10,0.7,92,1,mid,1776230952.0,1776231044.0,2026-04-15 05:30:44.222+00,2026-04-15 05:30:43.289913+00,3,4,4,easy,Word Recall,10,5,False,0,0,1,0,4,27.0,32.0,1776230979.0,1776230984.0,ESTIMATE_ONLY_inter_question_gaps_unknown
e02d717c-827d-4f64-b484-c7c2120b9991,b60e1ae3-b420-4c8c-b2f5-fe145674e306,memory,7,10,0.7,92,1,mid,1776230952.0,1776231044.0,2026-04-15 05:30:44.222+00,2026-04-15 05:30:43.289913+00,4,5,5,medium,Digit Recall,12,6,False,0,0,1,0,3,36.0,42.0,1776230988.0,1776230994.0,ESTIMATE_ONLY_inter_question_gaps_unknown
e02d717c-827d-4f64-b484-c7c2120b9991,b60e1ae3-b420-4c8c-b2f5-fe145674e306,memory,7,10,0.7,92,1,mid,1776230952.0,1776231044.0,2026-04-15 05:30:44.222+00,2026-04-15 05:30:43.289913+00,5,6,6,medium,Position Recall,12,6,False,0,1,0,0,4,45.0,51.0,1776230997.0,1776231003.0,ESTIMATE_ONLY_inter_question_gaps_unknown
e02d717c-827d-4f64-b484-c7c2120b9991,b60e1ae3-b420-4c8c-b2f5-fe145674e306,memory,7,10,0.7,92,1,mid,1776230952.0,1776231044.0,2026-04-15 05:30:44.222+00,2026-04-15 05:30:43.289913+00,6,7,7,medium,Position Recall,12,6,False,2,2,1,0,3,55.0,61.0,1776231007.0,1776231013.0,ESTIMATE_ONLY_inter_question_gaps_unknown
e02d717c-827d-4f64-b484-c7c2120b9991,b60e1ae3-b420-4c8c-b2f5-fe145674e306,memory,7,10,0.7,92,1,mid,1776230952.0,1776231044.0,2026-04-15 05:30:44.222+00,2026-04-15 05:30:43.289913+00,7,8,8,hard,Sequence Recall,15,7,False,1,0,0,0,5,64.0,71.0,1776231016.0,1776231023.0,ESTIMATE_ONLY_inter_question_gaps_unknown
e02d717c-827d-4f64-b484-c7c2120b9991,b60e1ae3-b420-4c8c-b2f5-fe145674e306,memory,7,10,0.7,92,1,mid,1776230952.0,1776231044.0,2026-04-15 05:30:44.222+00,2026-04-15 05:30:43.289913+00,8,9,9,hard,Position Recall,15,7,False,1,1,1,0,5,76.0,83.0,1776231028.0,1776231035.0,ESTIMATE_ONLY_inter_question_gaps_unknown
e02d717c-827d-4f64-b484-c7c2120b9991,b60e1ae3-b420-4c8c-b2f5-fe145674e306,memory,7,10,0.7,92,1,mid,1776230952.0,1776231044.0,2026-04-15 05:30:44.222+00,2026-04-15 05:30:43.289913+00,9,10,10,hard,Digit Analysis,15,7,False,1,2,0,0,4,88.0,95.0,1776231040.0,1776231047.0,ESTIMATE_ONLY_inter_question_gaps_unknown
e041c19f-2636-4c64-83c3-053f696b45fa,15f6773b-607d-4409-a94f-78d24eac8e34,arithmetic,7,10,0.7,67,1,mid,1776331496.0,1776331563.0,2026-04-16 09:26:03.436+00,2026-04-16 09:26:15.147899+00,0,1,1,easy,Addition,15,,False,0,0,1,0,4,0.0,0.0,1776331496.0,1776331496.0,ESTIMATE_ONLY_inter_question_gaps_unknown
e041c19f-2636-4c64-83c3-053f696b45fa,15f6773b-607d-4409-a94f-78d24eac8e34,arithmetic,7,10,0.7,67,1,mid,1776331496.0,1776331563.0,2026-04-16 09:26:03.436+00,2026-04-16 09:26:15.147899+00,1,2,2,easy,Division,15,,False,2,2,1,0,5,4.0,4.0,1776331500.0,1776331500.0,ESTIMATE_ONLY_inter_question_gaps_unknown
e041c19f-2636-4c64-83c3-053f696b45fa,15f6773b-607d-4409-a94f-78d24eac8e34,arithmetic,7,10,0.7,67,1,mid,1776331496.0,1776331563.0,2026-04-16 09:26:03.436+00,2026-04-16 09:26:15.147899+00,2,3,3,easy,Addition,15,,False,0,0,1,0,7,9.0,9.0,1776331505.0,1776331505.0,ESTIMATE_ONLY_inter_question_gaps_unknown
e041c19f-2636-4c64-83c3-053f696b45fa,15f6773b-607d-4409-a94f-78d24eac8e34,arithmetic,7,10,0.7,67,1,mid,1776331496.0,1776331563.0,2026-04-16 09:26:03.436+00,2026-04-16 09:26:15.147899+00,3,4,4,easy,Subtraction,15,,False,0,0,1,0,4,16.0,16.0,1776331512.0,1776331512.0,ESTIMATE_ONLY_inter_question_gaps_unknown
e041c19f-2636-4c64-83c3-053f696b45fa,15f6773b-607d-4409-a94f-78d24eac8e34,arithmetic,7,10,0.7,67,1,mid,1776331496.0,1776331563.0,2026-04-16 09:26:03.436+00,2026-04-16 09:26:15.147899+00,4,5,5,medium,Addition,20,,False,0,2,0,0,8,20.0,20.0,1776331516.0,1776331516.0,ESTIMATE_ONLY_inter_question_gaps_unknown
e041c19f-2636-4c64-83c3-053f696b45fa,15f6773b-607d-4409-a94f-78d24eac8e34,arithmetic,7,10,0.7,67,1,mid,1776331496.0,1776331563.0,2026-04-16 09:26:03.436+00,2026-04-16 09:26:15.147899+00,5,6,6,medium,Multiplication,20,,False,0,0,1,0,9,28.0,28.0,1776331524.0,1776331524.0,ESTIMATE_ONLY_inter_question_gaps_unknown
e041c19f-2636-4c64-83c3-053f696b45fa,15f6773b-607d-4409-a94f-78d24eac8e34,arithmetic,7,10,0.7,67,1,mid,1776331496.0,1776331563.0,2026-04-16 09:26:03.436+00,2026-04-16 09:26:15.147899+00,6,7,7,medium,Division,20,,False,1,1,1,0,5,37.0,37.0,1776331533.0,1776331533.0,ESTIMATE_ONLY_inter_question_gaps_unknown
e041c19f-2636-4c64-83c3-053f696b45fa,15f6773b-607d-4409-a94f-78d24eac8e34,arithmetic,7,10,0.7,67,1,mid,1776331496.0,1776331563.0,2026-04-16 09:26:03.436+00,2026-04-16 09:26:15.147899+00,7,8,8,hard,Percentage,30,,False,2,2,1,0,4,42.0,42.0,1776331538.0,1776331538.0,ESTIMATE_ONLY_inter_question_gaps_unknown
e041c19f-2636-4c64-83c3-053f696b45fa,15f6773b-607d-4409-a94f-78d24eac8e34,arithmetic,7,10,0.7,67,1,mid,1776331496.0,1776331563.0,2026-04-16 09:26:03.436+00,2026-04-16 09:26:15.147899+00,8,9,9,hard,Multiplication,30,,False,2,0,0,0,6,46.0,46.0,1776331542.0,1776331542.0,ESTIMATE_ONLY_inter_question_gaps_unknown
e041c19f-2636-4c64-83c3-053f696b45fa,15f6773b-607d-4409-a94f-78d24eac8e34,arithmetic,7,10,0.7,67,1,mid,1776331496.0,1776331563.0,2026-04-16 09:26:03.436+00,2026-04-16 09:26:15.147899+00,9,10,10,hard,Multi-step,30,,False,2,1,0,0,19,52.0,52.0,1776331548.0,1776331548.0,ESTIMATE_ONLY_inter_question_gaps_unknown
e0ce7bec-9f75-47c7-990f-188156be411b,7aff8ec5-acae-493c-a6b3-9d61b98ba0b4,attention,6,10,0.6,101,0,mid,1777545767.0,1777545868.0,2026-04-30 10:44:28.955+00,2026-04-30 10:44:29.267956+00,0,1,1,easy,Oddball Detection,8,5,False,2,2,1,0,3,0.0,5.0,1777545767.0,1777545772.0,ESTIMATE_ONLY_inter_question_gaps_unknown
e0ce7bec-9f75-47c7-990f-188156be411b,7aff8ec5-acae-493c-a6b3-9d61b98ba0b4,attention,6,10,0.6,101,0,mid,1777545767.0,1777545868.0,2026-04-30 10:44:28.955+00,2026-04-30 10:44:29.267956+00,1,2,2,easy,Count Target,8,5,False,0,0,1,0,2,8.0,13.0,1777545775.0,1777545780.0,ESTIMATE_ONLY_inter_question_gaps_unknown
e0ce7bec-9f75-47c7-990f-188156be411b,7aff8ec5-acae-493c-a6b3-9d61b98ba0b4,attention,6,10,0.6,101,0,mid,1777545767.0,1777545868.0,2026-04-30 10:44:28.955+00,2026-04-30 10:44:29.267956+00,2,3,3,easy,Pattern Break,8,5,False,0,2,0,0,6,15.0,20.0,1777545782.0,1777545787.0,ESTIMATE_ONLY_inter_question_gaps_unknown
e0ce7bec-9f75-47c7-990f-188156be411b,7aff8ec5-acae-493c-a6b3-9d61b98ba0b4,attention,6,10,0.6,101,0,mid,1777545767.0,1777545868.0,2026-04-30 10:44:28.955+00,2026-04-30 10:44:29.267956+00,3,4,4,easy,Position Detect,8,5,False,1,1,1,0,7,26.0,31.0,1777545793.0,1777545798.0,ESTIMATE_ONLY_inter_question_gaps_unknown
e0ce7bec-9f75-47c7-990f-188156be411b,7aff8ec5-acae-493c-a6b3-9d61b98ba0b4,attention,6,10,0.6,101,0,mid,1777545767.0,1777545868.0,2026-04-30 10:44:28.955+00,2026-04-30 10:44:29.267956+00,4,5,5,medium,Rule Violation,10,6,False,2,2,1,0,2,38.0,44.0,1777545805.0,1777545811.0,ESTIMATE_ONLY_inter_question_gaps_unknown
e0ce7bec-9f75-47c7-990f-188156be411b,7aff8ec5-acae-493c-a6b3-9d61b98ba0b4,attention,6,10,0.6,101,0,mid,1777545767.0,1777545868.0,2026-04-30 10:44:28.955+00,2026-04-30 10:44:29.267956+00,5,6,6,medium,Count Target,10,6,False,2,0,0,0,4,46.0,52.0,1777545813.0,1777545819.0,ESTIMATE_ONLY_inter_question_gaps_unknown
e0ce7bec-9f75-47c7-990f-188156be411b,7aff8ec5-acae-493c-a6b3-9d61b98ba0b4,attention,6,10,0.6,101,0,mid,1777545767.0,1777545868.0,2026-04-30 10:44:28.955+00,2026-04-30 10:44:29.267956+00,6,7,7,medium,Count Target,10,6,False,0,2,0,0,4,56.0,62.0,1777545823.0,1777545829.0,ESTIMATE_ONLY_inter_question_gaps_unknown
e0ce7bec-9f75-47c7-990f-188156be411b,7aff8ec5-acae-493c-a6b3-9d61b98ba0b4,attention,6,10,0.6,101,0,mid,1777545767.0,1777545868.0,2026-04-30 10:44:28.955+00,2026-04-30 10:44:29.267956+00,7,8,8,hard,Count Target,12,7,False,1,2,0,0,6,66.0,73.0,1777545833.0,1777545840.0,ESTIMATE_ONLY_inter_question_gaps_unknown
e0ce7bec-9f75-47c7-990f-188156be411b,7aff8ec5-acae-493c-a6b3-9d61b98ba0b4,attention,6,10,0.6,101,0,mid,1777545767.0,1777545868.0,2026-04-30 10:44:28.955+00,2026-04-30 10:44:29.267956+00,8,9,9,hard,Rule Violation,12,7,False,2,2,1,0,9,79.0,86.0,1777545846.0,1777545853.0,ESTIMATE_ONLY_inter_question_gaps_unknown
e0ce7bec-9f75-47c7-990f-188156be411b,7aff8ec5-acae-493c-a6b3-9d61b98ba0b4,attention,6,10,0.6,101,0,mid,1777545767.0,1777545868.0,2026-04-30 10:44:28.955+00,2026-04-30 10:44:29.267956+00,9,10,10,hard,Pattern Break,12,7,False,2,2,1,0,4,95.0,102.0,1777545862.0,1777545869.0,ESTIMATE_ONLY_inter_question_gaps_unknown
e12ef834-cad6-408e-a412-a3e3bd66faf0,4b00bcd7-936b-42d2-99b5-c0b8b78272c9,comprehension,10,10,1.0,198,1,high,1776330395.0,1776330593.0,2026-04-16 09:09:53.653+00,2026-04-16 09:09:59.293625+00,0,1,1,easy,Fact Extraction,25,,True,0,0,1,0,6,0.0,0.0,1776330395.0,1776330395.0,ESTIMATE_ONLY_reading_phase_duration_unknown
e12ef834-cad6-408e-a412-a3e3bd66faf0,4b00bcd7-936b-42d2-99b5-c0b8b78272c9,comprehension,10,10,1.0,198,1,high,1776330395.0,1776330593.0,2026-04-16 09:09:53.653+00,2026-04-16 09:09:59.293625+00,1,2,2,medium,Detail Recall,25,,False,0,0,1,0,8,6.0,6.0,1776330401.0,1776330401.0,ESTIMATE_ONLY_inter_question_gaps_unknown
e12ef834-cad6-408e-a412-a3e3bd66faf0,4b00bcd7-936b-42d2-99b5-c0b8b78272c9,comprehension,10,10,1.0,198,1,high,1776330395.0,1776330593.0,2026-04-16 09:09:53.653+00,2026-04-16 09:09:59.293625+00,2,3,3,easy,Fact Extraction,25,,False,0,0,1,0,7,14.0,14.0,1776330409.0,1776330409.0,ESTIMATE_ONLY_inter_question_gaps_unknown
e12ef834-cad6-408e-a412-a3e3bd66faf0,4b00bcd7-936b-42d2-99b5-c0b8b78272c9,comprehension,10,10,1.0,198,1,high,1776330395.0,1776330593.0,2026-04-16 09:09:53.653+00,2026-04-16 09:09:59.293625+00,3,4,4,medium,Inference,25,,False,1,1,1,0,7,21.0,21.0,1776330416.0,1776330416.0,ESTIMATE_ONLY_inter_question_gaps_unknown
e12ef834-cad6-408e-a412-a3e3bd66faf0,4b00bcd7-936b-42d2-99b5-c0b8b78272c9,comprehension,10,10,1.0,198,1,high,1776330395.0,1776330593.0,2026-04-16 09:09:53.653+00,2026-04-16 09:09:59.293625+00,4,5,5,easy,Detail Recall,25,,False,0,0,1,0,8,28.0,28.0,1776330423.0,1776330423.0,ESTIMATE_ONLY_inter_question_gaps_unknown
e12ef834-cad6-408e-a412-a3e3bd66faf0,4b00bcd7-936b-42d2-99b5-c0b8b78272c9,comprehension,10,10,1.0,198,1,high,1776330395.0,1776330593.0,2026-04-16 09:09:53.653+00,2026-04-16 09:09:59.293625+00,5,6,6,easy,Fact Extraction,25,,True,1,1,1,0,5,36.0,36.0,1776330431.0,1776330431.0,ESTIMATE_ONLY_reading_phase_duration_unknown
e12ef834-cad6-408e-a412-a3e3bd66faf0,4b00bcd7-936b-42d2-99b5-c0b8b78272c9,comprehension,10,10,1.0,198,1,high,1776330395.0,1776330593.0,2026-04-16 09:09:53.653+00,2026-04-16 09:09:59.293625+00,6,7,7,easy,Detail Recall,25,,False,2,2,1,0,6,41.0,41.0,1776330436.0,1776330436.0,ESTIMATE_ONLY_inter_question_gaps_unknown
e12ef834-cad6-408e-a412-a3e3bd66faf0,4b00bcd7-936b-42d2-99b5-c0b8b78272c9,comprehension,10,10,1.0,198,1,high,1776330395.0,1776330593.0,2026-04-16 09:09:53.653+00,2026-04-16 09:09:59.293625+00,7,8,8,medium,Detail Recall,25,,False,0,0,1,0,6,47.0,47.0,1776330442.0,1776330442.0,ESTIMATE_ONLY_inter_question_gaps_unknown
e12ef834-cad6-408e-a412-a3e3bd66faf0,4b00bcd7-936b-42d2-99b5-c0b8b78272c9,comprehension,10,10,1.0,198,1,high,1776330395.0,1776330593.0,2026-04-16 09:09:53.653+00,2026-04-16 09:09:59.293625+00,8,9,9,medium,Inference,25,,False,1,1,1,0,7,53.0,53.0,1776330448.0,1776330448.0,ESTIMATE_ONLY_inter_question_gaps_unknown
e12ef834-cad6-408e-a412-a3e3bd66faf0,4b00bcd7-936b-42d2-99b5-c0b8b78272c9,comprehension,10,10,1.0,198,1,high,1776330395.0,1776330593.0,2026-04-16 09:09:53.653+00,2026-04-16 09:09:59.293625+00,9,10,10,easy,Fact Extraction,25,,False,1,1,1,0,8,60.0,60.0,1776330455.0,1776330455.0,ESTIMATE_ONLY_inter_question_gaps_unknown
e19543cc-2717-48a4-a05a-76c139acb019,ad1b69f4-c7df-4d3a-bc43-55840a73478f,memory,6,10,0.6,94,0,mid,1777459377.0,1777459471.0,2026-04-29 10:44:31.512+00,2026-04-29 10:44:32.346348+00,0,1,1,easy,Digit Recall,10,5,False,0,0,1,0,3,0.0,5.0,1777459377.0,1777459382.0,ESTIMATE_ONLY_inter_question_gaps_unknown
e19543cc-2717-48a4-a05a-76c139acb019,ad1b69f4-c7df-4d3a-bc43-55840a73478f,memory,6,10,0.6,94,0,mid,1777459377.0,1777459471.0,2026-04-29 10:44:31.512+00,2026-04-29 10:44:32.346348+00,1,2,2,easy,Word Recall,10,5,False,2,2,1,0,3,8.0,13.0,1777459385.0,1777459390.0,ESTIMATE_ONLY_inter_question_gaps_unknown
e19543cc-2717-48a4-a05a-76c139acb019,ad1b69f4-c7df-4d3a-bc43-55840a73478f,memory,6,10,0.6,94,0,mid,1777459377.0,1777459471.0,2026-04-29 10:44:31.512+00,2026-04-29 10:44:32.346348+00,2,3,3,easy,Digit Recall,10,5,False,1,1,1,0,4,16.0,21.0,1777459393.0,1777459398.0,ESTIMATE_ONLY_inter_question_gaps_unknown
e19543cc-2717-48a4-a05a-76c139acb019,ad1b69f4-c7df-4d3a-bc43-55840a73478f,memory,6,10,0.6,94,0,mid,1777459377.0,1777459471.0,2026-04-29 10:44:31.512+00,2026-04-29 10:44:32.346348+00,3,4,4,easy,Word Recall,10,5,False,0,0,1,0,3,25.0,30.0,1777459402.0,1777459407.0,ESTIMATE_ONLY_inter_question_gaps_unknown
e19543cc-2717-48a4-a05a-76c139acb019,ad1b69f4-c7df-4d3a-bc43-55840a73478f,memory,6,10,0.6,94,0,mid,1777459377.0,1777459471.0,2026-04-29 10:44:31.512+00,2026-04-29 10:44:32.346348+00,4,5,5,medium,Digit Recall,12,6,False,1,0,0,0,3,33.0,39.0,1777459410.0,1777459416.0,ESTIMATE_ONLY_inter_question_gaps_unknown
e19543cc-2717-48a4-a05a-76c139acb019,ad1b69f4-c7df-4d3a-bc43-55840a73478f,memory,6,10,0.6,94,0,mid,1777459377.0,1777459471.0,2026-04-29 10:44:31.512+00,2026-04-29 10:44:32.346348+00,5,6,6,medium,Position Recall,12,6,False,1,1,1,0,3,42.0,48.0,1777459419.0,1777459425.0,ESTIMATE_ONLY_inter_question_gaps_unknown
e19543cc-2717-48a4-a05a-76c139acb019,ad1b69f4-c7df-4d3a-bc43-55840a73478f,memory,6,10,0.6,94,0,mid,1777459377.0,1777459471.0,2026-04-29 10:44:31.512+00,2026-04-29 10:44:32.346348+00,6,7,7,medium,Position Recall,12,6,False,0,2,0,0,5,51.0,57.0,1777459428.0,1777459434.0,ESTIMATE_ONLY_inter_question_gaps_unknown
e19543cc-2717-48a4-a05a-76c139acb019,ad1b69f4-c7df-4d3a-bc43-55840a73478f,memory,6,10,0.6,94,0,mid,1777459377.0,1777459471.0,2026-04-29 10:44:31.512+00,2026-04-29 10:44:32.346348+00,7,8,8,hard,Sequence Recall,15,7,False,1,0,0,0,8,62.0,69.0,1777459439.0,1777459446.0,ESTIMATE_ONLY_inter_question_gaps_unknown
e19543cc-2717-48a4-a05a-76c139acb019,ad1b69f4-c7df-4d3a-bc43-55840a73478f,memory,6,10,0.6,94,0,mid,1777459377.0,1777459471.0,2026-04-29 10:44:31.512+00,2026-04-29 10:44:32.346348+00,8,9,9,hard,Position Recall,15,7,False,1,1,1,0,3,77.0,84.0,1777459454.0,1777459461.0,ESTIMATE_ONLY_inter_question_gaps_unknown
e19543cc-2717-48a4-a05a-76c139acb019,ad1b69f4-c7df-4d3a-bc43-55840a73478f,memory,6,10,0.6,94,0,mid,1777459377.0,1777459471.0,2026-04-29 10:44:31.512+00,2026-04-29 10:44:32.346348+00,9,10,10,hard,Digit Analysis,15,7,False,0,2,0,0,4,87.0,94.0,1777459464.0,1777459471.0,ESTIMATE_ONLY_inter_question_gaps_unknown
e44a2420-d2f7-4ab7-8edd-9bf0f3c852a2,15f6773b-607d-4409-a94f-78d24eac8e34,arithmetic,7,10,0.7,67,1,mid,1776331500.0,1776331567.0,2026-04-16 09:26:07.875+00,2026-04-16 09:26:14.567078+00,0,1,1,easy,Addition,15,,False,0,0,1,0,4,0.0,0.0,1776331500.0,1776331500.0,ESTIMATE_ONLY_inter_question_gaps_unknown
e44a2420-d2f7-4ab7-8edd-9bf0f3c852a2,15f6773b-607d-4409-a94f-78d24eac8e34,arithmetic,7,10,0.7,67,1,mid,1776331500.0,1776331567.0,2026-04-16 09:26:07.875+00,2026-04-16 09:26:14.567078+00,1,2,2,easy,Division,15,,False,2,2,1,0,5,4.0,4.0,1776331504.0,1776331504.0,ESTIMATE_ONLY_inter_question_gaps_unknown
e44a2420-d2f7-4ab7-8edd-9bf0f3c852a2,15f6773b-607d-4409-a94f-78d24eac8e34,arithmetic,7,10,0.7,67,1,mid,1776331500.0,1776331567.0,2026-04-16 09:26:07.875+00,2026-04-16 09:26:14.567078+00,2,3,3,easy,Addition,15,,False,0,0,1,0,7,9.0,9.0,1776331509.0,1776331509.0,ESTIMATE_ONLY_inter_question_gaps_unknown
e44a2420-d2f7-4ab7-8edd-9bf0f3c852a2,15f6773b-607d-4409-a94f-78d24eac8e34,arithmetic,7,10,0.7,67,1,mid,1776331500.0,1776331567.0,2026-04-16 09:26:07.875+00,2026-04-16 09:26:14.567078+00,3,4,4,easy,Subtraction,15,,False,0,0,1,0,4,16.0,16.0,1776331516.0,1776331516.0,ESTIMATE_ONLY_inter_question_gaps_unknown
e44a2420-d2f7-4ab7-8edd-9bf0f3c852a2,15f6773b-607d-4409-a94f-78d24eac8e34,arithmetic,7,10,0.7,67,1,mid,1776331500.0,1776331567.0,2026-04-16 09:26:07.875+00,2026-04-16 09:26:14.567078+00,4,5,5,medium,Addition,20,,False,0,2,0,0,8,20.0,20.0,1776331520.0,1776331520.0,ESTIMATE_ONLY_inter_question_gaps_unknown
e44a2420-d2f7-4ab7-8edd-9bf0f3c852a2,15f6773b-607d-4409-a94f-78d24eac8e34,arithmetic,7,10,0.7,67,1,mid,1776331500.0,1776331567.0,2026-04-16 09:26:07.875+00,2026-04-16 09:26:14.567078+00,5,6,6,medium,Multiplication,20,,False,0,0,1,0,9,28.0,28.0,1776331528.0,1776331528.0,ESTIMATE_ONLY_inter_question_gaps_unknown
e44a2420-d2f7-4ab7-8edd-9bf0f3c852a2,15f6773b-607d-4409-a94f-78d24eac8e34,arithmetic,7,10,0.7,67,1,mid,1776331500.0,1776331567.0,2026-04-16 09:26:07.875+00,2026-04-16 09:26:14.567078+00,6,7,7,medium,Division,20,,False,1,1,1,0,5,37.0,37.0,1776331537.0,1776331537.0,ESTIMATE_ONLY_inter_question_gaps_unknown
e44a2420-d2f7-4ab7-8edd-9bf0f3c852a2,15f6773b-607d-4409-a94f-78d24eac8e34,arithmetic,7,10,0.7,67,1,mid,1776331500.0,1776331567.0,2026-04-16 09:26:07.875+00,2026-04-16 09:26:14.567078+00,7,8,8,hard,Percentage,30,,False,2,2,1,0,4,42.0,42.0,1776331542.0,1776331542.0,ESTIMATE_ONLY_inter_question_gaps_unknown
e44a2420-d2f7-4ab7-8edd-9bf0f3c852a2,15f6773b-607d-4409-a94f-78d24eac8e34,arithmetic,7,10,0.7,67,1,mid,1776331500.0,1776331567.0,2026-04-16 09:26:07.875+00,2026-04-16 09:26:14.567078+00,8,9,9,hard,Multiplication,30,,False,2,0,0,0,6,46.0,46.0,1776331546.0,1776331546.0,ESTIMATE_ONLY_inter_question_gaps_unknown
e44a2420-d2f7-4ab7-8edd-9bf0f3c852a2,15f6773b-607d-4409-a94f-78d24eac8e34,arithmetic,7,10,0.7,67,1,mid,1776331500.0,1776331567.0,2026-04-16 09:26:07.875+00,2026-04-16 09:26:14.567078+00,9,10,10,hard,Multi-step,30,,False,2,1,0,0,19,52.0,52.0,1776331552.0,1776331552.0,ESTIMATE_ONLY_inter_question_gaps_unknown
e5909023-f88e-48ce-971e-2bd70324b021,3cebc90b-7bb9-4438-bb6d-00b1b897bdf9,comprehension,9,10,0.9,68,1,high,1777544269.0,1777544337.0,2026-04-30 10:18:57.172+00,2026-04-30 10:18:57.590301+00,0,1,1,easy,Fact Extraction,25,,True,0,0,1,0,3,0.0,0.0,1777544269.0,1777544269.0,ESTIMATE_ONLY_reading_phase_duration_unknown
e5909023-f88e-48ce-971e-2bd70324b021,3cebc90b-7bb9-4438-bb6d-00b1b897bdf9,comprehension,9,10,0.9,68,1,high,1777544269.0,1777544337.0,2026-04-30 10:18:57.172+00,2026-04-30 10:18:57.590301+00,1,2,2,medium,Detail Recall,25,,False,0,0,1,0,1,3.0,3.0,1777544272.0,1777544272.0,ESTIMATE_ONLY_inter_question_gaps_unknown
e5909023-f88e-48ce-971e-2bd70324b021,3cebc90b-7bb9-4438-bb6d-00b1b897bdf9,comprehension,9,10,0.9,68,1,high,1777544269.0,1777544337.0,2026-04-30 10:18:57.172+00,2026-04-30 10:18:57.590301+00,2,3,3,easy,Fact Extraction,25,,False,0,0,1,0,3,4.0,4.0,1777544273.0,1777544273.0,ESTIMATE_ONLY_inter_question_gaps_unknown
e5909023-f88e-48ce-971e-2bd70324b021,3cebc90b-7bb9-4438-bb6d-00b1b897bdf9,comprehension,9,10,0.9,68,1,high,1777544269.0,1777544337.0,2026-04-30 10:18:57.172+00,2026-04-30 10:18:57.590301+00,3,4,4,medium,Inference,25,,False,1,1,1,0,3,7.0,7.0,1777544276.0,1777544276.0,ESTIMATE_ONLY_inter_question_gaps_unknown
e5909023-f88e-48ce-971e-2bd70324b021,3cebc90b-7bb9-4438-bb6d-00b1b897bdf9,comprehension,9,10,0.9,68,1,high,1777544269.0,1777544337.0,2026-04-30 10:18:57.172+00,2026-04-30 10:18:57.590301+00,4,5,5,easy,Detail Recall,25,,False,0,0,1,0,4,10.0,10.0,1777544279.0,1777544279.0,ESTIMATE_ONLY_inter_question_gaps_unknown
e5909023-f88e-48ce-971e-2bd70324b021,3cebc90b-7bb9-4438-bb6d-00b1b897bdf9,comprehension,9,10,0.9,68,1,high,1777544269.0,1777544337.0,2026-04-30 10:18:57.172+00,2026-04-30 10:18:57.590301+00,5,6,6,easy,Fact Extraction,25,,True,2,1,0,0,2,14.0,14.0,1777544283.0,1777544283.0,ESTIMATE_ONLY_reading_phase_duration_unknown
e5909023-f88e-48ce-971e-2bd70324b021,3cebc90b-7bb9-4438-bb6d-00b1b897bdf9,comprehension,9,10,0.9,68,1,high,1777544269.0,1777544337.0,2026-04-30 10:18:57.172+00,2026-04-30 10:18:57.590301+00,6,7,7,easy,Detail Recall,25,,False,2,2,1,0,3,16.0,16.0,1777544285.0,1777544285.0,ESTIMATE_ONLY_inter_question_gaps_unknown
e5909023-f88e-48ce-971e-2bd70324b021,3cebc90b-7bb9-4438-bb6d-00b1b897bdf9,comprehension,9,10,0.9,68,1,high,1777544269.0,1777544337.0,2026-04-30 10:18:57.172+00,2026-04-30 10:18:57.590301+00,7,8,8,medium,Detail Recall,25,,False,0,0,1,0,3,19.0,19.0,1777544288.0,1777544288.0,ESTIMATE_ONLY_inter_question_gaps_unknown
e5909023-f88e-48ce-971e-2bd70324b021,3cebc90b-7bb9-4438-bb6d-00b1b897bdf9,comprehension,9,10,0.9,68,1,high,1777544269.0,1777544337.0,2026-04-30 10:18:57.172+00,2026-04-30 10:18:57.590301+00,8,9,9,medium,Inference,25,,False,1,1,1,0,5,22.0,22.0,1777544291.0,1777544291.0,ESTIMATE_ONLY_inter_question_gaps_unknown
e5909023-f88e-48ce-971e-2bd70324b021,3cebc90b-7bb9-4438-bb6d-00b1b897bdf9,comprehension,9,10,0.9,68,1,high,1777544269.0,1777544337.0,2026-04-30 10:18:57.172+00,2026-04-30 10:18:57.590301+00,9,10,10,easy,Fact Extraction,25,,False,1,1,1,0,4,27.0,27.0,1777544296.0,1777544296.0,ESTIMATE_ONLY_inter_question_gaps_unknown
e6e09600-d5c3-479e-b8ee-7799855dacb5,4b00bcd7-936b-42d2-99b5-c0b8b78272c9,comprehension,10,10,1.0,198,1,high,1776330390.0,1776330588.0,2026-04-16 09:09:48.161+00,2026-04-16 09:09:59.589061+00,0,1,1,easy,Fact Extraction,25,,True,0,0,1,0,6,0.0,0.0,1776330390.0,1776330390.0,ESTIMATE_ONLY_reading_phase_duration_unknown
e6e09600-d5c3-479e-b8ee-7799855dacb5,4b00bcd7-936b-42d2-99b5-c0b8b78272c9,comprehension,10,10,1.0,198,1,high,1776330390.0,1776330588.0,2026-04-16 09:09:48.161+00,2026-04-16 09:09:59.589061+00,1,2,2,medium,Detail Recall,25,,False,0,0,1,0,8,6.0,6.0,1776330396.0,1776330396.0,ESTIMATE_ONLY_inter_question_gaps_unknown
e6e09600-d5c3-479e-b8ee-7799855dacb5,4b00bcd7-936b-42d2-99b5-c0b8b78272c9,comprehension,10,10,1.0,198,1,high,1776330390.0,1776330588.0,2026-04-16 09:09:48.161+00,2026-04-16 09:09:59.589061+00,2,3,3,easy,Fact Extraction,25,,False,0,0,1,0,7,14.0,14.0,1776330404.0,1776330404.0,ESTIMATE_ONLY_inter_question_gaps_unknown
e6e09600-d5c3-479e-b8ee-7799855dacb5,4b00bcd7-936b-42d2-99b5-c0b8b78272c9,comprehension,10,10,1.0,198,1,high,1776330390.0,1776330588.0,2026-04-16 09:09:48.161+00,2026-04-16 09:09:59.589061+00,3,4,4,medium,Inference,25,,False,1,1,1,0,7,21.0,21.0,1776330411.0,1776330411.0,ESTIMATE_ONLY_inter_question_gaps_unknown
e6e09600-d5c3-479e-b8ee-7799855dacb5,4b00bcd7-936b-42d2-99b5-c0b8b78272c9,comprehension,10,10,1.0,198,1,high,1776330390.0,1776330588.0,2026-04-16 09:09:48.161+00,2026-04-16 09:09:59.589061+00,4,5,5,easy,Detail Recall,25,,False,0,0,1,0,8,28.0,28.0,1776330418.0,1776330418.0,ESTIMATE_ONLY_inter_question_gaps_unknown
e6e09600-d5c3-479e-b8ee-7799855dacb5,4b00bcd7-936b-42d2-99b5-c0b8b78272c9,comprehension,10,10,1.0,198,1,high,1776330390.0,1776330588.0,2026-04-16 09:09:48.161+00,2026-04-16 09:09:59.589061+00,5,6,6,easy,Fact Extraction,25,,True,1,1,1,0,5,36.0,36.0,1776330426.0,1776330426.0,ESTIMATE_ONLY_reading_phase_duration_unknown
e6e09600-d5c3-479e-b8ee-7799855dacb5,4b00bcd7-936b-42d2-99b5-c0b8b78272c9,comprehension,10,10,1.0,198,1,high,1776330390.0,1776330588.0,2026-04-16 09:09:48.161+00,2026-04-16 09:09:59.589061+00,6,7,7,easy,Detail Recall,25,,False,2,2,1,0,6,41.0,41.0,1776330431.0,1776330431.0,ESTIMATE_ONLY_inter_question_gaps_unknown
e6e09600-d5c3-479e-b8ee-7799855dacb5,4b00bcd7-936b-42d2-99b5-c0b8b78272c9,comprehension,10,10,1.0,198,1,high,1776330390.0,1776330588.0,2026-04-16 09:09:48.161+00,2026-04-16 09:09:59.589061+00,7,8,8,medium,Detail Recall,25,,False,0,0,1,0,6,47.0,47.0,1776330437.0,1776330437.0,ESTIMATE_ONLY_inter_question_gaps_unknown
e6e09600-d5c3-479e-b8ee-7799855dacb5,4b00bcd7-936b-42d2-99b5-c0b8b78272c9,comprehension,10,10,1.0,198,1,high,1776330390.0,1776330588.0,2026-04-16 09:09:48.161+00,2026-04-16 09:09:59.589061+00,8,9,9,medium,Inference,25,,False,1,1,1,0,7,53.0,53.0,1776330443.0,1776330443.0,ESTIMATE_ONLY_inter_question_gaps_unknown
e6e09600-d5c3-479e-b8ee-7799855dacb5,4b00bcd7-936b-42d2-99b5-c0b8b78272c9,comprehension,10,10,1.0,198,1,high,1776330390.0,1776330588.0,2026-04-16 09:09:48.161+00,2026-04-16 09:09:59.589061+00,9,10,10,easy,Fact Extraction,25,,False,1,1,1,0,8,60.0,60.0,1776330450.0,1776330450.0,ESTIMATE_ONLY_inter_question_gaps_unknown
e79f455a-8dc4-4215-bb46-739c101e3592,ad1b69f4-c7df-4d3a-bc43-55840a73478f,arithmetic,4,10,0.4,80,0,low,1777459163.0,1777459243.0,2026-04-29 10:40:43.447+00,2026-04-29 10:40:44.127934+00,0,1,1,easy,Addition,15,,False,0,0,1,0,6,0.0,0.0,1777459163.0,1777459163.0,ESTIMATE_ONLY_inter_question_gaps_unknown
e79f455a-8dc4-4215-bb46-739c101e3592,ad1b69f4-c7df-4d3a-bc43-55840a73478f,arithmetic,4,10,0.4,80,0,low,1777459163.0,1777459243.0,2026-04-29 10:40:43.447+00,2026-04-29 10:40:44.127934+00,1,2,2,easy,Division,15,,False,2,2,1,0,5,6.0,6.0,1777459169.0,1777459169.0,ESTIMATE_ONLY_inter_question_gaps_unknown
e79f455a-8dc4-4215-bb46-739c101e3592,ad1b69f4-c7df-4d3a-bc43-55840a73478f,arithmetic,4,10,0.4,80,0,low,1777459163.0,1777459243.0,2026-04-29 10:40:43.447+00,2026-04-29 10:40:44.127934+00,2,3,3,easy,Addition,15,,False,0,0,1,0,6,11.0,11.0,1777459174.0,1777459174.0,ESTIMATE_ONLY_inter_question_gaps_unknown
e79f455a-8dc4-4215-bb46-739c101e3592,ad1b69f4-c7df-4d3a-bc43-55840a73478f,arithmetic,4,10,0.4,80,0,low,1777459163.0,1777459243.0,2026-04-29 10:40:43.447+00,2026-04-29 10:40:44.127934+00,3,4,4,easy,Subtraction,15,,False,2,0,0,0,3,17.0,17.0,1777459180.0,1777459180.0,ESTIMATE_ONLY_inter_question_gaps_unknown
e79f455a-8dc4-4215-bb46-739c101e3592,ad1b69f4-c7df-4d3a-bc43-55840a73478f,arithmetic,4,10,0.4,80,0,low,1777459163.0,1777459243.0,2026-04-29 10:40:43.447+00,2026-04-29 10:40:44.127934+00,4,5,5,medium,Addition,20,,False,0,2,0,0,8,20.0,20.0,1777459183.0,1777459183.0,ESTIMATE_ONLY_inter_question_gaps_unknown
e79f455a-8dc4-4215-bb46-739c101e3592,ad1b69f4-c7df-4d3a-bc43-55840a73478f,arithmetic,4,10,0.4,80,0,low,1777459163.0,1777459243.0,2026-04-29 10:40:43.447+00,2026-04-29 10:40:44.127934+00,5,6,6,medium,Multiplication,20,,False,1,0,0,0,6,28.0,28.0,1777459191.0,1777459191.0,ESTIMATE_ONLY_inter_question_gaps_unknown
e79f455a-8dc4-4215-bb46-739c101e3592,ad1b69f4-c7df-4d3a-bc43-55840a73478f,arithmetic,4,10,0.4,80,0,low,1777459163.0,1777459243.0,2026-04-29 10:40:43.447+00,2026-04-29 10:40:44.127934+00,6,7,7,medium,Division,20,,False,0,1,0,0,8,34.0,34.0,1777459197.0,1777459197.0,ESTIMATE_ONLY_inter_question_gaps_unknown
e79f455a-8dc4-4215-bb46-739c101e3592,ad1b69f4-c7df-4d3a-bc43-55840a73478f,arithmetic,4,10,0.4,80,0,low,1777459163.0,1777459243.0,2026-04-29 10:40:43.447+00,2026-04-29 10:40:44.127934+00,7,8,8,hard,Percentage,30,,False,1,2,0,0,13,42.0,42.0,1777459205.0,1777459205.0,ESTIMATE_ONLY_inter_question_gaps_unknown
e79f455a-8dc4-4215-bb46-739c101e3592,ad1b69f4-c7df-4d3a-bc43-55840a73478f,arithmetic,4,10,0.4,80,0,low,1777459163.0,1777459243.0,2026-04-29 10:40:43.447+00,2026-04-29 10:40:44.127934+00,8,9,9,hard,Multiplication,30,,False,0,0,1,0,18,55.0,55.0,1777459218.0,1777459218.0,ESTIMATE_ONLY_inter_question_gaps_unknown
e79f455a-8dc4-4215-bb46-739c101e3592,ad1b69f4-c7df-4d3a-bc43-55840a73478f,arithmetic,4,10,0.4,80,0,low,1777459163.0,1777459243.0,2026-04-29 10:40:43.447+00,2026-04-29 10:40:44.127934+00,9,10,10,hard,Multi-step,30,,False,0,1,0,0,15,73.0,73.0,1777459236.0,1777459236.0,ESTIMATE_ONLY_inter_question_gaps_unknown
e85ac816-e6ae-4a62-87b8-3a559f17ecaf,1a3a8d1d-950a-441c-a128-58d9d18de7bc,comprehension,10,10,1.0,127,1,high,1776917498.0,1776917625.0,2026-04-23 04:13:45.57+00,2026-04-23 04:13:45.744394+00,0,1,1,easy,Fact Extraction,25,,True,0,0,1,0,4,0.0,0.0,1776917498.0,1776917498.0,ESTIMATE_ONLY_reading_phase_duration_unknown
e85ac816-e6ae-4a62-87b8-3a559f17ecaf,1a3a8d1d-950a-441c-a128-58d9d18de7bc,comprehension,10,10,1.0,127,1,high,1776917498.0,1776917625.0,2026-04-23 04:13:45.57+00,2026-04-23 04:13:45.744394+00,1,2,2,medium,Detail Recall,25,,False,0,0,1,0,3,4.0,4.0,1776917502.0,1776917502.0,ESTIMATE_ONLY_inter_question_gaps_unknown
e85ac816-e6ae-4a62-87b8-3a559f17ecaf,1a3a8d1d-950a-441c-a128-58d9d18de7bc,comprehension,10,10,1.0,127,1,high,1776917498.0,1776917625.0,2026-04-23 04:13:45.57+00,2026-04-23 04:13:45.744394+00,2,3,3,easy,Fact Extraction,25,,False,0,0,1,0,1,7.0,7.0,1776917505.0,1776917505.0,ESTIMATE_ONLY_inter_question_gaps_unknown
e85ac816-e6ae-4a62-87b8-3a559f17ecaf,1a3a8d1d-950a-441c-a128-58d9d18de7bc,comprehension,10,10,1.0,127,1,high,1776917498.0,1776917625.0,2026-04-23 04:13:45.57+00,2026-04-23 04:13:45.744394+00,3,4,4,medium,Inference,25,,False,1,1,1,0,5,8.0,8.0,1776917506.0,1776917506.0,ESTIMATE_ONLY_inter_question_gaps_unknown
e85ac816-e6ae-4a62-87b8-3a559f17ecaf,1a3a8d1d-950a-441c-a128-58d9d18de7bc,comprehension,10,10,1.0,127,1,high,1776917498.0,1776917625.0,2026-04-23 04:13:45.57+00,2026-04-23 04:13:45.744394+00,4,5,5,easy,Detail Recall,25,,False,0,0,1,0,7,13.0,13.0,1776917511.0,1776917511.0,ESTIMATE_ONLY_inter_question_gaps_unknown
e85ac816-e6ae-4a62-87b8-3a559f17ecaf,1a3a8d1d-950a-441c-a128-58d9d18de7bc,comprehension,10,10,1.0,127,1,high,1776917498.0,1776917625.0,2026-04-23 04:13:45.57+00,2026-04-23 04:13:45.744394+00,5,6,6,easy,Fact Extraction,25,,True,1,1,1,0,3,20.0,20.0,1776917518.0,1776917518.0,ESTIMATE_ONLY_reading_phase_duration_unknown
e85ac816-e6ae-4a62-87b8-3a559f17ecaf,1a3a8d1d-950a-441c-a128-58d9d18de7bc,comprehension,10,10,1.0,127,1,high,1776917498.0,1776917625.0,2026-04-23 04:13:45.57+00,2026-04-23 04:13:45.744394+00,6,7,7,easy,Detail Recall,25,,False,2,2,1,0,4,23.0,23.0,1776917521.0,1776917521.0,ESTIMATE_ONLY_inter_question_gaps_unknown
e85ac816-e6ae-4a62-87b8-3a559f17ecaf,1a3a8d1d-950a-441c-a128-58d9d18de7bc,comprehension,10,10,1.0,127,1,high,1776917498.0,1776917625.0,2026-04-23 04:13:45.57+00,2026-04-23 04:13:45.744394+00,7,8,8,medium,Detail Recall,25,,False,0,0,1,0,5,27.0,27.0,1776917525.0,1776917525.0,ESTIMATE_ONLY_inter_question_gaps_unknown
e85ac816-e6ae-4a62-87b8-3a559f17ecaf,1a3a8d1d-950a-441c-a128-58d9d18de7bc,comprehension,10,10,1.0,127,1,high,1776917498.0,1776917625.0,2026-04-23 04:13:45.57+00,2026-04-23 04:13:45.744394+00,8,9,9,medium,Inference,25,,False,1,1,1,0,8,32.0,32.0,1776917530.0,1776917530.0,ESTIMATE_ONLY_inter_question_gaps_unknown
e85ac816-e6ae-4a62-87b8-3a559f17ecaf,1a3a8d1d-950a-441c-a128-58d9d18de7bc,comprehension,10,10,1.0,127,1,high,1776917498.0,1776917625.0,2026-04-23 04:13:45.57+00,2026-04-23 04:13:45.744394+00,9,10,10,easy,Fact Extraction,25,,False,1,1,1,0,4,40.0,40.0,1776917538.0,1776917538.0,ESTIMATE_ONLY_inter_question_gaps_unknown
e917c489-d182-4a0f-837a-13e452360ba3,4b00bcd7-936b-42d2-99b5-c0b8b78272c9,pattern,10,10,1.0,68,1,high,1776330150.0,1776330218.0,2026-04-16 09:03:38.689+00,2026-04-16 09:03:39.664983+00,0,1,1,easy,Arithmetic Sequence,15,,False,2,2,1,0,4,0.0,0.0,1776330150.0,1776330150.0,ESTIMATE_ONLY_inter_question_gaps_unknown
e917c489-d182-4a0f-837a-13e452360ba3,4b00bcd7-936b-42d2-99b5-c0b8b78272c9,pattern,10,10,1.0,68,1,high,1776330150.0,1776330218.0,2026-04-16 09:03:38.689+00,2026-04-16 09:03:39.664983+00,1,2,2,easy,Arithmetic Sequence,15,,False,0,0,1,0,3,4.0,4.0,1776330154.0,1776330154.0,ESTIMATE_ONLY_inter_question_gaps_unknown
e917c489-d182-4a0f-837a-13e452360ba3,4b00bcd7-936b-42d2-99b5-c0b8b78272c9,pattern,10,10,1.0,68,1,high,1776330150.0,1776330218.0,2026-04-16 09:03:38.689+00,2026-04-16 09:03:39.664983+00,2,3,3,easy,Odd Numbers,15,,False,1,1,1,0,5,7.0,7.0,1776330157.0,1776330157.0,ESTIMATE_ONLY_inter_question_gaps_unknown
e917c489-d182-4a0f-837a-13e452360ba3,4b00bcd7-936b-42d2-99b5-c0b8b78272c9,pattern,10,10,1.0,68,1,high,1776330150.0,1776330218.0,2026-04-16 09:03:38.689+00,2026-04-16 09:03:39.664983+00,3,4,4,easy,Decreasing Sequence,15,,False,2,2,1,0,4,12.0,12.0,1776330162.0,1776330162.0,ESTIMATE_ONLY_inter_question_gaps_unknown
e917c489-d182-4a0f-837a-13e452360ba3,4b00bcd7-936b-42d2-99b5-c0b8b78272c9,pattern,10,10,1.0,68,1,high,1776330150.0,1776330218.0,2026-04-16 09:03:38.689+00,2026-04-16 09:03:39.664983+00,4,5,5,medium,Perfect Squares,20,,False,2,2,1,0,9,16.0,16.0,1776330166.0,1776330166.0,ESTIMATE_ONLY_inter_question_gaps_unknown
e917c489-d182-4a0f-837a-13e452360ba3,4b00bcd7-936b-42d2-99b5-c0b8b78272c9,pattern,10,10,1.0,68,1,high,1776330150.0,1776330218.0,2026-04-16 09:03:38.689+00,2026-04-16 09:03:39.664983+00,5,6,6,medium,Fibonacci,20,,False,1,1,1,0,7,25.0,25.0,1776330175.0,1776330175.0,ESTIMATE_ONLY_inter_question_gaps_unknown
e917c489-d182-4a0f-837a-13e452360ba3,4b00bcd7-936b-42d2-99b5-c0b8b78272c9,pattern,10,10,1.0,68,1,high,1776330150.0,1776330218.0,2026-04-16 09:03:38.689+00,2026-04-16 09:03:39.664983+00,6,7,7,medium,Perfect Cubes,20,,False,2,2,1,0,12,32.0,32.0,1776330182.0,1776330182.0,ESTIMATE_ONLY_inter_question_gaps_unknown
e917c489-d182-4a0f-837a-13e452360ba3,4b00bcd7-936b-42d2-99b5-c0b8b78272c9,pattern,10,10,1.0,68,1,high,1776330150.0,1776330218.0,2026-04-16 09:03:38.689+00,2026-04-16 09:03:39.664983+00,7,8,8,hard,Triangular Differences,30,,False,2,2,1,0,11,44.0,44.0,1776330194.0,1776330194.0,ESTIMATE_ONLY_inter_question_gaps_unknown
e917c489-d182-4a0f-837a-13e452360ba3,4b00bcd7-936b-42d2-99b5-c0b8b78272c9,pattern,10,10,1.0,68,1,high,1776330150.0,1776330218.0,2026-04-16 09:03:38.689+00,2026-04-16 09:03:39.664983+00,8,9,9,hard,Squares,30,,False,0,0,1,0,7,55.0,55.0,1776330205.0,1776330205.0,ESTIMATE_ONLY_inter_question_gaps_unknown
e917c489-d182-4a0f-837a-13e452360ba3,4b00bcd7-936b-42d2-99b5-c0b8b78272c9,pattern,10,10,1.0,68,1,high,1776330150.0,1776330218.0,2026-04-16 09:03:38.689+00,2026-04-16 09:03:39.664983+00,9,10,10,hard,n(n+1),30,,False,0,0,1,0,9,62.0,62.0,1776330212.0,1776330212.0,ESTIMATE_ONLY_inter_question_gaps_unknown
e91ad1a0-8c6e-4964-a981-4e7715c141b5,9c588e1c-b67d-4964-9795-ff4e62e1f292,arithmetic,8,10,0.8,53,1,high,1776581423.0,1776581476.0,2026-04-19 06:51:16.042+00,2026-04-19 06:51:17.080084+00,0,1,1,easy,Addition,15,,False,0,0,1,0,3,0.0,0.0,1776581423.0,1776581423.0,ESTIMATE_ONLY_inter_question_gaps_unknown
e91ad1a0-8c6e-4964-a981-4e7715c141b5,9c588e1c-b67d-4964-9795-ff4e62e1f292,arithmetic,8,10,0.8,53,1,high,1776581423.0,1776581476.0,2026-04-19 06:51:16.042+00,2026-04-19 06:51:17.080084+00,1,2,2,easy,Division,15,,False,2,2,1,0,2,3.0,3.0,1776581426.0,1776581426.0,ESTIMATE_ONLY_inter_question_gaps_unknown
e91ad1a0-8c6e-4964-a981-4e7715c141b5,9c588e1c-b67d-4964-9795-ff4e62e1f292,arithmetic,8,10,0.8,53,1,high,1776581423.0,1776581476.0,2026-04-19 06:51:16.042+00,2026-04-19 06:51:17.080084+00,2,3,3,easy,Addition,15,,False,0,0,1,0,4,5.0,5.0,1776581428.0,1776581428.0,ESTIMATE_ONLY_inter_question_gaps_unknown
e91ad1a0-8c6e-4964-a981-4e7715c141b5,9c588e1c-b67d-4964-9795-ff4e62e1f292,arithmetic,8,10,0.8,53,1,high,1776581423.0,1776581476.0,2026-04-19 06:51:16.042+00,2026-04-19 06:51:17.080084+00,3,4,4,easy,Subtraction,15,,False,0,0,1,0,3,9.0,9.0,1776581432.0,1776581432.0,ESTIMATE_ONLY_inter_question_gaps_unknown
e91ad1a0-8c6e-4964-a981-4e7715c141b5,9c588e1c-b67d-4964-9795-ff4e62e1f292,arithmetic,8,10,0.8,53,1,high,1776581423.0,1776581476.0,2026-04-19 06:51:16.042+00,2026-04-19 06:51:17.080084+00,4,5,5,medium,Addition,20,,False,2,2,1,0,6,12.0,12.0,1776581435.0,1776581435.0,ESTIMATE_ONLY_inter_question_gaps_unknown
e91ad1a0-8c6e-4964-a981-4e7715c141b5,9c588e1c-b67d-4964-9795-ff4e62e1f292,arithmetic,8,10,0.8,53,1,high,1776581423.0,1776581476.0,2026-04-19 06:51:16.042+00,2026-04-19 06:51:17.080084+00,5,6,6,medium,Multiplication,20,,False,0,0,1,0,7,18.0,18.0,1776581441.0,1776581441.0,ESTIMATE_ONLY_inter_question_gaps_unknown
e91ad1a0-8c6e-4964-a981-4e7715c141b5,9c588e1c-b67d-4964-9795-ff4e62e1f292,arithmetic,8,10,0.8,53,1,high,1776581423.0,1776581476.0,2026-04-19 06:51:16.042+00,2026-04-19 06:51:17.080084+00,6,7,7,medium,Division,20,,False,1,1,1,0,3,25.0,25.0,1776581448.0,1776581448.0,ESTIMATE_ONLY_inter_question_gaps_unknown
e91ad1a0-8c6e-4964-a981-4e7715c141b5,9c588e1c-b67d-4964-9795-ff4e62e1f292,arithmetic,8,10,0.8,53,1,high,1776581423.0,1776581476.0,2026-04-19 06:51:16.042+00,2026-04-19 06:51:17.080084+00,7,8,8,hard,Percentage,30,,False,2,2,1,0,6,28.0,28.0,1776581451.0,1776581451.0,ESTIMATE_ONLY_inter_question_gaps_unknown
e91ad1a0-8c6e-4964-a981-4e7715c141b5,9c588e1c-b67d-4964-9795-ff4e62e1f292,arithmetic,8,10,0.8,53,1,high,1776581423.0,1776581476.0,2026-04-19 06:51:16.042+00,2026-04-19 06:51:17.080084+00,8,9,9,hard,Multiplication,30,,False,1,0,0,0,8,34.0,34.0,1776581457.0,1776581457.0,ESTIMATE_ONLY_inter_question_gaps_unknown
e91ad1a0-8c6e-4964-a981-4e7715c141b5,9c588e1c-b67d-4964-9795-ff4e62e1f292,arithmetic,8,10,0.8,53,1,high,1776581423.0,1776581476.0,2026-04-19 06:51:16.042+00,2026-04-19 06:51:17.080084+00,9,10,10,hard,Multi-step,30,,False,0,1,0,0,19,42.0,42.0,1776581465.0,1776581465.0,ESTIMATE_ONLY_inter_question_gaps_unknown
ea041aa7-4232-4279-aa9f-2bb2dc7888e8,1295d8c1-c3fa-424a-a3ac-86e227c3a8de,arithmetic,3,10,0.3,47,0,low,1776424445.0,1776424492.0,2026-04-17 11:14:52.167+00,2026-04-17 11:14:51.670637+00,0,1,1,easy,Addition,15,,False,0,0,1,0,2,0.0,0.0,1776424445.0,1776424445.0,ESTIMATE_ONLY_inter_question_gaps_unknown
ea041aa7-4232-4279-aa9f-2bb2dc7888e8,1295d8c1-c3fa-424a-a3ac-86e227c3a8de,arithmetic,3,10,0.3,47,0,low,1776424445.0,1776424492.0,2026-04-17 11:14:52.167+00,2026-04-17 11:14:51.670637+00,1,2,2,easy,Division,15,,False,2,2,1,0,5,2.0,2.0,1776424447.0,1776424447.0,ESTIMATE_ONLY_inter_question_gaps_unknown
ea041aa7-4232-4279-aa9f-2bb2dc7888e8,1295d8c1-c3fa-424a-a3ac-86e227c3a8de,arithmetic,3,10,0.3,47,0,low,1776424445.0,1776424492.0,2026-04-17 11:14:52.167+00,2026-04-17 11:14:51.670637+00,2,3,3,easy,Addition,15,,False,2,0,0,0,8,7.0,7.0,1776424452.0,1776424452.0,ESTIMATE_ONLY_inter_question_gaps_unknown
ea041aa7-4232-4279-aa9f-2bb2dc7888e8,1295d8c1-c3fa-424a-a3ac-86e227c3a8de,arithmetic,3,10,0.3,47,0,low,1776424445.0,1776424492.0,2026-04-17 11:14:52.167+00,2026-04-17 11:14:51.670637+00,3,4,4,easy,Subtraction,15,,False,1,0,0,0,7,15.0,15.0,1776424460.0,1776424460.0,ESTIMATE_ONLY_inter_question_gaps_unknown
ea041aa7-4232-4279-aa9f-2bb2dc7888e8,1295d8c1-c3fa-424a-a3ac-86e227c3a8de,arithmetic,3,10,0.3,47,0,low,1776424445.0,1776424492.0,2026-04-17 11:14:52.167+00,2026-04-17 11:14:51.670637+00,4,5,5,medium,Addition,20,,False,1,2,0,0,10,22.0,22.0,1776424467.0,1776424467.0,ESTIMATE_ONLY_inter_question_gaps_unknown
ea041aa7-4232-4279-aa9f-2bb2dc7888e8,1295d8c1-c3fa-424a-a3ac-86e227c3a8de,arithmetic,3,10,0.3,47,0,low,1776424445.0,1776424492.0,2026-04-17 11:14:52.167+00,2026-04-17 11:14:51.670637+00,5,6,6,medium,Multiplication,20,,False,1,0,0,0,6,32.0,32.0,1776424477.0,1776424477.0,ESTIMATE_ONLY_inter_question_gaps_unknown
ea041aa7-4232-4279-aa9f-2bb2dc7888e8,1295d8c1-c3fa-424a-a3ac-86e227c3a8de,arithmetic,3,10,0.3,47,0,low,1776424445.0,1776424492.0,2026-04-17 11:14:52.167+00,2026-04-17 11:14:51.670637+00,6,7,7,medium,Division,20,,False,2,1,0,0,4,38.0,38.0,1776424483.0,1776424483.0,ESTIMATE_ONLY_inter_question_gaps_unknown
ea041aa7-4232-4279-aa9f-2bb2dc7888e8,1295d8c1-c3fa-424a-a3ac-86e227c3a8de,arithmetic,3,10,0.3,47,0,low,1776424445.0,1776424492.0,2026-04-17 11:14:52.167+00,2026-04-17 11:14:51.670637+00,7,8,8,hard,Percentage,30,,False,1,2,0,0,2,42.0,42.0,1776424487.0,1776424487.0,ESTIMATE_ONLY_inter_question_gaps_unknown
ea041aa7-4232-4279-aa9f-2bb2dc7888e8,1295d8c1-c3fa-424a-a3ac-86e227c3a8de,arithmetic,3,10,0.3,47,0,low,1776424445.0,1776424492.0,2026-04-17 11:14:52.167+00,2026-04-17 11:14:51.670637+00,8,9,9,hard,Multiplication,30,,False,1,0,0,0,4,44.0,44.0,1776424489.0,1776424489.0,ESTIMATE_ONLY_inter_question_gaps_unknown
ea041aa7-4232-4279-aa9f-2bb2dc7888e8,1295d8c1-c3fa-424a-a3ac-86e227c3a8de,arithmetic,3,10,0.3,47,0,low,1776424445.0,1776424492.0,2026-04-17 11:14:52.167+00,2026-04-17 11:14:51.670637+00,9,10,10,hard,Multi-step,30,,False,1,1,1,0,5,48.0,48.0,1776424493.0,1776424493.0,ESTIMATE_ONLY_inter_question_gaps_unknown
ec80db11-3fb3-4bc5-8b99-b1f501cbbc1f,bef21b19-9f14-46fd-983e-519cd076d499,pattern,7,10,0.7,98,1,mid,1776852220.0,1776852318.0,2026-04-22 10:05:18.709+00,2026-04-22 10:05:19.259386+00,0,1,1,easy,Arithmetic Sequence,15,,False,2,2,1,0,4,0.0,0.0,1776852220.0,1776852220.0,ESTIMATE_ONLY_inter_question_gaps_unknown
ec80db11-3fb3-4bc5-8b99-b1f501cbbc1f,bef21b19-9f14-46fd-983e-519cd076d499,pattern,7,10,0.7,98,1,mid,1776852220.0,1776852318.0,2026-04-22 10:05:18.709+00,2026-04-22 10:05:19.259386+00,1,2,2,easy,Arithmetic Sequence,15,,False,0,0,1,0,3,4.0,4.0,1776852224.0,1776852224.0,ESTIMATE_ONLY_inter_question_gaps_unknown
ec80db11-3fb3-4bc5-8b99-b1f501cbbc1f,bef21b19-9f14-46fd-983e-519cd076d499,pattern,7,10,0.7,98,1,mid,1776852220.0,1776852318.0,2026-04-22 10:05:18.709+00,2026-04-22 10:05:19.259386+00,2,3,3,easy,Odd Numbers,15,,False,1,1,1,0,8,7.0,7.0,1776852227.0,1776852227.0,ESTIMATE_ONLY_inter_question_gaps_unknown
ec80db11-3fb3-4bc5-8b99-b1f501cbbc1f,bef21b19-9f14-46fd-983e-519cd076d499,pattern,7,10,0.7,98,1,mid,1776852220.0,1776852318.0,2026-04-22 10:05:18.709+00,2026-04-22 10:05:19.259386+00,3,4,4,easy,Decreasing Sequence,15,,False,2,2,1,0,4,15.0,15.0,1776852235.0,1776852235.0,ESTIMATE_ONLY_inter_question_gaps_unknown
ec80db11-3fb3-4bc5-8b99-b1f501cbbc1f,bef21b19-9f14-46fd-983e-519cd076d499,pattern,7,10,0.7,98,1,mid,1776852220.0,1776852318.0,2026-04-22 10:05:18.709+00,2026-04-22 10:05:19.259386+00,4,5,5,medium,Perfect Squares,20,,False,1,2,0,0,11,19.0,19.0,1776852239.0,1776852239.0,ESTIMATE_ONLY_inter_question_gaps_unknown
ec80db11-3fb3-4bc5-8b99-b1f501cbbc1f,bef21b19-9f14-46fd-983e-519cd076d499,pattern,7,10,0.7,98,1,mid,1776852220.0,1776852318.0,2026-04-22 10:05:18.709+00,2026-04-22 10:05:19.259386+00,5,6,6,medium,Fibonacci,20,,False,1,1,1,0,6,30.0,30.0,1776852250.0,1776852250.0,ESTIMATE_ONLY_inter_question_gaps_unknown
ec80db11-3fb3-4bc5-8b99-b1f501cbbc1f,bef21b19-9f14-46fd-983e-519cd076d499,pattern,7,10,0.7,98,1,mid,1776852220.0,1776852318.0,2026-04-22 10:05:18.709+00,2026-04-22 10:05:19.259386+00,6,7,7,medium,Perfect Cubes,20,,False,2,2,1,0,9,36.0,36.0,1776852256.0,1776852256.0,ESTIMATE_ONLY_inter_question_gaps_unknown
ec80db11-3fb3-4bc5-8b99-b1f501cbbc1f,bef21b19-9f14-46fd-983e-519cd076d499,pattern,7,10,0.7,98,1,mid,1776852220.0,1776852318.0,2026-04-22 10:05:18.709+00,2026-04-22 10:05:19.259386+00,7,8,8,hard,Triangular Differences,30,,False,2,2,1,0,20,45.0,45.0,1776852265.0,1776852265.0,ESTIMATE_ONLY_inter_question_gaps_unknown
ec80db11-3fb3-4bc5-8b99-b1f501cbbc1f,bef21b19-9f14-46fd-983e-519cd076d499,pattern,7,10,0.7,98,1,mid,1776852220.0,1776852318.0,2026-04-22 10:05:18.709+00,2026-04-22 10:05:19.259386+00,8,9,9,hard,Squares,30,,False,2,0,0,0,23,65.0,65.0,1776852285.0,1776852285.0,ESTIMATE_ONLY_inter_question_gaps_unknown
ec80db11-3fb3-4bc5-8b99-b1f501cbbc1f,bef21b19-9f14-46fd-983e-519cd076d499,pattern,7,10,0.7,98,1,mid,1776852220.0,1776852318.0,2026-04-22 10:05:18.709+00,2026-04-22 10:05:19.259386+00,9,10,10,hard,n(n+1),30,,False,1,0,0,0,17,88.0,88.0,1776852308.0,1776852308.0,ESTIMATE_ONLY_inter_question_gaps_unknown
ecf73447-929b-45fc-836c-cc10412f4cb3,b17134fc-8dcf-4a39-b251-3e8e95b21315,pattern,9,10,0.9,43,1,high,1776847121.0,1776847164.0,2026-04-22 08:39:24.884+00,2026-04-22 08:39:25.186173+00,0,1,1,easy,Arithmetic Sequence,15,,False,2,2,1,0,3,0.0,0.0,1776847121.0,1776847121.0,ESTIMATE_ONLY_inter_question_gaps_unknown
ecf73447-929b-45fc-836c-cc10412f4cb3,b17134fc-8dcf-4a39-b251-3e8e95b21315,pattern,9,10,0.9,43,1,high,1776847121.0,1776847164.0,2026-04-22 08:39:24.884+00,2026-04-22 08:39:25.186173+00,1,2,2,easy,Arithmetic Sequence,15,,False,0,0,1,0,2,3.0,3.0,1776847124.0,1776847124.0,ESTIMATE_ONLY_inter_question_gaps_unknown
ecf73447-929b-45fc-836c-cc10412f4cb3,b17134fc-8dcf-4a39-b251-3e8e95b21315,pattern,9,10,0.9,43,1,high,1776847121.0,1776847164.0,2026-04-22 08:39:24.884+00,2026-04-22 08:39:25.186173+00,2,3,3,easy,Odd Numbers,15,,False,1,1,1,0,5,5.0,5.0,1776847126.0,1776847126.0,ESTIMATE_ONLY_inter_question_gaps_unknown
ecf73447-929b-45fc-836c-cc10412f4cb3,b17134fc-8dcf-4a39-b251-3e8e95b21315,pattern,9,10,0.9,43,1,high,1776847121.0,1776847164.0,2026-04-22 08:39:24.884+00,2026-04-22 08:39:25.186173+00,3,4,4,easy,Decreasing Sequence,15,,False,2,2,1,0,3,10.0,10.0,1776847131.0,1776847131.0,ESTIMATE_ONLY_inter_question_gaps_unknown
ecf73447-929b-45fc-836c-cc10412f4cb3,b17134fc-8dcf-4a39-b251-3e8e95b21315,pattern,9,10,0.9,43,1,high,1776847121.0,1776847164.0,2026-04-22 08:39:24.884+00,2026-04-22 08:39:25.186173+00,4,5,5,medium,Perfect Squares,20,,False,2,2,1,0,4,13.0,13.0,1776847134.0,1776847134.0,ESTIMATE_ONLY_inter_question_gaps_unknown
ecf73447-929b-45fc-836c-cc10412f4cb3,b17134fc-8dcf-4a39-b251-3e8e95b21315,pattern,9,10,0.9,43,1,high,1776847121.0,1776847164.0,2026-04-22 08:39:24.884+00,2026-04-22 08:39:25.186173+00,5,6,6,medium,Fibonacci,20,,False,1,1,1,0,5,17.0,17.0,1776847138.0,1776847138.0,ESTIMATE_ONLY_inter_question_gaps_unknown
ecf73447-929b-45fc-836c-cc10412f4cb3,b17134fc-8dcf-4a39-b251-3e8e95b21315,pattern,9,10,0.9,43,1,high,1776847121.0,1776847164.0,2026-04-22 08:39:24.884+00,2026-04-22 08:39:25.186173+00,6,7,7,medium,Perfect Cubes,20,,False,2,2,1,0,6,22.0,22.0,1776847143.0,1776847143.0,ESTIMATE_ONLY_inter_question_gaps_unknown
ecf73447-929b-45fc-836c-cc10412f4cb3,b17134fc-8dcf-4a39-b251-3e8e95b21315,pattern,9,10,0.9,43,1,high,1776847121.0,1776847164.0,2026-04-22 08:39:24.884+00,2026-04-22 08:39:25.186173+00,7,8,8,hard,Triangular Differences,30,,False,1,2,0,0,7,28.0,28.0,1776847149.0,1776847149.0,ESTIMATE_ONLY_inter_question_gaps_unknown
ecf73447-929b-45fc-836c-cc10412f4cb3,b17134fc-8dcf-4a39-b251-3e8e95b21315,pattern,9,10,0.9,43,1,high,1776847121.0,1776847164.0,2026-04-22 08:39:24.884+00,2026-04-22 08:39:25.186173+00,8,9,9,hard,Squares,30,,False,0,0,1,0,6,35.0,35.0,1776847156.0,1776847156.0,ESTIMATE_ONLY_inter_question_gaps_unknown
ecf73447-929b-45fc-836c-cc10412f4cb3,b17134fc-8dcf-4a39-b251-3e8e95b21315,pattern,9,10,0.9,43,1,high,1776847121.0,1776847164.0,2026-04-22 08:39:24.884+00,2026-04-22 08:39:25.186173+00,9,10,10,hard,n(n+1),30,,False,0,0,1,0,9,41.0,41.0,1776847162.0,1776847162.0,ESTIMATE_ONLY_inter_question_gaps_unknown
ecf91c43-01f7-4b9a-8adb-75a93ad28ff7,489aeec3-5823-4e43-9ca6-e34ae73136ad,pattern,8,10,0.8,66,1,high,1776580326.0,1776580392.0,2026-04-19 06:33:12.642+00,2026-04-19 06:33:13.769334+00,0,1,1,easy,Arithmetic Sequence,15,,False,2,2,1,0,4,0.0,0.0,1776580326.0,1776580326.0,ESTIMATE_ONLY_inter_question_gaps_unknown
ecf91c43-01f7-4b9a-8adb-75a93ad28ff7,489aeec3-5823-4e43-9ca6-e34ae73136ad,pattern,8,10,0.8,66,1,high,1776580326.0,1776580392.0,2026-04-19 06:33:12.642+00,2026-04-19 06:33:13.769334+00,1,2,2,easy,Arithmetic Sequence,15,,False,0,0,1,0,5,4.0,4.0,1776580330.0,1776580330.0,ESTIMATE_ONLY_inter_question_gaps_unknown
ecf91c43-01f7-4b9a-8adb-75a93ad28ff7,489aeec3-5823-4e43-9ca6-e34ae73136ad,pattern,8,10,0.8,66,1,high,1776580326.0,1776580392.0,2026-04-19 06:33:12.642+00,2026-04-19 06:33:13.769334+00,2,3,3,easy,Odd Numbers,15,,False,1,1,1,0,5,9.0,9.0,1776580335.0,1776580335.0,ESTIMATE_ONLY_inter_question_gaps_unknown
ecf91c43-01f7-4b9a-8adb-75a93ad28ff7,489aeec3-5823-4e43-9ca6-e34ae73136ad,pattern,8,10,0.8,66,1,high,1776580326.0,1776580392.0,2026-04-19 06:33:12.642+00,2026-04-19 06:33:13.769334+00,3,4,4,easy,Decreasing Sequence,15,,False,2,2,1,0,5,14.0,14.0,1776580340.0,1776580340.0,ESTIMATE_ONLY_inter_question_gaps_unknown
ecf91c43-01f7-4b9a-8adb-75a93ad28ff7,489aeec3-5823-4e43-9ca6-e34ae73136ad,pattern,8,10,0.8,66,1,high,1776580326.0,1776580392.0,2026-04-19 06:33:12.642+00,2026-04-19 06:33:13.769334+00,4,5,5,medium,Perfect Squares,20,,False,2,2,1,0,11,19.0,19.0,1776580345.0,1776580345.0,ESTIMATE_ONLY_inter_question_gaps_unknown
ecf91c43-01f7-4b9a-8adb-75a93ad28ff7,489aeec3-5823-4e43-9ca6-e34ae73136ad,pattern,8,10,0.8,66,1,high,1776580326.0,1776580392.0,2026-04-19 06:33:12.642+00,2026-04-19 06:33:13.769334+00,5,6,6,medium,Fibonacci,20,,False,1,1,1,0,12,30.0,30.0,1776580356.0,1776580356.0,ESTIMATE_ONLY_inter_question_gaps_unknown
ecf91c43-01f7-4b9a-8adb-75a93ad28ff7,489aeec3-5823-4e43-9ca6-e34ae73136ad,pattern,8,10,0.8,66,1,high,1776580326.0,1776580392.0,2026-04-19 06:33:12.642+00,2026-04-19 06:33:13.769334+00,6,7,7,medium,Perfect Cubes,20,,False,2,2,1,0,6,42.0,42.0,1776580368.0,1776580368.0,ESTIMATE_ONLY_inter_question_gaps_unknown
ecf91c43-01f7-4b9a-8adb-75a93ad28ff7,489aeec3-5823-4e43-9ca6-e34ae73136ad,pattern,8,10,0.8,66,1,high,1776580326.0,1776580392.0,2026-04-19 06:33:12.642+00,2026-04-19 06:33:13.769334+00,7,8,8,hard,Triangular Differences,30,,False,1,2,0,0,7,48.0,48.0,1776580374.0,1776580374.0,ESTIMATE_ONLY_inter_question_gaps_unknown
ecf91c43-01f7-4b9a-8adb-75a93ad28ff7,489aeec3-5823-4e43-9ca6-e34ae73136ad,pattern,8,10,0.8,66,1,high,1776580326.0,1776580392.0,2026-04-19 06:33:12.642+00,2026-04-19 06:33:13.769334+00,8,9,9,hard,Squares,30,,False,2,0,0,0,6,55.0,55.0,1776580381.0,1776580381.0,ESTIMATE_ONLY_inter_question_gaps_unknown
ecf91c43-01f7-4b9a-8adb-75a93ad28ff7,489aeec3-5823-4e43-9ca6-e34ae73136ad,pattern,8,10,0.8,66,1,high,1776580326.0,1776580392.0,2026-04-19 06:33:12.642+00,2026-04-19 06:33:13.769334+00,9,10,10,hard,n(n+1),30,,False,0,0,1,0,10,61.0,61.0,1776580387.0,1776580387.0,ESTIMATE_ONLY_inter_question_gaps_unknown
ee537461-c9b4-43c0-8652-64bb443e7216,b60e1ae3-b420-4c8c-b2f5-fe145674e306,arithmetic,6,10,0.6,54,0,mid,1776230772.0,1776230826.0,2026-04-15 05:27:06.842+00,2026-04-15 05:27:05.730532+00,0,1,1,easy,Addition,15,,False,0,0,1,0,6,0.0,0.0,1776230772.0,1776230772.0,ESTIMATE_ONLY_inter_question_gaps_unknown
ee537461-c9b4-43c0-8652-64bb443e7216,b60e1ae3-b420-4c8c-b2f5-fe145674e306,arithmetic,6,10,0.6,54,0,mid,1776230772.0,1776230826.0,2026-04-15 05:27:06.842+00,2026-04-15 05:27:05.730532+00,1,2,2,easy,Division,15,,False,2,2,1,0,5,6.0,6.0,1776230778.0,1776230778.0,ESTIMATE_ONLY_inter_question_gaps_unknown
ee537461-c9b4-43c0-8652-64bb443e7216,b60e1ae3-b420-4c8c-b2f5-fe145674e306,arithmetic,6,10,0.6,54,0,mid,1776230772.0,1776230826.0,2026-04-15 05:27:06.842+00,2026-04-15 05:27:05.730532+00,2,3,3,easy,Addition,15,,False,2,0,0,0,8,11.0,11.0,1776230783.0,1776230783.0,ESTIMATE_ONLY_inter_question_gaps_unknown
ee537461-c9b4-43c0-8652-64bb443e7216,b60e1ae3-b420-4c8c-b2f5-fe145674e306,arithmetic,6,10,0.6,54,0,mid,1776230772.0,1776230826.0,2026-04-15 05:27:06.842+00,2026-04-15 05:27:05.730532+00,3,4,4,easy,Subtraction,15,,False,0,0,1,0,7,19.0,19.0,1776230791.0,1776230791.0,ESTIMATE_ONLY_inter_question_gaps_unknown
ee537461-c9b4-43c0-8652-64bb443e7216,b60e1ae3-b420-4c8c-b2f5-fe145674e306,arithmetic,6,10,0.6,54,0,mid,1776230772.0,1776230826.0,2026-04-15 05:27:06.842+00,2026-04-15 05:27:05.730532+00,4,5,5,medium,Addition,20,,False,1,2,0,0,8,26.0,26.0,1776230798.0,1776230798.0,ESTIMATE_ONLY_inter_question_gaps_unknown
ee537461-c9b4-43c0-8652-64bb443e7216,b60e1ae3-b420-4c8c-b2f5-fe145674e306,arithmetic,6,10,0.6,54,0,mid,1776230772.0,1776230826.0,2026-04-15 05:27:06.842+00,2026-04-15 05:27:05.730532+00,5,6,6,medium,Multiplication,20,,False,0,0,1,0,7,34.0,34.0,1776230806.0,1776230806.0,ESTIMATE_ONLY_inter_question_gaps_unknown
ee537461-c9b4-43c0-8652-64bb443e7216,b60e1ae3-b420-4c8c-b2f5-fe145674e306,arithmetic,6,10,0.6,54,0,mid,1776230772.0,1776230826.0,2026-04-15 05:27:06.842+00,2026-04-15 05:27:05.730532+00,6,7,7,medium,Division,20,,False,1,1,1,0,4,41.0,41.0,1776230813.0,1776230813.0,ESTIMATE_ONLY_inter_question_gaps_unknown
ee537461-c9b4-43c0-8652-64bb443e7216,b60e1ae3-b420-4c8c-b2f5-fe145674e306,arithmetic,6,10,0.6,54,0,mid,1776230772.0,1776230826.0,2026-04-15 05:27:06.842+00,2026-04-15 05:27:05.730532+00,7,8,8,hard,Percentage,30,,False,2,2,1,0,4,45.0,45.0,1776230817.0,1776230817.0,ESTIMATE_ONLY_inter_question_gaps_unknown
ee537461-c9b4-43c0-8652-64bb443e7216,b60e1ae3-b420-4c8c-b2f5-fe145674e306,arithmetic,6,10,0.6,54,0,mid,1776230772.0,1776230826.0,2026-04-15 05:27:06.842+00,2026-04-15 05:27:05.730532+00,8,9,9,hard,Multiplication,30,,False,1,0,0,0,4,49.0,49.0,1776230821.0,1776230821.0,ESTIMATE_ONLY_inter_question_gaps_unknown
ee537461-c9b4-43c0-8652-64bb443e7216,b60e1ae3-b420-4c8c-b2f5-fe145674e306,arithmetic,6,10,0.6,54,0,mid,1776230772.0,1776230826.0,2026-04-15 05:27:06.842+00,2026-04-15 05:27:05.730532+00,9,10,10,hard,Multi-step,30,,False,2,1,0,0,7,53.0,53.0,1776230825.0,1776230825.0,ESTIMATE_ONLY_inter_question_gaps_unknown
ee72b1dc-0fac-4ff6-bd7e-616be7bf0acb,d103eb77-fd3d-4b89-83f1-4f34ec8d6123,comprehension,10,10,1.0,97,1,high,1776422324.0,1776422421.0,2026-04-17 10:40:21.137+00,2026-04-17 10:40:22.211394+00,0,1,1,easy,Fact Extraction,25,,True,0,0,1,0,4,0.0,0.0,1776422324.0,1776422324.0,ESTIMATE_ONLY_reading_phase_duration_unknown
ee72b1dc-0fac-4ff6-bd7e-616be7bf0acb,d103eb77-fd3d-4b89-83f1-4f34ec8d6123,comprehension,10,10,1.0,97,1,high,1776422324.0,1776422421.0,2026-04-17 10:40:21.137+00,2026-04-17 10:40:22.211394+00,1,2,2,medium,Detail Recall,25,,False,0,0,1,0,3,4.0,4.0,1776422328.0,1776422328.0,ESTIMATE_ONLY_inter_question_gaps_unknown
ee72b1dc-0fac-4ff6-bd7e-616be7bf0acb,d103eb77-fd3d-4b89-83f1-4f34ec8d6123,comprehension,10,10,1.0,97,1,high,1776422324.0,1776422421.0,2026-04-17 10:40:21.137+00,2026-04-17 10:40:22.211394+00,2,3,3,easy,Fact Extraction,25,,False,0,0,1,0,4,7.0,7.0,1776422331.0,1776422331.0,ESTIMATE_ONLY_inter_question_gaps_unknown
ee72b1dc-0fac-4ff6-bd7e-616be7bf0acb,d103eb77-fd3d-4b89-83f1-4f34ec8d6123,comprehension,10,10,1.0,97,1,high,1776422324.0,1776422421.0,2026-04-17 10:40:21.137+00,2026-04-17 10:40:22.211394+00,3,4,4,medium,Inference,25,,False,1,1,1,0,3,11.0,11.0,1776422335.0,1776422335.0,ESTIMATE_ONLY_inter_question_gaps_unknown
ee72b1dc-0fac-4ff6-bd7e-616be7bf0acb,d103eb77-fd3d-4b89-83f1-4f34ec8d6123,comprehension,10,10,1.0,97,1,high,1776422324.0,1776422421.0,2026-04-17 10:40:21.137+00,2026-04-17 10:40:22.211394+00,4,5,5,easy,Detail Recall,25,,False,0,0,1,0,6,14.0,14.0,1776422338.0,1776422338.0,ESTIMATE_ONLY_inter_question_gaps_unknown
ee72b1dc-0fac-4ff6-bd7e-616be7bf0acb,d103eb77-fd3d-4b89-83f1-4f34ec8d6123,comprehension,10,10,1.0,97,1,high,1776422324.0,1776422421.0,2026-04-17 10:40:21.137+00,2026-04-17 10:40:22.211394+00,5,6,6,easy,Fact Extraction,25,,True,1,1,1,0,3,20.0,20.0,1776422344.0,1776422344.0,ESTIMATE_ONLY_reading_phase_duration_unknown
ee72b1dc-0fac-4ff6-bd7e-616be7bf0acb,d103eb77-fd3d-4b89-83f1-4f34ec8d6123,comprehension,10,10,1.0,97,1,high,1776422324.0,1776422421.0,2026-04-17 10:40:21.137+00,2026-04-17 10:40:22.211394+00,6,7,7,easy,Detail Recall,25,,False,2,2,1,0,8,23.0,23.0,1776422347.0,1776422347.0,ESTIMATE_ONLY_inter_question_gaps_unknown
ee72b1dc-0fac-4ff6-bd7e-616be7bf0acb,d103eb77-fd3d-4b89-83f1-4f34ec8d6123,comprehension,10,10,1.0,97,1,high,1776422324.0,1776422421.0,2026-04-17 10:40:21.137+00,2026-04-17 10:40:22.211394+00,7,8,8,medium,Detail Recall,25,,False,0,0,1,0,3,31.0,31.0,1776422355.0,1776422355.0,ESTIMATE_ONLY_inter_question_gaps_unknown
ee72b1dc-0fac-4ff6-bd7e-616be7bf0acb,d103eb77-fd3d-4b89-83f1-4f34ec8d6123,comprehension,10,10,1.0,97,1,high,1776422324.0,1776422421.0,2026-04-17 10:40:21.137+00,2026-04-17 10:40:22.211394+00,8,9,9,medium,Inference,25,,False,1,1,1,0,7,34.0,34.0,1776422358.0,1776422358.0,ESTIMATE_ONLY_inter_question_gaps_unknown
ee72b1dc-0fac-4ff6-bd7e-616be7bf0acb,d103eb77-fd3d-4b89-83f1-4f34ec8d6123,comprehension,10,10,1.0,97,1,high,1776422324.0,1776422421.0,2026-04-17 10:40:21.137+00,2026-04-17 10:40:22.211394+00,9,10,10,easy,Fact Extraction,25,,False,1,1,1,0,6,41.0,41.0,1776422365.0,1776422365.0,ESTIMATE_ONLY_inter_question_gaps_unknown
f02d89e3-61d2-4236-900c-d448baa20711,1d7969e9-9d81-4b61-b5a4-102cab269db4,attention,5,10,0.5,97,0,mid,1776335080.0,1776335177.0,2026-04-16 10:26:17.194+00,2026-04-16 10:26:18.188741+00,0,1,1,easy,Oddball Detection,8,5,False,0,2,0,0,4,0.0,5.0,1776335080.0,1776335085.0,ESTIMATE_ONLY_inter_question_gaps_unknown
f02d89e3-61d2-4236-900c-d448baa20711,1d7969e9-9d81-4b61-b5a4-102cab269db4,attention,5,10,0.5,97,0,mid,1776335080.0,1776335177.0,2026-04-16 10:26:17.194+00,2026-04-16 10:26:18.188741+00,1,2,2,easy,Count Target,8,5,False,0,0,1,0,3,9.0,14.0,1776335089.0,1776335094.0,ESTIMATE_ONLY_inter_question_gaps_unknown
f02d89e3-61d2-4236-900c-d448baa20711,1d7969e9-9d81-4b61-b5a4-102cab269db4,attention,5,10,0.5,97,0,mid,1776335080.0,1776335177.0,2026-04-16 10:26:17.194+00,2026-04-16 10:26:18.188741+00,2,3,3,easy,Pattern Break,8,5,False,0,2,0,0,5,17.0,22.0,1776335097.0,1776335102.0,ESTIMATE_ONLY_inter_question_gaps_unknown
f02d89e3-61d2-4236-900c-d448baa20711,1d7969e9-9d81-4b61-b5a4-102cab269db4,attention,5,10,0.5,97,0,mid,1776335080.0,1776335177.0,2026-04-16 10:26:17.194+00,2026-04-16 10:26:18.188741+00,3,4,4,easy,Position Detect,8,5,False,1,1,1,0,2,27.0,32.0,1776335107.0,1776335112.0,ESTIMATE_ONLY_inter_question_gaps_unknown
f02d89e3-61d2-4236-900c-d448baa20711,1d7969e9-9d81-4b61-b5a4-102cab269db4,attention,5,10,0.5,97,0,mid,1776335080.0,1776335177.0,2026-04-16 10:26:17.194+00,2026-04-16 10:26:18.188741+00,4,5,5,medium,Rule Violation,10,6,False,2,2,1,0,4,34.0,40.0,1776335114.0,1776335120.0,ESTIMATE_ONLY_inter_question_gaps_unknown
f02d89e3-61d2-4236-900c-d448baa20711,1d7969e9-9d81-4b61-b5a4-102cab269db4,attention,5,10,0.5,97,0,mid,1776335080.0,1776335177.0,2026-04-16 10:26:17.194+00,2026-04-16 10:26:18.188741+00,5,6,6,medium,Count Target,10,6,False,1,0,0,0,9,44.0,50.0,1776335124.0,1776335130.0,ESTIMATE_ONLY_inter_question_gaps_unknown
f02d89e3-61d2-4236-900c-d448baa20711,1d7969e9-9d81-4b61-b5a4-102cab269db4,attention,5,10,0.5,97,0,mid,1776335080.0,1776335177.0,2026-04-16 10:26:17.194+00,2026-04-16 10:26:18.188741+00,6,7,7,medium,Count Target,10,6,False,2,2,1,0,3,59.0,65.0,1776335139.0,1776335145.0,ESTIMATE_ONLY_inter_question_gaps_unknown
f02d89e3-61d2-4236-900c-d448baa20711,1d7969e9-9d81-4b61-b5a4-102cab269db4,attention,5,10,0.5,97,0,mid,1776335080.0,1776335177.0,2026-04-16 10:26:17.194+00,2026-04-16 10:26:18.188741+00,7,8,8,hard,Count Target,12,7,False,2,2,1,0,2,68.0,75.0,1776335148.0,1776335155.0,ESTIMATE_ONLY_inter_question_gaps_unknown
f02d89e3-61d2-4236-900c-d448baa20711,1d7969e9-9d81-4b61-b5a4-102cab269db4,attention,5,10,0.5,97,0,mid,1776335080.0,1776335177.0,2026-04-16 10:26:17.194+00,2026-04-16 10:26:18.188741+00,8,9,9,hard,Rule Violation,12,7,False,0,2,0,0,6,77.0,84.0,1776335157.0,1776335164.0,ESTIMATE_ONLY_inter_question_gaps_unknown
f02d89e3-61d2-4236-900c-d448baa20711,1d7969e9-9d81-4b61-b5a4-102cab269db4,attention,5,10,0.5,97,0,mid,1776335080.0,1776335177.0,2026-04-16 10:26:17.194+00,2026-04-16 10:26:18.188741+00,9,10,10,hard,Pattern Break,12,7,False,1,2,0,0,7,90.0,97.0,1776335170.0,1776335177.0,ESTIMATE_ONLY_inter_question_gaps_unknown
f04c5fed-92f7-426c-ba29-c525a54ed5a1,1d7969e9-9d81-4b61-b5a4-102cab269db4,pattern,9,10,0.9,84,1,high,1776334629.0,1776334713.0,2026-04-16 10:18:33.674+00,2026-04-16 10:18:34.413461+00,0,1,1,easy,Arithmetic Sequence,15,,False,2,2,1,0,5,0.0,0.0,1776334629.0,1776334629.0,ESTIMATE_ONLY_inter_question_gaps_unknown
f04c5fed-92f7-426c-ba29-c525a54ed5a1,1d7969e9-9d81-4b61-b5a4-102cab269db4,pattern,9,10,0.9,84,1,high,1776334629.0,1776334713.0,2026-04-16 10:18:33.674+00,2026-04-16 10:18:34.413461+00,1,2,2,easy,Arithmetic Sequence,15,,False,0,0,1,0,3,5.0,5.0,1776334634.0,1776334634.0,ESTIMATE_ONLY_inter_question_gaps_unknown
f04c5fed-92f7-426c-ba29-c525a54ed5a1,1d7969e9-9d81-4b61-b5a4-102cab269db4,pattern,9,10,0.9,84,1,high,1776334629.0,1776334713.0,2026-04-16 10:18:33.674+00,2026-04-16 10:18:34.413461+00,2,3,3,easy,Odd Numbers,15,,False,1,1,1,0,3,8.0,8.0,1776334637.0,1776334637.0,ESTIMATE_ONLY_inter_question_gaps_unknown
f04c5fed-92f7-426c-ba29-c525a54ed5a1,1d7969e9-9d81-4b61-b5a4-102cab269db4,pattern,9,10,0.9,84,1,high,1776334629.0,1776334713.0,2026-04-16 10:18:33.674+00,2026-04-16 10:18:34.413461+00,3,4,4,easy,Decreasing Sequence,15,,False,2,2,1,0,3,11.0,11.0,1776334640.0,1776334640.0,ESTIMATE_ONLY_inter_question_gaps_unknown
f04c5fed-92f7-426c-ba29-c525a54ed5a1,1d7969e9-9d81-4b61-b5a4-102cab269db4,pattern,9,10,0.9,84,1,high,1776334629.0,1776334713.0,2026-04-16 10:18:33.674+00,2026-04-16 10:18:34.413461+00,4,5,5,medium,Perfect Squares,20,,False,2,2,1,0,12,14.0,14.0,1776334643.0,1776334643.0,ESTIMATE_ONLY_inter_question_gaps_unknown
f04c5fed-92f7-426c-ba29-c525a54ed5a1,1d7969e9-9d81-4b61-b5a4-102cab269db4,pattern,9,10,0.9,84,1,high,1776334629.0,1776334713.0,2026-04-16 10:18:33.674+00,2026-04-16 10:18:34.413461+00,5,6,6,medium,Fibonacci,20,,False,1,1,1,0,18,26.0,26.0,1776334655.0,1776334655.0,ESTIMATE_ONLY_inter_question_gaps_unknown
f04c5fed-92f7-426c-ba29-c525a54ed5a1,1d7969e9-9d81-4b61-b5a4-102cab269db4,pattern,9,10,0.9,84,1,high,1776334629.0,1776334713.0,2026-04-16 10:18:33.674+00,2026-04-16 10:18:34.413461+00,6,7,7,medium,Perfect Cubes,20,,False,2,2,1,0,17,44.0,44.0,1776334673.0,1776334673.0,ESTIMATE_ONLY_inter_question_gaps_unknown
f04c5fed-92f7-426c-ba29-c525a54ed5a1,1d7969e9-9d81-4b61-b5a4-102cab269db4,pattern,9,10,0.9,84,1,high,1776334629.0,1776334713.0,2026-04-16 10:18:33.674+00,2026-04-16 10:18:34.413461+00,7,8,8,hard,Triangular Differences,30,,False,1,2,0,0,7,61.0,61.0,1776334690.0,1776334690.0,ESTIMATE_ONLY_inter_question_gaps_unknown
f04c5fed-92f7-426c-ba29-c525a54ed5a1,1d7969e9-9d81-4b61-b5a4-102cab269db4,pattern,9,10,0.9,84,1,high,1776334629.0,1776334713.0,2026-04-16 10:18:33.674+00,2026-04-16 10:18:34.413461+00,8,9,9,hard,Squares,30,,False,0,0,1,0,13,68.0,68.0,1776334697.0,1776334697.0,ESTIMATE_ONLY_inter_question_gaps_unknown
f04c5fed-92f7-426c-ba29-c525a54ed5a1,1d7969e9-9d81-4b61-b5a4-102cab269db4,pattern,9,10,0.9,84,1,high,1776334629.0,1776334713.0,2026-04-16 10:18:33.674+00,2026-04-16 10:18:34.413461+00,9,10,10,hard,n(n+1),30,,False,0,0,1,0,8,81.0,81.0,1776334710.0,1776334710.0,ESTIMATE_ONLY_inter_question_gaps_unknown
f14d9f0d-2ff6-4781-b511-42901f6e6032,50d2e6aa-24c6-4d68-8bb3-f3b2f03f9b50,comprehension,10,10,1.0,215,1,high,1776325669.0,1776325884.0,2026-04-16 07:51:24.036+00,2026-04-16 07:51:24.968885+00,0,1,1,easy,Fact Extraction,25,,True,0,0,1,0,12,0.0,0.0,1776325669.0,1776325669.0,ESTIMATE_ONLY_reading_phase_duration_unknown
f14d9f0d-2ff6-4781-b511-42901f6e6032,50d2e6aa-24c6-4d68-8bb3-f3b2f03f9b50,comprehension,10,10,1.0,215,1,high,1776325669.0,1776325884.0,2026-04-16 07:51:24.036+00,2026-04-16 07:51:24.968885+00,1,2,2,medium,Detail Recall,25,,False,0,0,1,0,2,12.0,12.0,1776325681.0,1776325681.0,ESTIMATE_ONLY_inter_question_gaps_unknown
f14d9f0d-2ff6-4781-b511-42901f6e6032,50d2e6aa-24c6-4d68-8bb3-f3b2f03f9b50,comprehension,10,10,1.0,215,1,high,1776325669.0,1776325884.0,2026-04-16 07:51:24.036+00,2026-04-16 07:51:24.968885+00,2,3,3,easy,Fact Extraction,25,,False,0,0,1,0,4,14.0,14.0,1776325683.0,1776325683.0,ESTIMATE_ONLY_inter_question_gaps_unknown
f14d9f0d-2ff6-4781-b511-42901f6e6032,50d2e6aa-24c6-4d68-8bb3-f3b2f03f9b50,comprehension,10,10,1.0,215,1,high,1776325669.0,1776325884.0,2026-04-16 07:51:24.036+00,2026-04-16 07:51:24.968885+00,3,4,4,medium,Inference,25,,False,1,1,1,0,8,18.0,18.0,1776325687.0,1776325687.0,ESTIMATE_ONLY_inter_question_gaps_unknown
f14d9f0d-2ff6-4781-b511-42901f6e6032,50d2e6aa-24c6-4d68-8bb3-f3b2f03f9b50,comprehension,10,10,1.0,215,1,high,1776325669.0,1776325884.0,2026-04-16 07:51:24.036+00,2026-04-16 07:51:24.968885+00,4,5,5,easy,Detail Recall,25,,False,0,0,1,0,6,26.0,26.0,1776325695.0,1776325695.0,ESTIMATE_ONLY_inter_question_gaps_unknown
f14d9f0d-2ff6-4781-b511-42901f6e6032,50d2e6aa-24c6-4d68-8bb3-f3b2f03f9b50,comprehension,10,10,1.0,215,1,high,1776325669.0,1776325884.0,2026-04-16 07:51:24.036+00,2026-04-16 07:51:24.968885+00,5,6,6,easy,Fact Extraction,25,,True,1,1,1,0,5,32.0,32.0,1776325701.0,1776325701.0,ESTIMATE_ONLY_reading_phase_duration_unknown
f14d9f0d-2ff6-4781-b511-42901f6e6032,50d2e6aa-24c6-4d68-8bb3-f3b2f03f9b50,comprehension,10,10,1.0,215,1,high,1776325669.0,1776325884.0,2026-04-16 07:51:24.036+00,2026-04-16 07:51:24.968885+00,6,7,7,easy,Detail Recall,25,,False,2,2,1,0,8,37.0,37.0,1776325706.0,1776325706.0,ESTIMATE_ONLY_inter_question_gaps_unknown
f14d9f0d-2ff6-4781-b511-42901f6e6032,50d2e6aa-24c6-4d68-8bb3-f3b2f03f9b50,comprehension,10,10,1.0,215,1,high,1776325669.0,1776325884.0,2026-04-16 07:51:24.036+00,2026-04-16 07:51:24.968885+00,7,8,8,medium,Detail Recall,25,,False,0,0,1,0,5,45.0,45.0,1776325714.0,1776325714.0,ESTIMATE_ONLY_inter_question_gaps_unknown
f14d9f0d-2ff6-4781-b511-42901f6e6032,50d2e6aa-24c6-4d68-8bb3-f3b2f03f9b50,comprehension,10,10,1.0,215,1,high,1776325669.0,1776325884.0,2026-04-16 07:51:24.036+00,2026-04-16 07:51:24.968885+00,8,9,9,medium,Inference,25,,False,1,1,1,0,10,50.0,50.0,1776325719.0,1776325719.0,ESTIMATE_ONLY_inter_question_gaps_unknown
f14d9f0d-2ff6-4781-b511-42901f6e6032,50d2e6aa-24c6-4d68-8bb3-f3b2f03f9b50,comprehension,10,10,1.0,215,1,high,1776325669.0,1776325884.0,2026-04-16 07:51:24.036+00,2026-04-16 07:51:24.968885+00,9,10,10,easy,Fact Extraction,25,,False,1,1,1,0,16,60.0,60.0,1776325729.0,1776325729.0,ESTIMATE_ONLY_inter_question_gaps_unknown
f3e34023-bdc8-4166-8d55-d6d10ea78ac9,489aeec3-5823-4e43-9ca6-e34ae73136ad,memory,9,10,0.9,98,1,high,1776580419.0,1776580517.0,2026-04-19 06:35:17.568+00,2026-04-19 06:35:18.534628+00,0,1,1,easy,Digit Recall,10,5,False,0,0,1,0,4,0.0,5.0,1776580419.0,1776580424.0,ESTIMATE_ONLY_inter_question_gaps_unknown
f3e34023-bdc8-4166-8d55-d6d10ea78ac9,489aeec3-5823-4e43-9ca6-e34ae73136ad,memory,9,10,0.9,98,1,high,1776580419.0,1776580517.0,2026-04-19 06:35:17.568+00,2026-04-19 06:35:18.534628+00,1,2,2,easy,Word Recall,10,5,False,2,2,1,0,3,9.0,14.0,1776580428.0,1776580433.0,ESTIMATE_ONLY_inter_question_gaps_unknown
f3e34023-bdc8-4166-8d55-d6d10ea78ac9,489aeec3-5823-4e43-9ca6-e34ae73136ad,memory,9,10,0.9,98,1,high,1776580419.0,1776580517.0,2026-04-19 06:35:17.568+00,2026-04-19 06:35:18.534628+00,2,3,3,easy,Digit Recall,10,5,False,1,1,1,0,4,17.0,22.0,1776580436.0,1776580441.0,ESTIMATE_ONLY_inter_question_gaps_unknown
f3e34023-bdc8-4166-8d55-d6d10ea78ac9,489aeec3-5823-4e43-9ca6-e34ae73136ad,memory,9,10,0.9,98,1,high,1776580419.0,1776580517.0,2026-04-19 06:35:17.568+00,2026-04-19 06:35:18.534628+00,3,4,4,easy,Word Recall,10,5,False,0,0,1,0,4,26.0,31.0,1776580445.0,1776580450.0,ESTIMATE_ONLY_inter_question_gaps_unknown
f3e34023-bdc8-4166-8d55-d6d10ea78ac9,489aeec3-5823-4e43-9ca6-e34ae73136ad,memory,9,10,0.9,98,1,high,1776580419.0,1776580517.0,2026-04-19 06:35:17.568+00,2026-04-19 06:35:18.534628+00,4,5,5,medium,Digit Recall,12,6,False,0,0,1,0,4,35.0,41.0,1776580454.0,1776580460.0,ESTIMATE_ONLY_inter_question_gaps_unknown
f3e34023-bdc8-4166-8d55-d6d10ea78ac9,489aeec3-5823-4e43-9ca6-e34ae73136ad,memory,9,10,0.9,98,1,high,1776580419.0,1776580517.0,2026-04-19 06:35:17.568+00,2026-04-19 06:35:18.534628+00,5,6,6,medium,Position Recall,12,6,False,1,1,1,0,4,45.0,51.0,1776580464.0,1776580470.0,ESTIMATE_ONLY_inter_question_gaps_unknown
f3e34023-bdc8-4166-8d55-d6d10ea78ac9,489aeec3-5823-4e43-9ca6-e34ae73136ad,memory,9,10,0.9,98,1,high,1776580419.0,1776580517.0,2026-04-19 06:35:17.568+00,2026-04-19 06:35:18.534628+00,6,7,7,medium,Position Recall,12,6,False,2,2,1,0,4,55.0,61.0,1776580474.0,1776580480.0,ESTIMATE_ONLY_inter_question_gaps_unknown
f3e34023-bdc8-4166-8d55-d6d10ea78ac9,489aeec3-5823-4e43-9ca6-e34ae73136ad,memory,9,10,0.9,98,1,high,1776580419.0,1776580517.0,2026-04-19 06:35:17.568+00,2026-04-19 06:35:18.534628+00,7,8,8,hard,Sequence Recall,15,7,False,0,0,1,0,8,65.0,72.0,1776580484.0,1776580491.0,ESTIMATE_ONLY_inter_question_gaps_unknown
f3e34023-bdc8-4166-8d55-d6d10ea78ac9,489aeec3-5823-4e43-9ca6-e34ae73136ad,memory,9,10,0.9,98,1,high,1776580419.0,1776580517.0,2026-04-19 06:35:17.568+00,2026-04-19 06:35:18.534628+00,8,9,9,hard,Position Recall,15,7,False,1,1,1,0,3,80.0,87.0,1776580499.0,1776580506.0,ESTIMATE_ONLY_inter_question_gaps_unknown
f3e34023-bdc8-4166-8d55-d6d10ea78ac9,489aeec3-5823-4e43-9ca6-e34ae73136ad,memory,9,10,0.9,98,1,high,1776580419.0,1776580517.0,2026-04-19 06:35:17.568+00,2026-04-19 06:35:18.534628+00,9,10,10,hard,Digit Analysis,15,7,False,1,2,0,0,5,90.0,97.0,1776580509.0,1776580516.0,ESTIMATE_ONLY_inter_question_gaps_unknown
f3e580dd-93f2-4574-bcb9-7fdb554cd3b3,b60e1ae3-b420-4c8c-b2f5-fe145674e306,attention,5,10,0.5,106,0,mid,1776231303.0,1776231409.0,2026-04-15 05:36:49.32+00,2026-04-15 05:36:48.313032+00,0,1,1,easy,Oddball Detection,8,5,False,2,2,1,0,6,0.0,5.0,1776231303.0,1776231308.0,ESTIMATE_ONLY_inter_question_gaps_unknown
f3e580dd-93f2-4574-bcb9-7fdb554cd3b3,b60e1ae3-b420-4c8c-b2f5-fe145674e306,attention,5,10,0.5,106,0,mid,1776231303.0,1776231409.0,2026-04-15 05:36:49.32+00,2026-04-15 05:36:48.313032+00,1,2,2,easy,Count Target,8,5,False,0,0,1,0,6,11.0,16.0,1776231314.0,1776231319.0,ESTIMATE_ONLY_inter_question_gaps_unknown
f3e580dd-93f2-4574-bcb9-7fdb554cd3b3,b60e1ae3-b420-4c8c-b2f5-fe145674e306,attention,5,10,0.5,106,0,mid,1776231303.0,1776231409.0,2026-04-15 05:36:49.32+00,2026-04-15 05:36:48.313032+00,2,3,3,easy,Pattern Break,8,5,False,2,2,1,0,8,22.0,27.0,1776231325.0,1776231330.0,ESTIMATE_ONLY_inter_question_gaps_unknown
f3e580dd-93f2-4574-bcb9-7fdb554cd3b3,b60e1ae3-b420-4c8c-b2f5-fe145674e306,attention,5,10,0.5,106,0,mid,1776231303.0,1776231409.0,2026-04-15 05:36:49.32+00,2026-04-15 05:36:48.313032+00,3,4,4,easy,Position Detect,8,5,False,1,1,1,0,5,35.0,40.0,1776231338.0,1776231343.0,ESTIMATE_ONLY_inter_question_gaps_unknown
f3e580dd-93f2-4574-bcb9-7fdb554cd3b3,b60e1ae3-b420-4c8c-b2f5-fe145674e306,attention,5,10,0.5,106,0,mid,1776231303.0,1776231409.0,2026-04-15 05:36:49.32+00,2026-04-15 05:36:48.313032+00,4,5,5,medium,Rule Violation,10,6,False,2,2,1,0,6,45.0,51.0,1776231348.0,1776231354.0,ESTIMATE_ONLY_inter_question_gaps_unknown
f3e580dd-93f2-4574-bcb9-7fdb554cd3b3,b60e1ae3-b420-4c8c-b2f5-fe145674e306,attention,5,10,0.5,106,0,mid,1776231303.0,1776231409.0,2026-04-15 05:36:49.32+00,2026-04-15 05:36:48.313032+00,5,6,6,medium,Count Target,10,6,False,1,0,0,0,5,57.0,63.0,1776231360.0,1776231366.0,ESTIMATE_ONLY_inter_question_gaps_unknown
f3e580dd-93f2-4574-bcb9-7fdb554cd3b3,b60e1ae3-b420-4c8c-b2f5-fe145674e306,attention,5,10,0.5,106,0,mid,1776231303.0,1776231409.0,2026-04-15 05:36:49.32+00,2026-04-15 05:36:48.313032+00,6,7,7,medium,Count Target,10,6,False,0,2,0,0,4,68.0,74.0,1776231371.0,1776231377.0,ESTIMATE_ONLY_inter_question_gaps_unknown
f3e580dd-93f2-4574-bcb9-7fdb554cd3b3,b60e1ae3-b420-4c8c-b2f5-fe145674e306,attention,5,10,0.5,106,0,mid,1776231303.0,1776231409.0,2026-04-15 05:36:49.32+00,2026-04-15 05:36:48.313032+00,7,8,8,hard,Count Target,12,7,False,1,2,0,0,3,78.0,85.0,1776231381.0,1776231388.0,ESTIMATE_ONLY_inter_question_gaps_unknown
f3e580dd-93f2-4574-bcb9-7fdb554cd3b3,b60e1ae3-b420-4c8c-b2f5-fe145674e306,attention,5,10,0.5,106,0,mid,1776231303.0,1776231409.0,2026-04-15 05:36:49.32+00,2026-04-15 05:36:48.313032+00,8,9,9,hard,Rule Violation,12,7,False,0,2,0,0,5,88.0,95.0,1776231391.0,1776231398.0,ESTIMATE_ONLY_inter_question_gaps_unknown
f3e580dd-93f2-4574-bcb9-7fdb554cd3b3,b60e1ae3-b420-4c8c-b2f5-fe145674e306,attention,5,10,0.5,106,0,mid,1776231303.0,1776231409.0,2026-04-15 05:36:49.32+00,2026-04-15 05:36:48.313032+00,9,10,10,hard,Pattern Break,12,7,False,1,2,0,0,4,100.0,107.0,1776231403.0,1776231410.0,ESTIMATE_ONLY_inter_question_gaps_unknown
f45b721a-b776-41cf-8a41-8d8d515d69f7,e1f19955-0fdb-4bdd-9131-707c165021f0,comprehension,7,10,0.7,263,1,mid,1776761317.0,1776761580.0,2026-04-21 08:53:00.344+00,2026-04-21 08:53:01.364663+00,0,1,1,easy,Fact Extraction,25,,True,2,0,0,0,9,0.0,0.0,1776761317.0,1776761317.0,ESTIMATE_ONLY_reading_phase_duration_unknown
f45b721a-b776-41cf-8a41-8d8d515d69f7,e1f19955-0fdb-4bdd-9131-707c165021f0,comprehension,7,10,0.7,263,1,mid,1776761317.0,1776761580.0,2026-04-21 08:53:00.344+00,2026-04-21 08:53:01.364663+00,1,2,2,medium,Detail Recall,25,,False,0,0,1,0,4,9.0,9.0,1776761326.0,1776761326.0,ESTIMATE_ONLY_inter_question_gaps_unknown
f45b721a-b776-41cf-8a41-8d8d515d69f7,e1f19955-0fdb-4bdd-9131-707c165021f0,comprehension,7,10,0.7,263,1,mid,1776761317.0,1776761580.0,2026-04-21 08:53:00.344+00,2026-04-21 08:53:01.364663+00,2,3,3,easy,Fact Extraction,25,,False,0,0,1,0,3,13.0,13.0,1776761330.0,1776761330.0,ESTIMATE_ONLY_inter_question_gaps_unknown
f45b721a-b776-41cf-8a41-8d8d515d69f7,e1f19955-0fdb-4bdd-9131-707c165021f0,comprehension,7,10,0.7,263,1,mid,1776761317.0,1776761580.0,2026-04-21 08:53:00.344+00,2026-04-21 08:53:01.364663+00,3,4,4,medium,Inference,25,,False,1,1,1,0,5,16.0,16.0,1776761333.0,1776761333.0,ESTIMATE_ONLY_inter_question_gaps_unknown
f45b721a-b776-41cf-8a41-8d8d515d69f7,e1f19955-0fdb-4bdd-9131-707c165021f0,comprehension,7,10,0.7,263,1,mid,1776761317.0,1776761580.0,2026-04-21 08:53:00.344+00,2026-04-21 08:53:01.364663+00,4,5,5,easy,Detail Recall,25,,False,0,0,1,0,11,21.0,21.0,1776761338.0,1776761338.0,ESTIMATE_ONLY_inter_question_gaps_unknown
f45b721a-b776-41cf-8a41-8d8d515d69f7,e1f19955-0fdb-4bdd-9131-707c165021f0,comprehension,7,10,0.7,263,1,mid,1776761317.0,1776761580.0,2026-04-21 08:53:00.344+00,2026-04-21 08:53:01.364663+00,5,6,6,easy,Fact Extraction,25,,True,0,1,0,0,4,32.0,32.0,1776761349.0,1776761349.0,ESTIMATE_ONLY_reading_phase_duration_unknown
f45b721a-b776-41cf-8a41-8d8d515d69f7,e1f19955-0fdb-4bdd-9131-707c165021f0,comprehension,7,10,0.7,263,1,mid,1776761317.0,1776761580.0,2026-04-21 08:53:00.344+00,2026-04-21 08:53:01.364663+00,6,7,7,easy,Detail Recall,25,,False,0,2,0,0,6,36.0,36.0,1776761353.0,1776761353.0,ESTIMATE_ONLY_inter_question_gaps_unknown
f45b721a-b776-41cf-8a41-8d8d515d69f7,e1f19955-0fdb-4bdd-9131-707c165021f0,comprehension,7,10,0.7,263,1,mid,1776761317.0,1776761580.0,2026-04-21 08:53:00.344+00,2026-04-21 08:53:01.364663+00,7,8,8,medium,Detail Recall,25,,False,0,0,1,0,9,42.0,42.0,1776761359.0,1776761359.0,ESTIMATE_ONLY_inter_question_gaps_unknown
f45b721a-b776-41cf-8a41-8d8d515d69f7,e1f19955-0fdb-4bdd-9131-707c165021f0,comprehension,7,10,0.7,263,1,mid,1776761317.0,1776761580.0,2026-04-21 08:53:00.344+00,2026-04-21 08:53:01.364663+00,8,9,9,medium,Inference,25,,False,1,1,1,0,10,51.0,51.0,1776761368.0,1776761368.0,ESTIMATE_ONLY_inter_question_gaps_unknown
f45b721a-b776-41cf-8a41-8d8d515d69f7,e1f19955-0fdb-4bdd-9131-707c165021f0,comprehension,7,10,0.7,263,1,mid,1776761317.0,1776761580.0,2026-04-21 08:53:00.344+00,2026-04-21 08:53:01.364663+00,9,10,10,easy,Fact Extraction,25,,False,1,1,1,0,12,61.0,61.0,1776761378.0,1776761378.0,ESTIMATE_ONLY_inter_question_gaps_unknown
f48f7a0a-9030-46ef-a61b-04111e15e2fe,ad1b69f4-c7df-4d3a-bc43-55840a73478f,attention,7,10,0.7,101,1,mid,1777459675.0,1777459776.0,2026-04-29 10:49:36.756+00,2026-04-29 10:49:37.650208+00,0,1,1,easy,Oddball Detection,8,5,False,2,2,1,0,4,0.0,5.0,1777459675.0,1777459680.0,ESTIMATE_ONLY_inter_question_gaps_unknown
f48f7a0a-9030-46ef-a61b-04111e15e2fe,ad1b69f4-c7df-4d3a-bc43-55840a73478f,attention,7,10,0.7,101,1,mid,1777459675.0,1777459776.0,2026-04-29 10:49:36.756+00,2026-04-29 10:49:37.650208+00,1,2,2,easy,Count Target,8,5,False,0,0,1,0,4,9.0,14.0,1777459684.0,1777459689.0,ESTIMATE_ONLY_inter_question_gaps_unknown
f48f7a0a-9030-46ef-a61b-04111e15e2fe,ad1b69f4-c7df-4d3a-bc43-55840a73478f,attention,7,10,0.7,101,1,mid,1777459675.0,1777459776.0,2026-04-29 10:49:36.756+00,2026-04-29 10:49:37.650208+00,2,3,3,easy,Pattern Break,8,5,False,2,2,1,0,4,18.0,23.0,1777459693.0,1777459698.0,ESTIMATE_ONLY_inter_question_gaps_unknown
f48f7a0a-9030-46ef-a61b-04111e15e2fe,ad1b69f4-c7df-4d3a-bc43-55840a73478f,attention,7,10,0.7,101,1,mid,1777459675.0,1777459776.0,2026-04-29 10:49:36.756+00,2026-04-29 10:49:37.650208+00,3,4,4,easy,Position Detect,8,5,False,1,1,1,0,6,27.0,32.0,1777459702.0,1777459707.0,ESTIMATE_ONLY_inter_question_gaps_unknown
f48f7a0a-9030-46ef-a61b-04111e15e2fe,ad1b69f4-c7df-4d3a-bc43-55840a73478f,attention,7,10,0.7,101,1,mid,1777459675.0,1777459776.0,2026-04-29 10:49:36.756+00,2026-04-29 10:49:37.650208+00,4,5,5,medium,Rule Violation,10,6,False,2,2,1,0,2,38.0,44.0,1777459713.0,1777459719.0,ESTIMATE_ONLY_inter_question_gaps_unknown
f48f7a0a-9030-46ef-a61b-04111e15e2fe,ad1b69f4-c7df-4d3a-bc43-55840a73478f,attention,7,10,0.7,101,1,mid,1777459675.0,1777459776.0,2026-04-29 10:49:36.756+00,2026-04-29 10:49:37.650208+00,5,6,6,medium,Count Target,10,6,False,1,0,0,0,9,46.0,52.0,1777459721.0,1777459727.0,ESTIMATE_ONLY_inter_question_gaps_unknown
f48f7a0a-9030-46ef-a61b-04111e15e2fe,ad1b69f4-c7df-4d3a-bc43-55840a73478f,attention,7,10,0.7,101,1,mid,1777459675.0,1777459776.0,2026-04-29 10:49:36.756+00,2026-04-29 10:49:37.650208+00,6,7,7,medium,Count Target,10,6,False,0,2,0,0,5,61.0,67.0,1777459736.0,1777459742.0,ESTIMATE_ONLY_inter_question_gaps_unknown
f48f7a0a-9030-46ef-a61b-04111e15e2fe,ad1b69f4-c7df-4d3a-bc43-55840a73478f,attention,7,10,0.7,101,1,mid,1777459675.0,1777459776.0,2026-04-29 10:49:36.756+00,2026-04-29 10:49:37.650208+00,7,8,8,hard,Count Target,12,7,False,1,2,0,0,5,72.0,79.0,1777459747.0,1777459754.0,ESTIMATE_ONLY_inter_question_gaps_unknown
f48f7a0a-9030-46ef-a61b-04111e15e2fe,ad1b69f4-c7df-4d3a-bc43-55840a73478f,attention,7,10,0.7,101,1,mid,1777459675.0,1777459776.0,2026-04-29 10:49:36.756+00,2026-04-29 10:49:37.650208+00,8,9,9,hard,Rule Violation,12,7,False,2,2,1,0,5,84.0,91.0,1777459759.0,1777459766.0,ESTIMATE_ONLY_inter_question_gaps_unknown
f48f7a0a-9030-46ef-a61b-04111e15e2fe,ad1b69f4-c7df-4d3a-bc43-55840a73478f,attention,7,10,0.7,101,1,mid,1777459675.0,1777459776.0,2026-04-29 10:49:36.756+00,2026-04-29 10:49:37.650208+00,9,10,10,hard,Pattern Break,12,7,False,2,2,1,0,3,96.0,103.0,1777459771.0,1777459778.0,ESTIMATE_ONLY_inter_question_gaps_unknown
f4a8d69f-4d6a-41ff-add4-d890b254a304,3cebc90b-7bb9-4438-bb6d-00b1b897bdf9,comprehension,9,10,0.9,68,1,high,1777544270.0,1777544338.0,2026-04-30 10:18:58.255+00,2026-04-30 10:18:58.654563+00,0,1,1,easy,Fact Extraction,25,,True,0,0,1,0,3,0.0,0.0,1777544270.0,1777544270.0,ESTIMATE_ONLY_reading_phase_duration_unknown
f4a8d69f-4d6a-41ff-add4-d890b254a304,3cebc90b-7bb9-4438-bb6d-00b1b897bdf9,comprehension,9,10,0.9,68,1,high,1777544270.0,1777544338.0,2026-04-30 10:18:58.255+00,2026-04-30 10:18:58.654563+00,1,2,2,medium,Detail Recall,25,,False,0,0,1,0,1,3.0,3.0,1777544273.0,1777544273.0,ESTIMATE_ONLY_inter_question_gaps_unknown
f4a8d69f-4d6a-41ff-add4-d890b254a304,3cebc90b-7bb9-4438-bb6d-00b1b897bdf9,comprehension,9,10,0.9,68,1,high,1777544270.0,1777544338.0,2026-04-30 10:18:58.255+00,2026-04-30 10:18:58.654563+00,2,3,3,easy,Fact Extraction,25,,False,0,0,1,0,3,4.0,4.0,1777544274.0,1777544274.0,ESTIMATE_ONLY_inter_question_gaps_unknown
f4a8d69f-4d6a-41ff-add4-d890b254a304,3cebc90b-7bb9-4438-bb6d-00b1b897bdf9,comprehension,9,10,0.9,68,1,high,1777544270.0,1777544338.0,2026-04-30 10:18:58.255+00,2026-04-30 10:18:58.654563+00,3,4,4,medium,Inference,25,,False,1,1,1,0,3,7.0,7.0,1777544277.0,1777544277.0,ESTIMATE_ONLY_inter_question_gaps_unknown
f4a8d69f-4d6a-41ff-add4-d890b254a304,3cebc90b-7bb9-4438-bb6d-00b1b897bdf9,comprehension,9,10,0.9,68,1,high,1777544270.0,1777544338.0,2026-04-30 10:18:58.255+00,2026-04-30 10:18:58.654563+00,4,5,5,easy,Detail Recall,25,,False,0,0,1,0,4,10.0,10.0,1777544280.0,1777544280.0,ESTIMATE_ONLY_inter_question_gaps_unknown
f4a8d69f-4d6a-41ff-add4-d890b254a304,3cebc90b-7bb9-4438-bb6d-00b1b897bdf9,comprehension,9,10,0.9,68,1,high,1777544270.0,1777544338.0,2026-04-30 10:18:58.255+00,2026-04-30 10:18:58.654563+00,5,6,6,easy,Fact Extraction,25,,True,2,1,0,0,2,14.0,14.0,1777544284.0,1777544284.0,ESTIMATE_ONLY_reading_phase_duration_unknown
f4a8d69f-4d6a-41ff-add4-d890b254a304,3cebc90b-7bb9-4438-bb6d-00b1b897bdf9,comprehension,9,10,0.9,68,1,high,1777544270.0,1777544338.0,2026-04-30 10:18:58.255+00,2026-04-30 10:18:58.654563+00,6,7,7,easy,Detail Recall,25,,False,2,2,1,0,3,16.0,16.0,1777544286.0,1777544286.0,ESTIMATE_ONLY_inter_question_gaps_unknown
f4a8d69f-4d6a-41ff-add4-d890b254a304,3cebc90b-7bb9-4438-bb6d-00b1b897bdf9,comprehension,9,10,0.9,68,1,high,1777544270.0,1777544338.0,2026-04-30 10:18:58.255+00,2026-04-30 10:18:58.654563+00,7,8,8,medium,Detail Recall,25,,False,0,0,1,0,3,19.0,19.0,1777544289.0,1777544289.0,ESTIMATE_ONLY_inter_question_gaps_unknown
f4a8d69f-4d6a-41ff-add4-d890b254a304,3cebc90b-7bb9-4438-bb6d-00b1b897bdf9,comprehension,9,10,0.9,68,1,high,1777544270.0,1777544338.0,2026-04-30 10:18:58.255+00,2026-04-30 10:18:58.654563+00,8,9,9,medium,Inference,25,,False,1,1,1,0,5,22.0,22.0,1777544292.0,1777544292.0,ESTIMATE_ONLY_inter_question_gaps_unknown
f4a8d69f-4d6a-41ff-add4-d890b254a304,3cebc90b-7bb9-4438-bb6d-00b1b897bdf9,comprehension,9,10,0.9,68,1,high,1777544270.0,1777544338.0,2026-04-30 10:18:58.255+00,2026-04-30 10:18:58.654563+00,9,10,10,easy,Fact Extraction,25,,False,1,1,1,0,4,27.0,27.0,1777544297.0,1777544297.0,ESTIMATE_ONLY_inter_question_gaps_unknown
f61ad2f6-c0dc-45b6-a28f-be2d0927a284,caa4b854-4eea-4177-a19c-2d0f4929874e,comprehension,10,10,1.0,188,1,high,1776333466.0,1776333654.0,2026-04-16 10:00:54.34+00,2026-04-16 10:00:55.441983+00,0,1,1,easy,Fact Extraction,25,,True,0,0,1,0,3,0.0,0.0,1776333466.0,1776333466.0,ESTIMATE_ONLY_reading_phase_duration_unknown
f61ad2f6-c0dc-45b6-a28f-be2d0927a284,caa4b854-4eea-4177-a19c-2d0f4929874e,comprehension,10,10,1.0,188,1,high,1776333466.0,1776333654.0,2026-04-16 10:00:54.34+00,2026-04-16 10:00:55.441983+00,1,2,2,medium,Detail Recall,25,,False,0,0,1,0,2,3.0,3.0,1776333469.0,1776333469.0,ESTIMATE_ONLY_inter_question_gaps_unknown
f61ad2f6-c0dc-45b6-a28f-be2d0927a284,caa4b854-4eea-4177-a19c-2d0f4929874e,comprehension,10,10,1.0,188,1,high,1776333466.0,1776333654.0,2026-04-16 10:00:54.34+00,2026-04-16 10:00:55.441983+00,2,3,3,easy,Fact Extraction,25,,False,0,0,1,0,2,5.0,5.0,1776333471.0,1776333471.0,ESTIMATE_ONLY_inter_question_gaps_unknown
f61ad2f6-c0dc-45b6-a28f-be2d0927a284,caa4b854-4eea-4177-a19c-2d0f4929874e,comprehension,10,10,1.0,188,1,high,1776333466.0,1776333654.0,2026-04-16 10:00:54.34+00,2026-04-16 10:00:55.441983+00,3,4,4,medium,Inference,25,,False,1,1,1,0,3,7.0,7.0,1776333473.0,1776333473.0,ESTIMATE_ONLY_inter_question_gaps_unknown
f61ad2f6-c0dc-45b6-a28f-be2d0927a284,caa4b854-4eea-4177-a19c-2d0f4929874e,comprehension,10,10,1.0,188,1,high,1776333466.0,1776333654.0,2026-04-16 10:00:54.34+00,2026-04-16 10:00:55.441983+00,4,5,5,easy,Detail Recall,25,,False,0,0,1,0,5,10.0,10.0,1776333476.0,1776333476.0,ESTIMATE_ONLY_inter_question_gaps_unknown
f61ad2f6-c0dc-45b6-a28f-be2d0927a284,caa4b854-4eea-4177-a19c-2d0f4929874e,comprehension,10,10,1.0,188,1,high,1776333466.0,1776333654.0,2026-04-16 10:00:54.34+00,2026-04-16 10:00:55.441983+00,5,6,6,easy,Fact Extraction,25,,True,1,1,1,0,3,15.0,15.0,1776333481.0,1776333481.0,ESTIMATE_ONLY_reading_phase_duration_unknown
f61ad2f6-c0dc-45b6-a28f-be2d0927a284,caa4b854-4eea-4177-a19c-2d0f4929874e,comprehension,10,10,1.0,188,1,high,1776333466.0,1776333654.0,2026-04-16 10:00:54.34+00,2026-04-16 10:00:55.441983+00,6,7,7,easy,Detail Recall,25,,False,2,2,1,0,4,18.0,18.0,1776333484.0,1776333484.0,ESTIMATE_ONLY_inter_question_gaps_unknown
f61ad2f6-c0dc-45b6-a28f-be2d0927a284,caa4b854-4eea-4177-a19c-2d0f4929874e,comprehension,10,10,1.0,188,1,high,1776333466.0,1776333654.0,2026-04-16 10:00:54.34+00,2026-04-16 10:00:55.441983+00,7,8,8,medium,Detail Recall,25,,False,0,0,1,0,4,22.0,22.0,1776333488.0,1776333488.0,ESTIMATE_ONLY_inter_question_gaps_unknown
f61ad2f6-c0dc-45b6-a28f-be2d0927a284,caa4b854-4eea-4177-a19c-2d0f4929874e,comprehension,10,10,1.0,188,1,high,1776333466.0,1776333654.0,2026-04-16 10:00:54.34+00,2026-04-16 10:00:55.441983+00,8,9,9,medium,Inference,25,,False,1,1,1,0,10,26.0,26.0,1776333492.0,1776333492.0,ESTIMATE_ONLY_inter_question_gaps_unknown
f61ad2f6-c0dc-45b6-a28f-be2d0927a284,caa4b854-4eea-4177-a19c-2d0f4929874e,comprehension,10,10,1.0,188,1,high,1776333466.0,1776333654.0,2026-04-16 10:00:54.34+00,2026-04-16 10:00:55.441983+00,9,10,10,easy,Fact Extraction,25,,False,1,1,1,0,5,36.0,36.0,1776333502.0,1776333502.0,ESTIMATE_ONLY_inter_question_gaps_unknown
f7d16fad-888d-46e2-b034-9d6fba8863cb,7aff8ec5-acae-493c-a6b3-9d61b98ba0b4,pattern,5,10,0.5,89,0,mid,1777545379.0,1777545468.0,2026-04-30 10:37:48.23+00,2026-04-30 10:37:48.601354+00,0,1,1,easy,Arithmetic Sequence,15,,False,2,2,1,0,8,0.0,0.0,1777545379.0,1777545379.0,ESTIMATE_ONLY_inter_question_gaps_unknown
f7d16fad-888d-46e2-b034-9d6fba8863cb,7aff8ec5-acae-493c-a6b3-9d61b98ba0b4,pattern,5,10,0.5,89,0,mid,1777545379.0,1777545468.0,2026-04-30 10:37:48.23+00,2026-04-30 10:37:48.601354+00,1,2,2,easy,Arithmetic Sequence,15,,False,0,0,1,0,4,8.0,8.0,1777545387.0,1777545387.0,ESTIMATE_ONLY_inter_question_gaps_unknown
f7d16fad-888d-46e2-b034-9d6fba8863cb,7aff8ec5-acae-493c-a6b3-9d61b98ba0b4,pattern,5,10,0.5,89,0,mid,1777545379.0,1777545468.0,2026-04-30 10:37:48.23+00,2026-04-30 10:37:48.601354+00,2,3,3,easy,Odd Numbers,15,,False,1,1,1,0,4,12.0,12.0,1777545391.0,1777545391.0,ESTIMATE_ONLY_inter_question_gaps_unknown
f7d16fad-888d-46e2-b034-9d6fba8863cb,7aff8ec5-acae-493c-a6b3-9d61b98ba0b4,pattern,5,10,0.5,89,0,mid,1777545379.0,1777545468.0,2026-04-30 10:37:48.23+00,2026-04-30 10:37:48.601354+00,3,4,4,easy,Decreasing Sequence,15,,False,2,2,1,0,6,16.0,16.0,1777545395.0,1777545395.0,ESTIMATE_ONLY_inter_question_gaps_unknown
f7d16fad-888d-46e2-b034-9d6fba8863cb,7aff8ec5-acae-493c-a6b3-9d61b98ba0b4,pattern,5,10,0.5,89,0,mid,1777545379.0,1777545468.0,2026-04-30 10:37:48.23+00,2026-04-30 10:37:48.601354+00,4,5,5,medium,Perfect Squares,20,,False,1,2,0,0,13,22.0,22.0,1777545401.0,1777545401.0,ESTIMATE_ONLY_inter_question_gaps_unknown
f7d16fad-888d-46e2-b034-9d6fba8863cb,7aff8ec5-acae-493c-a6b3-9d61b98ba0b4,pattern,5,10,0.5,89,0,mid,1777545379.0,1777545468.0,2026-04-30 10:37:48.23+00,2026-04-30 10:37:48.601354+00,5,6,6,medium,Fibonacci,20,,False,0,1,0,0,19,35.0,35.0,1777545414.0,1777545414.0,ESTIMATE_ONLY_inter_question_gaps_unknown
f7d16fad-888d-46e2-b034-9d6fba8863cb,7aff8ec5-acae-493c-a6b3-9d61b98ba0b4,pattern,5,10,0.5,89,0,mid,1777545379.0,1777545468.0,2026-04-30 10:37:48.23+00,2026-04-30 10:37:48.601354+00,6,7,7,medium,Perfect Cubes,20,,False,1,2,0,0,10,54.0,54.0,1777545433.0,1777545433.0,ESTIMATE_ONLY_inter_question_gaps_unknown
f7d16fad-888d-46e2-b034-9d6fba8863cb,7aff8ec5-acae-493c-a6b3-9d61b98ba0b4,pattern,5,10,0.5,89,0,mid,1777545379.0,1777545468.0,2026-04-30 10:37:48.23+00,2026-04-30 10:37:48.601354+00,7,8,8,hard,Triangular Differences,30,,False,0,2,0,0,15,64.0,64.0,1777545443.0,1777545443.0,ESTIMATE_ONLY_inter_question_gaps_unknown
f7d16fad-888d-46e2-b034-9d6fba8863cb,7aff8ec5-acae-493c-a6b3-9d61b98ba0b4,pattern,5,10,0.5,89,0,mid,1777545379.0,1777545468.0,2026-04-30 10:37:48.23+00,2026-04-30 10:37:48.601354+00,8,9,9,hard,Squares,30,,False,2,0,0,0,7,79.0,79.0,1777545458.0,1777545458.0,ESTIMATE_ONLY_inter_question_gaps_unknown
f7d16fad-888d-46e2-b034-9d6fba8863cb,7aff8ec5-acae-493c-a6b3-9d61b98ba0b4,pattern,5,10,0.5,89,0,mid,1777545379.0,1777545468.0,2026-04-30 10:37:48.23+00,2026-04-30 10:37:48.601354+00,9,10,10,hard,n(n+1),30,,False,0,0,1,0,12,86.0,86.0,1777545465.0,1777545465.0,ESTIMATE_ONLY_inter_question_gaps_unknown
f7dad25b-4a44-47d1-aac6-cd288fcffebb,038c88b9-98c6-4009-810c-b905483f4baf,arithmetic,4,10,0.4,68,0,low,1776850604.0,1776850672.0,2026-04-22 09:37:52.69+00,2026-04-22 09:37:53.624229+00,0,1,1,easy,Addition,15,,False,0,0,1,0,3,0.0,0.0,1776850604.0,1776850604.0,ESTIMATE_ONLY_inter_question_gaps_unknown
f7dad25b-4a44-47d1-aac6-cd288fcffebb,038c88b9-98c6-4009-810c-b905483f4baf,arithmetic,4,10,0.4,68,0,low,1776850604.0,1776850672.0,2026-04-22 09:37:52.69+00,2026-04-22 09:37:53.624229+00,1,2,2,easy,Division,15,,False,2,2,1,0,2,3.0,3.0,1776850607.0,1776850607.0,ESTIMATE_ONLY_inter_question_gaps_unknown
f7dad25b-4a44-47d1-aac6-cd288fcffebb,038c88b9-98c6-4009-810c-b905483f4baf,arithmetic,4,10,0.4,68,0,low,1776850604.0,1776850672.0,2026-04-22 09:37:52.69+00,2026-04-22 09:37:53.624229+00,2,3,3,easy,Addition,15,,False,0,0,1,0,5,5.0,5.0,1776850609.0,1776850609.0,ESTIMATE_ONLY_inter_question_gaps_unknown
f7dad25b-4a44-47d1-aac6-cd288fcffebb,038c88b9-98c6-4009-810c-b905483f4baf,arithmetic,4,10,0.4,68,0,low,1776850604.0,1776850672.0,2026-04-22 09:37:52.69+00,2026-04-22 09:37:53.624229+00,3,4,4,easy,Subtraction,15,,False,1,0,0,0,7,10.0,10.0,1776850614.0,1776850614.0,ESTIMATE_ONLY_inter_question_gaps_unknown
f7dad25b-4a44-47d1-aac6-cd288fcffebb,038c88b9-98c6-4009-810c-b905483f4baf,arithmetic,4,10,0.4,68,0,low,1776850604.0,1776850672.0,2026-04-22 09:37:52.69+00,2026-04-22 09:37:53.624229+00,4,5,5,medium,Addition,20,,False,2,2,1,0,10,17.0,17.0,1776850621.0,1776850621.0,ESTIMATE_ONLY_inter_question_gaps_unknown
f7dad25b-4a44-47d1-aac6-cd288fcffebb,038c88b9-98c6-4009-810c-b905483f4baf,arithmetic,4,10,0.4,68,0,low,1776850604.0,1776850672.0,2026-04-22 09:37:52.69+00,2026-04-22 09:37:53.624229+00,5,6,6,medium,Multiplication,20,,False,1,0,0,0,9,27.0,27.0,1776850631.0,1776850631.0,ESTIMATE_ONLY_inter_question_gaps_unknown
f7dad25b-4a44-47d1-aac6-cd288fcffebb,038c88b9-98c6-4009-810c-b905483f4baf,arithmetic,4,10,0.4,68,0,low,1776850604.0,1776850672.0,2026-04-22 09:37:52.69+00,2026-04-22 09:37:53.624229+00,6,7,7,medium,Division,20,,False,0,1,0,0,6,36.0,36.0,1776850640.0,1776850640.0,ESTIMATE_ONLY_inter_question_gaps_unknown
f7dad25b-4a44-47d1-aac6-cd288fcffebb,038c88b9-98c6-4009-810c-b905483f4baf,arithmetic,4,10,0.4,68,0,low,1776850604.0,1776850672.0,2026-04-22 09:37:52.69+00,2026-04-22 09:37:53.624229+00,7,8,8,hard,Percentage,30,,False,1,2,0,0,6,42.0,42.0,1776850646.0,1776850646.0,ESTIMATE_ONLY_inter_question_gaps_unknown
f7dad25b-4a44-47d1-aac6-cd288fcffebb,038c88b9-98c6-4009-810c-b905483f4baf,arithmetic,4,10,0.4,68,0,low,1776850604.0,1776850672.0,2026-04-22 09:37:52.69+00,2026-04-22 09:37:53.624229+00,8,9,9,hard,Multiplication,30,,False,1,0,0,0,5,48.0,48.0,1776850652.0,1776850652.0,ESTIMATE_ONLY_inter_question_gaps_unknown
f7dad25b-4a44-47d1-aac6-cd288fcffebb,038c88b9-98c6-4009-810c-b905483f4baf,arithmetic,4,10,0.4,68,0,low,1776850604.0,1776850672.0,2026-04-22 09:37:52.69+00,2026-04-22 09:37:53.624229+00,9,10,10,hard,Multi-step,30,,False,2,1,0,0,23,53.0,53.0,1776850657.0,1776850657.0,ESTIMATE_ONLY_inter_question_gaps_unknown
f7e72d34-7d15-430f-ad77-55210dd27d69,4b00bcd7-936b-42d2-99b5-c0b8b78272c9,attention,7,10,0.7,116,1,mid,1776330629.0,1776330745.0,2026-04-16 09:12:25.405+00,2026-04-16 09:12:39.357279+00,0,1,1,easy,Oddball Detection,8,5,False,2,2,1,0,5,0.0,5.0,1776330629.0,1776330634.0,ESTIMATE_ONLY_inter_question_gaps_unknown
f7e72d34-7d15-430f-ad77-55210dd27d69,4b00bcd7-936b-42d2-99b5-c0b8b78272c9,attention,7,10,0.7,116,1,mid,1776330629.0,1776330745.0,2026-04-16 09:12:25.405+00,2026-04-16 09:12:39.357279+00,1,2,2,easy,Count Target,8,5,False,0,0,1,0,4,10.0,15.0,1776330639.0,1776330644.0,ESTIMATE_ONLY_inter_question_gaps_unknown
f7e72d34-7d15-430f-ad77-55210dd27d69,4b00bcd7-936b-42d2-99b5-c0b8b78272c9,attention,7,10,0.7,116,1,mid,1776330629.0,1776330745.0,2026-04-16 09:12:25.405+00,2026-04-16 09:12:39.357279+00,2,3,3,easy,Pattern Break,8,5,False,2,2,1,0,5,19.0,24.0,1776330648.0,1776330653.0,ESTIMATE_ONLY_inter_question_gaps_unknown
f7e72d34-7d15-430f-ad77-55210dd27d69,4b00bcd7-936b-42d2-99b5-c0b8b78272c9,attention,7,10,0.7,116,1,mid,1776330629.0,1776330745.0,2026-04-16 09:12:25.405+00,2026-04-16 09:12:39.357279+00,3,4,4,easy,Position Detect,8,5,False,2,1,0,0,6,29.0,34.0,1776330658.0,1776330663.0,ESTIMATE_ONLY_inter_question_gaps_unknown
f7e72d34-7d15-430f-ad77-55210dd27d69,4b00bcd7-936b-42d2-99b5-c0b8b78272c9,attention,7,10,0.7,116,1,mid,1776330629.0,1776330745.0,2026-04-16 09:12:25.405+00,2026-04-16 09:12:39.357279+00,4,5,5,medium,Rule Violation,10,6,False,2,2,1,0,9,40.0,46.0,1776330669.0,1776330675.0,ESTIMATE_ONLY_inter_question_gaps_unknown
f7e72d34-7d15-430f-ad77-55210dd27d69,4b00bcd7-936b-42d2-99b5-c0b8b78272c9,attention,7,10,0.7,116,1,mid,1776330629.0,1776330745.0,2026-04-16 09:12:25.405+00,2026-04-16 09:12:39.357279+00,5,6,6,medium,Count Target,10,6,False,2,0,0,0,6,55.0,61.0,1776330684.0,1776330690.0,ESTIMATE_ONLY_inter_question_gaps_unknown
f7e72d34-7d15-430f-ad77-55210dd27d69,4b00bcd7-936b-42d2-99b5-c0b8b78272c9,attention,7,10,0.7,116,1,mid,1776330629.0,1776330745.0,2026-04-16 09:12:25.405+00,2026-04-16 09:12:39.357279+00,6,7,7,medium,Count Target,10,6,False,2,2,1,0,7,67.0,73.0,1776330696.0,1776330702.0,ESTIMATE_ONLY_inter_question_gaps_unknown
f7e72d34-7d15-430f-ad77-55210dd27d69,4b00bcd7-936b-42d2-99b5-c0b8b78272c9,attention,7,10,0.7,116,1,mid,1776330629.0,1776330745.0,2026-04-16 09:12:25.405+00,2026-04-16 09:12:39.357279+00,7,8,8,hard,Count Target,12,7,False,1,2,0,0,4,80.0,87.0,1776330709.0,1776330716.0,ESTIMATE_ONLY_inter_question_gaps_unknown
f7e72d34-7d15-430f-ad77-55210dd27d69,4b00bcd7-936b-42d2-99b5-c0b8b78272c9,attention,7,10,0.7,116,1,mid,1776330629.0,1776330745.0,2026-04-16 09:12:25.405+00,2026-04-16 09:12:39.357279+00,8,9,9,hard,Rule Violation,12,7,False,2,2,1,0,8,91.0,98.0,1776330720.0,1776330727.0,ESTIMATE_ONLY_inter_question_gaps_unknown
f7e72d34-7d15-430f-ad77-55210dd27d69,4b00bcd7-936b-42d2-99b5-c0b8b78272c9,attention,7,10,0.7,116,1,mid,1776330629.0,1776330745.0,2026-04-16 09:12:25.405+00,2026-04-16 09:12:39.357279+00,9,10,10,hard,Pattern Break,12,7,False,2,2,1,0,6,106.0,113.0,1776330735.0,1776330742.0,ESTIMATE_ONLY_inter_question_gaps_unknown
f8ab7cb4-cf5e-4631-95d8-ed90493929b0,d103eb77-fd3d-4b89-83f1-4f34ec8d6123,pattern,9,10,0.9,76,1,high,1776418532.0,1776418608.0,2026-04-17 09:36:48.415+00,2026-04-17 09:36:49.498821+00,0,1,1,easy,Arithmetic Sequence,15,,False,2,2,1,0,3,0.0,0.0,1776418532.0,1776418532.0,ESTIMATE_ONLY_inter_question_gaps_unknown
f8ab7cb4-cf5e-4631-95d8-ed90493929b0,d103eb77-fd3d-4b89-83f1-4f34ec8d6123,pattern,9,10,0.9,76,1,high,1776418532.0,1776418608.0,2026-04-17 09:36:48.415+00,2026-04-17 09:36:49.498821+00,1,2,2,easy,Arithmetic Sequence,15,,False,0,0,1,0,3,3.0,3.0,1776418535.0,1776418535.0,ESTIMATE_ONLY_inter_question_gaps_unknown
f8ab7cb4-cf5e-4631-95d8-ed90493929b0,d103eb77-fd3d-4b89-83f1-4f34ec8d6123,pattern,9,10,0.9,76,1,high,1776418532.0,1776418608.0,2026-04-17 09:36:48.415+00,2026-04-17 09:36:49.498821+00,2,3,3,easy,Odd Numbers,15,,False,1,1,1,0,3,6.0,6.0,1776418538.0,1776418538.0,ESTIMATE_ONLY_inter_question_gaps_unknown
f8ab7cb4-cf5e-4631-95d8-ed90493929b0,d103eb77-fd3d-4b89-83f1-4f34ec8d6123,pattern,9,10,0.9,76,1,high,1776418532.0,1776418608.0,2026-04-17 09:36:48.415+00,2026-04-17 09:36:49.498821+00,3,4,4,easy,Decreasing Sequence,15,,False,2,2,1,0,3,9.0,9.0,1776418541.0,1776418541.0,ESTIMATE_ONLY_inter_question_gaps_unknown
f8ab7cb4-cf5e-4631-95d8-ed90493929b0,d103eb77-fd3d-4b89-83f1-4f34ec8d6123,pattern,9,10,0.9,76,1,high,1776418532.0,1776418608.0,2026-04-17 09:36:48.415+00,2026-04-17 09:36:49.498821+00,4,5,5,medium,Perfect Squares,20,,False,2,2,1,0,6,12.0,12.0,1776418544.0,1776418544.0,ESTIMATE_ONLY_inter_question_gaps_unknown
f8ab7cb4-cf5e-4631-95d8-ed90493929b0,d103eb77-fd3d-4b89-83f1-4f34ec8d6123,pattern,9,10,0.9,76,1,high,1776418532.0,1776418608.0,2026-04-17 09:36:48.415+00,2026-04-17 09:36:49.498821+00,5,6,6,medium,Fibonacci,20,,False,1,1,1,0,9,18.0,18.0,1776418550.0,1776418550.0,ESTIMATE_ONLY_inter_question_gaps_unknown
f8ab7cb4-cf5e-4631-95d8-ed90493929b0,d103eb77-fd3d-4b89-83f1-4f34ec8d6123,pattern,9,10,0.9,76,1,high,1776418532.0,1776418608.0,2026-04-17 09:36:48.415+00,2026-04-17 09:36:49.498821+00,6,7,7,medium,Perfect Cubes,20,,False,2,2,1,0,12,27.0,27.0,1776418559.0,1776418559.0,ESTIMATE_ONLY_inter_question_gaps_unknown
f8ab7cb4-cf5e-4631-95d8-ed90493929b0,d103eb77-fd3d-4b89-83f1-4f34ec8d6123,pattern,9,10,0.9,76,1,high,1776418532.0,1776418608.0,2026-04-17 09:36:48.415+00,2026-04-17 09:36:49.498821+00,7,8,8,hard,Triangular Differences,30,,False,0,2,0,0,26,39.0,39.0,1776418571.0,1776418571.0,ESTIMATE_ONLY_inter_question_gaps_unknown
f8ab7cb4-cf5e-4631-95d8-ed90493929b0,d103eb77-fd3d-4b89-83f1-4f34ec8d6123,pattern,9,10,0.9,76,1,high,1776418532.0,1776418608.0,2026-04-17 09:36:48.415+00,2026-04-17 09:36:49.498821+00,8,9,9,hard,Squares,30,,False,0,0,1,0,6,65.0,65.0,1776418597.0,1776418597.0,ESTIMATE_ONLY_inter_question_gaps_unknown
f8ab7cb4-cf5e-4631-95d8-ed90493929b0,d103eb77-fd3d-4b89-83f1-4f34ec8d6123,pattern,9,10,0.9,76,1,high,1776418532.0,1776418608.0,2026-04-17 09:36:48.415+00,2026-04-17 09:36:49.498821+00,9,10,10,hard,n(n+1),30,,False,0,0,1,0,11,71.0,71.0,1776418603.0,1776418603.0,ESTIMATE_ONLY_inter_question_gaps_unknown
f8b53e6c-1bc3-42c0-a914-a05698a72b1b,4b00bcd7-936b-42d2-99b5-c0b8b78272c9,comprehension,10,10,1.0,198,1,high,1776330392.0,1776330590.0,2026-04-16 09:09:50.855+00,2026-04-16 09:09:59.582326+00,0,1,1,easy,Fact Extraction,25,,True,0,0,1,0,6,0.0,0.0,1776330392.0,1776330392.0,ESTIMATE_ONLY_reading_phase_duration_unknown
f8b53e6c-1bc3-42c0-a914-a05698a72b1b,4b00bcd7-936b-42d2-99b5-c0b8b78272c9,comprehension,10,10,1.0,198,1,high,1776330392.0,1776330590.0,2026-04-16 09:09:50.855+00,2026-04-16 09:09:59.582326+00,1,2,2,medium,Detail Recall,25,,False,0,0,1,0,8,6.0,6.0,1776330398.0,1776330398.0,ESTIMATE_ONLY_inter_question_gaps_unknown
f8b53e6c-1bc3-42c0-a914-a05698a72b1b,4b00bcd7-936b-42d2-99b5-c0b8b78272c9,comprehension,10,10,1.0,198,1,high,1776330392.0,1776330590.0,2026-04-16 09:09:50.855+00,2026-04-16 09:09:59.582326+00,2,3,3,easy,Fact Extraction,25,,False,0,0,1,0,7,14.0,14.0,1776330406.0,1776330406.0,ESTIMATE_ONLY_inter_question_gaps_unknown
f8b53e6c-1bc3-42c0-a914-a05698a72b1b,4b00bcd7-936b-42d2-99b5-c0b8b78272c9,comprehension,10,10,1.0,198,1,high,1776330392.0,1776330590.0,2026-04-16 09:09:50.855+00,2026-04-16 09:09:59.582326+00,3,4,4,medium,Inference,25,,False,1,1,1,0,7,21.0,21.0,1776330413.0,1776330413.0,ESTIMATE_ONLY_inter_question_gaps_unknown
f8b53e6c-1bc3-42c0-a914-a05698a72b1b,4b00bcd7-936b-42d2-99b5-c0b8b78272c9,comprehension,10,10,1.0,198,1,high,1776330392.0,1776330590.0,2026-04-16 09:09:50.855+00,2026-04-16 09:09:59.582326+00,4,5,5,easy,Detail Recall,25,,False,0,0,1,0,8,28.0,28.0,1776330420.0,1776330420.0,ESTIMATE_ONLY_inter_question_gaps_unknown
f8b53e6c-1bc3-42c0-a914-a05698a72b1b,4b00bcd7-936b-42d2-99b5-c0b8b78272c9,comprehension,10,10,1.0,198,1,high,1776330392.0,1776330590.0,2026-04-16 09:09:50.855+00,2026-04-16 09:09:59.582326+00,5,6,6,easy,Fact Extraction,25,,True,1,1,1,0,5,36.0,36.0,1776330428.0,1776330428.0,ESTIMATE_ONLY_reading_phase_duration_unknown
f8b53e6c-1bc3-42c0-a914-a05698a72b1b,4b00bcd7-936b-42d2-99b5-c0b8b78272c9,comprehension,10,10,1.0,198,1,high,1776330392.0,1776330590.0,2026-04-16 09:09:50.855+00,2026-04-16 09:09:59.582326+00,6,7,7,easy,Detail Recall,25,,False,2,2,1,0,6,41.0,41.0,1776330433.0,1776330433.0,ESTIMATE_ONLY_inter_question_gaps_unknown
f8b53e6c-1bc3-42c0-a914-a05698a72b1b,4b00bcd7-936b-42d2-99b5-c0b8b78272c9,comprehension,10,10,1.0,198,1,high,1776330392.0,1776330590.0,2026-04-16 09:09:50.855+00,2026-04-16 09:09:59.582326+00,7,8,8,medium,Detail Recall,25,,False,0,0,1,0,6,47.0,47.0,1776330439.0,1776330439.0,ESTIMATE_ONLY_inter_question_gaps_unknown
f8b53e6c-1bc3-42c0-a914-a05698a72b1b,4b00bcd7-936b-42d2-99b5-c0b8b78272c9,comprehension,10,10,1.0,198,1,high,1776330392.0,1776330590.0,2026-04-16 09:09:50.855+00,2026-04-16 09:09:59.582326+00,8,9,9,medium,Inference,25,,False,1,1,1,0,7,53.0,53.0,1776330445.0,1776330445.0,ESTIMATE_ONLY_inter_question_gaps_unknown
f8b53e6c-1bc3-42c0-a914-a05698a72b1b,4b00bcd7-936b-42d2-99b5-c0b8b78272c9,comprehension,10,10,1.0,198,1,high,1776330392.0,1776330590.0,2026-04-16 09:09:50.855+00,2026-04-16 09:09:59.582326+00,9,10,10,easy,Fact Extraction,25,,False,1,1,1,0,8,60.0,60.0,1776330452.0,1776330452.0,ESTIMATE_ONLY_inter_question_gaps_unknown
f8b6ceab-a29d-4a4d-9430-c1c4f09b62ee,15f6773b-607d-4409-a94f-78d24eac8e34,attention,6,10,0.6,90,0,mid,1776332051.0,1776332141.0,2026-04-16 09:35:41.968+00,2026-04-16 09:35:42.909989+00,0,1,1,easy,Oddball Detection,8,5,False,2,2,1,0,3,0.0,5.0,1776332051.0,1776332056.0,ESTIMATE_ONLY_inter_question_gaps_unknown
f8b6ceab-a29d-4a4d-9430-c1c4f09b62ee,15f6773b-607d-4409-a94f-78d24eac8e34,attention,6,10,0.6,90,0,mid,1776332051.0,1776332141.0,2026-04-16 09:35:41.968+00,2026-04-16 09:35:42.909989+00,1,2,2,easy,Count Target,8,5,False,0,0,1,0,3,8.0,13.0,1776332059.0,1776332064.0,ESTIMATE_ONLY_inter_question_gaps_unknown
f8b6ceab-a29d-4a4d-9430-c1c4f09b62ee,15f6773b-607d-4409-a94f-78d24eac8e34,attention,6,10,0.6,90,0,mid,1776332051.0,1776332141.0,2026-04-16 09:35:41.968+00,2026-04-16 09:35:42.909989+00,2,3,3,easy,Pattern Break,8,5,False,1,2,0,0,7,16.0,21.0,1776332067.0,1776332072.0,ESTIMATE_ONLY_inter_question_gaps_unknown
f8b6ceab-a29d-4a4d-9430-c1c4f09b62ee,15f6773b-607d-4409-a94f-78d24eac8e34,attention,6,10,0.6,90,0,mid,1776332051.0,1776332141.0,2026-04-16 09:35:41.968+00,2026-04-16 09:35:42.909989+00,3,4,4,easy,Position Detect,8,5,False,1,1,1,0,2,28.0,33.0,1776332079.0,1776332084.0,ESTIMATE_ONLY_inter_question_gaps_unknown
f8b6ceab-a29d-4a4d-9430-c1c4f09b62ee,15f6773b-607d-4409-a94f-78d24eac8e34,attention,6,10,0.6,90,0,mid,1776332051.0,1776332141.0,2026-04-16 09:35:41.968+00,2026-04-16 09:35:42.909989+00,4,5,5,medium,Rule Violation,10,6,False,2,2,1,0,4,35.0,41.0,1776332086.0,1776332092.0,ESTIMATE_ONLY_inter_question_gaps_unknown
f8b6ceab-a29d-4a4d-9430-c1c4f09b62ee,15f6773b-607d-4409-a94f-78d24eac8e34,attention,6,10,0.6,90,0,mid,1776332051.0,1776332141.0,2026-04-16 09:35:41.968+00,2026-04-16 09:35:42.909989+00,5,6,6,medium,Count Target,10,6,False,1,0,0,0,3,45.0,51.0,1776332096.0,1776332102.0,ESTIMATE_ONLY_inter_question_gaps_unknown
f8b6ceab-a29d-4a4d-9430-c1c4f09b62ee,15f6773b-607d-4409-a94f-78d24eac8e34,attention,6,10,0.6,90,0,mid,1776332051.0,1776332141.0,2026-04-16 09:35:41.968+00,2026-04-16 09:35:42.909989+00,6,7,7,medium,Count Target,10,6,False,2,2,1,0,2,54.0,60.0,1776332105.0,1776332111.0,ESTIMATE_ONLY_inter_question_gaps_unknown
f8b6ceab-a29d-4a4d-9430-c1c4f09b62ee,15f6773b-607d-4409-a94f-78d24eac8e34,attention,6,10,0.6,90,0,mid,1776332051.0,1776332141.0,2026-04-16 09:35:41.968+00,2026-04-16 09:35:42.909989+00,7,8,8,hard,Count Target,12,7,False,2,2,1,0,2,62.0,69.0,1776332113.0,1776332120.0,ESTIMATE_ONLY_inter_question_gaps_unknown
f8b6ceab-a29d-4a4d-9430-c1c4f09b62ee,15f6773b-607d-4409-a94f-78d24eac8e34,attention,6,10,0.6,90,0,mid,1776332051.0,1776332141.0,2026-04-16 09:35:41.968+00,2026-04-16 09:35:42.909989+00,8,9,9,hard,Rule Violation,12,7,False,0,2,0,0,6,71.0,78.0,1776332122.0,1776332129.0,ESTIMATE_ONLY_inter_question_gaps_unknown
f8b6ceab-a29d-4a4d-9430-c1c4f09b62ee,15f6773b-607d-4409-a94f-78d24eac8e34,attention,6,10,0.6,90,0,mid,1776332051.0,1776332141.0,2026-04-16 09:35:41.968+00,2026-04-16 09:35:42.909989+00,9,10,10,hard,Pattern Break,12,7,False,1,2,0,0,2,84.0,91.0,1776332135.0,1776332142.0,ESTIMATE_ONLY_inter_question_gaps_unknown
f9340c60-436a-457b-a8ca-1d61be14e3fa,038c88b9-98c6-4009-810c-b905483f4baf,comprehension,8,10,0.8,79,1,high,1776850885.0,1776850964.0,2026-04-22 09:42:44.565+00,2026-04-22 09:42:44.885742+00,0,1,1,easy,Fact Extraction,25,,True,2,0,0,0,3,0.0,0.0,1776850885.0,1776850885.0,ESTIMATE_ONLY_reading_phase_duration_unknown
f9340c60-436a-457b-a8ca-1d61be14e3fa,038c88b9-98c6-4009-810c-b905483f4baf,comprehension,8,10,0.8,79,1,high,1776850885.0,1776850964.0,2026-04-22 09:42:44.565+00,2026-04-22 09:42:44.885742+00,1,2,2,medium,Detail Recall,25,,False,0,0,1,0,2,3.0,3.0,1776850888.0,1776850888.0,ESTIMATE_ONLY_inter_question_gaps_unknown
f9340c60-436a-457b-a8ca-1d61be14e3fa,038c88b9-98c6-4009-810c-b905483f4baf,comprehension,8,10,0.8,79,1,high,1776850885.0,1776850964.0,2026-04-22 09:42:44.565+00,2026-04-22 09:42:44.885742+00,2,3,3,easy,Fact Extraction,25,,False,0,0,1,0,3,5.0,5.0,1776850890.0,1776850890.0,ESTIMATE_ONLY_inter_question_gaps_unknown
f9340c60-436a-457b-a8ca-1d61be14e3fa,038c88b9-98c6-4009-810c-b905483f4baf,comprehension,8,10,0.8,79,1,high,1776850885.0,1776850964.0,2026-04-22 09:42:44.565+00,2026-04-22 09:42:44.885742+00,3,4,4,medium,Inference,25,,False,1,1,1,0,3,8.0,8.0,1776850893.0,1776850893.0,ESTIMATE_ONLY_inter_question_gaps_unknown
f9340c60-436a-457b-a8ca-1d61be14e3fa,038c88b9-98c6-4009-810c-b905483f4baf,comprehension,8,10,0.8,79,1,high,1776850885.0,1776850964.0,2026-04-22 09:42:44.565+00,2026-04-22 09:42:44.885742+00,4,5,5,easy,Detail Recall,25,,False,0,0,1,0,9,11.0,11.0,1776850896.0,1776850896.0,ESTIMATE_ONLY_inter_question_gaps_unknown
f9340c60-436a-457b-a8ca-1d61be14e3fa,038c88b9-98c6-4009-810c-b905483f4baf,comprehension,8,10,0.8,79,1,high,1776850885.0,1776850964.0,2026-04-22 09:42:44.565+00,2026-04-22 09:42:44.885742+00,5,6,6,easy,Fact Extraction,25,,True,1,1,1,0,3,20.0,20.0,1776850905.0,1776850905.0,ESTIMATE_ONLY_reading_phase_duration_unknown
f9340c60-436a-457b-a8ca-1d61be14e3fa,038c88b9-98c6-4009-810c-b905483f4baf,comprehension,8,10,0.8,79,1,high,1776850885.0,1776850964.0,2026-04-22 09:42:44.565+00,2026-04-22 09:42:44.885742+00,6,7,7,easy,Detail Recall,25,,False,0,2,0,0,5,23.0,23.0,1776850908.0,1776850908.0,ESTIMATE_ONLY_inter_question_gaps_unknown
f9340c60-436a-457b-a8ca-1d61be14e3fa,038c88b9-98c6-4009-810c-b905483f4baf,comprehension,8,10,0.8,79,1,high,1776850885.0,1776850964.0,2026-04-22 09:42:44.565+00,2026-04-22 09:42:44.885742+00,7,8,8,medium,Detail Recall,25,,False,0,0,1,0,3,28.0,28.0,1776850913.0,1776850913.0,ESTIMATE_ONLY_inter_question_gaps_unknown
f9340c60-436a-457b-a8ca-1d61be14e3fa,038c88b9-98c6-4009-810c-b905483f4baf,comprehension,8,10,0.8,79,1,high,1776850885.0,1776850964.0,2026-04-22 09:42:44.565+00,2026-04-22 09:42:44.885742+00,8,9,9,medium,Inference,25,,False,1,1,1,0,4,31.0,31.0,1776850916.0,1776850916.0,ESTIMATE_ONLY_inter_question_gaps_unknown
f9340c60-436a-457b-a8ca-1d61be14e3fa,038c88b9-98c6-4009-810c-b905483f4baf,comprehension,8,10,0.8,79,1,high,1776850885.0,1776850964.0,2026-04-22 09:42:44.565+00,2026-04-22 09:42:44.885742+00,9,10,10,easy,Fact Extraction,25,,False,1,1,1,0,7,35.0,35.0,1776850920.0,1776850920.0,ESTIMATE_ONLY_inter_question_gaps_unknown
fac9a370-b8e4-4004-958d-5b14abc182e6,699dd060-e5d3-4dfb-bd49-1e58c9a7801d,arithmetic,4,10,0.4,57,0,low,1776492758.0,1776492815.0,2026-04-18 06:13:35.946+00,2026-04-18 06:13:36.910523+00,0,1,1,easy,Addition,15,,False,0,0,1,0,6,0.0,0.0,1776492758.0,1776492758.0,ESTIMATE_ONLY_inter_question_gaps_unknown
fac9a370-b8e4-4004-958d-5b14abc182e6,699dd060-e5d3-4dfb-bd49-1e58c9a7801d,arithmetic,4,10,0.4,57,0,low,1776492758.0,1776492815.0,2026-04-18 06:13:35.946+00,2026-04-18 06:13:36.910523+00,1,2,2,easy,Division,15,,False,1,2,0,0,6,6.0,6.0,1776492764.0,1776492764.0,ESTIMATE_ONLY_inter_question_gaps_unknown
fac9a370-b8e4-4004-958d-5b14abc182e6,699dd060-e5d3-4dfb-bd49-1e58c9a7801d,arithmetic,4,10,0.4,57,0,low,1776492758.0,1776492815.0,2026-04-18 06:13:35.946+00,2026-04-18 06:13:36.910523+00,2,3,3,easy,Addition,15,,False,0,0,1,0,7,12.0,12.0,1776492770.0,1776492770.0,ESTIMATE_ONLY_inter_question_gaps_unknown
fac9a370-b8e4-4004-958d-5b14abc182e6,699dd060-e5d3-4dfb-bd49-1e58c9a7801d,arithmetic,4,10,0.4,57,0,low,1776492758.0,1776492815.0,2026-04-18 06:13:35.946+00,2026-04-18 06:13:36.910523+00,3,4,4,easy,Subtraction,15,,False,2,0,0,0,5,19.0,19.0,1776492777.0,1776492777.0,ESTIMATE_ONLY_inter_question_gaps_unknown
fac9a370-b8e4-4004-958d-5b14abc182e6,699dd060-e5d3-4dfb-bd49-1e58c9a7801d,arithmetic,4,10,0.4,57,0,low,1776492758.0,1776492815.0,2026-04-18 06:13:35.946+00,2026-04-18 06:13:36.910523+00,4,5,5,medium,Addition,20,,False,0,2,0,0,7,24.0,24.0,1776492782.0,1776492782.0,ESTIMATE_ONLY_inter_question_gaps_unknown
fac9a370-b8e4-4004-958d-5b14abc182e6,699dd060-e5d3-4dfb-bd49-1e58c9a7801d,arithmetic,4,10,0.4,57,0,low,1776492758.0,1776492815.0,2026-04-18 06:13:35.946+00,2026-04-18 06:13:36.910523+00,5,6,6,medium,Multiplication,20,,False,1,0,0,0,10,31.0,31.0,1776492789.0,1776492789.0,ESTIMATE_ONLY_inter_question_gaps_unknown
fac9a370-b8e4-4004-958d-5b14abc182e6,699dd060-e5d3-4dfb-bd49-1e58c9a7801d,arithmetic,4,10,0.4,57,0,low,1776492758.0,1776492815.0,2026-04-18 06:13:35.946+00,2026-04-18 06:13:36.910523+00,6,7,7,medium,Division,20,,False,0,1,0,0,3,41.0,41.0,1776492799.0,1776492799.0,ESTIMATE_ONLY_inter_question_gaps_unknown
fac9a370-b8e4-4004-958d-5b14abc182e6,699dd060-e5d3-4dfb-bd49-1e58c9a7801d,arithmetic,4,10,0.4,57,0,low,1776492758.0,1776492815.0,2026-04-18 06:13:35.946+00,2026-04-18 06:13:36.910523+00,7,8,8,hard,Percentage,30,,False,2,2,1,0,8,44.0,44.0,1776492802.0,1776492802.0,ESTIMATE_ONLY_inter_question_gaps_unknown
fac9a370-b8e4-4004-958d-5b14abc182e6,699dd060-e5d3-4dfb-bd49-1e58c9a7801d,arithmetic,4,10,0.4,57,0,low,1776492758.0,1776492815.0,2026-04-18 06:13:35.946+00,2026-04-18 06:13:36.910523+00,8,9,9,hard,Multiplication,30,,False,1,0,0,0,4,52.0,52.0,1776492810.0,1776492810.0,ESTIMATE_ONLY_inter_question_gaps_unknown
fac9a370-b8e4-4004-958d-5b14abc182e6,699dd060-e5d3-4dfb-bd49-1e58c9a7801d,arithmetic,4,10,0.4,57,0,low,1776492758.0,1776492815.0,2026-04-18 06:13:35.946+00,2026-04-18 06:13:36.910523+00,9,10,10,hard,Multi-step,30,,False,1,1,1,0,7,56.0,56.0,1776492814.0,1776492814.0,ESTIMATE_ONLY_inter_question_gaps_unknown
fb373c39-ea27-4d87-b6ff-235c99979bd1,fed10af2-13dd-4f5a-9910-0c156c024547,pattern,9,10,0.9,34,1,high,1776941141.0,1776941175.0,2026-04-23 10:46:15.637+00,2026-04-23 10:46:15.504904+00,0,1,1,easy,Arithmetic Sequence,15,,False,2,2,1,0,3,0.0,0.0,1776941141.0,1776941141.0,ESTIMATE_ONLY_inter_question_gaps_unknown
fb373c39-ea27-4d87-b6ff-235c99979bd1,fed10af2-13dd-4f5a-9910-0c156c024547,pattern,9,10,0.9,34,1,high,1776941141.0,1776941175.0,2026-04-23 10:46:15.637+00,2026-04-23 10:46:15.504904+00,1,2,2,easy,Arithmetic Sequence,15,,False,0,0,1,0,2,3.0,3.0,1776941144.0,1776941144.0,ESTIMATE_ONLY_inter_question_gaps_unknown
fb373c39-ea27-4d87-b6ff-235c99979bd1,fed10af2-13dd-4f5a-9910-0c156c024547,pattern,9,10,0.9,34,1,high,1776941141.0,1776941175.0,2026-04-23 10:46:15.637+00,2026-04-23 10:46:15.504904+00,2,3,3,easy,Odd Numbers,15,,False,1,1,1,0,2,5.0,5.0,1776941146.0,1776941146.0,ESTIMATE_ONLY_inter_question_gaps_unknown
fb373c39-ea27-4d87-b6ff-235c99979bd1,fed10af2-13dd-4f5a-9910-0c156c024547,pattern,9,10,0.9,34,1,high,1776941141.0,1776941175.0,2026-04-23 10:46:15.637+00,2026-04-23 10:46:15.504904+00,3,4,4,easy,Decreasing Sequence,15,,False,2,2,1,0,2,7.0,7.0,1776941148.0,1776941148.0,ESTIMATE_ONLY_inter_question_gaps_unknown
fb373c39-ea27-4d87-b6ff-235c99979bd1,fed10af2-13dd-4f5a-9910-0c156c024547,pattern,9,10,0.9,34,1,high,1776941141.0,1776941175.0,2026-04-23 10:46:15.637+00,2026-04-23 10:46:15.504904+00,4,5,5,medium,Perfect Squares,20,,False,2,2,1,0,5,9.0,9.0,1776941150.0,1776941150.0,ESTIMATE_ONLY_inter_question_gaps_unknown
fb373c39-ea27-4d87-b6ff-235c99979bd1,fed10af2-13dd-4f5a-9910-0c156c024547,pattern,9,10,0.9,34,1,high,1776941141.0,1776941175.0,2026-04-23 10:46:15.637+00,2026-04-23 10:46:15.504904+00,5,6,6,medium,Fibonacci,20,,False,0,1,0,0,4,14.0,14.0,1776941155.0,1776941155.0,ESTIMATE_ONLY_inter_question_gaps_unknown
fb373c39-ea27-4d87-b6ff-235c99979bd1,fed10af2-13dd-4f5a-9910-0c156c024547,pattern,9,10,0.9,34,1,high,1776941141.0,1776941175.0,2026-04-23 10:46:15.637+00,2026-04-23 10:46:15.504904+00,6,7,7,medium,Perfect Cubes,20,,False,2,2,1,0,5,18.0,18.0,1776941159.0,1776941159.0,ESTIMATE_ONLY_inter_question_gaps_unknown
fb373c39-ea27-4d87-b6ff-235c99979bd1,fed10af2-13dd-4f5a-9910-0c156c024547,pattern,9,10,0.9,34,1,high,1776941141.0,1776941175.0,2026-04-23 10:46:15.637+00,2026-04-23 10:46:15.504904+00,7,8,8,hard,Triangular Differences,30,,False,2,2,1,0,4,23.0,23.0,1776941164.0,1776941164.0,ESTIMATE_ONLY_inter_question_gaps_unknown
fb373c39-ea27-4d87-b6ff-235c99979bd1,fed10af2-13dd-4f5a-9910-0c156c024547,pattern,9,10,0.9,34,1,high,1776941141.0,1776941175.0,2026-04-23 10:46:15.637+00,2026-04-23 10:46:15.504904+00,8,9,9,hard,Squares,30,,False,0,0,1,0,3,27.0,27.0,1776941168.0,1776941168.0,ESTIMATE_ONLY_inter_question_gaps_unknown
fb373c39-ea27-4d87-b6ff-235c99979bd1,fed10af2-13dd-4f5a-9910-0c156c024547,pattern,9,10,0.9,34,1,high,1776941141.0,1776941175.0,2026-04-23 10:46:15.637+00,2026-04-23 10:46:15.504904+00,9,10,10,hard,n(n+1),30,,False,0,0,1,0,5,30.0,30.0,1776941171.0,1776941171.0,ESTIMATE_ONLY_inter_question_gaps_unknown
fd4597cd-b567-4fe5-967d-f1418ed6307b,4b00bcd7-936b-42d2-99b5-c0b8b78272c9,attention,7,10,0.7,116,1,mid,1776330634.0,1776330750.0,2026-04-16 09:12:30.678+00,2026-04-16 09:12:40.675734+00,0,1,1,easy,Oddball Detection,8,5,False,2,2,1,0,5,0.0,5.0,1776330634.0,1776330639.0,ESTIMATE_ONLY_inter_question_gaps_unknown
fd4597cd-b567-4fe5-967d-f1418ed6307b,4b00bcd7-936b-42d2-99b5-c0b8b78272c9,attention,7,10,0.7,116,1,mid,1776330634.0,1776330750.0,2026-04-16 09:12:30.678+00,2026-04-16 09:12:40.675734+00,1,2,2,easy,Count Target,8,5,False,0,0,1,0,4,10.0,15.0,1776330644.0,1776330649.0,ESTIMATE_ONLY_inter_question_gaps_unknown
fd4597cd-b567-4fe5-967d-f1418ed6307b,4b00bcd7-936b-42d2-99b5-c0b8b78272c9,attention,7,10,0.7,116,1,mid,1776330634.0,1776330750.0,2026-04-16 09:12:30.678+00,2026-04-16 09:12:40.675734+00,2,3,3,easy,Pattern Break,8,5,False,2,2,1,0,5,19.0,24.0,1776330653.0,1776330658.0,ESTIMATE_ONLY_inter_question_gaps_unknown
fd4597cd-b567-4fe5-967d-f1418ed6307b,4b00bcd7-936b-42d2-99b5-c0b8b78272c9,attention,7,10,0.7,116,1,mid,1776330634.0,1776330750.0,2026-04-16 09:12:30.678+00,2026-04-16 09:12:40.675734+00,3,4,4,easy,Position Detect,8,5,False,2,1,0,0,6,29.0,34.0,1776330663.0,1776330668.0,ESTIMATE_ONLY_inter_question_gaps_unknown
fd4597cd-b567-4fe5-967d-f1418ed6307b,4b00bcd7-936b-42d2-99b5-c0b8b78272c9,attention,7,10,0.7,116,1,mid,1776330634.0,1776330750.0,2026-04-16 09:12:30.678+00,2026-04-16 09:12:40.675734+00,4,5,5,medium,Rule Violation,10,6,False,2,2,1,0,9,40.0,46.0,1776330674.0,1776330680.0,ESTIMATE_ONLY_inter_question_gaps_unknown
fd4597cd-b567-4fe5-967d-f1418ed6307b,4b00bcd7-936b-42d2-99b5-c0b8b78272c9,attention,7,10,0.7,116,1,mid,1776330634.0,1776330750.0,2026-04-16 09:12:30.678+00,2026-04-16 09:12:40.675734+00,5,6,6,medium,Count Target,10,6,False,2,0,0,0,6,55.0,61.0,1776330689.0,1776330695.0,ESTIMATE_ONLY_inter_question_gaps_unknown
fd4597cd-b567-4fe5-967d-f1418ed6307b,4b00bcd7-936b-42d2-99b5-c0b8b78272c9,attention,7,10,0.7,116,1,mid,1776330634.0,1776330750.0,2026-04-16 09:12:30.678+00,2026-04-16 09:12:40.675734+00,6,7,7,medium,Count Target,10,6,False,2,2,1,0,7,67.0,73.0,1776330701.0,1776330707.0,ESTIMATE_ONLY_inter_question_gaps_unknown
fd4597cd-b567-4fe5-967d-f1418ed6307b,4b00bcd7-936b-42d2-99b5-c0b8b78272c9,attention,7,10,0.7,116,1,mid,1776330634.0,1776330750.0,2026-04-16 09:12:30.678+00,2026-04-16 09:12:40.675734+00,7,8,8,hard,Count Target,12,7,False,1,2,0,0,4,80.0,87.0,1776330714.0,1776330721.0,ESTIMATE_ONLY_inter_question_gaps_unknown
fd4597cd-b567-4fe5-967d-f1418ed6307b,4b00bcd7-936b-42d2-99b5-c0b8b78272c9,attention,7,10,0.7,116,1,mid,1776330634.0,1776330750.0,2026-04-16 09:12:30.678+00,2026-04-16 09:12:40.675734+00,8,9,9,hard,Rule Violation,12,7,False,2,2,1,0,8,91.0,98.0,1776330725.0,1776330732.0,ESTIMATE_ONLY_inter_question_gaps_unknown
fd4597cd-b567-4fe5-967d-f1418ed6307b,4b00bcd7-936b-42d2-99b5-c0b8b78272c9,attention,7,10,0.7,116,1,mid,1776330634.0,1776330750.0,2026-04-16 09:12:30.678+00,2026-04-16 09:12:40.675734+00,9,10,10,hard,Pattern Break,12,7,False,2,2,1,0,6,106.0,113.0,1776330740.0,1776330747.0,ESTIMATE_ONLY_inter_question_gaps_unknown
fe801b74-2335-4fe7-8d7b-30e02790ad44,fed10af2-13dd-4f5a-9910-0c156c024547,arithmetic,6,10,0.6,40,0,mid,1776941079.0,1776941119.0,2026-04-23 10:45:19.721+00,2026-04-23 10:45:19.437371+00,0,1,1,easy,Addition,15,,False,0,0,1,0,2,0.0,0.0,1776941079.0,1776941079.0,ESTIMATE_ONLY_inter_question_gaps_unknown
fe801b74-2335-4fe7-8d7b-30e02790ad44,fed10af2-13dd-4f5a-9910-0c156c024547,arithmetic,6,10,0.6,40,0,mid,1776941079.0,1776941119.0,2026-04-23 10:45:19.721+00,2026-04-23 10:45:19.437371+00,1,2,2,easy,Division,15,,False,2,2,1,0,3,2.0,2.0,1776941081.0,1776941081.0,ESTIMATE_ONLY_inter_question_gaps_unknown
fe801b74-2335-4fe7-8d7b-30e02790ad44,fed10af2-13dd-4f5a-9910-0c156c024547,arithmetic,6,10,0.6,40,0,mid,1776941079.0,1776941119.0,2026-04-23 10:45:19.721+00,2026-04-23 10:45:19.437371+00,2,3,3,easy,Addition,15,,False,0,0,1,0,5,5.0,5.0,1776941084.0,1776941084.0,ESTIMATE_ONLY_inter_question_gaps_unknown
fe801b74-2335-4fe7-8d7b-30e02790ad44,fed10af2-13dd-4f5a-9910-0c156c024547,arithmetic,6,10,0.6,40,0,mid,1776941079.0,1776941119.0,2026-04-23 10:45:19.721+00,2026-04-23 10:45:19.437371+00,3,4,4,easy,Subtraction,15,,False,2,0,0,0,4,10.0,10.0,1776941089.0,1776941089.0,ESTIMATE_ONLY_inter_question_gaps_unknown
fe801b74-2335-4fe7-8d7b-30e02790ad44,fed10af2-13dd-4f5a-9910-0c156c024547,arithmetic,6,10,0.6,40,0,mid,1776941079.0,1776941119.0,2026-04-23 10:45:19.721+00,2026-04-23 10:45:19.437371+00,4,5,5,medium,Addition,20,,False,2,2,1,0,10,14.0,14.0,1776941093.0,1776941093.0,ESTIMATE_ONLY_inter_question_gaps_unknown
fe801b74-2335-4fe7-8d7b-30e02790ad44,fed10af2-13dd-4f5a-9910-0c156c024547,arithmetic,6,10,0.6,40,0,mid,1776941079.0,1776941119.0,2026-04-23 10:45:19.721+00,2026-04-23 10:45:19.437371+00,5,6,6,medium,Multiplication,20,,False,2,0,0,0,4,24.0,24.0,1776941103.0,1776941103.0,ESTIMATE_ONLY_inter_question_gaps_unknown
fe801b74-2335-4fe7-8d7b-30e02790ad44,fed10af2-13dd-4f5a-9910-0c156c024547,arithmetic,6,10,0.6,40,0,mid,1776941079.0,1776941119.0,2026-04-23 10:45:19.721+00,2026-04-23 10:45:19.437371+00,6,7,7,medium,Division,20,,False,1,1,1,0,3,28.0,28.0,1776941107.0,1776941107.0,ESTIMATE_ONLY_inter_question_gaps_unknown
fe801b74-2335-4fe7-8d7b-30e02790ad44,fed10af2-13dd-4f5a-9910-0c156c024547,arithmetic,6,10,0.6,40,0,mid,1776941079.0,1776941119.0,2026-04-23 10:45:19.721+00,2026-04-23 10:45:19.437371+00,7,8,8,hard,Percentage,30,,False,0,2,0,0,5,31.0,31.0,1776941110.0,1776941110.0,ESTIMATE_ONLY_inter_question_gaps_unknown
fe801b74-2335-4fe7-8d7b-30e02790ad44,fed10af2-13dd-4f5a-9910-0c156c024547,arithmetic,6,10,0.6,40,0,mid,1776941079.0,1776941119.0,2026-04-23 10:45:19.721+00,2026-04-23 10:45:19.437371+00,8,9,9,hard,Multiplication,30,,False,1,0,0,0,3,36.0,36.0,1776941115.0,1776941115.0,ESTIMATE_ONLY_inter_question_gaps_unknown
fe801b74-2335-4fe7-8d7b-30e02790ad44,fed10af2-13dd-4f5a-9910-0c156c024547,arithmetic,6,10,0.6,40,0,mid,1776941079.0,1776941119.0,2026-04-23 10:45:19.721+00,2026-04-23 10:45:19.437371+00,9,10,10,hard,Multi-step,30,,False,1,1,1,0,8,39.0,39.0,1776941118.0,1776941118.0,ESTIMATE_ONLY_inter_question_gaps_unknown
